{
"type": "FeatureCollection",
"name": "edges_od_flow",
"crs": { "type": "name", "properties": { "name": "urn:ogc:def:crs:OGC:1.3:CRS84" } },
"features": [
{ "type": "Feature", "properties": { "arc": 1, "wealthier": 0.32872893182378521, "beautiful": 0.28433337143739001, "livelier": 0.36580115037851307, "depressing": 0.67534179066519728, "safer": 0.30676183276446312, "boring": 0.68232169709135138, "human": 9.2846223677711917e-05, "vehicle": 0.0064781013576462997, "construction": 0.063270985395058807, "nature": 0.1369132118663568, "sky": 0.52908222154639239, "object": 0.0062627463505185001, "PI": 0.21093004518687239, "NI": 0.4305667757719141, "length": 733.4674035, "source": 20, "target": 28, "direction": "bi-directional", "flow": 0.0, "flow_pct": 0.0, "flow_rank": 766 }, "geometry": { "type": "LineString", "coordinates": [ [ 113.89095769098914, 22.468659458611555 ], [ 113.893286800093378, 22.469099514367517 ], [ 113.894131374940557, 22.469272361289185 ], [ 113.894587943577292, 22.469422216023236 ], [ 113.894976854312077, 22.469591659517299 ], [ 113.89534163318055, 22.469775590435624 ], [ 113.895651972301437, 22.469976079473717 ], [ 113.895954023617037, 22.470199998757348 ], [ 113.896208124247821, 22.470423285312236 ], [ 113.896480156585781, 22.470700064995771 ], [ 113.896717419131903, 22.470986602414232 ], [ 113.897085931398109, 22.471484219873481 ] ] } },
{ "type": "Feature", "properties": { "arc": 2, "wealthier": 0.74236121853412707, "beautiful": 0.63284142321860903, "livelier": 0.66598574545400302, "depressing": 0.32932582258037801, "safer": 0.66775747903658844, "boring": 0.35412294836295838, "human": 0.00034201586688, "vehicle": 0.0074463950263129004, "construction": 0.058031117474591297, "nature": 0.46423491725215199, "sky": 0.2336329707392939, "object": 0.0030632019042968, "PI": 0.55368665108351811, "NI": 0.20811391293374704, "length": 608.7224454, "source": 16, "target": 20, "direction": "bi-directional", "flow": 0.0, "flow_pct": 0.0, "flow_rank": 766 }, "geometry": { "type": "LineString", "coordinates": [ [ 113.887681953671276, 22.471636429013984 ], [ 113.887723754770363, 22.471442313659409 ], [ 113.887739670977794, 22.471292076626689 ], [ 113.8877251891941, 22.470733230646491 ], [ 113.887761002848137, 22.470565018909781 ], [ 113.887839717100519, 22.470355128112331 ], [ 113.888498829403318, 22.468868378259046 ], [ 113.888608192544083, 22.468653939480227 ], [ 113.888697648897448, 22.468530990369167 ], [ 113.888819869825355, 22.468413442017084 ], [ 113.888943608052074, 22.468348558976356 ], [ 113.889090698963415, 22.468326254941392 ], [ 113.889339816873729, 22.46835378172608 ], [ 113.89095769098914, 22.468659458611555 ] ] } },
{ "type": "Feature", "properties": { "arc": 4, "wealthier": 0.3670135647437246, "beautiful": 0.36593302292518481, "livelier": 0.37119366790069669, "depressing": 0.60660580216953319, "safer": 0.3358792743072016, "boring": 0.63400685046658312, "human": 0.00050678048082569997, "vehicle": 0.0153770856959845, "construction": 0.070112843667307204, "nature": 0.20518321375693041, "sky": 0.45644101788920738, "object": 0.0091465365502142008, "PI": 0.26118814674209601, "NI": 0.41586095681162022, "length": 874.5590078, "source": 35, "target": 28, "direction": "bi-directional", "flow": 14.0, "flow_pct": 0.010343477329314154, "flow_rank": 692 }, "geometry": { "type": "LineString", "coordinates": [ [ 113.902973146766229, 22.476911891296808 ], [ 113.900311519340789, 22.475027436277024 ], [ 113.899853922826111, 22.47468413182462 ], [ 113.899594630290593, 22.47445847594506 ], [ 113.899391782428893, 22.474226270978882 ], [ 113.899259851518465, 22.47399880991556 ], [ 113.899150575352181, 22.473710952777743 ], [ 113.898980086933193, 22.473146179606225 ], [ 113.898897191206345, 22.472952783065853 ], [ 113.898780531565805, 22.472778192902307 ], [ 113.898581562297636, 22.472579581415101 ], [ 113.898362571386073, 22.472424515175891 ], [ 113.898194658900366, 22.472351317864014 ], [ 113.898100694752941, 22.47228843461065 ], [ 113.89781698243209, 22.472100321006614 ], [ 113.897085931398109, 22.471484219873481 ] ] } },
{ "type": "Feature", "properties": { "arc": 5, "wealthier": 0.31411384804434089, "beautiful": 0.2537201190451, "livelier": 0.34245983832592619, "depressing": 0.74764660028941021, "safer": 0.250109601686621, "boring": 0.69209886641881868, "human": 0.00039448056902199999, "vehicle": 0.0080760547092981992, "construction": 0.1172787802559988, "nature": 0.1433814139593215, "sky": 0.51217851184663321, "object": 0.0036815688723609002, "PI": 0.19380374335230044, "NI": 0.4437013585161273, "length": 711.4245718, "source": 32, "target": 28, "direction": "bi-directional", "flow": 0.0, "flow_pct": 0.0, "flow_rank": 766 }, "geometry": { "type": "LineString", "coordinates": [ [ 113.900488118769857, 22.476938497157935 ], [ 113.900215895250298, 22.476753234151072 ], [ 113.899907168238613, 22.476456141189512 ], [ 113.898648199920771, 22.475048584555363 ], [ 113.898385878083857, 22.474715786815615 ], [ 113.898177871683089, 22.474352276912764 ], [ 113.897979702518114, 22.473907397617793 ], [ 113.897644905784333, 22.472954361421742 ], [ 113.897085931398109, 22.471484219873481 ] ] } },
{ "type": "Feature", "properties": { "arc": 6, "wealthier": 0.69656917494424297, "beautiful": 0.6657575735294361, "livelier": 0.48718293074126579, "depressing": 0.33155356473210817, "safer": 0.63523160595198414, "boring": 0.50070445500778615, "human": 0.0001675641095196, "vehicle": 0.0064815238670065996, "construction": 0.046612916169343099, "nature": 0.30361698291919847, "sky": 0.42279176358823428, "object": 0.0045840651900678998, "PI": 0.46899188685069104, "NI": 0.29127430981915015, "length": 677.6587497, "source": 19, "target": 16, "direction": "bi-directional", "flow": 0.0, "flow_pct": 0.0, "flow_rank": 766 }, "geometry": { "type": "LineString", "coordinates": [ [ 113.889646992435615, 22.476860472003171 ], [ 113.889292519364531, 22.476240516904888 ], [ 113.888391156927909, 22.474871993113688 ], [ 113.888276097142665, 22.474658448819053 ], [ 113.88825591924568, 22.474515493295513 ], [ 113.88828993341599, 22.474419972879982 ], [ 113.888388864606384, 22.474324916007081 ], [ 113.888634623496671, 22.474196733530842 ], [ 113.888722558179452, 22.474134246165764 ], [ 113.888785974771096, 22.474037160140448 ], [ 113.888792639485118, 22.473924920368297 ], [ 113.888759315610486, 22.473826638274495 ], [ 113.888682727787895, 22.473702723079544 ], [ 113.887891525505594, 22.472701476281269 ], [ 113.887713653902722, 22.472426732653677 ], [ 113.887674657407175, 22.472318394058657 ], [ 113.887660311943179, 22.472221840701007 ], [ 113.887681953671276, 22.471636429013984 ] ] } },
{ "type": "Feature", "properties": { "arc": 7, "wealthier": 0.47408062102592829, "beautiful": 0.3367116895715373, "livelier": 0.58250262099854155, "depressing": 0.63117591772390091, "safer": 0.38178791762422148, "boring": 0.43522452243902737, "human": 0.0001155308314732, "vehicle": 0.0038055238269623999, "construction": 0.13807414826892669, "nature": 0.20073036920456661, "sky": 0.45005871000744041, "object": 0.0042917160760787996, "PI": 0.3174090230506757, "NI": 0.36757975199367077, "length": 197.8961461, "source": 34, "target": 32, "direction": "bi-directional", "flow": 156.0, "flow_pct": 0.11525589024092914, "flow_rank": 279 }, "geometry": { "type": "LineString", "coordinates": [ [ 113.902042288218141, 22.477983474041888 ], [ 113.901555618955001, 22.47759940405296 ], [ 113.901118797908239, 22.477294977840526 ], [ 113.900872267749094, 22.477144127308918 ], [ 113.900488118769857, 22.476938497157935 ] ] } },
{ "type": "Feature", "properties": { "arc": 8, "wealthier": 0.64158539251292224, "beautiful": 0.50114708473470038, "livelier": 0.68714043076420672, "depressing": 0.4016215584013858, "safer": 0.5858241126395306, "boring": 0.34496260144327889, "human": 0.0010435921805244999, "vehicle": 0.047069640386672197, "construction": 0.068081992013113796, "nature": 0.34353283473423551, "sky": 0.30700511024111787, "object": 0.0074965159098307, "PI": 0.48024279361883293, "NI": 0.29916422134329645, "length": 152.5442612, "source": 34, "target": 35, "direction": "bi-directional", "flow": 156.0, "flow_pct": 0.11525589024092914, "flow_rank": 279 }, "geometry": { "type": "LineString", "coordinates": [ [ 113.902042288218141, 22.477983474041888 ], [ 113.902377897774556, 22.47762040626489 ], [ 113.902973146766229, 22.476911891296808 ] ] } },
{ "type": "Feature", "properties": { "arc": 9, "wealthier": 0.29847226878740968, "beautiful": 0.29014798728128699, "livelier": 0.33987237476723992, "depressing": 0.6959624465802039, "safer": 0.2747762566671576, "boring": 0.73377167949023059, "human": 0.0009919484456379999, "vehicle": 0.0152235349019368, "construction": 0.11865641276041659, "nature": 0.1002427101135253, "sky": 0.5409081141153973, "object": 0.0096112887064614995, "PI": 0.19835622631576563, "NI": 0.49134057775680468, "length": 696.6832149000001, "source": 46, "target": 35, "direction": "bi-directional", "flow": 179.0, "flow_pct": 0.13224874585337382, "flow_rank": 244 }, "geometry": { "type": "LineString", "coordinates": [ [ 113.908540150597062, 22.479966103693894 ], [ 113.907948700222477, 22.479511503495566 ], [ 113.904617558722521, 22.477084419659811 ], [ 113.904306858013925, 22.476874668548813 ], [ 113.904171663053916, 22.476810275285366 ], [ 113.90403853782874, 22.476766717892648 ], [ 113.903882846594357, 22.476742568364344 ], [ 113.903733339411616, 22.476739308135834 ], [ 113.903431887986216, 22.476779917687491 ], [ 113.902973146766229, 22.476911891296808 ] ] } },
{ "type": "Feature", "properties": { "arc": 10, "wealthier": 0.3787581131314286, "beautiful": 0.28859821859099188, "livelier": 0.52358133305421406, "depressing": 0.67342028734603265, "safer": 0.29820693201935478, "boring": 0.49479909640138298, "human": 0.00025440851847330001, "vehicle": 0.01017640431722, "construction": 0.1754604657491047, "nature": 0.15990854899088541, "sky": 0.44257901509602871, "object": 0.0037825902303059, "PI": 0.25749202629896623, "NI": 0.39733798993604202, "length": 464.4076528, "source": 30, "target": 32, "direction": "bi-directional", "flow": 142.0, "flow_pct": 0.10491241291161499, "flow_rank": 313 }, "geometry": { "type": "LineString", "coordinates": [ [ 113.89900338742936, 22.480615792611498 ], [ 113.900256941539482, 22.479154273721793 ], [ 113.900428937668025, 22.478907533647369 ], [ 113.900558979472635, 22.478646323831047 ], [ 113.900627522421345, 22.478451526709936 ], [ 113.900669448857002, 22.47827788798288 ], [ 113.900693317056138, 22.478086972685539 ], [ 113.90069459142299, 22.477926768112951 ], [ 113.900652511793282, 22.477619564256042 ], [ 113.900488118769857, 22.476938497157935 ] ] } },
{ "type": "Feature", "properties": { "arc": 12, "wealthier": 0.49799062788076309, "beautiful": 0.52592633715434489, "livelier": 0.36569550948393598, "depressing": 0.45141451378462799, "safer": 0.46112695590128061, "boring": 0.64324558142730526, "human": 0.0011861781881313, "vehicle": 0.0091181475706773995, "construction": 0.038416621660945303, "nature": 0.27009135544902141, "sky": 0.44672403431902019, "object": 0.0057262073863635996, "PI": 0.35915781914197037, "NI": 0.35093756656629721, "length": 856.6776677, "source": 21, "target": 30, "direction": "bi-directional", "flow": 59.0, "flow_pct": 0.043590368744966787, "flow_rank": 496 }, "geometry": { "type": "LineString", "coordinates": [ [ 113.891023669943579, 22.481073356804796 ], [ 113.892843970044709, 22.481082058502082 ], [ 113.893481938029893, 22.481110797490029 ], [ 113.895223532782296, 22.481143884079142 ], [ 113.895529420238233, 22.48112623672337 ], [ 113.895824712956923, 22.481061363421649 ], [ 113.896119478378253, 22.480953740724654 ], [ 113.8975002900048, 22.480278103962519 ], [ 113.89770778829697, 22.480211045258883 ], [ 113.897903124541784, 22.480181890604211 ], [ 113.898148111731487, 22.480194131110416 ], [ 113.898345494341811, 22.480249641554487 ], [ 113.8985084083007, 22.480328257486846 ], [ 113.89900338742936, 22.480615792611498 ] ] } },
{ "type": "Feature", "properties": { "arc": 13, "wealthier": 0.75152601453205936, "beautiful": 0.6215889367608306, "livelier": 0.75886652587095083, "depressing": 0.31616638943916869, "safer": 0.71557909655186258, "boring": 0.2880954496692143, "human": 0.00083015441894530005, "vehicle": 0.014922688802083301, "construction": 0.094899444580078096, "nature": 0.33136266072591147, "sky": 0.30116340637207029, "object": 0.0070811716715494001, "PI": 0.55241696006635965, "NI": 0.25460587201134938, "length": 1037.154219, "source": 9, "target": 19, "direction": "bi-directional", "flow": 0.0, "flow_pct": 0.0, "flow_rank": 766 }, "geometry": { "type": "LineString", "coordinates": [ [ 113.880582671509856, 22.480952172969797 ], [ 113.881077739874954, 22.480696085337158 ], [ 113.882553871349003, 22.480025200536247 ], [ 113.884227649395001, 22.479293635449793 ], [ 113.889646992435615, 22.476860472003171 ] ] } },
{ "type": "Feature", "properties": { "arc": 17, "wealthier": 0.3699443246472145, "beautiful": 0.37201955723540009, "livelier": 0.42293083354859168, "depressing": 0.57805251416842818, "safer": 0.35788813177795709, "boring": 0.58859538760473085, "human": 0.00090390985662279998, "vehicle": 0.0943912737297289, "construction": 0.038014903213038499, "nature": 0.1350332317930279, "sky": 0.48865058205344453, "object": 0.0075129884662049999, "PI": 0.26415406256094082, "NI": 0.44918392467801366, "length": 257.1937186, "source": 41, "target": 46, "direction": "bi-directional", "flow": 116.0, "flow_pct": 0.085703097871460132, "flow_rank": 356 }, "geometry": { "type": "LineString", "coordinates": [ [ 113.907301194583695, 22.48192555333538 ], [ 113.907370686453589, 22.481493665890234 ], [ 113.907578476879991, 22.481070286547844 ], [ 113.908540150597062, 22.479966103693894 ] ] } },
{ "type": "Feature", "properties": { "arc": 18, "wealthier": 0.4280015756936415, "beautiful": 0.54900957126788164, "livelier": 0.53449853562008587, "depressing": 0.48509107226354381, "safer": 0.46884141420088771, "boring": 0.49364981557455739, "human": 0.00098435084025059994, "vehicle": 0.048910617828369099, "construction": 0.043635527292887298, "nature": 0.1978333791097005, "sky": 0.45366859436035151, "object": 0.005289077758789, "PI": 0.36481715991255154, "NI": 0.36088780601957077, "length": 68.21148569, "source": 41, "target": 42, "direction": "bi-directional", "flow": 106.0, "flow_pct": 0.078314899779092881, "flow_rank": 375 }, "geometry": { "type": "LineString", "coordinates": [ [ 113.907301194583695, 22.48192555333538 ], [ 113.907718574088761, 22.481915432057431 ], [ 113.907963639695353, 22.481925553335365 ] ] } },
{ "type": "Feature", "properties": { "arc": 20, "wealthier": 0.48692430704786288, "beautiful": 0.50166718677102684, "livelier": 0.49433565587256673, "depressing": 0.45146765275781031, "safer": 0.48884883531094181, "boring": 0.50089217192457869, "human": 0.0027354939778645002, "vehicle": 0.014137700398763, "construction": 0.086362737019856695, "nature": 0.25593605041503908, "sky": 0.37635154724121089, "object": 0.0097333272298176995, "PI": 0.3985711726796059, "NI": 0.35012353377766164, "length": 788.7295277, "source": 12, "target": 21, "direction": "bi-directional", "flow": 66.0, "flow_pct": 0.048762107409623869, "flow_rank": 471 }, "geometry": { "type": "LineString", "coordinates": [ [ 113.884201924548762, 22.483717854254515 ], [ 113.884497073345401, 22.483265507727005 ], [ 113.884609613024224, 22.483155784841088 ], [ 113.884747419728171, 22.483069758029508 ], [ 113.889116352038641, 22.481124999427418 ], [ 113.889361771299932, 22.481054456311764 ], [ 113.889600512359053, 22.481033044694922 ], [ 113.890578448751015, 22.481036573640075 ], [ 113.891023669943579, 22.481073356804796 ] ] } },
{ "type": "Feature", "properties": { "arc": 21, "wealthier": 0.8360648071198028, "beautiful": 0.77686214034145895, "livelier": 0.67633235768133815, "depressing": 0.19077231356444219, "safer": 0.81193123998059002, "boring": 0.28178012118822682, "human": 0.00048205057779939999, "vehicle": 0.0073768615722655997, "construction": 0.10359436670939121, "nature": 0.4822946230570474, "sky": 0.1454548517862955, "object": 0.0042089780171711997, "PI": 0.62998912291365861, "NI": 0.16759033335649343, "length": 577.359316, "source": 12, "target": 9, "direction": "bi-directional", "flow": 6.0, "flow_pct": 0.0044329188554203518, "flow_rank": 744 }, "geometry": { "type": "LineString", "coordinates": [ [ 113.884201924548762, 22.483717854254515 ], [ 113.883944100950345, 22.483807438538946 ], [ 113.883576035310995, 22.483874139401458 ], [ 113.883148695185938, 22.483909216895917 ], [ 113.882807432572932, 22.483910551362378 ], [ 113.882586644420314, 22.483870139804058 ], [ 113.882343387389682, 22.483789784324117 ], [ 113.88196623329226, 22.483631531373227 ], [ 113.881759392941504, 22.483511755385763 ], [ 113.881627552771533, 22.483386193465883 ], [ 113.881528192256397, 22.483205938163852 ], [ 113.881493786914973, 22.483047030354015 ], [ 113.881444008448113, 22.482581086117715 ], [ 113.881376602836895, 22.482358481463123 ], [ 113.881273408627663, 22.482107220472322 ], [ 113.880888041823866, 22.481368827506341 ], [ 113.8807590680114, 22.481176072159535 ], [ 113.880582671509856, 22.480952172969797 ] ] } },
{ "type": "Feature", "properties": { "arc": 22, "wealthier": 0.59237450095260669, "beautiful": 0.38034914275272619, "livelier": 0.63431720606629904, "depressing": 0.54488703680120021, "safer": 0.45621397474579489, "boring": 0.36218318322812931, "human": 0.00029847560784750001, "vehicle": 0.0217213589920956, "construction": 0.1166762653579059, "nature": 0.207600357186081, "sky": 0.42207835270808292, "object": 0.0076287261441222, "PI": 0.37309965809888723, "NI": 0.35788022116841467, "length": 944.4583508, "source": 102, "target": 145, "direction": "bi-directional", "flow": 0.0, "flow_pct": 0.0, "flow_rank": 766 }, "geometry": { "type": "LineString", "coordinates": [ [ 113.92610225668767, 22.486279134912287 ], [ 113.927253155377088, 22.485941338993026 ], [ 113.927822099006306, 22.485755475316012 ], [ 113.930098070115875, 22.484848749793468 ], [ 113.930593001455335, 22.484709148067299 ], [ 113.931185699925422, 22.484613922286474 ], [ 113.931693869773085, 22.484595836684633 ], [ 113.932210507005578, 22.484611666488529 ], [ 113.932598672540166, 22.484657608452853 ], [ 113.933009156692194, 22.484750818940832 ], [ 113.933388914493847, 22.484869849387575 ], [ 113.933865859988757, 22.485069614477613 ], [ 113.934277964873587, 22.485286263065664 ], [ 113.934725862082871, 22.485559882250058 ] ] } },
{ "type": "Feature", "properties": { "arc": 23, "wealthier": 0.65171033149869262, "beautiful": 0.57906119089422836, "livelier": 0.66376845873151025, "depressing": 0.37775210235329632, "safer": 0.5764315589388187, "boring": 0.32236157622402017, "human": 0.00064310820206350003, "vehicle": 0.033490747645281302, "construction": 0.051345521125240497, "nature": 0.54056391508682911, "sky": 0.15252867988918131, "object": 0.0074868133102638, "PI": 0.53461707064959696, "NI": 0.23284385810729447, "length": 603.2230108, "source": 45, "target": 41, "direction": "bi-directional", "flow": 32.0, "flow_pct": 0.023642233895575206, "flow_rank": 606 }, "geometry": { "type": "LineString", "coordinates": [ [ 113.908513676983915, 22.487160558606323 ], [ 113.908014051763672, 22.486206752041536 ], [ 113.907795646181071, 22.485750215697305 ], [ 113.90757203889207, 22.485170702966915 ], [ 113.907443320141567, 22.484721771207035 ], [ 113.907372395036319, 22.484341865756591 ], [ 113.907324370663403, 22.483843607614631 ], [ 113.907265728550115, 22.482339324281718 ], [ 113.90727096166269, 22.482149726118926 ], [ 113.907301194583695, 22.48192555333538 ] ] } },
{ "type": "Feature", "properties": { "arc": 24, "wealthier": 0.62247754845151626, "beautiful": 0.59452926243484683, "livelier": 0.67025839486536876, "depressing": 0.3430119151639669, "safer": 0.62250990407800078, "boring": 0.31029565538095449, "human": 0.0029671192169189002, "vehicle": 0.021078215705023801, "construction": 0.10505090819464789, "nature": 0.36127797762552899, "sky": 0.27589456240336102, "object": 0.0100182957119411, "PI": 0.52608256882515025, "NI": 0.28210189762404775, "length": 617.2608505, "source": 49, "target": 42, "direction": "bi-directional", "flow": 90.0, "flow_pct": 0.066493782831305276, "flow_rank": 404 }, "geometry": { "type": "LineString", "coordinates": [ [ 113.9097932228009, 22.487186012228275 ], [ 113.909590820671227, 22.486834070794785 ], [ 113.908710835059992, 22.485110522715559 ], [ 113.908541747650077, 22.484720940327275 ], [ 113.908416555589639, 22.484245580378147 ], [ 113.907963639695353, 22.481925553335365 ] ] } },
{ "type": "Feature", "properties": { "arc": 25, "wealthier": 0.3546950536554348, "beautiful": 0.3414557175905053, "livelier": 0.38047962901774429, "depressing": 0.63208653715424723, "safer": 0.31586766619883189, "boring": 0.63853388813807588, "human": 0.00023202896118160001, "vehicle": 0.017152341206868399, "construction": 0.031358846028645797, "nature": 0.21181688308715821, "sky": 0.5215677579243978, "object": 0.0059608141581216998, "PI": 0.25103219030205354, "NI": 0.40860188511855444, "length": 510.5324246, "source": 155, "target": 145, "direction": "bi-directional", "flow": 0.0, "flow_pct": 0.0, "flow_rank": 766 }, "geometry": { "type": "LineString", "coordinates": [ [ 113.93826468348098, 22.48879083827142 ], [ 113.93761786280524, 22.488180406478676 ], [ 113.934725862082871, 22.485559882250058 ] ] } },
{ "type": "Feature", "properties": { "arc": 28, "wealthier": 0.44473167175518702, "beautiful": 0.3725316339832721, "livelier": 0.5874424638506095, "depressing": 0.63149785280708381, "safer": 0.3913757177856993, "boring": 0.47089071025138579, "human": 0.0014320142341382, "vehicle": 0.022428743767015799, "construction": 0.087420319065903099, "nature": 0.2141750798080907, "sky": 0.4300630742853338, "object": 0.004587173461914, "PI": 0.34157803782908913, "NI": 0.36745924719875989, "length": 330.7008996, "source": 107, "target": 102, "direction": "bi-directional", "flow": 0.0, "flow_pct": 0.0, "flow_rank": 766 }, "geometry": { "type": "LineString", "coordinates": [ [ 113.92753519202904, 22.488952191650355 ], [ 113.92610225668767, 22.486279134912287 ] ] } },
{ "type": "Feature", "properties": { "arc": 29, "wealthier": 0.83288071228289917, "beautiful": 0.66650664615939192, "livelier": 0.82246788859346009, "depressing": 0.22405250959371131, "safer": 0.72992463671087426, "boring": 0.13091662869983919, "human": 0.0011814518978721, "vehicle": 0.038447697957356697, "construction": 0.064537985283031798, "nature": 0.40020818877638431, "sky": 0.21718085439581619, "object": 0.0047150662070825997, "PI": 0.6114926784503214, "NI": 0.18011705336312303, "length": 425.6060266, "source": 107, "target": 125, "direction": "bi-directional", "flow": 10.0, "flow_pct": 0.0073881980923672522, "flow_rank": 720 }, "geometry": { "type": "LineString", "coordinates": [ [ 113.92753519202904, 22.488952191650355 ], [ 113.927830458655947, 22.488948509971024 ], [ 113.928121164095757, 22.488964486366235 ], [ 113.931659832199315, 22.489221170172776 ] ] } },
{ "type": "Feature", "properties": { "arc": 30, "wealthier": 0.46422049484088529, "beautiful": 0.4069730211322472, "livelier": 0.52228060546675503, "depressing": 0.6358436300642254, "safer": 0.37103242926980867, "boring": 0.45766613225868469, "human": 0.00023902671924529999, "vehicle": 0.0032526928445566999, "construction": 0.044000072755675301, "nature": 0.2306069083835767, "sky": 0.48746968697810511, "object": 0.0083024398140285009, "PI": 0.32423346525870594, "NI": 0.37624844952039305, "length": 518.5387029, "source": 125, "target": 145, "direction": "bi-directional", "flow": 0.0, "flow_pct": 0.0, "flow_rank": 766 }, "geometry": { "type": "LineString", "coordinates": [ [ 113.931659832199315, 22.489221170172776 ], [ 113.932150177153673, 22.488839562827554 ], [ 113.932659138016461, 22.488413587482313 ], [ 113.932925008629368, 22.488167266259179 ], [ 113.933160171191417, 22.487916273294559 ], [ 113.933633525702277, 22.487257088871683 ], [ 113.934725862082871, 22.485559882250058 ] ] } },
{ "type": "Feature", "properties": { "arc": 32, "wealthier": 0.45581545062585938, "beautiful": 0.3822320197716535, "livelier": 0.73200010559379181, "depressing": 0.50583903775232486, "safer": 0.455157525831281, "boring": 0.31063207195472858, "human": 0.0050569654585004, "vehicle": 0.031351622160490498, "construction": 0.2011115615432327, "nature": 0.17762239129693649, "sky": 0.32385535712714669, "object": 0.0073405429049655004, "PI": 0.42110717258805169, "NI": 0.34728736964832058, "length": 1067.77307, "source": 80, "target": 49, "direction": "bi-directional", "flow": 5.0, "flow_pct": 0.0036940990461836261, "flow_rank": 750 }, "geometry": { "type": "LineString", "coordinates": [ [ 113.91950699836211, 22.489748464398573 ], [ 113.915762648182081, 22.489760356849565 ], [ 113.915390744142201, 22.489731111357425 ], [ 113.915033234392212, 22.489658017198931 ], [ 113.91452979039731, 22.489488980773636 ], [ 113.912966833677615, 22.488868471057003 ], [ 113.912514398153306, 22.488674748147503 ], [ 113.911825802956713, 22.488293405160039 ], [ 113.910598930312489, 22.48757575769983 ], [ 113.9097932228009, 22.487186012228275 ] ] } },
{ "type": "Feature", "properties": { "arc": 34, "wealthier": 0.29600137137426058, "beautiful": 0.3016689362707059, "livelier": 0.51243036901270633, "depressing": 0.64696806887608826, "safer": 0.3479833204016638, "boring": 0.55777848654077622, "human": 0.0016842312282986001, "vehicle": 0.043986977471245602, "construction": 0.18954603407118051, "nature": 0.1385269588894314, "sky": 0.40490065680609799, "object": 0.0090780046251085003, "PI": 0.26462280907078239, "NI": 0.45480948476168109, "length": 357.1543445, "source": 55, "target": 49, "direction": "bi-directional", "flow": 167.0, "flow_pct": 0.12338290814253312, "flow_rank": 265 }, "geometry": { "type": "LineString", "coordinates": [ [ 113.911228295017722, 22.490121363800316 ], [ 113.910985452405185, 22.489546092708888 ], [ 113.910161890160879, 22.487942278510339 ], [ 113.9097932228009, 22.487186012228275 ] ] } },
{ "type": "Feature", "properties": { "arc": 35, "wealthier": 0.42821893614463941, "beautiful": 0.41711489072844687, "livelier": 0.52347562178882101, "depressing": 0.5956510672403621, "safer": 0.38671229886954289, "boring": 0.52401677574592442, "human": 0.0002802646521366, "vehicle": 0.0079555511474608993, "construction": 0.10822527336351789, "nature": 0.19971980470599551, "sky": 0.44657805471709278, "object": 0.0075565684925426001, "PI": 0.31557040245971513, "NI": 0.38903167032512637, "length": 236.5127982, "source": 152, "target": 146, "direction": "bi-directional", "flow": 0.0, "flow_pct": 0.0, "flow_rank": 766 }, "geometry": { "type": "LineString", "coordinates": [ [ 113.937279854508844, 22.490755758056299 ], [ 113.936888019534209, 22.490707664310218 ], [ 113.936668342837734, 22.490657071127767 ], [ 113.935090440317637, 22.490129755769189 ] ] } },
{ "type": "Feature", "properties": { "arc": 36, "wealthier": 0.55260803566949412, "beautiful": 0.52687353026394768, "livelier": 0.56103933593209054, "depressing": 0.51644922836469487, "safer": 0.47262109902436411, "boring": 0.43708454604729441, "human": 0.00015710194905589999, "vehicle": 0.0069098154703776003, "construction": 0.0195735295613606, "nature": 0.32621548970540371, "sky": 0.40634053548177079, "object": 0.0047023773193359004, "PI": 0.40992316901561893, "NI": 0.30143638149017693, "length": 240.2003874, "source": 152, "target": 155, "direction": "bi-directional", "flow": 0.0, "flow_pct": 0.0, "flow_rank": 766 }, "geometry": { "type": "LineString", "coordinates": [ [ 113.937279854508844, 22.490755758056299 ], [ 113.937428428399457, 22.490391995337308 ], [ 113.937605608982565, 22.490023994217864 ], [ 113.93826468348098, 22.48879083827142 ] ] } },
{ "type": "Feature", "properties": { "arc": 37, "wealthier": 0.69437987120741806, "beautiful": 0.56303248266597539, "livelier": 0.77338116825743974, "depressing": 0.38751487079271951, "safer": 0.62305376000409096, "boring": 0.25163119521212529, "human": 0.0012693405151367001, "vehicle": 0.020923932393391902, "construction": 0.088526089986165304, "nature": 0.48312417666117341, "sky": 0.16566928227742511, "object": 0.0062392155329385997, "PI": 0.5619800026454348, "NI": 0.221028922135625, "length": 400.391762, "source": 50, "target": 45, "direction": "bi-directional", "flow": 32.0, "flow_pct": 0.023642233895575206, "flow_rank": 606 }, "geometry": { "type": "LineString", "coordinates": [ [ 113.910133908017883, 22.49044773041236 ], [ 113.908767832086824, 22.487702485262979 ], [ 113.908513676983915, 22.487160558606323 ] ] } },
{ "type": "Feature", "properties": { "arc": 38, "wealthier": 0.59649334575693147, "beautiful": 0.48033883179769798, "livelier": 0.77876139671599709, "depressing": 0.460648252278621, "safer": 0.57046003567551606, "boring": 0.24262908494694069, "human": 0.0013728671603732, "vehicle": 0.028683980305989499, "construction": 0.1168782975938585, "nature": 0.2311771180894639, "sky": 0.35896460215250658, "object": 0.0057639016045464, "PI": 0.45973196338579281, "NI": 0.29798395057111965, "length": 118.2732622, "source": 50, "target": 55, "direction": "bi-directional", "flow": 226.0, "flow_pct": 0.16697327688749991, "flow_rank": 183 }, "geometry": { "type": "LineString", "coordinates": [ [ 113.910133908017883, 22.49044773041236 ], [ 113.911228295017722, 22.490121363800316 ] ] } },
{ "type": "Feature", "properties": { "arc": 39, "wealthier": 0.48725611047211448, "beautiful": 0.47806719839452189, "livelier": 0.64798973291021422, "depressing": 0.47697627823108429, "safer": 0.50520380250599306, "boring": 0.3325890989264505, "human": 0.0017611185709635001, "vehicle": 0.012342634655180399, "construction": 0.13824808029901409, "nature": 0.20372145516531809, "sky": 0.4286955878848121, "object": 0.0090246654692149996, "PI": 0.40159011720720783, "NI": 0.35076452325450475, "length": 124.9598873, "source": 58, "target": 55, "direction": "bi-directional", "flow": 211.0, "flow_pct": 0.15589097974894903, "flow_rank": 197 }, "geometry": { "type": "LineString", "coordinates": [ [ 113.912230618823884, 22.490720776204132 ], [ 113.911952951926551, 22.49063955198552 ], [ 113.911677949947133, 22.490507587702247 ], [ 113.911491386704412, 22.490373031468785 ], [ 113.911228295017722, 22.490121363800316 ] ] } },
{ "type": "Feature", "properties": { "arc": 40, "wealthier": 0.66103974206738658, "beautiful": 0.58043267283352673, "livelier": 0.77092841019292913, "depressing": 0.35419037660785929, "safer": 0.62029742467424109, "boring": 0.2028632799936804, "human": 0.0022113276462928, "vehicle": 0.014219545850566701, "construction": 0.045949935913085903, "nature": 0.48772366841634113, "sky": 0.2022496765735102, "object": 0.0032803404564949999, "PI": 0.5715101886967906, "NI": 0.17977462464042157, "length": 482.9932925, "source": 44, "target": 45, "direction": "bi-directional", "flow": 0.0, "flow_pct": 0.0, "flow_rank": 766 }, "geometry": { "type": "LineString", "coordinates": [ [ 113.90843440277844, 22.490828228646031 ], [ 113.908382770733994, 22.490461978924031 ], [ 113.908290428240917, 22.490172605029723 ], [ 113.908075168561297, 22.489761150521034 ], [ 113.907437194888971, 22.48862763382138 ], [ 113.907367176347989, 22.488466882257036 ], [ 113.907344899801842, 22.488327850960722 ], [ 113.907367989196672, 22.488213808320744 ], [ 113.90743843280265, 22.488079434331844 ], [ 113.907584771816133, 22.487885667014805 ], [ 113.907821612179021, 22.487619196144919 ], [ 113.908038883094676, 22.487442644824995 ], [ 113.908513676983915, 22.487160558606323 ] ] } },
{ "type": "Feature", "properties": { "arc": 42, "wealthier": 0.53039776224206092, "beautiful": 0.49646927859395218, "livelier": 0.57453047554153869, "depressing": 0.51217466769223219, "safer": 0.5027816000326667, "boring": 0.36458010832726401, "human": 0.0018416086832682001, "vehicle": 0.0092013200124103998, "construction": 0.1496462027231851, "nature": 0.31857290267944338, "sky": 0.32088038126627599, "object": 0.0032198905944823999, "PI": 0.42758624876971263, "NI": 0.29911378888886286, "length": 1076.995327, "source": 17, "target": 12, "direction": "bi-directional", "flow": 11.0, "flow_pct": 0.0081270179016039792, "flow_rank": 708 }, "geometry": { "type": "LineString", "coordinates": [ [ 113.888344320270747, 22.490772141645348 ], [ 113.888295652632664, 22.489552585897354 ], [ 113.888299627556265, 22.489075538820156 ], [ 113.88832625827871, 22.488474496827184 ], [ 113.888163138044035, 22.486454928398604 ], [ 113.888131995799341, 22.485569908226569 ], [ 113.88810875750157, 22.485392977548543 ], [ 113.888062558803327, 22.485227332027417 ], [ 113.887881239542594, 22.484828156343127 ], [ 113.887770741898223, 22.484669117416225 ], [ 113.887627387094156, 22.484539996138249 ], [ 113.887418521144909, 22.484411687413306 ], [ 113.887073040994309, 22.484235505243618 ], [ 113.886736576377174, 22.484087445289063 ], [ 113.886241866089108, 22.483954168524207 ], [ 113.885723070088659, 22.483773700382063 ], [ 113.885527915495643, 22.48372888743468 ], [ 113.88531230984745, 22.483708144401596 ], [ 113.884201924548762, 22.483717854254515 ] ] } },
{ "type": "Feature", "properties": { "arc": 43, "wealthier": 0.48457854785469168, "beautiful": 0.35671342909329717, "livelier": 0.54833252070632521, "depressing": 0.59352594301890715, "safer": 0.3820683312405086, "boring": 0.48694402635065082, "human": 0.00039655512029470002, "vehicle": 0.0146557779023141, "construction": 0.25937398274739581, "nature": 0.15368588765462241, "sky": 0.36492043697472781, "object": 0.0044431628602922997, "PI": 0.30812924281086634, "NI": 0.39450107548592461, "length": 1575.576149, "source": 17, "target": 30, "direction": "bi-directional", "flow": 67.0, "flow_pct": 0.049500927218860589, "flow_rank": 469 }, "geometry": { "type": "LineString", "coordinates": [ [ 113.888344320270747, 22.490772141645348 ], [ 113.889041558403946, 22.490111511898199 ], [ 113.89030424828249, 22.488958284065479 ], [ 113.893860855567851, 22.485747264293853 ], [ 113.894179616821447, 22.485492795671632 ], [ 113.895283020672878, 22.484728191560759 ], [ 113.89553619127706, 22.484514995968429 ], [ 113.896018934531796, 22.484072822233898 ], [ 113.896728372278616, 22.483292849319248 ], [ 113.89900338742936, 22.480615792611498 ] ] } },
{ "type": "Feature", "properties": { "arc": 44, "wealthier": 0.42945983094911178, "beautiful": 0.40369385960407578, "livelier": 0.74063265518699184, "depressing": 0.51750073144308806, "safer": 0.45123663624859489, "boring": 0.32012655654040961, "human": 0.0087699890136718004, "vehicle": 0.037043677435980901, "construction": 0.1919772889879014, "nature": 0.16869550281100801, "sky": 0.33557001749674481, "object": 0.0097943411933050992, "PI": 0.46619357881915297, "NI": 0.37046053485648262, "length": 291.3977671, "source": 86, "target": 80, "direction": "bi-directional", "flow": 10.0, "flow_pct": 0.0073881980923672522, "flow_rank": 720 }, "geometry": { "type": "LineString", "coordinates": [ [ 113.920243336709831, 22.492289142003742 ], [ 113.920132540129671, 22.491855964569737 ], [ 113.91950699836211, 22.489748464398573 ] ] } },
{ "type": "Feature", "properties": { "arc": 45, "wealthier": 0.39381696255852089, "beautiful": 0.37421627082916448, "livelier": 0.56898454276922916, "depressing": 0.59542145314446371, "safer": 0.35549182043437239, "boring": 0.5118362722423061, "human": 0.0035516103108722999, "vehicle": 0.028068839179144899, "construction": 0.1179420895046658, "nature": 0.15056826273600249, "sky": 0.42425670623779299, "object": 0.0095480177137585998, "PI": 0.33409428883754339, "NI": 0.41071623141675345, "length": 843.7608958, "source": 86, "target": 107, "direction": "bi-directional", "flow": 5.0, "flow_pct": 0.0036940990461836261, "flow_rank": 750 }, "geometry": { "type": "LineString", "coordinates": [ [ 113.920243336709831, 22.492289142003742 ], [ 113.921040220644002, 22.492030095158817 ], [ 113.922136651961836, 22.491642695382637 ], [ 113.924136820527337, 22.49072256452742 ], [ 113.924480793338475, 22.490517720335372 ], [ 113.925779635134361, 22.48956469741599 ], [ 113.926069186022133, 22.489389052360526 ], [ 113.92635295680725, 22.489281884661231 ], [ 113.926956814622372, 22.489095223300605 ], [ 113.92753519202904, 22.488952191650355 ] ] } },
{ "type": "Feature", "properties": { "arc": 46, "wealthier": 0.59605485515681123, "beautiful": 0.54784034747648336, "livelier": 0.73580981021294245, "depressing": 0.39130391814984661, "safer": 0.6039566153710989, "boring": 0.2597241588818362, "human": 0.0048675847247363997, "vehicle": 0.035345356638838601, "construction": 0.14757038519634461, "nature": 0.23393784499749901, "sky": 0.32146318947396618, "object": 0.005938832352801, "PI": 0.51448007632272641, "NI": 0.29393648784221993, "length": 967.2321596, "source": 85, "target": 58, "direction": "bi-directional", "flow": 88.0, "flow_pct": 0.065016143212831834, "flow_rank": 406 }, "geometry": { "type": "LineString", "coordinates": [ [ 113.920108049729564, 22.493281898312713 ], [ 113.918471148995408, 22.493202888451741 ], [ 113.917224002710029, 22.493124445804579 ], [ 113.916315058681249, 22.493089291932211 ], [ 113.916114169256971, 22.493057022408657 ], [ 113.916054221084011, 22.49302947846121 ], [ 113.91599155710648, 22.492976393740697 ], [ 113.915933622290595, 22.492840692516786 ], [ 113.915927515822872, 22.492678058997463 ], [ 113.915961787732812, 22.492177216259208 ], [ 113.915948688768552, 22.491924339887927 ], [ 113.915923067840765, 22.491802685938659 ], [ 113.915887284428194, 22.491721090526067 ], [ 113.915838443842631, 22.491658523200776 ], [ 113.915783842326491, 22.491616881021056 ], [ 113.915670638305357, 22.491568886147697 ], [ 113.915520688265758, 22.491537598916945 ], [ 113.914316369073063, 22.491399754251464 ], [ 113.913643397690549, 22.491294902315765 ], [ 113.913366195202954, 22.491210961886082 ], [ 113.912829200277002, 22.491002479338235 ], [ 113.912230618823884, 22.490720776204132 ] ] } },
{ "type": "Feature", "properties": { "arc": 47, "wealthier": 0.46450222186166717, "beautiful": 0.43791262583560348, "livelier": 0.64293443263487293, "depressing": 0.49905792466130577, "safer": 0.44694586931746949, "boring": 0.36537405012928698, "human": 0.0046432495117186999, "vehicle": 0.0434560139973958, "construction": 0.17880109151204429, "nature": 0.1695180257161458, "sky": 0.36965700785319011, "object": 0.0089196523030597996, "PI": 0.40697363183314933, "NI": 0.37957096251728184, "length": 110.8650124, "source": 85, "target": 86, "direction": "bi-directional", "flow": 37.0, "flow_pct": 0.027336332941758835, "flow_rank": 578 }, "geometry": { "type": "LineString", "coordinates": [ [ 113.920108049729564, 22.493281898312713 ], [ 113.920179998533385, 22.492637067643294 ], [ 113.920243336709831, 22.492289142003742 ] ] } },
{ "type": "Feature", "properties": { "arc": 48, "wealthier": 0.50534926552060444, "beautiful": 0.44032513464068967, "livelier": 0.48136135489415299, "depressing": 0.52813665690210787, "safer": 0.44715821261142069, "boring": 0.55742794275188312, "human": 0.00053375977295649999, "vehicle": 0.0082506689581426998, "construction": 0.19322999032052071, "nature": 0.2143697538175382, "sky": 0.36027699261456297, "object": 0.0074195059928092002, "PI": 0.34242250955668579, "NI": 0.38574403474018465, "length": 2909.057819, "source": 4, "target": 9, "direction": "bi-directional", "flow": 0.0, "flow_pct": 0.0, "flow_rank": 766 }, "geometry": { "type": "LineString", "coordinates": [ [ 113.870243440272574, 22.492815508990901 ], [ 113.872479069927977, 22.48633519977475 ], [ 113.872621897197675, 22.485955990106646 ], [ 113.872767575192924, 22.485668838650149 ], [ 113.87294636745122, 22.485412919115245 ], [ 113.87313104477127, 22.485205656445 ], [ 113.873709500644495, 22.484644513799811 ], [ 113.873856385533884, 22.484477300384764 ], [ 113.873956836995617, 22.484328576713697 ], [ 113.874087421109124, 22.484025916328299 ], [ 113.874604921552404, 22.482481618294592 ], [ 113.874645175921003, 22.482266169067245 ], [ 113.874657017637432, 22.482084700537712 ], [ 113.874627468793491, 22.481690454795313 ], [ 113.874068640857899, 22.479033758257195 ], [ 113.874017626878555, 22.478732321962436 ], [ 113.873997370335445, 22.478472387266425 ], [ 113.874009905434662, 22.478208992135084 ], [ 113.874053458090543, 22.477985494445385 ], [ 113.874322154639415, 22.477194413280198 ], [ 113.874391104732936, 22.47694533218851 ], [ 113.874427300568584, 22.476681753007064 ], [ 113.874439248512289, 22.476250921953628 ], [ 113.874455915438034, 22.476168228186214 ], [ 113.874490648030644, 22.47609428782555 ], [ 113.874570451019039, 22.476026556592096 ], [ 113.874679062215066, 22.47601646699691 ], [ 113.874784336240069, 22.47607503029597 ], [ 113.874876421380677, 22.476194178618659 ], [ 113.875942414340656, 22.478360231023068 ], [ 113.876842508117946, 22.480114385387534 ], [ 113.877007369907872, 22.480390822757425 ], [ 113.877165842736744, 22.480555502687011 ], [ 113.877381752729576, 22.480676924512373 ], [ 113.877657917249735, 22.480741491845126 ], [ 113.880003541144276, 22.48094357017569 ], [ 113.880271966523949, 22.480958147990609 ], [ 113.880582671509856, 22.480952172969797 ] ] } },
{ "type": "Feature", "properties": { "arc": 49, "wealthier": 0.44951371411805952, "beautiful": 0.36708083174437911, "livelier": 0.46344597100896617, "depressing": 0.55489912297016042, "safer": 0.35847380840397369, "boring": 0.54450755869124245, "human": 0.00063871726011610001, "vehicle": 0.0272547403971354, "construction": 0.35561943054199208, "nature": 0.078019508948692903, "sky": 0.32945329715044058, "object": 0.0094037178235176003, "PI": 0.26746667138966346, "NI": 0.45841331569280647, "length": 300.9474176, "source": 3, "target": 4, "direction": "bi-directional", "flow": 0.0, "flow_pct": 0.0, "flow_rank": 766 }, "geometry": { "type": "LineString", "coordinates": [ [ 113.869318434033431, 22.495393071444276 ], [ 113.869525000128462, 22.494887932381094 ], [ 113.870243440272574, 22.492815508990901 ] ] } },
{ "type": "Feature", "properties": { "arc": 50, "wealthier": 0.63231553991443179, "beautiful": 0.5390696074211756, "livelier": 0.70651575279018353, "depressing": 0.41341302379118849, "safer": 0.58402593794396862, "boring": 0.30186990166049221, "human": 0.0035792986551919999, "vehicle": 0.027505768669976099, "construction": 0.11552010642157649, "nature": 0.31405178705851239, "sky": 0.28695509168836802, "object": 0.0081654654608831999, "PI": 0.51380830941594446, "NI": 0.29328365772636489, "length": 366.8200219, "source": 84, "target": 85, "direction": "bi-directional", "flow": 154.0, "flow_pct": 0.11377825062245568, "flow_rank": 288 }, "geometry": { "type": "LineString", "coordinates": [ [ 113.92001434742069, 22.496590794426407 ], [ 113.919987963432064, 22.496194755067407 ], [ 113.920004356462954, 22.495495550837589 ], [ 113.920053626735353, 22.493903135943668 ], [ 113.920108049729564, 22.493281898312713 ] ] } },
{ "type": "Feature", "properties": { "arc": 51, "wealthier": 0.59755576540560462, "beautiful": 0.56320085268941267, "livelier": 0.73652518476591045, "depressing": 0.38346619865304871, "safer": 0.59316059399256194, "boring": 0.2400609643446644, "human": 0.0055245100849805997, "vehicle": 0.023128933376736101, "construction": 0.1521774253459891, "nature": 0.31907002612797891, "sky": 0.243321717387498, "object": 0.0079066343981809995, "PI": 0.54549559339381426, "NI": 0.27203033749520344, "length": 937.3392901, "source": 100, "target": 85, "direction": "bi-directional", "flow": 0.0, "flow_pct": 0.0, "flow_rank": 766 }, "geometry": { "type": "LineString", "coordinates": [ [ 113.925019779820417, 22.497678871393315 ], [ 113.925369108629326, 22.496585993210658 ], [ 113.925577177068234, 22.495679874227584 ], [ 113.925731867742996, 22.495137458784455 ], [ 113.925747544029093, 22.495017058261169 ], [ 113.925741561921754, 22.49493328184888 ], [ 113.925714204446635, 22.494854450864118 ], [ 113.925640427123398, 22.494763860939273 ], [ 113.924474301407926, 22.494067695331054 ], [ 113.924258611935656, 22.49397150569051 ], [ 113.923951996649507, 22.493875087711778 ], [ 113.922576430796965, 22.49358826415147 ], [ 113.920108049729564, 22.493281898312713 ] ] } },
{ "type": "Feature", "properties": { "arc": 53, "wealthier": 0.44351261450077928, "beautiful": 0.41048694318083317, "livelier": 0.63058161572356564, "depressing": 0.57201180382634975, "safer": 0.42266318282390519, "boring": 0.42675869971494618, "human": 0.0037045184476874999, "vehicle": 0.021909666650089199, "construction": 0.16489980250229069, "nature": 0.24601552515854069, "sky": 0.33489594636140041, "object": 0.0085337132583428992, "PI": 0.39891065269458886, "NI": 0.3713848297766506, "length": 559.0243538, "source": 100, "target": 84, "direction": "bi-directional", "flow": 75.0, "flow_pct": 0.055411485692754399, "flow_rank": 445 }, "geometry": { "type": "LineString", "coordinates": [ [ 113.925019779820417, 22.497678871393315 ], [ 113.924026519833092, 22.497697881204488 ], [ 113.922652718387553, 22.497843417301976 ], [ 113.9225140565933, 22.49784234750414 ], [ 113.922355808331417, 22.49782087087722 ], [ 113.922186316511144, 22.497768985550589 ], [ 113.922010754173584, 22.497687162756325 ], [ 113.921477825964601, 22.497363917177541 ], [ 113.921288441627382, 22.497217973023989 ], [ 113.920954901761192, 22.496880504029793 ], [ 113.920814841592616, 22.496775087736719 ], [ 113.920694715135383, 22.496727584137844 ], [ 113.920319826613962, 22.4966670853895 ], [ 113.92001434742069, 22.496590794426407 ] ] } },
{ "type": "Feature", "properties": { "arc": 54, "wealthier": 0.63854314932128498, "beautiful": 0.58371837519314373, "livelier": 0.8315805207547694, "depressing": 0.38520307011854199, "safer": 0.63555527172815496, "boring": 0.18675057811885831, "human": 0.0021191312555680999, "vehicle": 0.021087880720172002, "construction": 0.1062957027502227, "nature": 0.47272591841848272, "sky": 0.14446476049590529, "object": 0.0057984736927767996, "PI": 0.57772184621146827, "NI": 0.20654862233577156, "length": 414.6888867, "source": 100, "target": 117, "direction": "bi-directional", "flow": 85.0, "flow_pct": 0.062799683785121643, "flow_rank": 419 }, "geometry": { "type": "LineString", "coordinates": [ [ 113.925019779820417, 22.497678871393315 ], [ 113.926018020577303, 22.497642285480701 ], [ 113.927088454196607, 22.49763936300992 ], [ 113.927422055043692, 22.497651487887033 ], [ 113.927688549331961, 22.497693579193157 ], [ 113.928352502354798, 22.497842544650677 ], [ 113.928999031989235, 22.498017666292228 ] ] } },
{ "type": "Feature", "properties": { "arc": 55, "wealthier": 0.299321848819398, "beautiful": 0.34068901393320078, "livelier": 0.49213364036303009, "depressing": 0.66671417926628662, "safer": 0.28674001273727928, "boring": 0.466018367999258, "human": 0.00089676359779810005, "vehicle": 0.014735409337231199, "construction": 0.071864983974358906, "nature": 0.19453320951543299, "sky": 0.46577266138842999, "object": 0.0087771130423259999, "PI": 0.26203244041592805, "NI": 0.39767493936660281, "length": 1013.579852, "source": 117, "target": 125, "direction": "bi-directional", "flow": 10.0, "flow_pct": 0.0073881980923672522, "flow_rank": 720 }, "geometry": { "type": "LineString", "coordinates": [ [ 113.928999031989235, 22.498017666292228 ], [ 113.930079237407696, 22.493554533449359 ], [ 113.930245442005699, 22.492944644749123 ], [ 113.930391280807527, 22.492516577976172 ], [ 113.930906827794971, 22.49123299731578 ], [ 113.931430129498665, 22.489872935126019 ], [ 113.931659832199315, 22.489221170172776 ] ] } },
{ "type": "Feature", "properties": { "arc": 57, "wealthier": 0.39552504977820241, "beautiful": 0.2144813340265726, "livelier": 0.5057154870894357, "depressing": 0.73776455460536638, "safer": 0.29774538591252742, "boring": 0.62754321956541359, "human": 0.00026924379410280002, "vehicle": 0.017997864753969198, "construction": 0.1975521169682985, "nature": 0.087792427309097698, "sky": 0.4541023623558782, "object": 0.0048601909350323002, "PI": 0.22518605964285662, "NI": 0.45498384680711651, "length": 796.8689264, "source": 15, "target": 17, "direction": "bi-directional", "flow": 71.0, "flow_pct": 0.052456206455807494, "flow_rank": 456 }, "geometry": { "type": "LineString", "coordinates": [ [ 113.886131417788988, 22.497594443090122 ], [ 113.887338738137757, 22.495370498139152 ], [ 113.887457891485411, 22.495122570248775 ], [ 113.887539262121919, 22.494898507917206 ], [ 113.887701098178681, 22.494363077791132 ], [ 113.88778113967355, 22.494026203506948 ], [ 113.888191625300124, 22.491569433807371 ], [ 113.888344320270747, 22.490772141645348 ] ] } },
{ "type": "Feature", "properties": { "arc": 59, "wealthier": 0.66054897475179908, "beautiful": 0.52758594014108562, "livelier": 0.69400767511433803, "depressing": 0.40041908895559553, "safer": 0.56523190713296889, "boring": 0.30587767777233171, "human": 0.0034525280907040001, "vehicle": 0.0143929890223911, "construction": 0.12266649518694191, "nature": 0.2775901612781343, "sky": 0.33101254417782738, "object": 0.0062996546427407998, "PI": 0.50018475955489272, "NI": 0.28510736523703917, "length": 390.7294908, "source": 69, "target": 84, "direction": "bi-directional", "flow": 12.0, "flow_pct": 0.0088658377108407037, "flow_rank": 701 }, "geometry": { "type": "LineString", "coordinates": [ [ 113.917026999834221, 22.498589392408043 ], [ 113.918059959839496, 22.497511449951748 ], [ 113.918404301513874, 22.497212132509635 ], [ 113.918711207235361, 22.496982713397369 ], [ 113.918895219717839, 22.496880285042273 ], [ 113.919078181116589, 22.496810347766715 ], [ 113.919627637850724, 22.49669841516328 ], [ 113.92001434742069, 22.496590794426407 ] ] } },
{ "type": "Feature", "properties": { "arc": 60, "wealthier": 0.36826042915205742, "beautiful": 0.34442506076333379, "livelier": 0.56264727602937836, "depressing": 0.63972357736775998, "safer": 0.34363635099305689, "boring": 0.48189299335758651, "human": 0.00073849713360819998, "vehicle": 0.012085208186396801, "construction": 0.12069380724871601, "nature": 0.1569337138423213, "sky": 0.45634478109854237, "object": 0.0110487761320891, "PI": 0.28686639082267723, "NI": 0.42065150966355408, "length": 455.2238531, "source": 133, "target": 117, "direction": "bi-directional", "flow": 56.0, "flow_pct": 0.041373909317256617, "flow_rank": 508 }, "geometry": { "type": "LineString", "coordinates": [ [ 113.93329320209466, 22.49900563620638 ], [ 113.929536827872326, 22.498127605329092 ], [ 113.928999031989235, 22.498017666292228 ] ] } },
{ "type": "Feature", "properties": { "arc": 61, "wealthier": 0.4846931480106918, "beautiful": 0.46434898573418931, "livelier": 0.58283760297980114, "depressing": 0.55162321253171875, "safer": 0.45016875684472069, "boring": 0.38673208915047069, "human": 0.00049274939077869999, "vehicle": 0.0096577361777975997, "construction": 0.12819445574725111, "nature": 0.20361700764408819, "sky": 0.41315191763418679, "object": 0.0041365270261410998, "PI": 0.36036480696759554, "NI": 0.33457921195710583, "length": 1000.726311, "source": 133, "target": 146, "direction": "bi-directional", "flow": 0.0, "flow_pct": 0.0, "flow_rank": 766 }, "geometry": { "type": "LineString", "coordinates": [ [ 113.93329320209466, 22.49900563620638 ], [ 113.934150965155851, 22.493956126504717 ], [ 113.934579222918842, 22.492114911244059 ], [ 113.935090440317637, 22.490129755769189 ] ] } },
{ "type": "Feature", "properties": { "arc": 62, "wealthier": 0.56808875721836039, "beautiful": 0.48766376753966761, "livelier": 0.65398472718876799, "depressing": 0.45972033047451988, "safer": 0.53507156325247984, "boring": 0.37461944778003281, "human": 0.0013320662758566999, "vehicle": 0.017595363385749501, "construction": 0.14987608880707709, "nature": 0.28015350572990649, "sky": 0.32815476619836048, "object": 0.0077575192306979998, "PI": 0.43749552721784574, "NI": 0.32720738128764709, "length": 1201.556786, "source": 68, "target": 50, "direction": "bi-directional", "flow": 258.0, "flow_pct": 0.19061551078307512, "flow_rank": 147 }, "geometry": { "type": "LineString", "coordinates": [ [ 113.915757142495565, 22.49991470176154 ], [ 113.915405740519915, 22.499104725720315 ], [ 113.915267245806916, 22.498842549780488 ], [ 113.915074872515461, 22.498533880155112 ], [ 113.914907180534939, 22.498297873179073 ], [ 113.91341266058582, 22.496396046451281 ], [ 113.912205450128937, 22.494533215274078 ], [ 113.910133908017883, 22.49044773041236 ] ] } },
{ "type": "Feature", "properties": { "arc": 63, "wealthier": 0.3861774785098771, "beautiful": 0.39343983234149238, "livelier": 0.57046975670194255, "depressing": 0.5775658531947887, "safer": 0.38011290529962261, "boring": 0.4672806645457605, "human": 0.0053180853525797, "vehicle": 0.017663717269897398, "construction": 0.13969516754150391, "nature": 0.1657768885294596, "sky": 0.4103290239969889, "object": 0.0070558389027913001, "PI": 0.36700203002902293, "NI": 0.38003883390391868, "length": 196.6450825, "source": 68, "target": 69, "direction": "bi-directional", "flow": 38.0, "flow_pct": 0.028075152750995563, "flow_rank": 576 }, "geometry": { "type": "LineString", "coordinates": [ [ 113.915757142495565, 22.49991470176154 ], [ 113.916311861497874, 22.499386462344919 ], [ 113.917026999834221, 22.498589392408043 ] ] } },
{ "type": "Feature", "properties": { "arc": 64, "wealthier": 0.58099528584649895, "beautiful": 0.52123500201720563, "livelier": 0.68918938377962213, "depressing": 0.43615180782181567, "safer": 0.55605830215399388, "boring": 0.31915280244475919, "human": 0.0021881998321156, "vehicle": 0.013372962857470101, "construction": 0.1159379393966109, "nature": 0.37083889525613661, "sky": 0.24760446430724339, "object": 0.0042792897165556997, "PI": 0.48999101470219597, "NI": 0.25571920035329837, "length": 1488.17498, "source": 68, "target": 44, "direction": "bi-directional", "flow": 0.0, "flow_pct": 0.0, "flow_rank": 766 }, "geometry": { "type": "LineString", "coordinates": [ [ 113.915757142495565, 22.49991470176154 ], [ 113.915435040847711, 22.500014684906212 ], [ 113.915048711769245, 22.500158917046697 ], [ 113.914767668940542, 22.500218775642015 ], [ 113.913873109739114, 22.500347255113116 ], [ 113.913693369385996, 22.500329892546482 ], [ 113.913544926776765, 22.500269422725083 ], [ 113.913423548805682, 22.500177364467142 ], [ 113.913274281841737, 22.500007810699152 ], [ 113.912068529604412, 22.498397825327938 ], [ 113.911395343590158, 22.497542110168286 ], [ 113.911279736337406, 22.497434374201308 ], [ 113.911132516906591, 22.49733362469696 ], [ 113.910491880472264, 22.497020936026288 ], [ 113.910409034375746, 22.496960490386044 ], [ 113.91031123965513, 22.496861580482463 ], [ 113.910169091652747, 22.496640759927796 ], [ 113.909752766016339, 22.49581063065483 ], [ 113.909607732098337, 22.495569876543602 ], [ 113.909532946683896, 22.49548370560257 ], [ 113.909455851849913, 22.49542164300469 ], [ 113.909096158031218, 22.495219492693238 ], [ 113.908949344730487, 22.495111023014775 ], [ 113.908828848408575, 22.494957282081156 ], [ 113.908745570965664, 22.49475270568621 ], [ 113.908130903396795, 22.49225135512112 ], [ 113.908065320560908, 22.491901884286957 ], [ 113.908070173530959, 22.491659232006487 ], [ 113.908139045854298, 22.491372900754282 ], [ 113.908252985565682, 22.491118493098234 ], [ 113.90843440277844, 22.490828228646031 ] ] } },
{ "type": "Feature", "properties": { "arc": 65, "wealthier": 0.67413702643964246, "beautiful": 0.59286777513499911, "livelier": 0.73744980132380433, "depressing": 0.38679409860551051, "safer": 0.64638698096648828, "boring": 0.2229208577076017, "human": 0.0023955390566870998, "vehicle": 0.019015221368698799, "construction": 0.074091638837541801, "nature": 0.44475292024158303, "sky": 0.19486204783121749, "object": 0.0039887655349004, "PI": 0.56565420473733952, "NI": 0.2041257738217036, "length": 382.9253519, "source": 83, "target": 69, "direction": "bi-directional", "flow": 0.0, "flow_pct": 0.0, "flow_rank": 766 }, "geometry": { "type": "LineString", "coordinates": [ [ 113.919998477950301, 22.500670623488521 ], [ 113.919326436885981, 22.500225528345617 ], [ 113.917026999834221, 22.498589392408043 ] ] } },
{ "type": "Feature", "properties": { "arc": 66, "wealthier": 0.68205006578427518, "beautiful": 0.58945274848626061, "livelier": 0.82801801544312481, "depressing": 0.3723276464804906, "safer": 0.6799258361766396, "boring": 0.18254276204081249, "human": 0.0011277449758428999, "vehicle": 0.020590966207939199, "construction": 0.046665827433268199, "nature": 0.50704648201925706, "sky": 0.17176086024234161, "object": 0.0047128242358825999, "PI": 0.58939279079084406, "NI": 0.18472040264814304, "length": 453.210219, "source": 83, "target": 84, "direction": "bi-directional", "flow": 97.0, "flow_pct": 0.07166552149596235, "flow_rank": 386 }, "geometry": { "type": "LineString", "coordinates": [ [ 113.919998477950301, 22.500670623488521 ], [ 113.919972558188647, 22.500020172804994 ], [ 113.919852270454442, 22.498584627851688 ], [ 113.919843918544558, 22.498310627436293 ], [ 113.919914395527883, 22.497340230995697 ], [ 113.92001434742069, 22.496590794426407 ] ] } },
{ "type": "Feature", "properties": { "arc": 67, "wealthier": 0.50581567211417733, "beautiful": 0.34493797692435579, "livelier": 0.57884389476744957, "depressing": 0.6287841385200762, "safer": 0.38475851032551928, "boring": 0.50072720728305087, "human": 0.0019911660088433002, "vehicle": 0.035465272267659498, "construction": 0.20837916268242729, "nature": 0.097961934407552007, "sky": 0.43020693461100251, "object": 0.0090588569641113, "PI": 0.32223853626701132, "NI": 0.44818136263445307, "length": 1674.093392, "source": 13, "target": 3, "direction": "bi-directional", "flow": 0.0, "flow_pct": 0.0, "flow_rank": 766 }, "geometry": { "type": "LineString", "coordinates": [ [ 113.884771639268806, 22.500118997430036 ], [ 113.884242685529898, 22.499963011852202 ], [ 113.878699395559892, 22.498195556397317 ], [ 113.873849438405173, 22.49675782224303 ], [ 113.872737792554815, 22.496412793869641 ], [ 113.869318434033431, 22.495393071444276 ] ] } },
{ "type": "Feature", "properties": { "arc": 68, "wealthier": 0.4853297170357706, "beautiful": 0.2245066140202128, "livelier": 0.54643815590185585, "depressing": 0.6766207638973214, "safer": 0.3400460581537334, "boring": 0.61080329352517626, "human": 0.00022070748465400001, "vehicle": 0.0186929248628162, "construction": 0.1810727800641741, "nature": 0.047823315575009198, "sky": 0.49713189261300222, "object": 0.0060644603910899996, "PI": 0.24730393781730167, "NI": 0.45529916072626125, "length": 312.6205448, "source": 13, "target": 15, "direction": "bi-directional", "flow": 17.0, "flow_pct": 0.012559936757024329, "flow_rank": 677 }, "geometry": { "type": "LineString", "coordinates": [ [ 113.884771639268806, 22.500118997430036 ], [ 113.886131417788988, 22.497594443090122 ] ] } },
{ "type": "Feature", "properties": { "arc": 69, "wealthier": 0.70467148081687125, "beautiful": 0.65789113612952566, "livelier": 0.75189859864212327, "depressing": 0.29628992455492681, "safer": 0.69339199970773513, "boring": 0.23217329639774659, "human": 0.0010455616733484, "vehicle": 0.0093670895225122994, "construction": 0.080865358051500802, "nature": 0.52597497638903168, "sky": 0.099956679762455397, "object": 0.0027218199612801001, "PI": 0.59727781889762388, "NI": 0.15055335698624764, "length": 475.5053563, "source": 97, "target": 83, "direction": "bi-directional", "flow": 0.0, "flow_pct": 0.0, "flow_rank": 766 }, "geometry": { "type": "LineString", "coordinates": [ [ 113.924613684932211, 22.500888400313134 ], [ 113.920977227245487, 22.500706260445771 ], [ 113.919998477950301, 22.500670623488521 ] ] } },
{ "type": "Feature", "properties": { "arc": 70, "wealthier": 0.67814825099992138, "beautiful": 0.66315986723568943, "livelier": 0.75239628582071694, "depressing": 0.31718876954573899, "safer": 0.6824717324011611, "boring": 0.28613463362004021, "human": 0.0023652485438755001, "vehicle": 0.017199152991885201, "construction": 0.0684818086170014, "nature": 0.4652493340628488, "sky": 0.1875695728120349, "object": 0.0075418835594539997, "PI": 0.59332087093626917, "NI": 0.21906299278181673, "length": 357.915121, "source": 97, "target": 100, "direction": "bi-directional", "flow": 10.0, "flow_pct": 0.0073881980923672522, "flow_rank": 720 }, "geometry": { "type": "LineString", "coordinates": [ [ 113.924613684932211, 22.500888400313134 ], [ 113.924964876421527, 22.498301497487819 ], [ 113.925019779820417, 22.497678871393315 ] ] } },
{ "type": "Feature", "properties": { "arc": 71, "wealthier": 0.16485046071523021, "beautiful": 0.1915753091473214, "livelier": 0.31178271771436428, "depressing": 0.79194235219787024, "safer": 0.14897718951605551, "boring": 0.77159114041623489, "human": 0.00034372734301009998, "vehicle": 0.0076216784390535997, "construction": 0.2368220993966767, "nature": 0.058413158763538697, "sky": 0.45340199904008338, "object": 0.0076545946525804001, "PI": 0.11089902505177808, "NI": 0.51206548318160261, "length": 598.4870442, "source": 2, "target": 3, "direction": "bi-directional", "flow": 0.0, "flow_pct": 0.0, "flow_rank": 766 }, "geometry": { "type": "LineString", "coordinates": [ [ 113.868169707777412, 22.500690442061174 ], [ 113.869136486227049, 22.496079720620532 ], [ 113.869318434033431, 22.495393071444276 ] ] } },
{ "type": "Feature", "properties": { "arc": 73, "wealthier": 0.54217887675442178, "beautiful": 0.53223358232450046, "livelier": 0.696479249894987, "depressing": 0.44823795442846198, "safer": 0.56202512444667696, "boring": 0.22826633928597009, "human": 0.0030680338541665998, "vehicle": 0.030437088012695301, "construction": 0.055971272786458297, "nature": 0.44749463399251299, "sky": 0.20306612650553379, "object": 0.0075448354085285996, "PI": 0.51803133225558151, "NI": 0.24265187812604841, "length": 189.1966279, "source": 81, "target": 83, "direction": "bi-directional", "flow": 97.0, "flow_pct": 0.07166552149596235, "flow_rank": 386 }, "geometry": { "type": "LineString", "coordinates": [ [ 113.919875761903725, 22.502374406011576 ], [ 113.919934652067781, 22.501172288265703 ], [ 113.919998477950301, 22.500670623488521 ] ] } },
{ "type": "Feature", "properties": { "arc": 74, "wealthier": 0.55968412775156662, "beautiful": 0.5068405236148088, "livelier": 0.6368793187760825, "depressing": 0.47051634058012631, "safer": 0.54076288811355022, "boring": 0.3912871932125232, "human": 0.0023966188783998, "vehicle": 0.020242373148600199, "construction": 0.068473392062717006, "nature": 0.35574891832139749, "sky": 0.31124397560402201, "object": 0.0071364861947517998, "PI": 0.46962923241640137, "NI": 0.29925297756148317, "length": 463.7768837, "source": 81, "target": 95, "direction": "bi-directional", "flow": 43.0, "flow_pct": 0.031769251797179189, "flow_rank": 555 }, "geometry": { "type": "LineString", "coordinates": [ [ 113.919875761903725, 22.502374406011576 ], [ 113.921947537576813, 22.502588623590764 ], [ 113.924367454972966, 22.502697407737358 ] ] } },
{ "type": "Feature", "properties": { "arc": 75, "wealthier": 0.66799926356243999, "beautiful": 0.66640552390578778, "livelier": 0.772415770026874, "depressing": 0.2844035693932343, "safer": 0.71705020329221469, "boring": 0.18989442454399669, "human": 0.0027622381846109999, "vehicle": 0.032086054484049401, "construction": 0.051606098810831703, "nature": 0.46669737497965491, "sky": 0.15897989273071289, "object": 0.0061734517415363999, "PI": 0.60739301033972315, "NI": 0.1854355909600808, "length": 201.9200506, "source": 95, "target": 97, "direction": "bi-directional", "flow": 0.0, "flow_pct": 0.0, "flow_rank": 766 }, "geometry": { "type": "LineString", "coordinates": [ [ 113.924367454972966, 22.502697407737358 ], [ 113.924613684932211, 22.500888400313134 ] ] } },
{ "type": "Feature", "properties": { "arc": 76, "wealthier": 0.59985293751085578, "beautiful": 0.53793542895766167, "livelier": 0.72593361242666599, "depressing": 0.43639982314389503, "safer": 0.5935116182531659, "boring": 0.2808413088401418, "human": 0.0028531816270615999, "vehicle": 0.029232491387261202, "construction": 0.083999379475911407, "nature": 0.38961635165744363, "sky": 0.21277580261230469, "object": 0.0095197465684677997, "PI": 0.52310093096575205, "NI": 0.27262867994646595, "length": 384.269878, "source": 95, "target": 111, "direction": "bi-directional", "flow": 60.0, "flow_pct": 0.044329188554203515, "flow_rank": 491 }, "geometry": { "type": "LineString", "coordinates": [ [ 113.924367454972966, 22.502697407737358 ], [ 113.928097366641367, 22.502871453455267 ] ] } },
{ "type": "Feature", "properties": { "arc": 77, "wealthier": 0.35577729230611949, "beautiful": 0.43464605561822889, "livelier": 0.44950916607569991, "depressing": 0.53861123060413729, "safer": 0.37742355052049392, "boring": 0.5547980802323027, "human": 0.00095876057942699999, "vehicle": 0.0197636286417643, "construction": 0.053060658772786401, "nature": 0.19313246409098311, "sky": 0.47729256947835291, "object": 0.0102339426676432, "PI": 0.29712859364009253, "NI": 0.39964926006061202, "length": 545.6917027, "source": 111, "target": 117, "direction": "bi-directional", "flow": 26.0, "flow_pct": 0.019209315040154856, "flow_rank": 631 }, "geometry": { "type": "LineString", "coordinates": [ [ 113.928097366641367, 22.502871453455267 ], [ 113.928529162757414, 22.50097454347592 ], [ 113.928999031989235, 22.498017666292228 ] ] } },
{ "type": "Feature", "properties": { "arc": 78, "wealthier": 0.32860007615769021, "beautiful": 0.39454716016210589, "livelier": 0.48498090135202809, "depressing": 0.61220474574025685, "safer": 0.32758163566518239, "boring": 0.50832458751490983, "human": 0.0017940454315719999, "vehicle": 0.011886998226768, "construction": 0.14910952250162751, "nature": 0.1415384861460903, "sky": 0.4209623169480709, "object": 0.0084016030294853002, "PI": 0.28087829373171919, "NI": 0.40348073220016917, "length": 493.3939013, "source": 131, "target": 111, "direction": "bi-directional", "flow": 65.0, "flow_pct": 0.048023287600387141, "flow_rank": 473 }, "geometry": { "type": "LineString", "coordinates": [ [ 113.932884547916728, 22.503128462276912 ], [ 113.928097366641367, 22.502871453455267 ] ] } },
{ "type": "Feature", "properties": { "arc": 79, "wealthier": 0.4851589333623898, "beautiful": 0.43561848374178003, "livelier": 0.6106053616725502, "depressing": 0.54642784059617011, "safer": 0.43105116783345399, "boring": 0.35823303567415471, "human": 0.00036356184217659998, "vehicle": 0.0050503766095196002, "construction": 0.1008519773130063, "nature": 0.25928751627604169, "sky": 0.38037784011275672, "object": 0.0035867337827329001, "PI": 0.36951480615499416, "NI": 0.30401763062040738, "length": 458.4868785, "source": 131, "target": 133, "direction": "bi-directional", "flow": 56.0, "flow_pct": 0.041373909317256617, "flow_rank": 508 }, "geometry": { "type": "LineString", "coordinates": [ [ 113.932884547916728, 22.503128462276912 ], [ 113.933109409727791, 22.5009633134766 ], [ 113.93329320209466, 22.49900563620638 ] ] } },
{ "type": "Feature", "properties": { "arc": 80, "wealthier": 0.38635115568542389, "beautiful": 0.3281279434484583, "livelier": 0.59061762241769034, "depressing": 0.61732598872453737, "safer": 0.36124983282659112, "boring": 0.41137598706636108, "human": 0.001935068766276, "vehicle": 0.025612343682183101, "construction": 0.192110358344184, "nature": 0.092750973171657897, "sky": 0.4301178402370876, "object": 0.0081515418158636995, "PI": 0.29451563840163753, "NI": 0.4123547859167716, "length": 397.9145188, "source": 70, "target": 68, "direction": "bi-directional", "flow": 468.0, "flow_pct": 0.34576767072278741, "flow_rank": 79 }, "geometry": { "type": "LineString", "coordinates": [ [ 113.91706442525583, 22.503296356725656 ], [ 113.916020728101131, 22.50063263021832 ], [ 113.915757142495565, 22.49991470176154 ] ] } },
{ "type": "Feature", "properties": { "arc": 81, "wealthier": 0.53111663386248142, "beautiful": 0.48096318426507301, "livelier": 0.61114900334147204, "depressing": 0.49116839542159862, "safer": 0.50115101682320184, "boring": 0.4091447702696423, "human": 0.0029872788323296001, "vehicle": 0.016130924224853498, "construction": 0.056610425313313797, "nature": 0.41161171595255519, "sky": 0.26752222908867729, "object": 0.0042716662089028997, "PI": 0.46944392876592439, "NI": 0.26979849971459574, "length": 306.7579021, "source": 70, "target": 81, "direction": "bi-directional", "flow": 153.0, "flow_pct": 0.11303943081321897, "flow_rank": 291 }, "geometry": { "type": "LineString", "coordinates": [ [ 113.91706442525583, 22.503296356725656 ], [ 113.919875761903725, 22.502374406011576 ] ] } },
{ "type": "Feature", "properties": { "arc": 82, "wealthier": 0.73565669000200018, "beautiful": 0.63178830712105982, "livelier": 0.74438843543016664, "depressing": 0.29951863474233548, "safer": 0.66996765745839748, "boring": 0.24600503732431131, "human": 0.0022573294462980998, "vehicle": 0.023321699213098498, "construction": 0.1206980634618688, "nature": 0.35064875638043441, "sky": 0.28054837827329288, "object": 0.011269728342691999, "PI": 0.56373062594683854, "NI": 0.2785095755313155, "length": 947.4674188, "source": 22, "target": 15, "direction": "bi-directional", "flow": 214.0, "flow_pct": 0.1581074391766592, "flow_rank": 191 }, "geometry": { "type": "LineString", "coordinates": [ [ 113.89189299282809, 22.504194377454375 ], [ 113.890961009031287, 22.502521101222889 ], [ 113.89079275840075, 22.502268713915068 ], [ 113.890571202624756, 22.501989106083951 ], [ 113.89008157637376, 22.501481623697352 ], [ 113.886131417788988, 22.497594443090122 ] ] } },
{ "type": "Feature", "properties": { "arc": 83, "wealthier": 0.37146011551899838, "beautiful": 0.36125017385544211, "livelier": 0.35339040728093279, "depressing": 0.6159629824843873, "safer": 0.34764360101812558, "boring": 0.70794574353736139, "human": 0.00035238577649480003, "vehicle": 0.012724882636973999, "construction": 0.046126758351045502, "nature": 0.16518638959897111, "sky": 0.52867170097002025, "object": 0.002760806114845, "PI": 0.24768693021658539, "NI": 0.40188190527491363, "length": 1490.453742, "source": 10, "target": 2, "direction": "bi-directional", "flow": 9.0, "flow_pct": 0.0066493782831305278, "flow_rank": 729 }, "geometry": { "type": "LineString", "coordinates": [ [ 113.881958683764793, 22.504813233351292 ], [ 113.873952739234255, 22.502432976680854 ], [ 113.868169707777412, 22.500690442061174 ] ] } },
{ "type": "Feature", "properties": { "arc": 84, "wealthier": 0.54546902947106501, "beautiful": 0.26687587456872658, "livelier": 0.552285905860179, "depressing": 0.70108743296563436, "safer": 0.36885164221953648, "boring": 0.62499328800482157, "human": 0.00031778547498909998, "vehicle": 0.0212119420369466, "construction": 0.14461743390118631, "nature": 0.015584345217104299, "sky": 0.5481708314683702, "object": 0.0071164943553782998, "PI": 0.2649324508107746, "NI": 0.47275968679815933, "length": 594.973318, "source": 10, "target": 13, "direction": "bi-directional", "flow": 17.0, "flow_pct": 0.012559936757024329, "flow_rank": 677 }, "geometry": { "type": "LineString", "coordinates": [ [ 113.881958683764793, 22.504813233351292 ], [ 113.884771639268806, 22.500118997430036 ] ] } },
{ "type": "Feature", "properties": { "arc": 85, "wealthier": 0.36144806123042811, "beautiful": 0.24141904510400769, "livelier": 0.42665020724992359, "depressing": 0.7002770303164747, "safer": 0.28430804743802662, "boring": 0.60234750266791037, "human": 0.0001040776570638, "vehicle": 0.044591352674696098, "construction": 0.091683069864908803, "nature": 0.13067635430230029, "sky": 0.47906078762478299, "object": 0.0027671813964842999, "PI": 0.21520098938941992, "NI": 0.42312064428834645, "length": 785.6016572, "source": 18, "target": 13, "direction": "bi-directional", "flow": 0.0, "flow_pct": 0.0, "flow_rank": 766 }, "geometry": { "type": "LineString", "coordinates": [ [ 113.889506647949787, 22.505548232475387 ], [ 113.887509673484232, 22.502472094315369 ], [ 113.887250404839463, 22.502120433655293 ], [ 113.886950390356006, 22.501756423983615 ], [ 113.886523688854851, 22.50132539590679 ], [ 113.885943197569347, 22.500850876435038 ], [ 113.885334634679083, 22.500435660528407 ], [ 113.884771639268806, 22.500118997430036 ] ] } },
{ "type": "Feature", "properties": { "arc": 86, "wealthier": 0.41215974406948708, "beautiful": 0.4494533548362743, "livelier": 0.60178164284028579, "depressing": 0.51975416948192288, "safer": 0.45723039745125438, "boring": 0.428558930119047, "human": 0.0019386079576280001, "vehicle": 0.0257858700222439, "construction": 0.19630161921183259, "nature": 0.13720681932237411, "sky": 0.37968296474880647, "object": 0.0118163426717122, "PI": 0.35149673232840217, "NI": 0.4075400571683816, "length": 287.6894232, "source": 18, "target": 22, "direction": "bi-directional", "flow": 0.0, "flow_pct": 0.0, "flow_rank": 766 }, "geometry": { "type": "LineString", "coordinates": [ [ 113.889506647949787, 22.505548232475387 ], [ 113.89189299282809, 22.504194377454375 ] ] } },
{ "type": "Feature", "properties": { "arc": 87, "wealthier": 0.20747816835894081, "beautiful": 0.29960613911220751, "livelier": 0.22333720514126709, "depressing": 0.70135962507774141, "safer": 0.22731888639834971, "boring": 0.83259200652037313, "human": 0.00028088887532549999, "vehicle": 0.036199378967285097, "construction": 0.035591634114583298, "nature": 0.085692596435546803, "sky": 0.56319246292114244, "object": 0.0036974906921385998, "PI": 0.14075957054543267, "NI": 0.46833066770600329, "length": 545.6998103, "source": 1, "target": 2, "direction": "bi-directional", "flow": 9.0, "flow_pct": 0.0066493782831305278, "flow_rank": 729 }, "geometry": { "type": "LineString", "coordinates": [ [ 113.867158855821629, 22.505527987727845 ], [ 113.868169707777412, 22.500690442061174 ] ] } },
{ "type": "Feature", "properties": { "arc": 88, "wealthier": 0.63919767686764473, "beautiful": 0.59334974287915065, "livelier": 0.54664084106281619, "depressing": 0.38303439755784963, "safer": 0.59595345331404059, "boring": 0.44975092793870242, "human": 0.00016382370872049999, "vehicle": 0.016154788006311101, "construction": 0.034373464255497303, "nature": 0.34838343762803359, "sky": 0.3970263196134019, "object": 0.0046634674072265, "PI": 0.46148030730262651, "NI": 0.28818740724548469, "length": 2847.433918, "source": 191, "target": 155, "direction": "bi-directional", "flow": 0.0, "flow_pct": 0.0, "flow_rank": 766 }, "geometry": { "type": "LineString", "coordinates": [ [ 113.946514654398769, 22.508095089997525 ], [ 113.94661549062279, 22.504587826202162 ], [ 113.946703042457017, 22.503634431372344 ], [ 113.946745125137014, 22.502937018869147 ], [ 113.946751531752497, 22.501528309320378 ], [ 113.946744686051289, 22.501117998829564 ], [ 113.946703418659652, 22.500435741792032 ], [ 113.946578309006597, 22.499201862686725 ], [ 113.946517410044848, 22.498358434840036 ], [ 113.946479718634208, 22.497487346702162 ], [ 113.946477833829917, 22.496640093159378 ], [ 113.946552154545543, 22.495184934288073 ], [ 113.946598744401697, 22.494629320015722 ], [ 113.946668389174235, 22.494058695032653 ], [ 113.946900491824138, 22.492661237922309 ], [ 113.946939910383463, 22.492298002111159 ], [ 113.946934332975275, 22.492067260636446 ], [ 113.946902810854027, 22.491827798043587 ], [ 113.946850745622982, 22.491612781947541 ], [ 113.946766387798021, 22.491380427222083 ], [ 113.946655304877794, 22.49115458756475 ], [ 113.946508924707672, 22.490913851343315 ], [ 113.946354123748179, 22.490710121680593 ], [ 113.946212299944818, 22.490561899836049 ], [ 113.946029558918156, 22.490407442173961 ], [ 113.945814526419781, 22.490264824165191 ], [ 113.945575741863024, 22.490146549370554 ], [ 113.945354401958824, 22.490064238367705 ], [ 113.945119033707073, 22.49000608261251 ], [ 113.944917990096187, 22.489975010103194 ], [ 113.944694437209691, 22.489963137416225 ], [ 113.944413250513691, 22.489971260201077 ], [ 113.944139503049669, 22.49001021540613 ], [ 113.943607764533979, 22.490141675697469 ], [ 113.943231987406989, 22.490215322349471 ], [ 113.942859482112041, 22.490262906208631 ], [ 113.942429804294704, 22.490295749509009 ], [ 113.941909897122642, 22.490283843753378 ], [ 113.941268404453666, 22.490206175995354 ], [ 113.940847683648727, 22.4901225363047 ], [ 113.940516342593796, 22.490030986593244 ], [ 113.939991139775998, 22.489848015949985 ], [ 113.93963415922579, 22.489696056280255 ], [ 113.93934088252837, 22.489543666575798 ], [ 113.938921703355149, 22.489286317997919 ], [ 113.93826468348098, 22.48879083827142 ] ] } },
{ "type": "Feature", "properties": { "arc": 90, "wealthier": 0.33074316780016422, "beautiful": 0.2651439498459805, "livelier": 0.2452586208705618, "depressing": 0.71914147812938445, "safer": 0.26545664174114481, "boring": 0.81306150949064093, "human": 0.0001801252365112, "vehicle": 0.052175978819529199, "construction": 0.077663679917653397, "nature": 0.048506637414296401, "sky": 0.54046513636906945, "object": 0.010147809982299799, "PI": 0.15608348457533464, "NI": 0.52646674472181976, "length": 784.4847275, "source": 157, "target": 191, "direction": "bi-directional", "flow": 23.0, "flow_pct": 0.016992855612444679, "flow_rank": 642 }, "geometry": { "type": "LineString", "coordinates": [ [ 113.93889061909843, 22.508048357430951 ], [ 113.941109854851291, 22.508058335579104 ], [ 113.941804307590687, 22.508079427603864 ], [ 113.943731288268253, 22.508091538400766 ], [ 113.946514654398769, 22.508095089997525 ] ] } },
{ "type": "Feature", "properties": { "arc": 92, "wealthier": 0.21910462171009559, "beautiful": 0.2224039316271732, "livelier": 0.436736980552758, "depressing": 0.72737345850137691, "safer": 0.20766221659873499, "boring": 0.52774795434053845, "human": 7.0306989881727437e-05, "vehicle": 0.16179853015475801, "construction": 0.20003514819675011, "nature": 0.1311426692538791, "sky": 0.2232713169521755, "object": 0.0030544598897298001, "PI": 0.17529682774773239, "NI": 0.46720698749535128, "length": 272.3374433, "source": 148, "target": 157, "direction": "bi-directional", "flow": 131.0, "flow_pct": 0.096785395010011016, "flow_rank": 330 }, "geometry": { "type": "LineString", "coordinates": [ [ 113.936244058418467, 22.508018110635138 ], [ 113.936823524945339, 22.508034045311355 ], [ 113.93889061909843, 22.508048357430951 ] ] } },
{ "type": "Feature", "properties": { "arc": 93, "wealthier": 0.4394812657223694, "beautiful": 0.4346512108197006, "livelier": 0.46576366714884848, "depressing": 0.55705759435594782, "safer": 0.3999708529144152, "boring": 0.49536214805031648, "human": 0.00057050916883679998, "vehicle": 0.0086632834540473005, "construction": 0.0686070124308268, "nature": 0.23150263892279721, "sky": 0.43628837444164131, "object": 0.0048142185917606998, "PI": 0.32347030081999506, "NI": 0.34514855619620938, "length": 538.701525, "source": 132, "target": 131, "direction": "bi-directional", "flow": 81.0, "flow_pct": 0.059844404548174746, "flow_rank": 429 }, "geometry": { "type": "LineString", "coordinates": [ [ 113.932884745185902, 22.507993148516846 ], [ 113.932884547916728, 22.503128462276912 ] ] } },
{ "type": "Feature", "properties": { "arc": 94, "wealthier": 0.33660848991678388, "beautiful": 0.27831364750352089, "livelier": 0.47626382976676701, "depressing": 0.67335631757567271, "safer": 0.27516379206010838, "boring": 0.4962685713974066, "human": 0.00047942570277619998, "vehicle": 0.2038970674787248, "construction": 0.20350442613874159, "nature": 0.105656623840332, "sky": 0.18731294359479619, "object": 0.0022590728033155998, "PI": 0.22430514207058652, "NI": 0.46910368650286821, "length": 345.6634598, "source": 132, "target": 148, "direction": "bi-directional", "flow": 197.0, "flow_pct": 0.14554750241963488, "flow_rank": 215 }, "geometry": { "type": "LineString", "coordinates": [ [ 113.932884745185902, 22.507993148516846 ], [ 113.934102980729563, 22.507989931445753 ], [ 113.936244058418467, 22.508018110635138 ] ] } },
{ "type": "Feature", "properties": { "arc": 95, "wealthier": 0.46828629697717189, "beautiful": 0.4797310884071152, "livelier": 0.54345153020224435, "depressing": 0.45585917120595598, "safer": 0.4875601951192064, "boring": 0.40765084782520727, "human": 0.0014091491699218001, "vehicle": 0.022573375701904201, "construction": 0.051646518707275303, "nature": 0.2682064374287923, "sky": 0.40934724807739259, "object": 0.011512597401936799, "PI": 0.38689472608331493, "NI": 0.34940974410642861, "length": 563.303571, "source": 106, "target": 111, "direction": "bi-directional", "flow": 36.0, "flow_pct": 0.026597513132522111, "flow_rank": 582 }, "geometry": { "type": "LineString", "coordinates": [ [ 113.927242679087897, 22.507895934604573 ], [ 113.928097366641367, 22.502871453455267 ] ] } },
{ "type": "Feature", "properties": { "arc": 96, "wealthier": 0.64575180545738131, "beautiful": 0.62176320017126741, "livelier": 0.78866312063166677, "depressing": 0.33771425085078671, "safer": 0.66528139583926049, "boring": 0.21684893155812551, "human": 0.0029045104980467999, "vehicle": 0.0130784352620442, "construction": 0.085359064737955695, "nature": 0.51794935862223301, "sky": 0.119968827565511, "object": 0.0048147837320962998, "PI": 0.6040743378468012, "NI": 0.17782016657361766, "length": 574.1470365, "source": 94, "target": 95, "direction": "bi-directional", "flow": 15.0, "flow_pct": 0.011082297138550879, "flow_rank": 686 }, "geometry": { "type": "LineString", "coordinates": [ [ 113.92363986209493, 22.507836796707277 ], [ 113.924054162385062, 22.504909214899573 ], [ 113.924279958638365, 22.503579041640901 ], [ 113.924367454972966, 22.502697407737358 ] ] } },
{ "type": "Feature", "properties": { "arc": 97, "wealthier": 0.22528086626353411, "beautiful": 0.23568896442643339, "livelier": 0.44944277447745778, "depressing": 0.69544564974926781, "safer": 0.2499113473403736, "boring": 0.50989745519822605, "human": 0.00060410430465909998, "vehicle": 0.228692372639974, "construction": 0.041840898817864, "nature": 0.14637264306994449, "sky": 0.25411979011867358, "object": 0.0034360470979109999, "PI": 0.19916056663381884, "NI": 0.46695481890264973, "length": 580.6418513, "source": 106, "target": 132, "direction": "bi-directional", "flow": 87.0, "flow_pct": 0.064277323403595099, "flow_rank": 413 }, "geometry": { "type": "LineString", "coordinates": [ [ 113.927242679087897, 22.507895934604573 ], [ 113.927686861371413, 22.50791712929275 ], [ 113.929050844623163, 22.507941444925084 ], [ 113.932884745185902, 22.507993148516846 ] ] } },
{ "type": "Feature", "properties": { "arc": 98, "wealthier": 0.3168009244551826, "beautiful": 0.26628961489662389, "livelier": 0.4337681238910861, "depressing": 0.70557081102969132, "safer": 0.27230956244807708, "boring": 0.58964181562643891, "human": 0.0014422098795571999, "vehicle": 0.1971842024061414, "construction": 0.035875108506944399, "nature": 0.14443673027886281, "sky": 0.3634434594048393, "object": 0.0031190236409505, "PI": 0.2317212537219735, "NI": 0.48597393440364339, "length": 370.7904827, "source": 94, "target": 106, "direction": "bi-directional", "flow": 178.0, "flow_pct": 0.13150992604413708, "flow_rank": 246 }, "geometry": { "type": "LineString", "coordinates": [ [ 113.92363986209493, 22.507836796707277 ], [ 113.924418633405253, 22.50786107961952 ], [ 113.926700307033471, 22.507875854565025 ], [ 113.927242679087897, 22.507895934604573 ] ] } },
{ "type": "Feature", "properties": { "arc": 99, "wealthier": 0.31467911277926869, "beautiful": 0.30281252400325348, "livelier": 0.49446206555638361, "depressing": 0.67004074372588485, "safer": 0.3046599784393117, "boring": 0.54719392432502723, "human": 0.0021009293813554, "vehicle": 0.0438259669712611, "construction": 0.13262733580574149, "nature": 0.1147822122725229, "sky": 0.45139691186329661, "object": 0.0069588252476282999, "PI": 0.25644476063459143, "NI": 0.43851589356414528, "length": 540.4304663, "source": 76, "target": 70, "direction": "bi-directional", "flow": 618.0, "flow_pct": 0.45659064210829614, "flow_rank": 38 }, "geometry": { "type": "LineString", "coordinates": [ [ 113.918848298169024, 22.507886424693407 ], [ 113.918181118759719, 22.506118079552309 ], [ 113.91706442525583, 22.503296356725656 ] ] } },
{ "type": "Feature", "properties": { "arc": 100, "wealthier": 0.1323260743124684, "beautiful": 0.17755555447260349, "livelier": 0.39174885072338278, "depressing": 0.78701192434249378, "safer": 0.16283137216901261, "boring": 0.60065214483985718, "human": 0.0014709125865589, "vehicle": 0.1955322496818773, "construction": 0.127277085275361, "nature": 0.088583397142814796, "sky": 0.2885650576967182, "object": 0.0025813362815162999, "PI": 0.14237540857258152, "NI": 0.5071658330134392, "length": 493.7629841, "source": 76, "target": 94, "direction": "bi-directional", "flow": 120.0, "flow_pct": 0.08865837710840703, "flow_rank": 353 }, "geometry": { "type": "LineString", "coordinates": [ [ 113.918848298169024, 22.507886424693407 ], [ 113.919215409317403, 22.507822039189772 ], [ 113.919570037059572, 22.507805098273106 ], [ 113.921497983881281, 22.507807160349859 ], [ 113.922176022787156, 22.507828028569143 ], [ 113.92363986209493, 22.507836796707277 ] ] } },
{ "type": "Feature", "properties": { "arc": 102, "wealthier": 0.47419381071955641, "beautiful": 0.4545765509431447, "livelier": 0.63972435241309611, "depressing": 0.497778477632283, "safer": 0.47066967186835679, "boring": 0.3781410838776581, "human": 0.003120984786596, "vehicle": 0.035404572120079601, "construction": 0.1548476341443184, "nature": 0.2338984073736729, "sky": 0.29109764099121099, "object": 0.0050661625006259998, "PI": 0.41211519172185951, "NI": 0.32281350336004278, "length": 899.5277961, "source": 57, "target": 70, "direction": "bi-directional", "flow": 88.0, "flow_pct": 0.065016143212831834, "flow_rank": 406 }, "geometry": { "type": "LineString", "coordinates": [ [ 113.911812862026906, 22.508076530551687 ], [ 113.911803275860322, 22.506936891697748 ], [ 113.911826381020035, 22.505458604356793 ], [ 113.911859984442088, 22.505278569379975 ], [ 113.91190409482347, 22.505162768504469 ], [ 113.911981094931292, 22.505037996271508 ], [ 113.912076375379414, 22.504941287590714 ], [ 113.912239238220806, 22.504840550945161 ], [ 113.912506912029073, 22.504738621130844 ], [ 113.914806117911311, 22.504039846245991 ], [ 113.91706442525583, 22.503296356725656 ] ] } },
{ "type": "Feature", "properties": { "arc": 103, "wealthier": 0.46729102567239061, "beautiful": 0.37963617331603899, "livelier": 0.58993253124812084, "depressing": 0.56424387901801087, "safer": 0.42702381861221311, "boring": 0.41723544176967708, "human": 0.0039974559437143996, "vehicle": 0.0124540039987275, "construction": 0.25811016198360559, "nature": 0.092500455451734104, "sky": 0.37396974274606409, "object": 0.0088821757923472997, "PI": 0.35541087672167593, "NI": 0.4044223817475881, "length": 297.1330425, "source": 370, "target": 383, "direction": "bi-directional", "flow": 24.0, "flow_pct": 0.017731675421681407, "flow_rank": 640 }, "geometry": { "type": "LineString", "coordinates": [ [ 114.04876627351058, 22.510813217557196 ], [ 114.049105677723745, 22.510829474167387 ], [ 114.049624261641, 22.510878979358882 ], [ 114.051626018121581, 22.511173826247749 ] ] } },
{ "type": "Feature", "properties": { "arc": 104, "wealthier": 0.57220965064981932, "beautiful": 0.37000341049245689, "livelier": 0.76277445375222785, "depressing": 0.56247383650477245, "safer": 0.49054806763122832, "boring": 0.27250044840179699, "human": 0.0010971124621405, "vehicle": 0.0158411661783854, "construction": 0.1779170658277428, "nature": 0.29397842849510297, "sky": 0.29227483445319569, "object": 0.0140019292416779, "PI": 0.43030859103245511, "NI": 0.36384294942083995, "length": 746.5867371000001, "source": 344, "target": 370, "direction": "bi-directional", "flow": 10.0, "flow_pct": 0.0073881980923672522, "flow_rank": 720 }, "geometry": { "type": "LineString", "coordinates": [ [ 114.041572009334587, 22.511371321440034 ], [ 114.042637725978992, 22.511138010569884 ], [ 114.043435862701529, 22.510998114686785 ], [ 114.044293509394507, 22.510876210077047 ], [ 114.044989404946762, 22.510815936658545 ], [ 114.046071205185797, 22.510746360763022 ], [ 114.047112491615863, 22.510729612652316 ], [ 114.047612560067961, 22.510736178027884 ], [ 114.04876627351058, 22.510813217557196 ] ] } },
{ "type": "Feature", "properties": { "arc": 106, "wealthier": 0.40639149097534077, "beautiful": 0.22103335882876199, "livelier": 0.44818865597256519, "depressing": 0.7562071771003408, "safer": 0.2770202729341732, "boring": 0.66467842380745057, "human": 0.00032234191894529998, "vehicle": 0.0043346263744212001, "construction": 0.096872329711913993, "nature": 0.015944304289641199, "sky": 0.59952499248363345, "object": 0.0071182604189271997, "PI": 0.19620745156443373, "NI": 0.47608511144657256, "length": 552.7371092, "source": 7, "target": 10, "direction": "bi-directional", "flow": 8.0, "flow_pct": 0.0059105584738938016, "flow_rank": 731 }, "geometry": { "type": "LineString", "coordinates": [ [ 113.879258660042268, 22.509127789198065 ], [ 113.880027567452075, 22.507852356993428 ], [ 113.88102307851382, 22.50624303132026 ], [ 113.881958683764793, 22.504813233351292 ] ] } },
{ "type": "Feature", "properties": { "arc": 107, "wealthier": 0.43333342082237142, "beautiful": 0.468594969862827, "livelier": 0.6910113720676041, "depressing": 0.4914065854664178, "safer": 0.44732056110526408, "boring": 0.35724093216227781, "human": 0.0038336435953775999, "vehicle": 0.015882237752278601, "construction": 0.17384300231933589, "nature": 0.26711781819661462, "sky": 0.29741630554199211, "object": 0.014339319864908801, "PI": 0.43088877241831097, "NI": 0.36800744380641093, "length": 172.0402841, "source": 368, "target": 370, "direction": "bi-directional", "flow": 180.0, "flow_pct": 0.13298756566261055, "flow_rank": 243 }, "geometry": { "type": "LineString", "coordinates": [ [ 114.048611931497902, 22.512360175320094 ], [ 114.04876627351058, 22.510813217557196 ] ] } },
{ "type": "Feature", "properties": { "arc": 108, "wealthier": 0.40091624409538251, "beautiful": 0.50178740796576882, "livelier": 0.51228731097047775, "depressing": 0.55851580700465597, "safer": 0.41708650890595689, "boring": 0.49613341906951669, "human": 0.0011948479546440001, "vehicle": 0.0129412015279134, "construction": 0.16094446182250971, "nature": 0.2329123285081651, "sky": 0.37012280358208538, "object": 0.0060423745049369999, "PI": 0.34950100454194361, "NI": 0.36781120830954178, "length": 278.6215604, "source": 368, "target": 378, "direction": "bi-directional", "flow": 439.0, "flow_pct": 0.32434189625492238, "flow_rank": 86 }, "geometry": { "type": "LineString", "coordinates": [ [ 114.048611931497902, 22.512360175320094 ], [ 114.051294166949788, 22.512706656820409 ] ] } },
{ "type": "Feature", "properties": { "arc": 109, "wealthier": 0.45658365543444152, "beautiful": 0.36483357448059039, "livelier": 0.62088907880162048, "depressing": 0.5604814337898778, "safer": 0.40096044729062541, "boring": 0.34538299367221359, "human": 0.00074486505417590003, "vehicle": 0.016798655192057199, "construction": 0.12790679931640619, "nature": 0.26194009326753159, "sky": 0.34875978742327002, "object": 0.0083304813929965995, "PI": 0.35365245261381495, "NI": 0.34184947375022806, "length": 173.1413299, "source": 378, "target": 383, "direction": "bi-directional", "flow": 459.0, "flow_pct": 0.33911829243965685, "flow_rank": 81 }, "geometry": { "type": "LineString", "coordinates": [ [ 114.051294166949788, 22.512706656820409 ], [ 114.051626018121581, 22.511173826247749 ] ] } },
{ "type": "Feature", "properties": { "arc": 110, "wealthier": 0.27041358411358463, "beautiful": 0.28244901829264307, "livelier": 0.44947427717703431, "depressing": 0.67422393381248358, "safer": 0.27736842846917659, "boring": 0.5798391402666857, "human": 0.0014954282526384, "vehicle": 0.040155477691115, "construction": 0.1291580869440446, "nature": 0.1053678947582579, "sky": 0.4617587976288377, "object": 0.0072073016250341999, "PI": 0.2214666819738845, "NI": 0.44556787350912663, "length": 449.5867777, "source": 66, "target": 76, "direction": "bi-directional", "flow": 143.0, "flow_pct": 0.10565123272085171, "flow_rank": 310 }, "geometry": { "type": "LineString", "coordinates": [ [ 113.91544496392207, 22.510412134089869 ], [ 113.915890405023987, 22.510044980184357 ], [ 113.918185953748889, 22.508309078484409 ], [ 113.918387156262952, 22.50813194715435 ], [ 113.918607225873458, 22.507972873278014 ], [ 113.918848298169024, 22.507886424693407 ] ] } },
{ "type": "Feature", "properties": { "arc": 111, "wealthier": 0.5772930015209975, "beautiful": 0.50942649430621734, "livelier": 0.76682994025145912, "depressing": 0.42511178230033769, "safer": 0.5336343434219456, "boring": 0.32918540327494239, "human": 0.0011038250393337, "vehicle": 0.020269287957085502, "construction": 0.1190298928154839, "nature": 0.30308034684922958, "sky": 0.33531867133246518, "object": 0.0064421759711371001, "PI": 0.46773508180648871, "NI": 0.29887795105341658, "length": 173.6957101, "source": 346, "target": 344, "direction": "bi-directional", "flow": 79.0, "flow_pct": 0.05836676492970129, "flow_rank": 433 }, "geometry": { "type": "LineString", "coordinates": [ [ 114.041901221118664, 22.512909747878709 ], [ 114.041572009334587, 22.511371321440034 ] ] } },
{ "type": "Feature", "properties": { "arc": 112, "wealthier": 0.43662354264831682, "beautiful": 0.53335413829120504, "livelier": 0.53594705019390365, "depressing": 0.487231659114927, "safer": 0.48144571604253761, "boring": 0.4245021222599546, "human": 0.00054616292317700001, "vehicle": 0.0091796112060545994, "construction": 0.14847262064615879, "nature": 0.269699961344401, "sky": 0.36338854471842452, "object": 0.0065229797363281, "PI": 0.37831645145112541, "NI": 0.33654303825821902, "length": 695.8827143, "source": 346, "target": 368, "direction": "bi-directional", "flow": 132.0, "flow_pct": 0.097524214819247737, "flow_rank": 328 }, "geometry": { "type": "LineString", "coordinates": [ [ 114.041901221118664, 22.512909747878709 ], [ 114.043322030975503, 22.512620890140237 ], [ 114.044644215013577, 22.512438817670283 ], [ 114.045716042403157, 22.512357436141038 ], [ 114.046261131209079, 22.512330752585488 ], [ 114.047499218024541, 22.512330390280248 ], [ 114.048611931497902, 22.512360175320094 ] ] } },
{ "type": "Feature", "properties": { "arc": 114, "wealthier": 0.5975155395014552, "beautiful": 0.63810443398001349, "livelier": 0.60008681624907012, "depressing": 0.32398883775007647, "safer": 0.62331413728688112, "boring": 0.34345928781549617, "human": 0.00090246934157149996, "vehicle": 0.018143873948317301, "construction": 0.11240776583679719, "nature": 0.36263438167735051, "sky": 0.27462320246248179, "object": 0.0075518779265573996, "PI": 0.49057339082491852, "NI": 0.26933790372832989, "length": 973.1986511, "source": 29, "target": 22, "direction": "bi-directional", "flow": 348.0, "flow_pct": 0.2571092936143804, "flow_rank": 110 }, "geometry": { "type": "LineString", "coordinates": [ [ 113.897810543605274, 22.510758081685431 ], [ 113.897107581166352, 22.510396882668338 ], [ 113.896920857352413, 22.51030665167271 ], [ 113.896609752230106, 22.51017096554812 ], [ 113.896380116090029, 22.510048345325863 ], [ 113.89585843791528, 22.50972151317848 ], [ 113.895492989231045, 22.509468673176645 ], [ 113.895265424791504, 22.509284009102249 ], [ 113.895054005199682, 22.509071398437342 ], [ 113.894212713506619, 22.50796616604681 ], [ 113.893444594232136, 22.506905014542959 ], [ 113.893261081308879, 22.506607041894451 ], [ 113.89189299282809, 22.504194377454375 ] ] } },
{ "type": "Feature", "properties": { "arc": 117, "wealthier": 0.60097042957009905, "beautiful": 0.59677313402840504, "livelier": 0.60045628017914121, "depressing": 0.39607224938463181, "safer": 0.57300530463554278, "boring": 0.35986927867695828, "human": 0.00032043457031239998, "vehicle": 0.017689598931206599, "construction": 0.099948494522659803, "nature": 0.32419377786141851, "sky": 0.35546988028067128, "object": 0.0061878274988244998, "PI": 0.45790200950497817, "NI": 0.29493286696226506, "length": 452.6488188, "source": 391, "target": 378, "direction": "bi-directional", "flow": 429.0, "flow_pct": 0.31695369816255514, "flow_rank": 88 }, "geometry": { "type": "LineString", "coordinates": [ [ 114.055483224853148, 22.513943821831127 ], [ 114.054270679436883, 22.513510133577519 ], [ 114.053577456995598, 22.513297615982822 ], [ 114.051294166949788, 22.512706656820409 ] ] } },
{ "type": "Feature", "properties": { "arc": 118, "wealthier": 0.54155201147527965, "beautiful": 0.42228573948790288, "livelier": 0.68749437315677131, "depressing": 0.49627874356768092, "safer": 0.50533319829057199, "boring": 0.34789178204104038, "human": 0.0021451983535498002, "vehicle": 0.032173357511821501, "construction": 0.16686242086845529, "nature": 0.1774799949244448, "sky": 0.38574459678248352, "object": 0.0108909606933593, "PI": 0.40666363283038565, "NI": 0.38028972380766879, "length": 661.83896, "source": 391, "target": 383, "direction": "bi-directional", "flow": 0.0, "flow_pct": 0.0, "flow_rank": 766 }, "geometry": { "type": "LineString", "coordinates": [ [ 114.055483224853148, 22.513943821831127 ], [ 114.055750837399003, 22.5134921024326 ], [ 114.056098683685789, 22.512783373847284 ], [ 114.056128336578467, 22.512673622814532 ], [ 114.056129734424132, 22.51258296841366 ], [ 114.056101172357657, 22.512498665725655 ], [ 114.056055367733833, 22.512438581436832 ], [ 114.055933563232969, 22.512355229594998 ], [ 114.055717508809948, 22.512272240416788 ], [ 114.054417536169268, 22.511869888488487 ], [ 114.051626018121581, 22.511173826247749 ] ] } },
{ "type": "Feature", "properties": { "arc": 119, "wealthier": 0.33481178837300218, "beautiful": 0.30563624563726521, "livelier": 0.36249631348415268, "depressing": 0.71167550054587903, "safer": 0.27736586900839277, "boring": 0.6833749450329053, "human": 0.0012199966995804, "vehicle": 0.0217633423981843, "construction": 0.1219342549641927, "nature": 0.14236266524703409, "sky": 0.4723344025788484, "object": 0.0055004402443213996, "PI": 0.22585248558425841, "NI": 0.44726822003436761, "length": 195.8909571, "source": 372, "target": 378, "direction": "bi-directional", "flow": 605.0, "flow_pct": 0.44698598458821875, "flow_rank": 41 }, "geometry": { "type": "LineString", "coordinates": [ [ 114.050949030046894, 22.514445539272423 ], [ 114.051034919364852, 22.51387833284841 ], [ 114.051294166949788, 22.512706656820409 ] ] } },
{ "type": "Feature", "properties": { "arc": 120, "wealthier": 0.27395510565957681, "beautiful": 0.22780105333230941, "livelier": 0.41114459581072021, "depressing": 0.75946396699915153, "safer": 0.22921289735690009, "boring": 0.68219282851630214, "human": 0.0019101036919487, "vehicle": 0.018188847435845201, "construction": 0.19453763961791989, "nature": 0.052265961964925098, "sky": 0.4669704967074923, "object": 0.0055829154120551, "PI": 0.18808841666478829, "NI": 0.47564327337005335, "length": 274.7079285, "source": 60, "target": 66, "direction": "bi-directional", "flow": 239.0, "flow_pct": 0.17657793440757735, "flow_rank": 166 }, "geometry": { "type": "LineString", "coordinates": [ [ 113.913524215381543, 22.512109490216584 ], [ 113.913943158438968, 22.511583471699634 ], [ 113.914165788402244, 22.51134895326145 ], [ 113.914919728085337, 22.510777922986602 ], [ 113.91544496392207, 22.510412134089869 ] ] } },
{ "type": "Feature", "properties": { "arc": 121, "wealthier": 0.233556516034989, "beautiful": 0.33298664134108991, "livelier": 0.1698472326749394, "depressing": 0.67684013259749409, "safer": 0.23741798180518031, "boring": 0.8186476382076866, "human": 0.00042515330844449998, "vehicle": 0.041952186160617397, "construction": 0.023511701160007, "nature": 0.097126536899142801, "sky": 0.56752989027235246, "object": 0.0038393073611788999, "PI": 0.14753012911433069, "NI": 0.46379284130722365, "length": 641.9737761, "source": 0, "target": 1, "direction": "bi-directional", "flow": 0.0, "flow_pct": 0.0, "flow_rank": 766 }, "geometry": { "type": "LineString", "coordinates": [ [ 113.866000563288026, 22.511223543494829 ], [ 113.86604370852173, 22.510885687119913 ], [ 113.866115393378863, 22.510501486227479 ], [ 113.867158855821629, 22.505527987727845 ] ] } },
{ "type": "Feature", "properties": { "arc": 122, "wealthier": 0.3945341894155544, "beautiful": 0.38181290817757502, "livelier": 0.67979540027602592, "depressing": 0.57807892633697611, "safer": 0.40115250549896558, "boring": 0.37744714903658461, "human": 0.0020430246988931999, "vehicle": 0.029702440897623701, "construction": 0.15847196578979489, "nature": 0.1799278259277344, "sky": 0.36797186533610021, "object": 0.0059432983398436997, "PI": 0.35337204283693091, "NI": 0.36080088467214938, "length": 531.3574984000001, "source": 87, "target": 76, "direction": "bi-directional", "flow": 540.0, "flow_pct": 0.3989626969878316, "flow_rank": 60 }, "geometry": { "type": "LineString", "coordinates": [ [ 113.920672158199793, 22.512375556529083 ], [ 113.91972285156244, 22.510065224847544 ], [ 113.918848298169024, 22.507886424693407 ] ] } },
{ "type": "Feature", "properties": { "arc": 123, "wealthier": 0.1243792071271461, "beautiful": 0.20649591628144859, "livelier": 0.14783871180147479, "depressing": 0.81992795610395941, "safer": 0.12889963658662071, "boring": 0.83806411405986891, "human": 0.00048483742607959999, "vehicle": 0.015797456105550101, "construction": 0.076200803120930902, "nature": 0.0351550314161512, "sky": 0.59465784496731233, "object": 0.0049004024929469999, "PI": 0.067198402327605267, "NI": 0.50501201402283147, "length": 457.2955329, "source": 11, "target": 7, "direction": "bi-directional", "flow": 8.0, "flow_pct": 0.0059105584738938016, "flow_rank": 731 }, "geometry": { "type": "LineString", "coordinates": [ [ 113.882780557820027, 22.511646801957344 ], [ 113.879258660042268, 22.509127789198065 ] ] } },
{ "type": "Feature", "properties": { "arc": 124, "wealthier": 0.21268957674343861, "beautiful": 0.22961273167983279, "livelier": 0.26694606966813378, "depressing": 0.78011780869546488, "safer": 0.20163231681167429, "boring": 0.77904116399172429, "human": 0.00025586972291439999, "vehicle": 0.029209641204483199, "construction": 0.10304549644733289, "nature": 0.0654308713715651, "sky": 0.54703151220562807, "object": 0.0047705858603291004, "PI": 0.12731039568558006, "NI": 0.492011696483106, "length": 967.0680572, "source": 11, "target": 18, "direction": "bi-directional", "flow": 0.0, "flow_pct": 0.0, "flow_rank": 766 }, "geometry": { "type": "LineString", "coordinates": [ [ 113.882780557820027, 22.511646801957344 ], [ 113.885026809927183, 22.509538141504915 ], [ 113.886193262200791, 22.508463273898478 ], [ 113.889506647949787, 22.505548232475387 ] ] } },
{ "type": "Feature", "properties": { "arc": 125, "wealthier": 0.58436332564148985, "beautiful": 0.52448109146200417, "livelier": 0.58482173001174331, "depressing": 0.44563366160844908, "safer": 0.522547300177437, "boring": 0.41482347862278202, "human": 0.0012931823730468, "vehicle": 0.012614477248418901, "construction": 0.1184591565813337, "nature": 0.18693951198032921, "sky": 0.44187309628441218, "object": 0.0056362152099609002, "PI": 0.40773080512150245, "NI": 0.33632221404393975, "length": 178.0286227, "source": 343, "target": 342, "direction": "bi-directional", "flow": 0.0, "flow_pct": 0.0, "flow_rank": 766 }, "geometry": { "type": "LineString", "coordinates": [ [ 114.041084583222698, 22.514805483798078 ], [ 114.040515690739525, 22.513287188934374 ] ] } },
{ "type": "Feature", "properties": { "arc": 126, "wealthier": 0.41312193688616472, "beautiful": 0.34710776892121059, "livelier": 0.44703105671334281, "depressing": 0.65560735132039905, "safer": 0.35656601346276101, "boring": 0.62146754770713108, "human": 0.00040205319722490002, "vehicle": 0.0059479872385660004, "construction": 0.10208401679992669, "nature": 0.21436778704325349, "sky": 0.45544010798136397, "object": 0.0080080509185790991, "PI": 0.28502818075118808, "NI": 0.41878565635929538, "length": 1025.17279, "source": 343, "target": 372, "direction": "bi-directional", "flow": 33.0, "flow_pct": 0.024381053704811934, "flow_rank": 598 }, "geometry": { "type": "LineString", "coordinates": [ [ 114.041084583222698, 22.514805483798078 ], [ 114.042321761053017, 22.514502612275592 ], [ 114.04405251911848, 22.514219556555105 ], [ 114.044427962879993, 22.514180857037928 ], [ 114.046263844865507, 22.514069751466895 ], [ 114.0468337225916, 22.514069099695991 ], [ 114.048443532309534, 22.514144067121705 ], [ 114.048848687003215, 22.514187677074869 ], [ 114.050419845601866, 22.51441528397492 ], [ 114.050949030046894, 22.514445539272423 ] ] } },
{ "type": "Feature", "properties": { "arc": 127, "wealthier": 0.36995547662489409, "beautiful": 0.36085925454677248, "livelier": 0.41554933575422098, "depressing": 0.62743041298967817, "safer": 0.33959701252393981, "boring": 0.60283323736804439, "human": 0.00034598698691710002, "vehicle": 0.0085196419367713997, "construction": 0.038032592289031497, "nature": 0.2242474631657676, "sky": 0.47843954298231339, "object": 0.0050769079299199998, "PI": 0.27277588256379909, "NI": 0.3800415793713583, "length": 560.5914305, "source": 130, "target": 132, "direction": "bi-directional", "flow": 29.0, "flow_pct": 0.021425774467865033, "flow_rank": 616 }, "geometry": { "type": "LineString", "coordinates": [ [ 113.932832329776772, 22.513054912542493 ], [ 113.932817656685515, 22.511690203946213 ], [ 113.932884745185902, 22.507993148516846 ] ] } },
{ "type": "Feature", "properties": { "arc": 128, "wealthier": 0.4613091491677217, "beautiful": 0.42225300394677839, "livelier": 0.48462853917812382, "depressing": 0.56312868525683613, "safer": 0.3832626526230819, "boring": 0.50610141614717408, "human": 0.0019186973571777, "vehicle": 0.027403513590494699, "construction": 0.080468813578287696, "nature": 0.2138033548990885, "sky": 0.43088849385579431, "object": 0.0053201039632161003, "PI": 0.3383622715371612, "NI": 0.36731369589293034, "length": 561.6409231, "source": 108, "target": 106, "direction": "bi-directional", "flow": 103.0, "flow_pct": 0.076098440351382704, "flow_rank": 378 }, "geometry": { "type": "LineString", "coordinates": [ [ 113.927602665072541, 22.512956728877601 ], [ 113.927242679087897, 22.507895934604573 ] ] } },
{ "type": "Feature", "properties": { "arc": 129, "wealthier": 0.37714993178445638, "beautiful": 0.42398797664347471, "livelier": 0.51461277024421792, "depressing": 0.53702846887858147, "safer": 0.36461501308973487, "boring": 0.44614188137695199, "human": 0.0028877258300780998, "vehicle": 0.0359125591459728, "construction": 0.14783538333953369, "nature": 0.229345473032149, "sky": 0.31867081778390061, "object": 0.0076267908489893003, "PI": 0.34277776610506899, "NI": 0.36318907237003789, "length": 538.2130644, "source": 108, "target": 130, "direction": "bi-directional", "flow": 27.0, "flow_pct": 0.019948134849391581, "flow_rank": 624 }, "geometry": { "type": "LineString", "coordinates": [ [ 113.927602665072541, 22.512956728877601 ], [ 113.9289000505525, 22.512959477854228 ], [ 113.931789167763895, 22.513017119022276 ], [ 113.932832329776772, 22.513054912542493 ] ] } },
{ "type": "Feature", "properties": { "arc": 130, "wealthier": 0.77812074091239358, "beautiful": 0.58816048524673403, "livelier": 0.70780679107892464, "depressing": 0.3818243154215315, "safer": 0.67854086410166314, "boring": 0.35295975377699601, "human": 0.0014822988799124001, "vehicle": 0.026090130661473102, "construction": 0.1073148900812322, "nature": 0.3201837539672851, "sky": 0.30591057286118017, "object": 0.0064838871811374998, "PI": 0.53994163452563348, "NI": 0.28781748737742602, "length": 474.3067598, "source": 372, "target": 390, "direction": "bi-directional", "flow": 0.0, "flow_pct": 0.0, "flow_rank": 766 }, "geometry": { "type": "LineString", "coordinates": [ [ 114.050949030046894, 22.514445539272423 ], [ 114.051207982760303, 22.514410145624392 ], [ 114.051539382745347, 22.514341302865819 ], [ 114.051792299116627, 22.514338692691091 ], [ 114.052363540094078, 22.514444980627999 ], [ 114.053172904254183, 22.514644605175338 ], [ 114.053779440804163, 22.514835094015723 ], [ 114.054351431830611, 22.515071885136766 ], [ 114.054684438310787, 22.515227930242052 ], [ 114.055289208503964, 22.515548735483154 ] ] } },
{ "type": "Feature", "properties": { "arc": 131, "wealthier": 0.48265279247115478, "beautiful": 0.43218370026524378, "livelier": 0.51178056256552695, "depressing": 0.50441346540172105, "safer": 0.45285851409252642, "boring": 0.55583543448618566, "human": 0.00047376420762800002, "vehicle": 0.0098525153266058995, "construction": 0.13829284244113491, "nature": 0.1726993984646267, "sky": 0.40402094523111981, "object": 0.0066297319200303, "PI": 0.33266570216189562, "NI": 0.37179701402759679, "length": 178.9352212, "source": 390, "target": 391, "direction": "bi-directional", "flow": 399.0, "flow_pct": 0.29478910388545337, "flow_rank": 99 }, "geometry": { "type": "LineString", "coordinates": [ [ 114.055289208503964, 22.515548735483154 ], [ 114.05544458128071, 22.514484973699425 ], [ 114.055483224853148, 22.513943821831127 ] ] } },
{ "type": "Feature", "properties": { "arc": 132, "wealthier": 0.42500696594194998, "beautiful": 0.41525439890458982, "livelier": 0.48144963369083321, "depressing": 0.6183571227215765, "safer": 0.35846727236171011, "boring": 0.5645623681005687, "human": 0.00038173463609479999, "vehicle": 0.013217290242513001, "construction": 0.043233235677083301, "nature": 0.26207531823052299, "sky": 0.45090007781982422, "object": 0.0074886745876735997, "PI": 0.3185067491153048, "NI": 0.3838866544968344, "length": 288.1598519, "source": 336, "target": 343, "direction": "bi-directional", "flow": 39.0, "flow_pct": 0.028813972560232284, "flow_rank": 573 }, "geometry": { "type": "LineString", "coordinates": [ [ 114.038457337791797, 22.515701891407897 ], [ 114.040283210414898, 22.515031054449505 ], [ 114.041084583222698, 22.514805483798078 ] ] } },
{ "type": "Feature", "properties": { "arc": 136, "wealthier": 0.34809128959486718, "beautiful": 0.3316440875119917, "livelier": 0.31366053298315549, "depressing": 0.67806616260173702, "safer": 0.30697208445730401, "boring": 0.72039988037089164, "human": 0.00013698231090189999, "vehicle": 0.015148105043353399, "construction": 0.096932324496182498, "nature": 0.052955916433623303, "sky": 0.575226234667229, "object": 0.0048274415912049999, "PI": 0.19253356649488648, "NI": 0.4589876548836242, "length": 404.0165593, "source": 14, "target": 11, "direction": "bi-directional", "flow": 0.0, "flow_pct": 0.0, "flow_rank": 766 }, "geometry": { "type": "LineString", "coordinates": [ [ 113.885900708308981, 22.513861905281477 ], [ 113.883844702904696, 22.512413939342618 ], [ 113.882780557820027, 22.511646801957344 ] ] } },
{ "type": "Feature", "properties": { "arc": 138, "wealthier": 0.093534641110066402, "beautiful": 0.1430720653378775, "livelier": 0.1545301220532817, "depressing": 0.8774340687287292, "safer": 0.086512138164297106, "boring": 0.89083398921679091, "human": 0.0001442557887027, "vehicle": 0.019834351121333599, "construction": 0.050489559508206501, "nature": 0.097208106726930796, "sky": 0.59036945878413694, "object": 0.0045117997286612003, "PI": 0.055243911680646331, "NI": 0.51582780242677839, "length": 1095.456087, "source": 6, "target": 0, "direction": "bi-directional", "flow": 0.0, "flow_pct": 0.0, "flow_rank": 766 }, "geometry": { "type": "LineString", "coordinates": [ [ 113.876130351500066, 22.514269547209604 ], [ 113.871344477731412, 22.512825380145173 ], [ 113.867945106370598, 22.511821789147167 ], [ 113.866000563288026, 22.511223543494829 ] ] } },
{ "type": "Feature", "properties": { "arc": 139, "wealthier": 0.36359099182984778, "beautiful": 0.20317274551307299, "livelier": 0.47471861582313041, "depressing": 0.80391934250108776, "safer": 0.2474189810162282, "boring": 0.62594605241529833, "human": 0.00017061420515470001, "vehicle": 0.0072364433138977996, "construction": 0.061670752132640103, "nature": 0.0273394865148207, "sky": 0.62944408491546044, "object": 0.0066630793552771997, "PI": 0.1864228059466321, "NI": 0.47415705293224336, "length": 654.0602247, "source": 6, "target": 7, "direction": "bi-directional", "flow": 0.0, "flow_pct": 0.0, "flow_rank": 766 }, "geometry": { "type": "LineString", "coordinates": [ [ 113.876130351500066, 22.514269547209604 ], [ 113.879258660042268, 22.509127789198065 ] ] } },
{ "type": "Feature", "properties": { "arc": 142, "wealthier": 0.30134361828040579, "beautiful": 0.27803071225895798, "livelier": 0.39822334127388059, "depressing": 0.69831473814631173, "safer": 0.2755435629498913, "boring": 0.65743240764315525, "human": 0.0020770048483823998, "vehicle": 0.0124315115121694, "construction": 0.16529122377053279, "nature": 0.082205699040339503, "sky": 0.4517142467009716, "object": 0.0046195983886718004, "PI": 0.21728868089362374, "NI": 0.43642321722749616, "length": 274.2125831, "source": 43, "target": 54, "direction": "bi-directional", "flow": 263.0, "flow_pct": 0.19430960982925874, "flow_rank": 143 }, "geometry": { "type": "LineString", "coordinates": [ [ 113.908422696952712, 22.514861064140664 ], [ 113.910104362603093, 22.515078781102918 ], [ 113.910764032818022, 22.515119788362917 ], [ 113.911067419202126, 22.515158069007278 ] ] } },
{ "type": "Feature", "properties": { "arc": 143, "wealthier": 0.40867995715767819, "beautiful": 0.31304332395673962, "livelier": 0.50800193339813005, "depressing": 0.6382915379396793, "safer": 0.3503126492471082, "boring": 0.55211798403320989, "human": 0.0011083939496208, "vehicle": 0.0151136061724494, "construction": 0.1386740441415823, "nature": 0.12983344582950371, "sky": 0.4534306619681564, "object": 0.0051000632491765997, "PI": 0.27646522230220794, "NI": 0.40375674854592675, "length": 421.9069421, "source": 54, "target": 60, "direction": "bi-directional", "flow": 239.0, "flow_pct": 0.17657793440757735, "flow_rank": 166 }, "geometry": { "type": "LineString", "coordinates": [ [ 113.911067419202126, 22.515158069007278 ], [ 113.911268146362573, 22.514913698826209 ], [ 113.911627092437826, 22.514528586664152 ], [ 113.913524215381543, 22.512109490216584 ] ] } },
{ "type": "Feature", "properties": { "arc": 144, "wealthier": 0.30321680810995549, "beautiful": 0.36479901055191399, "livelier": 0.36262143839205557, "depressing": 0.64769087522932434, "safer": 0.30207972181928261, "boring": 0.66025822954015378, "human": 0.00059770282946129997, "vehicle": 0.014474166067023, "construction": 0.056963234616999002, "nature": 0.2682878594649466, "sky": 0.41703716077302622, "object": 0.0037733713785807, "PI": 0.25931246899847621, "NI": 0.37945086048504256, "length": 425.1022164, "source": 373, "target": 372, "direction": "bi-directional", "flow": 572.0, "flow_pct": 0.42260493088340684, "flow_rank": 49 }, "geometry": { "type": "LineString", "coordinates": [ [ 114.050994408951482, 22.518188531948123 ], [ 114.050841117302795, 22.517720979240593 ], [ 114.050618530885671, 22.516862380110556 ], [ 114.050545456165977, 22.516536013796102 ], [ 114.050526079136603, 22.5163441267477 ], [ 114.050559872652556, 22.516052464110786 ], [ 114.0507221971517, 22.515300721847797 ], [ 114.050949030046894, 22.514445539272423 ] ] } },
{ "type": "Feature", "properties": { "arc": 145, "wealthier": 0.39503683880608481, "beautiful": 0.34572663656757091, "livelier": 0.45725149602988741, "depressing": 0.6237244264302525, "safer": 0.33866881663867909, "boring": 0.528091459045263, "human": 0.00028088887532549999, "vehicle": 0.0254064348008897, "construction": 0.094493654039170996, "nature": 0.20590650770399299, "sky": 0.43198979695638018, "object": 0.0055092281765407002, "PI": 0.27687533025487593, "NI": 0.38671833620981638, "length": 390.7650961, "source": 137, "target": 130, "direction": "bi-directional", "flow": 12.0, "flow_pct": 0.0088658377108407037, "flow_rank": 701 }, "geometry": { "type": "LineString", "coordinates": [ [ 113.933983762980802, 22.516417363105852 ], [ 113.933146568087508, 22.514032590343369 ], [ 113.932832329776772, 22.513054912542493 ] ] } },
{ "type": "Feature", "properties": { "arc": 147, "wealthier": 0.1102068985023823, "beautiful": 0.1222519638817664, "livelier": 0.20727506134227011, "depressing": 0.88018192934547035, "safer": 0.096995616199122295, "boring": 0.86660292516915738, "human": 0.00027692317962640001, "vehicle": 0.0101467768351236, "construction": 0.067181269327799401, "nature": 0.054288029670715297, "sky": 0.58504982789357507, "object": 0.0047042369842529002, "PI": 0.057280689716844607, "NI": 0.51007070587144254, "length": 389.2641708, "source": 8, "target": 6, "direction": "bi-directional", "flow": 0.0, "flow_pct": 0.0, "flow_rank": 766 }, "geometry": { "type": "LineString", "coordinates": [ [ 113.879615443312574, 22.515637614345998 ], [ 113.877078610362389, 22.514630127869733 ], [ 113.876130351500066, 22.514269547209604 ] ] } },
{ "type": "Feature", "properties": { "arc": 150, "wealthier": 0.42274387267400121, "beautiful": 0.40791222568981889, "livelier": 0.48996490689332051, "depressing": 0.56037265446312023, "safer": 0.38129846989390848, "boring": 0.51872492173051477, "human": 0.0024641036987304, "vehicle": 0.020046763949923999, "construction": 0.1218031565348307, "nature": 0.21640461815728079, "sky": 0.39106411404079849, "object": 0.0085814581976995999, "PI": 0.33721383074120764, "NI": 0.38589223546092849, "length": 880.4837021, "source": 36, "target": 29, "direction": "bi-directional", "flow": 360.0, "flow_pct": 0.2659751313252211, "flow_rank": 107 }, "geometry": { "type": "LineString", "coordinates": [ [ 113.90359366790544, 22.516618746016633 ], [ 113.898676205713699, 22.511610245784826 ], [ 113.898304632920812, 22.511241563766806 ], [ 113.897810543605274, 22.510758081685431 ] ] } },
{ "type": "Feature", "properties": { "arc": 151, "wealthier": 0.34997754077314402, "beautiful": 0.34820445774219111, "livelier": 0.4127022120843174, "depressing": 0.64971636677685807, "safer": 0.32685473364683398, "boring": 0.62740565017352767, "human": 0.0027086009149966, "vehicle": 0.026502415753793002, "construction": 0.1568256599315698, "nature": 0.088272619938504798, "sky": 0.46457307235054351, "object": 0.0059718809266021003, "PI": 0.25999339313972286, "NI": 0.44167148462227418, "length": 547.8094588, "source": 36, "target": 43, "direction": "bi-directional", "flow": 188.0, "flow_pct": 0.13889812413650435, "flow_rank": 228 }, "geometry": { "type": "LineString", "coordinates": [ [ 113.90359366790544, 22.516618746016633 ], [ 113.904103717540224, 22.516259848845465 ], [ 113.904562779516397, 22.515989680253494 ], [ 113.904973467524002, 22.515784656848552 ], [ 113.905656772492435, 22.515470726014172 ], [ 113.906249934497623, 22.515172713360808 ], [ 113.906663072470451, 22.514994851589101 ], [ 113.907060022521023, 22.514884127143343 ], [ 113.9074274653765, 22.514830712780647 ], [ 113.907788566596338, 22.514822278144305 ], [ 113.908422696952712, 22.514861064140664 ] ] } },
{ "type": "Feature", "properties": { "arc": 152, "wealthier": 0.42941931638458469, "beautiful": 0.3864318601409007, "livelier": 0.47688319921965372, "depressing": 0.60647425364257712, "safer": 0.37185656895888158, "boring": 0.54839702985429617, "human": 0.00059258817422260001, "vehicle": 0.019352286753028299, "construction": 0.0613165961371527, "nature": 0.24274097789417609, "sky": 0.4294394868792909, "object": 0.0052476170087100999, "PI": 0.31315058104019494, "NI": 0.36967994960073675, "length": 773.4013623, "source": 409, "target": 373, "direction": "bi-directional", "flow": 196.0, "flow_pct": 0.14480868261039814, "flow_rank": 218 }, "geometry": { "type": "LineString", "coordinates": [ [ 114.058288921182069, 22.519595614409848 ], [ 114.057456317937294, 22.51926753223378 ], [ 114.056419988070047, 22.518907622831946 ], [ 114.055414220444646, 22.518635356692553 ], [ 114.054384163711902, 22.518423637806446 ], [ 114.05349252585475, 22.518299246552147 ], [ 114.052815623928367, 22.518239511982767 ], [ 114.052149162043108, 22.518204041822376 ], [ 114.050994408951482, 22.518188531948123 ] ] } },
{ "type": "Feature", "properties": { "arc": 153, "wealthier": 0.6571876219192917, "beautiful": 0.64745706008333836, "livelier": 0.77295657907510507, "depressing": 0.31943997367398891, "safer": 0.67370013229952719, "boring": 0.1671426111940004, "human": 0.0020812988281250001, "vehicle": 0.015921878814697199, "construction": 0.1108278274536133, "nature": 0.43288580576578772, "sky": 0.1459867477416992, "object": 0.0068091710408527996, "PI": 0.57754512157520532, "NI": 0.19540358825152168, "length": 708.0765912000001, "source": 409, "target": 390, "direction": "bi-directional", "flow": 399.0, "flow_pct": 0.29478910388545337, "flow_rank": 99 }, "geometry": { "type": "LineString", "coordinates": [ [ 114.058288921182069, 22.519595614409848 ], [ 114.058612727442735, 22.519188760180292 ], [ 114.05922531256823, 22.518175941294803 ], [ 114.059280691139278, 22.518048927382747 ], [ 114.059299675733513, 22.517945760887216 ], [ 114.059280859905712, 22.517840920835422 ], [ 114.059243484917886, 22.517774640330135 ], [ 114.059135308739499, 22.517668168465676 ], [ 114.058938790352911, 22.517532077485402 ], [ 114.057959586689719, 22.516950392842592 ], [ 114.056110121986336, 22.515967348489216 ], [ 114.055289208503964, 22.515548735483154 ] ] } },
{ "type": "Feature", "properties": { "arc": 154, "wealthier": 0.18394672589076541, "beautiful": 0.23413904534665531, "livelier": 0.17449754300077, "depressing": 0.78726501512266422, "safer": 0.14646514627478049, "boring": 0.89844156978457601, "human": 0.00020384019420990001, "vehicle": 0.0061012391121156003, "construction": 0.045211156209309801, "nature": 0.078382143410303196, "sky": 0.60820839994697151, "object": 0.0052995579217068999, "PI": 0.09821849769252243, "NI": 0.49871371211853305, "length": 811.7213797000001, "source": 8, "target": 14, "direction": "bi-directional", "flow": 0.0, "flow_pct": 0.0, "flow_rank": 766 }, "geometry": { "type": "LineString", "coordinates": [ [ 113.879615443312574, 22.515637614345998 ], [ 113.881417958266056, 22.516343182109477 ], [ 113.881851264116392, 22.516530493497402 ], [ 113.882402692761147, 22.516801487125115 ], [ 113.882546134858373, 22.516842878648916 ], [ 113.882670712937667, 22.516837108785339 ], [ 113.882800169035704, 22.516778524180932 ], [ 113.882963032718436, 22.516648379993253 ], [ 113.885900708308981, 22.513861905281477 ] ] } },
{ "type": "Feature", "properties": { "arc": 155, "wealthier": 0.42087858852575621, "beautiful": 0.36222103284827628, "livelier": 0.42855488363086242, "depressing": 0.60776680986844744, "safer": 0.38438010847652948, "boring": 0.64746463627068063, "human": 0.0001072038150002, "vehicle": 0.0212616210288189, "construction": 0.029602781255194398, "nature": 0.17436806699062909, "sky": 0.53902999390947059, "object": 0.0029366811116536, "PI": 0.27664981285747381, "NI": 0.39460055329943594, "length": 1257.380587, "source": 5, "target": 0, "direction": "bi-directional", "flow": 0.0, "flow_pct": 0.0, "flow_rank": 766 }, "geometry": { "type": "LineString", "coordinates": [ [ 113.874627598313523, 22.516738713254142 ], [ 113.873708348464831, 22.516433903342985 ], [ 113.866825651253748, 22.514381541317917 ], [ 113.866482315057226, 22.51425730283502 ], [ 113.866241474124152, 22.514129514848698 ], [ 113.866010671873326, 22.513942017431752 ], [ 113.865893475890118, 22.513811611124986 ], [ 113.865808072501622, 22.513689166457876 ], [ 113.865681039431038, 22.513413626775847 ], [ 113.865624948665314, 22.513135385603228 ], [ 113.865626900671785, 22.512908426458754 ], [ 113.86567219829459, 22.512605799891563 ], [ 113.865876331452242, 22.511676914994055 ], [ 113.866000563288026, 22.511223543494829 ] ] } },
{ "type": "Feature", "properties": { "arc": 156, "wealthier": 0.28424746681862012, "beautiful": 0.21701194493111459, "livelier": 0.29186746208243147, "depressing": 0.78021371082017144, "safer": 0.21862693841520919, "boring": 0.78737982093194703, "human": 0.00023163689507369999, "vehicle": 0.014021290673149899, "construction": 0.049772845374213302, "nature": 0.071349620819091797, "sky": 0.60263808568318689, "object": 0.0052325460645887001, "PI": 0.14639292013391944, "NI": 0.48325296772626025, "length": 314.1141109, "source": 5, "target": 6, "direction": "bi-directional", "flow": 0.0, "flow_pct": 0.0, "flow_rank": 766 }, "geometry": { "type": "LineString", "coordinates": [ [ 113.874627598313523, 22.516738713254142 ], [ 113.876130351500066, 22.514269547209604 ] ] } },
{ "type": "Feature", "properties": { "arc": 157, "wealthier": 0.4829711507807013, "beautiful": 0.41832466525434092, "livelier": 0.57701447493065949, "depressing": 0.57342858923659956, "safer": 0.40004984306657859, "boring": 0.43797899117245631, "human": 0.0012178922954358001, "vehicle": 0.0282829351592482, "construction": 0.1051733117354543, "nature": 0.21654657731976429, "sky": 0.40990812736645088, "object": 0.0052858653821443004, "PI": 0.35412197524294481, "NI": 0.3598607827303742, "length": 551.3598054, "source": 109, "target": 108, "direction": "bi-directional", "flow": 145.0, "flow_pct": 0.10712887233932517, "flow_rank": 306 }, "geometry": { "type": "LineString", "coordinates": [ [ 113.927667590913572, 22.517935130108228 ], [ 113.927632609842036, 22.516607301177896 ], [ 113.92763052913611, 22.514725247749254 ], [ 113.927602665072541, 22.512956728877601 ] ] } },
{ "type": "Feature", "properties": { "arc": 158, "wealthier": 0.50842343684285152, "beautiful": 0.42887524592244242, "livelier": 0.60742510083809742, "depressing": 0.51953362440027995, "safer": 0.4114644760077118, "boring": 0.38814456443966988, "human": 0.0010377248128254999, "vehicle": 0.032737647162543397, "construction": 0.083628802829318505, "nature": 0.2742942386203342, "sky": 0.37434505886501729, "object": 0.0055419498019747999, "PI": 0.38059381688886568, "NI": 0.32936033831430145, "length": 377.2348918, "source": 109, "target": 122, "direction": "bi-directional", "flow": 150.0, "flow_pct": 0.1108229713855088, "flow_rank": 296 }, "geometry": { "type": "LineString", "coordinates": [ [ 113.927667590913572, 22.517935130108228 ], [ 113.930062296402028, 22.517360190217389 ], [ 113.931213666840918, 22.517069031462057 ] ] } },
{ "type": "Feature", "properties": { "arc": 159, "wealthier": 0.31184289782344599, "beautiful": 0.27471575380511459, "livelier": 0.58620099228453326, "depressing": 0.80588847380796846, "safer": 0.25292869733061552, "boring": 0.3732180551056184, "human": 0.00096781412760410003, "vehicle": 0.029701309204101502, "construction": 0.24799296061197909, "nature": 0.043105773925781202, "sky": 0.41918540954589828, "object": 0.0046424102783203004, "PI": 0.22740420650671081, "NI": 0.4366180158402182, "length": 633.0378644, "source": 89, "target": 87, "direction": "bi-directional", "flow": 705.0, "flow_pct": 0.5208679655118913, "flow_rank": 21 }, "geometry": { "type": "LineString", "coordinates": [ [ 113.922101089762265, 22.517890943355216 ], [ 113.922089232622142, 22.517390228522679 ], [ 113.921993421185491, 22.516466999779588 ], [ 113.921914615050085, 22.515906487000667 ], [ 113.921795816946485, 22.515332925799129 ], [ 113.921655800109761, 22.514842971464372 ], [ 113.921492635137994, 22.514364513447468 ], [ 113.920672158199793, 22.512375556529083 ] ] } },
{ "type": "Feature", "properties": { "arc": 160, "wealthier": 0.31391439450280662, "beautiful": 0.32853742841642247, "livelier": 0.60072575931952155, "depressing": 0.66883835520302093, "safer": 0.31693528554850581, "boring": 0.42181012974944249, "human": 0.0014920234680175001, "vehicle": 0.0416208638085259, "construction": 0.1707108285692002, "nature": 0.1184513039059109, "sky": 0.40826265017191571, "object": 0.0075623989105224002, "PI": 0.27713519003520187, "NI": 0.41875301654231722, "length": 572.7847811, "source": 89, "target": 109, "direction": "bi-directional", "flow": 405.0, "flow_pct": 0.29922202274087373, "flow_rank": 96 }, "geometry": { "type": "LineString", "coordinates": [ [ 113.922101089762265, 22.517890943355216 ], [ 113.923727231864504, 22.517880344880975 ], [ 113.924460376906424, 22.517901739513583 ], [ 113.925810031876026, 22.517904153367283 ], [ 113.926397965110894, 22.517923702320196 ], [ 113.927667590913572, 22.517935130108228 ] ] } },
{ "type": "Feature", "properties": { "arc": 161, "wealthier": 0.4160498270258462, "beautiful": 0.34604104830224591, "livelier": 0.46737149653413251, "depressing": 0.60157638619034282, "safer": 0.37154264669108678, "boring": 0.59981615181768966, "human": 0.00033156077067050002, "vehicle": 0.034454345703125, "construction": 0.077284892400105804, "nature": 0.1698368390401204, "sky": 0.46782120068867999, "object": 0.0058897336324054998, "PI": 0.27984183698841569, "NI": 0.40855942204498713, "length": 200.6671385, "source": 144, "target": 137, "direction": "bi-directional", "flow": 12.0, "flow_pct": 0.0088658377108407037, "flow_rank": 701 }, "geometry": { "type": "LineString", "coordinates": [ [ 113.934602359429917, 22.518135909198655 ], [ 113.933983762980802, 22.516417363105852 ] ] } },
{ "type": "Feature", "properties": { "arc": 162, "wealthier": 0.25831238179035387, "beautiful": 0.28197434515163289, "livelier": 0.137621950146917, "depressing": 0.70217174431973151, "safer": 0.20385408181349091, "boring": 0.92052648934000803, "human": 0.00012503213029560001, "vehicle": 0.0073289173405344001, "construction": 0.028683406550709702, "nature": 0.1198548107612423, "sky": 0.58626909953791939, "object": 0.0058124511222529002, "PI": 0.13218448634634297, "NI": 0.47976102805941734, "length": 1177.063558, "source": 196, "target": 191, "direction": "bi-directional", "flow": 82.0, "flow_pct": 0.060583224357411473, "flow_rank": 425 }, "geometry": { "type": "LineString", "coordinates": [ [ 113.948152678869008, 22.518614910148205 ], [ 113.946514654398769, 22.508095089997525 ] ] } },
{ "type": "Feature", "properties": { "arc": 163, "wealthier": 0.29500423575138429, "beautiful": 0.29529803688538159, "livelier": 0.42973228129336538, "depressing": 0.67815548803622128, "safer": 0.26926306461140409, "boring": 0.61516755442496518, "human": 0.0007582271800321, "vehicle": 0.012039633358226101, "construction": 0.1064618802538105, "nature": 0.1420967251646752, "sky": 0.46483627020144008, "object": 0.0044493207744522997, "PI": 0.22278517624624736, "NI": 0.40858444802629096, "length": 465.9037133, "source": 62, "target": 54, "direction": "bi-directional", "flow": 128.0, "flow_pct": 0.094568935582300825, "flow_rank": 334 }, "geometry": { "type": "LineString", "coordinates": [ [ 113.914214839133336, 22.518182944276891 ], [ 113.912985441551868, 22.517015608190771 ], [ 113.911067419202126, 22.515158069007278 ] ] } },
{ "type": "Feature", "properties": { "arc": 165, "wealthier": 0.2415380300848432, "beautiful": 0.3055226080477057, "livelier": 0.37646882017526712, "depressing": 0.67448354133816213, "safer": 0.2560370452733175, "boring": 0.62640598823804594, "human": 0.00074089898003470002, "vehicle": 0.038349999321831502, "construction": 0.094617843627929604, "nature": 0.17573199801974829, "sky": 0.44710163540310333, "object": 0.0071525997585720003, "PI": 0.21092197422342843, "NI": 0.43692444727948621, "length": 325.8341711, "source": 415, "target": 409, "direction": "bi-directional", "flow": 594.0, "flow_pct": 0.43885896668661484, "flow_rank": 43 }, "geometry": { "type": "LineString", "coordinates": [ [ 114.060990837354581, 22.521123922915677 ], [ 114.060129016275454, 22.520570661320502 ], [ 114.059626841828091, 22.520273308186884 ], [ 114.058907483625163, 22.519896237842637 ], [ 114.058288921182069, 22.519595614409848 ] ] } },
{ "type": "Feature", "properties": { "arc": 166, "wealthier": 0.50271808229408121, "beautiful": 0.45608833728623938, "livelier": 0.53497800329894518, "depressing": 0.51403509558959004, "safer": 0.4759412158438287, "boring": 0.50485210953048132, "human": 0.0031082280476888002, "vehicle": 0.022341054280598901, "construction": 0.087092399597167997, "nature": 0.2349483744303385, "sky": 0.41860682169596358, "object": 0.0068162790934243999, "PI": 0.39798095510010306, "NI": 0.36232818633437586, "length": 1290.780169, "source": 415, "target": 391, "direction": "bi-directional", "flow": 0.0, "flow_pct": 0.0, "flow_rank": 766 }, "geometry": { "type": "LineString", "coordinates": [ [ 114.060990837354581, 22.521123922915677 ], [ 114.062999294638701, 22.519381611912678 ], [ 114.06308046684407, 22.51927602164481 ], [ 114.063114213847214, 22.519178746277454 ], [ 114.063105614888613, 22.519088100881888 ], [ 114.063054936589978, 22.518995003171252 ], [ 114.062883206273625, 22.518842243781716 ], [ 114.062098410238818, 22.518285429430122 ], [ 114.059671680896273, 22.516506012029957 ], [ 114.058306830493848, 22.51555379931143 ], [ 114.057577009526199, 22.515119989496057 ], [ 114.057014386600514, 22.514760771296604 ], [ 114.055483224853148, 22.513943821831127 ] ] } },
{ "type": "Feature", "properties": { "arc": 167, "wealthier": 0.22881237548716091, "beautiful": 0.28981627849725899, "livelier": 0.43696855176797339, "depressing": 0.71072060514939406, "safer": 0.22772932994044129, "boring": 0.50525721839123172, "human": 0.0045887629191080003, "vehicle": 0.027328332265218101, "construction": 0.1732321580251058, "nature": 0.17229954401652009, "sky": 0.38831726710001618, "object": 0.0066600640614827003, "PI": 0.26043923431311555, "NI": 0.4203737438726205, "length": 199.1773261, "source": 126, "target": 122, "direction": "bi-directional", "flow": 150.0, "flow_pct": 0.1108229713855088, "flow_rank": 296 }, "geometry": { "type": "LineString", "coordinates": [ [ 113.931680323665262, 22.518814642367598 ], [ 113.931213666840918, 22.517069031462057 ] ] } },
{ "type": "Feature", "properties": { "arc": 168, "wealthier": 0.49378538054267418, "beautiful": 0.40335124904097031, "livelier": 0.58741523682698138, "depressing": 0.51601195494355445, "safer": 0.39467222437427002, "boring": 0.41321951490343029, "human": 0.0011251400678585, "vehicle": 0.028707699897961701, "construction": 0.1078734764685997, "nature": 0.1865367889404296, "sky": 0.4150203313582983, "object": 0.0057341746794871001, "PI": 0.34563141148102267, "NI": 0.3503999453924253, "length": 309.879864, "source": 126, "target": 144, "direction": "bi-directional", "flow": 7.0, "flow_pct": 0.0051717386646570771, "flow_rank": 739 }, "geometry": { "type": "LineString", "coordinates": [ [ 113.931680323665262, 22.518814642367598 ], [ 113.934602359429917, 22.518135909198655 ] ] } },
{ "type": "Feature", "properties": { "arc": 169, "wealthier": 0.90896798855772665, "beautiful": 0.7654200111652919, "livelier": 0.84204203058613836, "depressing": 0.17621305617851921, "safer": 0.82256498269595679, "boring": 0.14953560747275349, "human": 0.0010396321614583, "vehicle": 0.016677316029866499, "construction": 0.0399513721466064, "nature": 0.47780389785766603, "sky": 0.2354799429575602, "object": 0.0053624947865804004, "PI": 0.68058598043623919, "NI": 0.15975876427955274, "length": 1121.681621, "source": 316, "target": 336, "direction": "bi-directional", "flow": 42.0, "flow_pct": 0.031030431987942461, "flow_rank": 559 }, "geometry": { "type": "LineString", "coordinates": [ [ 114.028996892428793, 22.520736471400319 ], [ 114.038457337791797, 22.515701891407897 ] ] } },
{ "type": "Feature", "properties": { "arc": 170, "wealthier": 0.44611392557699031, "beautiful": 0.4178175393102499, "livelier": 0.45396659871207629, "depressing": 0.61438193186945367, "safer": 0.37136230439105439, "boring": 0.57496915831183937, "human": 0.00075014432271320003, "vehicle": 0.0215681923760308, "construction": 0.059686422348022398, "nature": 0.22532341215345589, "sky": 0.44810109668307829, "object": 0.0051953527662488997, "PI": 0.31498624017022253, "NI": 0.38171013878388149, "length": 699.6785458000001, "source": 345, "target": 336, "direction": "bi-directional", "flow": 53.0, "flow_pct": 0.03915744988954644, "flow_rank": 517 }, "geometry": { "type": "LineString", "coordinates": [ [ 114.041883233752444, 22.521159994208954 ], [ 114.038457337791797, 22.515701891407897 ] ] } },
{ "type": "Feature", "properties": { "arc": 171, "wealthier": 0.30993833639903118, "beautiful": 0.33263894684176759, "livelier": 0.30201625597544263, "depressing": 0.65812469986743616, "safer": 0.27838108435047898, "boring": 0.69962464322171602, "human": 0.00057829627695, "vehicle": 0.031140600988107101, "construction": 0.085266157638194895, "nature": 0.1686375196589979, "sky": 0.46781616802363429, "object": 0.0045706726783928996, "PI": 0.21341412477942931, "NI": 0.42849856012515991, "length": 1006.628074, "source": 345, "target": 373, "direction": "bi-directional", "flow": 396.0, "flow_pct": 0.29257264445774323, "flow_rank": 103 }, "geometry": { "type": "LineString", "coordinates": [ [ 114.041883233752444, 22.521159994208954 ], [ 114.043387799919969, 22.520324615329489 ], [ 114.043973797586219, 22.52001223554592 ], [ 114.044463857493056, 22.519770014227323 ], [ 114.045491819998205, 22.519324756752127 ], [ 114.046529842683441, 22.518957558157183 ], [ 114.047651562669145, 22.518642134249877 ], [ 114.048851156477284, 22.518402497065978 ], [ 114.049901248256248, 22.518264739098434 ], [ 114.050449412357949, 22.518217335562642 ], [ 114.050994408951482, 22.518188531948123 ] ] } },
{ "type": "Feature", "properties": { "arc": 173, "wealthier": 0.25958278447784378, "beautiful": 0.31520275437839862, "livelier": 0.31385414757362778, "depressing": 0.69578661773286854, "safer": 0.25807430267360332, "boring": 0.72102928980300884, "human": 0.0015668135422925999, "vehicle": 0.030626296997070299, "construction": 0.073409594022310704, "nature": 0.1168763087346003, "sky": 0.51956210992275131, "object": 0.0067304953550681003, "PI": 0.19972665704427794, "NI": 0.46230026028804777, "length": 359.0553972, "source": 33, "target": 36, "direction": "bi-directional", "flow": 0.0, "flow_pct": 0.0, "flow_rank": 766 }, "geometry": { "type": "LineString", "coordinates": [ [ 113.901052524699594, 22.51883911805934 ], [ 113.901329877753057, 22.518631982947774 ], [ 113.901556490263019, 22.518440394730909 ], [ 113.903142011264734, 22.517042302149356 ], [ 113.90359366790544, 22.516618746016633 ] ] } },
{ "type": "Feature", "properties": { "arc": 174, "wealthier": 0.32956014871515882, "beautiful": 0.32305051118693179, "livelier": 0.65742777619127302, "depressing": 0.67700690132251851, "safer": 0.30759703132578259, "boring": 0.3417187568171825, "human": 0.0020135243733723001, "vehicle": 0.053127606709798103, "construction": 0.1126175721486409, "nature": 0.15248998006184891, "sky": 0.4374903837839762, "object": 0.0102214018503824, "PI": 0.30338384693751191, "NI": 0.4200405359073886, "length": 194.8282347, "source": 110, "target": 109, "direction": "bi-directional", "flow": 463.0, "flow_pct": 0.34207357167660379, "flow_rank": 80 }, "geometry": { "type": "LineString", "coordinates": [ [ 113.927774182664365, 22.519691268573496 ], [ 113.927685800708829, 22.518572625104465 ], [ 113.927667590913572, 22.517935130108228 ] ] } },
{ "type": "Feature", "properties": { "arc": 175, "wealthier": 0.49240333764620547, "beautiful": 0.47394984152733488, "livelier": 0.5171014495201004, "depressing": 0.5292619539011586, "safer": 0.40592842643549071, "boring": 0.42226910194143807, "human": 0.0012324838077319999, "vehicle": 0.024221607283049899, "construction": 0.074595133463541602, "nature": 0.29103047240014168, "sky": 0.3662606407614315, "object": 0.0056718190511067003, "PI": 0.37430313093483175, "NI": 0.32651912322411175, "length": 413.4413047, "source": 110, "target": 126, "direction": "bi-directional", "flow": 5.0, "flow_pct": 0.0036940990461836261, "flow_rank": 750 }, "geometry": { "type": "LineString", "coordinates": [ [ 113.927774182664365, 22.519691268573496 ], [ 113.928507404176841, 22.519537779708386 ], [ 113.931680323665262, 22.518814642367598 ] ] } },
{ "type": "Feature", "properties": { "arc": 176, "wealthier": 0.40098821184667283, "beautiful": 0.38763285212166348, "livelier": 0.58568091507916986, "depressing": 0.53549196692395185, "safer": 0.3877438096306175, "boring": 0.37860843184040649, "human": 0.0028525823834297998, "vehicle": 0.027299004039545102, "construction": 0.1372020546047166, "nature": 0.164084445471051, "sky": 0.39302676847611351, "object": 0.0065711887403466004, "PI": 0.34120440184506418, "NI": 0.35534855117655972, "length": 731.6261001, "source": 59, "target": 43, "direction": "bi-directional", "flow": 164.0, "flow_pct": 0.12116644871482295, "flow_rank": 269 }, "geometry": { "type": "LineString", "coordinates": [ [ 113.912490208152704, 22.519752137126396 ], [ 113.911959472364003, 22.519368537340867 ], [ 113.911523434216775, 22.519099080093273 ], [ 113.911102243338192, 22.51889039077534 ], [ 113.910282405833669, 22.518519440940086 ], [ 113.909984136622782, 22.51836177271997 ], [ 113.909692624202322, 22.518151703070327 ], [ 113.90944221743375, 22.517900832836986 ], [ 113.909329837935104, 22.517752579085176 ], [ 113.9092277939735, 22.51758534095547 ], [ 113.909074191926521, 22.517220782265312 ], [ 113.908422696952712, 22.514861064140664 ] ] } },
{ "type": "Feature", "properties": { "arc": 180, "wealthier": 0.30589396378951511, "beautiful": 0.26951988731418791, "livelier": 0.46704238587545621, "depressing": 0.70194144821868099, "safer": 0.28217240806443727, "boring": 0.64009876874189719, "human": 0.0007444269516888, "vehicle": 0.0067229551427504001, "construction": 0.095673448899213004, "nature": 0.14577515920003251, "sky": 0.51997190363266887, "object": 0.0061917024500229003, "PI": 0.2301200404178583, "NI": 0.43570135580992736, "length": 800.9890463, "source": 168, "target": 196, "direction": "bi-directional", "flow": 15.0, "flow_pct": 0.011082297138550879, "flow_rank": 686 }, "geometry": { "type": "LineString", "coordinates": [ [ 113.940797089412754, 22.520661665576892 ], [ 113.94166635665708, 22.520226622196198 ], [ 113.942250062194333, 22.519911059138931 ], [ 113.942870059889529, 22.519599203015254 ], [ 113.943372182787428, 22.519380903423144 ], [ 113.943772302831505, 22.519246083696181 ], [ 113.94445694133438, 22.519083164206553 ], [ 113.945840071290291, 22.518869240506778 ], [ 113.946614955151702, 22.518773670777673 ], [ 113.948152678869008, 22.518614910148205 ] ] } },
{ "type": "Feature", "properties": { "arc": 182, "wealthier": 0.34233691338087829, "beautiful": 0.23740656726330031, "livelier": 0.49404788844396091, "depressing": 0.76045287875251899, "safer": 0.26455896805056289, "boring": 0.65324749263967485, "human": 0.00075721740722650005, "vehicle": 0.0156423395330255, "construction": 0.14700999404444839, "nature": 0.12467523054643111, "sky": 0.47225530219800549, "object": 0.0092145168420040002, "PI": 0.22759340100626094, "NI": 0.47705098404801682, "length": 243.2826756, "source": 156, "target": 168, "direction": "bi-directional", "flow": 20.0, "flow_pct": 0.014776396184734504, "flow_rank": 663 }, "geometry": { "type": "LineString", "coordinates": [ [ 113.938513272396918, 22.521230673207931 ], [ 113.939930116596116, 22.520891720009889 ], [ 113.940797089412754, 22.520661665576892 ] ] } },
{ "type": "Feature", "properties": { "arc": 183, "wealthier": 0.36129858868109488, "beautiful": 0.37660690217393189, "livelier": 0.47091333895396709, "depressing": 0.59290688060184971, "safer": 0.33816139401772688, "boring": 0.50697828735450534, "human": 0.0017665227254231, "vehicle": 0.025989779719599902, "construction": 0.12697025581642429, "nature": 0.15632456320303459, "sky": 0.41701164952030878, "object": 0.0046688715616861002, "PI": 0.28567487084451088, "NI": 0.37910218792762401, "length": 457.5246992, "source": 71, "target": 62, "direction": "bi-directional", "flow": 177.0, "flow_pct": 0.13077110623490035, "flow_rank": 249 }, "geometry": { "type": "LineString", "coordinates": [ [ 113.917312674661105, 22.521147066095672 ], [ 113.916452284046343, 22.520343509781121 ], [ 113.914214839133336, 22.518182944276891 ] ] } },
{ "type": "Feature", "properties": { "arc": 184, "wealthier": 0.33981109891281841, "beautiful": 0.3030429514857052, "livelier": 0.62935127851716044, "depressing": 0.63906277325260619, "safer": 0.31302486711577071, "boring": 0.46309142431524131, "human": 0.0028082832457526998, "vehicle": 0.043225787934802799, "construction": 0.2047844841366723, "nature": 0.1036231328570653, "sky": 0.38641424027700272, "object": 0.0082861279684399002, "PI": 0.29471958699099216, "NI": 0.43118763339848004, "length": 610.4988567, "source": 71, "target": 89, "direction": "bi-directional", "flow": 376.0, "flow_pct": 0.27779624827300869, "flow_rank": 104 }, "geometry": { "type": "LineString", "coordinates": [ [ 113.917312674661105, 22.521147066095672 ], [ 113.922101089762265, 22.517890943355216 ] ] } },
{ "type": "Feature", "properties": { "arc": 185, "wealthier": 0.30303922328494381, "beautiful": 0.33415830279477982, "livelier": 0.33533391084643288, "depressing": 0.68302300864363708, "safer": 0.28705153878771572, "boring": 0.65120987112199724, "human": 0.00068823496500649997, "vehicle": 0.042566776275634703, "construction": 0.089900430043538399, "nature": 0.1366979281107584, "sky": 0.48545878728230779, "object": 0.0039341608683268001, "PI": 0.21386911067301403, "NI": 0.43538012117007785, "length": 530.7668921, "source": 334, "target": 345, "direction": "bi-directional", "flow": 398.0, "flow_pct": 0.29405028407621669, "flow_rank": 101 }, "geometry": { "type": "LineString", "coordinates": [ [ 114.037454481132741, 22.523618072220483 ], [ 114.037970978958199, 22.523315274488773 ], [ 114.041883233752444, 22.521159994208954 ] ] } },
{ "type": "Feature", "properties": { "arc": 186, "wealthier": 0.42886749269423968, "beautiful": 0.31135618159802408, "livelier": 0.58581812321465709, "depressing": 0.60831898398701656, "safer": 0.3463048631994573, "boring": 0.48412811509382592, "human": 0.00072987874348949999, "vehicle": 0.0110556284586588, "construction": 0.081522107124328599, "nature": 0.21543550491332999, "sky": 0.44555727640787751, "object": 0.0054785013198852001, "PI": 0.31078197647157085, "NI": 0.36502124664149815, "length": 436.5176937, "source": 147, "target": 144, "direction": "bi-directional", "flow": 5.0, "flow_pct": 0.0036940990461836261, "flow_rank": 750 }, "geometry": { "type": "LineString", "coordinates": [ [ 113.935921732075712, 22.521882401451766 ], [ 113.934602359429917, 22.518135909198655 ] ] } },
{ "type": "Feature", "properties": { "arc": 187, "wealthier": 0.2219118997520918, "beautiful": 0.22194082772728449, "livelier": 0.47735149841303898, "depressing": 0.74036702857019598, "safer": 0.2323471126654377, "boring": 0.628654850110974, "human": 0.0011419238466205, "vehicle": 0.030954592155687698, "construction": 0.24164020653926971, "nature": 0.1178396398370916, "sky": 0.37222902702562732, "object": 0.0063400846539121, "PI": 0.19807210918389492, "NI": 0.46586691114721557, "length": 276.2136859, "source": 147, "target": 156, "direction": "bi-directional", "flow": 15.0, "flow_pct": 0.011082297138550879, "flow_rank": 686 }, "geometry": { "type": "LineString", "coordinates": [ [ 113.935921732075712, 22.521882401451766 ], [ 113.938513272396918, 22.521230673207931 ] ] } },
{ "type": "Feature", "properties": { "arc": 188, "wealthier": 0.54957779205667456, "beautiful": 0.54241099775747859, "livelier": 0.60052367501759962, "depressing": 0.38799198477814278, "safer": 0.56426724187015498, "boring": 0.36057467352796041, "human": 0.0028401215871175002, "vehicle": 0.037174940109252902, "construction": 0.076810280481974302, "nature": 0.19125493367513019, "sky": 0.42142001787821459, "object": 0.0037969748179117, "PI": 0.43588094605102512, "NI": 0.30401244576350589, "length": 413.1925996, "source": 318, "target": 316, "direction": "bi-directional", "flow": 62.0, "flow_pct": 0.045806828172676964, "flow_rank": 481 }, "geometry": { "type": "LineString", "coordinates": [ [ 114.031116499593921, 22.523905548070196 ], [ 114.030875377523714, 22.523526029152805 ], [ 114.029819087682526, 22.521980633750029 ], [ 114.028996892428793, 22.520736471400319 ] ] } },
{ "type": "Feature", "properties": { "arc": 190, "wealthier": 0.4290469207912046, "beautiful": 0.36204746964110401, "livelier": 0.52819485064638061, "depressing": 0.60593396964066704, "safer": 0.34456842417777378, "boring": 0.5132766963289328, "human": 0.0042481316460502997, "vehicle": 0.060334311591254297, "construction": 0.18351211547851559, "nature": 0.15217446221245659, "sky": 0.35486835903591579, "object": 0.0061180114746093002, "PI": 0.3373451776395085, "NI": 0.41775803381816784, "length": 388.8714662, "source": 127, "target": 126, "direction": "bi-directional", "flow": 67.0, "flow_pct": 0.049500927218860589, "flow_rank": 469 }, "geometry": { "type": "LineString", "coordinates": [ [ 113.932588880592306, 22.522223340202547 ], [ 113.931680323665262, 22.518814642367598 ] ] } },
{ "type": "Feature", "properties": { "arc": 191, "wealthier": 0.53114613271064937, "beautiful": 0.42924107732466937, "livelier": 0.58780195227633125, "depressing": 0.52894018808640375, "safer": 0.42834130789500668, "boring": 0.43766499377035589, "human": 0.00078428359258740003, "vehicle": 0.0335305531819661, "construction": 0.090977577936081605, "nature": 0.3004671732584635, "sky": 0.34939030238560259, "object": 0.0068622316632951999, "PI": 0.38706052525200874, "NI": 0.34389324300575236, "length": 344.955839, "source": 127, "target": 147, "direction": "bi-directional", "flow": 53.0, "flow_pct": 0.03915744988954644, "flow_rank": 517 }, "geometry": { "type": "LineString", "coordinates": [ [ 113.932588880592306, 22.522223340202547 ], [ 113.935921732075712, 22.521882401451766 ] ] } },
{ "type": "Feature", "properties": { "arc": 192, "wealthier": 0.34858452480478991, "beautiful": 0.34300593820179598, "livelier": 0.31478370316567661, "depressing": 0.64571317319047272, "safer": 0.2813132513386094, "boring": 0.69390606696396839, "human": 2.6613333975205399e-05, "vehicle": 0.0195058545036495, "construction": 0.0114362922632638, "nature": 0.19299122984980191, "sky": 0.52022478166320496, "object": 0.0024572291844327, "PI": 0.2241985029255672, "NI": 0.39438934029586797, "length": 1984.476254, "source": 223, "target": 262, "direction": "bi-directional", "flow": 518.0, "flow_pct": 0.38270866118462366, "flow_rank": 68 }, "geometry": { "type": "LineString", "coordinates": [ [ 113.958510879008102, 22.522872268270032 ], [ 113.959341775939691, 22.522801152127464 ], [ 113.959877193721837, 22.522771708577086 ], [ 113.961381737901689, 22.522745111299322 ], [ 113.962062733072784, 22.522747774433004 ], [ 113.962695480490297, 22.522767944592115 ], [ 113.965362333219559, 22.522768739139519 ], [ 113.966115558609047, 22.522790262578891 ], [ 113.968435687609869, 22.522792024284364 ], [ 113.969852646305483, 22.522813528059778 ], [ 113.973259868635935, 22.522814699004019 ], [ 113.973965485063275, 22.522835854441141 ], [ 113.977794090333092, 22.522863773535786 ] ] } },
{ "type": "Feature", "properties": { "arc": 193, "wealthier": 0.1216543284556612, "beautiful": 0.23120161658168389, "livelier": 0.149979456119198, "depressing": 0.817002704783513, "safer": 0.1128696361634466, "boring": 0.90155184343961559, "human": 0.0002018681278935, "vehicle": 0.0024232652452256002, "construction": 0.0501535345006872, "nature": 0.12199418809678809, "sky": 0.56894474735966416, "object": 0.0070062849256726997, "PI": 0.087145047426632136, "NI": 0.50313443531791935, "length": 1241.915426, "source": 23, "target": 14, "direction": "bi-directional", "flow": 0.0, "flow_pct": 0.0, "flow_rank": 766 }, "geometry": { "type": "LineString", "coordinates": [ [ 113.894205052494769, 22.522001177851148 ], [ 113.890163626432326, 22.518066529258668 ], [ 113.885900708308981, 22.513861905281477 ] ] } },
{ "type": "Feature", "properties": { "arc": 194, "wealthier": 0.51805767300228656, "beautiful": 0.45421983684948219, "livelier": 0.59979990547876139, "depressing": 0.53082959904721394, "safer": 0.45522893599348291, "boring": 0.48270839032757451, "human": 0.00077792576381129996, "vehicle": 0.025609061831519699, "construction": 0.099115962073916403, "nature": 0.21090870811825699, "sky": 0.42543570200602199, "object": 0.0078930627732049004, "PI": 0.37389749212018059, "NI": 0.37621309072592046, "length": 341.7123511, "source": 112, "target": 110, "direction": "bi-directional", "flow": 493.0, "flow_pct": 0.36423816595370556, "flow_rank": 74 }, "geometry": { "type": "LineString", "coordinates": [ [ 113.928238945482647, 22.522733790152479 ], [ 113.928021281978047, 22.522002000971479 ], [ 113.927892696403418, 22.521405084148395 ], [ 113.927843341367023, 22.520966082780149 ], [ 113.927774182664365, 22.519691268573496 ] ] } },
{ "type": "Feature", "properties": { "arc": 196, "wealthier": 0.36404868987532679, "beautiful": 0.274156374175129, "livelier": 0.626851918125508, "depressing": 0.70454639283288345, "safer": 0.33202914964518832, "boring": 0.52222937197204589, "human": 0.0030749956766763999, "vehicle": 0.028726545969645099, "construction": 0.15018739700317379, "nature": 0.11356665293375651, "sky": 0.44195966720581059, "object": 0.0098178545633951005, "PI": 0.30221316157508615, "NI": 0.44981119583843987, "length": 546.2703229, "source": 413, "target": 415, "direction": "bi-directional", "flow": 334.0, "flow_pct": 0.24676581628506625, "flow_rank": 113 }, "geometry": { "type": "LineString", "coordinates": [ [ 114.059719789565392, 22.525913453189627 ], [ 114.060102019479245, 22.52452444628112 ], [ 114.060990837354581, 22.521123922915677 ] ] } },
{ "type": "Feature", "properties": { "arc": 197, "wealthier": 0.33289064204042979, "beautiful": 0.2798621283185766, "livelier": 0.4251803683851037, "depressing": 0.71268909262208857, "safer": 0.28798335805670128, "boring": 0.58939864766796013, "human": 0.00071539930118019995, "vehicle": 0.017139004122826301, "construction": 0.079116944343812903, "nature": 0.15849261130056069, "sky": 0.48237054065991469, "object": 0.0042921907158308004, "PI": 0.23241792632330738, "NI": 0.40909585541513777, "length": 844.5536476, "source": 382, "target": 373, "direction": "bi-directional", "flow": 122.0, "flow_pct": 0.090136016726880486, "flow_rank": 344 }, "geometry": { "type": "LineString", "coordinates": [ [ 114.051533935581915, 22.525798232154742 ], [ 114.051488351370807, 22.52534202967928 ], [ 114.051033333140083, 22.519071779172073 ], [ 114.050994408951482, 22.518188531948123 ] ] } },
{ "type": "Feature", "properties": { "arc": 198, "wealthier": 0.54034678662849711, "beautiful": 0.56865922737600194, "livelier": 0.68902018578066071, "depressing": 0.40448226529296077, "safer": 0.58027737933628631, "boring": 0.30881078718235211, "human": 0.0033344754985734, "vehicle": 0.0290382422652899, "construction": 0.15193903679941209, "nature": 0.24249620998606949, "sky": 0.33299348868575751, "object": 0.0073805977316463, "PI": 0.47822763108173283, "NI": 0.31370235778374012, "length": 842.2758113, "source": 413, "target": 382, "direction": "bi-directional", "flow": 58.0, "flow_pct": 0.042851548935730066, "flow_rank": 499 }, "geometry": { "type": "LineString", "coordinates": [ [ 114.059719789565392, 22.525913453189627 ], [ 114.05841989992544, 22.525907279901514 ], [ 114.054771297273888, 22.525831397402598 ], [ 114.053614564954898, 22.525828665416633 ], [ 114.052986192040848, 22.525808602704739 ], [ 114.051533935581915, 22.525798232154742 ] ] } },
{ "type": "Feature", "properties": { "arc": 199, "wealthier": 0.2849239222301056, "beautiful": 0.32835628017057927, "livelier": 0.28416510120663652, "depressing": 0.66226132523952197, "safer": 0.26638028367778321, "boring": 0.73373128294880563, "human": 0.0011910635327535, "vehicle": 0.034926702105809698, "construction": 0.074365010337223994, "nature": 0.1479568784199064, "sky": 0.48588210817367311, "object": 0.0067643967885819001, "PI": 0.20527688215412523, "NI": 0.45282804885127242, "length": 566.1639503, "source": 354, "target": 345, "direction": "bi-directional", "flow": 48.0, "flow_pct": 0.035463350843362815, "flow_rank": 538 }, "geometry": { "type": "LineString", "coordinates": [ [ 114.044427930574372, 22.52568668896809 ], [ 114.044238649899256, 22.525274541989692 ], [ 114.043355674198807, 22.523521566731159 ], [ 114.041883233752444, 22.521159994208954 ] ] } },
{ "type": "Feature", "properties": { "arc": 200, "wealthier": 0.49176597701752162, "beautiful": 0.47706700978843047, "livelier": 0.64961202020742537, "depressing": 0.50324088553994173, "safer": 0.4905376891324903, "boring": 0.39772967717600177, "human": 0.0041604973803991002, "vehicle": 0.041956715200139098, "construction": 0.1508790158677375, "nature": 0.21782765443297639, "sky": 0.32841693395855781, "object": 0.0067296521417024996, "PI": 0.43382548434232659, "NI": 0.35118289305845818, "length": 731.203535, "source": 354, "target": 382, "direction": "bi-directional", "flow": 64.0, "flow_pct": 0.047284467791150413, "flow_rank": 475 }, "geometry": { "type": "LineString", "coordinates": [ [ 114.044427930574372, 22.52568668896809 ], [ 114.04630666558397, 22.525705177922212 ], [ 114.047085560049879, 22.525736237587314 ], [ 114.048145218796265, 22.525739322311026 ], [ 114.048704157058552, 22.525758510374526 ], [ 114.051533935581915, 22.525798232154742 ] ] } },
{ "type": "Feature", "properties": { "arc": 201, "wealthier": 0.24560474178413819, "beautiful": 0.32333313769940858, "livelier": 0.20807805508522451, "depressing": 0.66510662518538843, "safer": 0.2328406614032261, "boring": 0.83294141575691727, "human": 7.4990590413411478e-05, "vehicle": 0.011850325266520099, "construction": 0.018147436777750599, "nature": 0.16686747868855789, "sky": 0.5680564880371094, "object": 0.0043782869974772001, "PI": 0.1675253808386766, "NI": 0.44378701768476997, "length": 596.6611797, "source": 198, "target": 196, "direction": "bi-directional", "flow": 75.0, "flow_pct": 0.055411485692754399, "flow_rank": 445 }, "geometry": { "type": "LineString", "coordinates": [ [ 113.948982637412243, 22.523947525857306 ], [ 113.948152678869008, 22.518614910148205 ] ] } },
{ "type": "Feature", "properties": { "arc": 202, "wealthier": 0.32251265161030052, "beautiful": 0.29045014005219549, "livelier": 0.38643102396548951, "depressing": 0.70505827437221014, "safer": 0.26023000265520208, "boring": 0.67184230001202949, "human": 7.0190429687499981e-05, "vehicle": 0.019112868536086298, "construction": 0.069846925281342995, "nature": 0.16119579133533299, "sky": 0.49153113592238662, "object": 0.0031056540352957002, "PI": 0.2127764794283544, "NI": 0.41594915415216532, "length": 987.4605551, "source": 198, "target": 223, "direction": "bi-directional", "flow": 518.0, "flow_pct": 0.38270866118462366, "flow_rank": 68 }, "geometry": { "type": "LineString", "coordinates": [ [ 113.948982637412243, 22.523947525857306 ], [ 113.958510879008102, 22.522872268270032 ] ] } },
{ "type": "Feature", "properties": { "arc": 203, "wealthier": 0.26137358052249948, "beautiful": 0.2908503170835588, "livelier": 0.2376336876745169, "depressing": 0.7000408124543267, "safer": 0.21215952547194389, "boring": 0.77448941273491945, "human": 9.9730647467320259e-05, "vehicle": 0.0243328568202997, "construction": 0.017150754242940599, "nature": 0.13926021102207159, "sky": 0.55324746424855742, "object": 0.0036368650548597998, "PI": 0.1598164184556029, "NI": 0.44009725926895787, "length": 1230.376255, "source": 276, "target": 262, "direction": "bi-directional", "flow": 518.0, "flow_pct": 0.38270866118462366, "flow_rank": 68 }, "geometry": { "type": "LineString", "coordinates": [ [ 113.989448220252385, 22.52485865075937 ], [ 113.989168565540666, 22.524737425737072 ], [ 113.988140749937685, 22.524348490966918 ], [ 113.987079604970049, 22.523995665642531 ], [ 113.986278055238927, 22.523768227311106 ], [ 113.9853411789733, 22.523529291164838 ], [ 113.984338990053459, 22.523316695714229 ], [ 113.98302228319838, 22.523107981568408 ], [ 113.982108804455009, 22.523004622050994 ], [ 113.981394515014415, 22.522934777306734 ], [ 113.980478262213879, 22.522887374306283 ], [ 113.97920189951499, 22.522860437816906 ], [ 113.977794090333092, 22.522863773535786 ] ] } },
{ "type": "Feature", "properties": { "arc": 204, "wealthier": 0.52828301443790282, "beautiful": 0.39605636528818089, "livelier": 0.49286716575149447, "depressing": 0.56194993380270075, "safer": 0.38018606841311958, "boring": 0.55981253989969382, "human": 1.9243028428819447e-05, "vehicle": 0.011688952975802899, "construction": 0.030047014024522499, "nature": 0.24537099202473961, "sky": 0.46100904676649301, "object": 0.0028310987684460999, "PI": 0.33013518976912848, "NI": 0.34184571877292186, "length": 384.7622519, "source": 189, "target": 198, "direction": "bi-directional", "flow": 456.0, "flow_pct": 0.33690183301194671, "flow_rank": 82 }, "geometry": { "type": "LineString", "coordinates": [ [ 113.945266311911553, 22.524335667786218 ], [ 113.946354380688149, 22.524239886762995 ], [ 113.948982637412243, 22.523947525857306 ] ] } },
{ "type": "Feature", "properties": { "arc": 205, "wealthier": 0.38739456840811909, "beautiful": 0.27286244705139001, "livelier": 0.46682702464214809, "depressing": 0.66331721063969762, "safer": 0.29673465599684867, "boring": 0.62448292004786021, "human": 0.00094114565381810003, "vehicle": 0.017606997022441701, "construction": 0.13278489954331341, "nature": 0.1465146307851754, "sky": 0.47236693139169739, "object": 0.0049289628571155004, "PI": 0.25008488780811294, "NI": 0.42512356892566849, "length": 420.7755489, "source": 173, "target": 168, "direction": "bi-directional", "flow": 5.0, "flow_pct": 0.0036940990461836261, "flow_rank": 750 }, "geometry": { "type": "LineString", "coordinates": [ [ 113.941023805045162, 22.524439501982709 ], [ 113.94106246871425, 22.523031438840764 ], [ 113.941056447853811, 22.522135325863424 ], [ 113.940969767433472, 22.521410696386464 ], [ 113.940797089412754, 22.520661665576892 ] ] } },
{ "type": "Feature", "properties": { "arc": 206, "wealthier": 0.48075963256351362, "beautiful": 0.3374682565146796, "livelier": 0.55269760765466269, "depressing": 0.60146786843010813, "safer": 0.36548664415485183, "boring": 0.54060689452541477, "human": 0.00020535786946610001, "vehicle": 0.0060895658006854996, "construction": 0.079890232460171504, "nature": 0.19679005940755209, "sky": 0.47786914601045488, "object": 0.0027379802629058998, "PI": 0.3102487939206332, "NI": 0.36175519602859918, "length": 436.6911979, "source": 173, "target": 189, "direction": "bi-directional", "flow": 424.0, "flow_pct": 0.31325959911637152, "flow_rank": 89 }, "geometry": { "type": "LineString", "coordinates": [ [ 113.941023805045162, 22.524439501982709 ], [ 113.943345357397348, 22.524392955051795 ], [ 113.944296509844051, 22.524387867107805 ], [ 113.945196520821611, 22.524341811259163 ], [ 113.945266311911553, 22.524335667786218 ] ] } },
{ "type": "Feature", "properties": { "arc": 207, "wealthier": 0.4358921860128524, "beautiful": 0.44688372619285971, "livelier": 0.52403888190383507, "depressing": 0.47627482838097301, "safer": 0.48454902902562091, "boring": 0.3698295089649592, "human": 0.0032354990641276001, "vehicle": 0.041989538404676598, "construction": 0.071365356445312403, "nature": 0.1407430966695149, "sky": 0.47263611687554258, "object": 0.0055335362752278001, "PI": 0.36199532630518566, "NI": 0.34813684887078034, "length": 302.4430644, "source": 320, "target": 318, "direction": "bi-directional", "flow": 196.0, "flow_pct": 0.14480868261039814, "flow_rank": 218 }, "geometry": { "type": "LineString", "coordinates": [ [ 114.032662208751375, 22.526228607875382 ], [ 114.031492745310672, 22.524491208978702 ], [ 114.031116499593921, 22.523905548070196 ] ] } },
{ "type": "Feature", "properties": { "arc": 208, "wealthier": 0.30738328482753058, "beautiful": 0.3188911177810082, "livelier": 0.40008910945683568, "depressing": 0.67534042621867552, "safer": 0.31022780493084767, "boring": 0.62649480377689515, "human": 0.00074861760725050003, "vehicle": 0.0375759392453913, "construction": 0.099092684294048106, "nature": 0.12538130241527889, "sky": 0.48386209052905699, "object": 0.0035885927969949, "PI": 0.226317166147707, "NI": 0.42641097503080932, "length": 571.5435365, "source": 320, "target": 334, "direction": "bi-directional", "flow": 424.0, "flow_pct": 0.31325959911637152, "flow_rank": 89 }, "geometry": { "type": "LineString", "coordinates": [ [ 114.032662208751375, 22.526228607875382 ], [ 114.036856493819613, 22.523926549353163 ], [ 114.037454481132741, 22.523618072220483 ] ] } },
{ "type": "Feature", "properties": { "arc": 210, "wealthier": 0.24184471885384709, "beautiful": 0.19103229010359091, "livelier": 0.36235939873100848, "depressing": 0.78802485853656112, "safer": 0.1905279215102513, "boring": 0.72568638704724242, "human": 0.00032701946440190003, "vehicle": 0.0103133065359933, "construction": 0.13200069609142481, "nature": 0.1063964480445498, "sky": 0.51611564272925969, "object": 0.0064343497866675, "PI": 0.15302941813189627, "NI": 0.48119077424320422, "length": 428.0478218, "source": 149, "target": 173, "direction": "bi-directional", "flow": 521.0, "flow_pct": 0.38492512061233386, "flow_rank": 65 }, "geometry": { "type": "LineString", "coordinates": [ [ 113.936863893789777, 22.524510637704143 ], [ 113.93809803345664, 22.524502435939141 ], [ 113.941023805045162, 22.524439501982709 ] ] } },
{ "type": "Feature", "properties": { "arc": 211, "wealthier": 0.043681875989875101, "beautiful": 0.1049211636905369, "livelier": 0.224598453701817, "depressing": 0.91726666229962284, "safer": 0.032996812930297201, "boring": 0.86210382849902689, "human": 0.0006202061971028, "vehicle": 0.0067275365193684, "construction": 0.032135518391927, "nature": 0.1152167638142903, "sky": 0.59275366465250667, "object": 0.0053622563680012997, "PI": 0.05439504770762791, "NI": 0.50829748430587796, "length": 240.3576749, "source": 25, "target": 23, "direction": "bi-directional", "flow": 0.0, "flow_pct": 0.0, "flow_rank": 766 }, "geometry": { "type": "LineString", "coordinates": [ [ 113.895543880301105, 22.523754559223182 ], [ 113.895091650475109, 22.522905612741916 ], [ 113.894205052494769, 22.522001177851148 ] ] } },
{ "type": "Feature", "properties": { "arc": 212, "wealthier": 0.116177346065825, "beautiful": 0.1933841006551171, "livelier": 0.310348046159443, "depressing": 0.82214602643872603, "safer": 0.1198597415891689, "boring": 0.74785894249537443, "human": 0.0010074492423765001, "vehicle": 0.026115171370967701, "construction": 0.037074817124233397, "nature": 0.10329066040695351, "sky": 0.57445091329595077, "object": 0.0065557213239771997, "PI": 0.1170774705488568, "NI": 0.48897189560437448, "length": 785.8077877, "source": 25, "target": 33, "direction": "bi-directional", "flow": 0.0, "flow_pct": 0.0, "flow_rank": 766 }, "geometry": { "type": "LineString", "coordinates": [ [ 113.895543880301105, 22.523754559223182 ], [ 113.896594467495717, 22.522816910358046 ], [ 113.900493149351263, 22.519321991113859 ], [ 113.900742818632665, 22.519109099775825 ], [ 113.901052524699594, 22.51883911805934 ] ] } },
{ "type": "Feature", "properties": { "arc": 213, "wealthier": 0.35582538147401388, "beautiful": 0.34168694569097308, "livelier": 0.61340592360217172, "depressing": 0.6276996652961585, "safer": 0.34071842261363711, "boring": 0.49248899691084558, "human": 0.0011418024698892999, "vehicle": 0.0206836700439453, "construction": 0.16150843302408849, "nature": 0.17154610951741531, "sky": 0.38548138936360671, "object": 0.0065065383911132001, "PI": 0.30232493655843451, "NI": 0.39266094627711184, "length": 264.8497345, "source": 129, "target": 127, "direction": "bi-directional", "flow": 7.0, "flow_pct": 0.0051717386646570771, "flow_rank": 739 }, "geometry": { "type": "LineString", "coordinates": [ [ 113.932830198878705, 22.524604347162974 ], [ 113.93271587764022, 22.523332330101773 ], [ 113.932588880592306, 22.522223340202547 ] ] } },
{ "type": "Feature", "properties": { "arc": 214, "wealthier": 0.32887603176263308, "beautiful": 0.204625490395833, "livelier": 0.53248724568671102, "depressing": 0.77888219360549515, "safer": 0.27898440810150782, "boring": 0.64047493236817876, "human": 0.00059149000379769996, "vehicle": 0.018720679812961102, "construction": 0.21800168355305979, "nature": 0.063314331902398005, "sky": 0.44695313771565748, "object": 0.0055844518873426003, "PI": 0.21165781047051305, "NI": 0.47431507097858022, "length": 415.1085029, "source": 129, "target": 149, "direction": "bi-directional", "flow": 521.0, "flow_pct": 0.38492512061233386, "flow_rank": 65 }, "geometry": { "type": "LineString", "coordinates": [ [ 113.932830198878705, 22.524604347162974 ], [ 113.936863893789777, 22.524510637704143 ] ] } },
{ "type": "Feature", "properties": { "arc": 215, "wealthier": 0.1994442744287932, "beautiful": 0.2063533898812672, "livelier": 0.3865623943923957, "depressing": 0.76448209588368277, "safer": 0.19061536164171691, "boring": 0.61273191219286605, "human": 0.00022761027018219999, "vehicle": 0.0065198898315428997, "construction": 0.1397895177205403, "nature": 0.12890714009602861, "sky": 0.4755292892456055, "object": 0.0079947789510091006, "PI": 0.15760097022109679, "NI": 0.45511130831995716, "length": 229.4306094, "source": 115, "target": 112, "direction": "bi-directional", "flow": 493.0, "flow_pct": 0.36423816595370556, "flow_rank": 74 }, "geometry": { "type": "LineString", "coordinates": [ [ 113.92882994801208, 22.52472974959236 ], [ 113.928665014723421, 22.524277303089335 ], [ 113.928475388595373, 22.523682704749625 ], [ 113.928238945482647, 22.522733790152479 ] ] } },
{ "type": "Feature", "properties": { "arc": 216, "wealthier": 0.30526231250929342, "beautiful": 0.22819396007052539, "livelier": 0.54633561771869965, "depressing": 0.72782165341582994, "safer": 0.29306464161498819, "boring": 0.64679577936234023, "human": 0.00050011659279839999, "vehicle": 0.028146939399914798, "construction": 0.21561911167242581, "nature": 0.080065066997821496, "sky": 0.43040960262983269, "object": 0.0041214869572566001, "PI": 0.22009392476422074, "NI": 0.4588244738613943, "length": 411.8788968, "source": 115, "target": 129, "direction": "bi-directional", "flow": 589.0, "flow_pct": 0.43516486764043116, "flow_rank": 45 }, "geometry": { "type": "LineString", "coordinates": [ [ 113.92882994801208, 22.52472974959236 ], [ 113.929718733067631, 22.524671427108128 ], [ 113.930349840483686, 22.524645444847295 ], [ 113.931986533337422, 22.524609192477637 ], [ 113.932830198878705, 22.524604347162974 ] ] } },
{ "type": "Feature", "properties": { "arc": 217, "wealthier": 0.41996210567711878, "beautiful": 0.44723658939429578, "livelier": 0.33928698279968211, "depressing": 0.51212945315635594, "safer": 0.40220038832977101, "boring": 0.74551131004254323, "human": 0.0001711618332635, "vehicle": 0.0033641088576543002, "construction": 0.0337391807919456, "nature": 0.2027876263573056, "sky": 0.51317046937488375, "object": 0.0103578567504882, "PI": 0.28593224297033881, "NI": 0.42072132704992965, "length": 355.2839084, "source": 261, "target": 262, "direction": "bi-directional", "flow": 0.0, "flow_pct": 0.0, "flow_rank": 766 }, "geometry": { "type": "LineString", "coordinates": [ [ 113.977760081721073, 22.526071401242444 ], [ 113.977749589556225, 22.524095049128281 ], [ 113.977794090333092, 22.522863773535786 ] ] } },
{ "type": "Feature", "properties": { "arc": 218, "wealthier": 0.75581694718509873, "beautiful": 0.69542448076267194, "livelier": 0.8058940895526775, "depressing": 0.24226888081287429, "safer": 0.766711519779114, "boring": 0.16602493016001779, "human": 0.0067548018235425999, "vehicle": 0.076598632029997907, "construction": 0.1375880119128105, "nature": 0.33057281298515129, "sky": 0.22048793694911861, "object": 0.0056440402299929001, "PI": 0.65954258568702528, "NI": 0.24778655327715493, "length": 506.0896161, "source": 337, "target": 334, "direction": "bi-directional", "flow": 33.0, "flow_pct": 0.024381053704811934, "flow_rank": 598 }, "geometry": { "type": "LineString", "coordinates": [ [ 114.038600236111307, 22.527377427017466 ], [ 114.038932346634553, 22.524826148480233 ], [ 114.038946468855443, 22.524637271262858 ], [ 114.038930899212644, 22.52448521269169 ], [ 114.038882331487756, 22.524377832412419 ], [ 114.038823855152003, 22.524309176049307 ], [ 114.038606258451921, 22.524155580272993 ], [ 114.037981600897666, 22.523817997218465 ], [ 114.037454481132741, 22.523618072220483 ] ] } },
{ "type": "Feature", "properties": { "arc": 219, "wealthier": 0.55032561927232682, "beautiful": 0.51617786247853126, "livelier": 0.79189284483733602, "depressing": 0.38899586073750669, "safer": 0.56512369635971782, "boring": 0.25149969160393482, "human": 0.0064042091369627997, "vehicle": 0.034939956665038997, "construction": 0.19729957580566401, "nature": 0.2117997169494629, "sky": 0.3051132520039877, "object": 0.0065350532531738004, "PI": 0.51871481784402862, "NI": 0.30699202904977291, "length": 674.4988408, "source": 337, "target": 359, "direction": "bi-directional", "flow": 85.0, "flow_pct": 0.062799683785121643, "flow_rank": 419 }, "geometry": { "type": "LineString", "coordinates": [ [ 114.038600236111307, 22.527377427017466 ], [ 114.040738142637025, 22.527164872286917 ], [ 114.041014982354781, 22.527157577235677 ], [ 114.041325444704029, 22.527170408493792 ], [ 114.041742101683127, 22.527214205127802 ], [ 114.042106845299557, 22.527273710130061 ], [ 114.045066559426274, 22.527871921066613 ] ] } },
{ "type": "Feature", "properties": { "arc": 220, "wealthier": 0.34051925647770209, "beautiful": 0.36432877015766851, "livelier": 0.2905871276531628, "depressing": 0.63794023005254674, "safer": 0.2926894686164157, "boring": 0.73082787366026736, "human": 0.00090477683327410004, "vehicle": 0.033440792199337099, "construction": 0.053339177911931802, "nature": 0.1793103651566938, "sky": 0.47608699220599549, "object": 0.0083941835345643003, "PI": 0.23168225688364388, "NI": 0.44722619572988548, "length": 254.0534785, "source": 359, "target": 354, "direction": "bi-directional", "flow": 51.0, "flow_pct": 0.037679810271072985, "flow_rank": 528 }, "geometry": { "type": "LineString", "coordinates": [ [ 114.045066559426274, 22.527871921066613 ], [ 114.045034390531939, 22.527251775091067 ], [ 114.045001399284743, 22.527050685676375 ], [ 114.044932647856399, 22.526776589799567 ], [ 114.04477096711949, 22.526342608186447 ], [ 114.044427930574372, 22.52568668896809 ] ] } },
{ "type": "Feature", "properties": { "arc": 221, "wealthier": 0.2861670915307486, "beautiful": 0.2185405420248098, "livelier": 0.559878917472453, "depressing": 0.7423619420009927, "safer": 0.26564468362134758, "boring": 0.53256047579362009, "human": 0.00079644895067399997, "vehicle": 0.0281252580530503, "construction": 0.22374899247113389, "nature": 0.041717024410472099, "sky": 0.45784527647729012, "object": 0.0063621483597100003, "PI": 0.20702251814329423, "NI": 0.46520529312579856, "length": 904.0729009, "source": 98, "target": 89, "direction": "bi-directional", "flow": 128.0, "flow_pct": 0.094568935582300825, "flow_rank": 334 }, "geometry": { "type": "LineString", "coordinates": [ [ 113.924666045075739, 22.525672953856674 ], [ 113.924516046126641, 22.524621974101869 ], [ 113.924427550294382, 22.524232577389956 ], [ 113.924322913749151, 22.523879450662722 ], [ 113.923549793098161, 22.52187934764828 ], [ 113.922769539397279, 22.519957459206854 ], [ 113.922496737594315, 22.519248953415978 ], [ 113.922295349753853, 22.518664691728834 ], [ 113.922101089762265, 22.517890943355216 ] ] } },
{ "type": "Feature", "properties": { "arc": 222, "wealthier": 0.1096381560895677, "beautiful": 0.1640359910769385, "livelier": 0.3526588624199109, "depressing": 0.87003653931185843, "safer": 0.1282788361629548, "boring": 0.71111444508720767, "human": 0.00040944417317699999, "vehicle": 0.023540616035461401, "construction": 0.14764849344889319, "nature": 0.077227393786112403, "sky": 0.49971226851145423, "object": 0.0045382579167682997, "PI": 0.1060820497106712, "NI": 0.49223187308825084, "length": 441.121708, "source": 98, "target": 115, "direction": "bi-directional", "flow": 663.0, "flow_pct": 0.48983753352394882, "flow_rank": 29 }, "geometry": { "type": "LineString", "coordinates": [ [ 113.924666045075739, 22.525672953856674 ], [ 113.927630932572342, 22.524949376028815 ], [ 113.927991520422964, 22.524872598510068 ], [ 113.92882994801208, 22.52472974959236 ] ] } },
{ "type": "Feature", "properties": { "arc": 223, "wealthier": 0.17674736276578751, "beautiful": 0.20198728598350671, "livelier": 0.18253053562336291, "depressing": 0.81846196054791431, "safer": 0.13987734236299029, "boring": 0.87170010143592624, "human": 0.00013120246656010001, "vehicle": 0.0236806869506835, "construction": 0.0133049704811789, "nature": 0.093362374739213397, "sky": 0.58790865811434656, "object": 0.0026421113447709001, "PI": 0.094238793504085885, "NI": 0.48047523374646611, "length": 541.0366109, "source": 281, "target": 276, "direction": "bi-directional", "flow": 523.0, "flow_pct": 0.38640276023080733, "flow_rank": 64 }, "geometry": { "type": "LineString", "coordinates": [ [ 113.994001262088787, 22.527290093504611 ], [ 113.993233857837552, 22.526816672285133 ], [ 113.991993146469838, 22.526087557605713 ], [ 113.991131584381151, 22.525631281686977 ], [ 113.990285912065801, 22.525221772300043 ], [ 113.989448220252385, 22.52485865075937 ] ] } },
{ "type": "Feature", "properties": { "arc": 224, "wealthier": 0.4262054464593994, "beautiful": 0.32765954756113308, "livelier": 0.54335833950134305, "depressing": 0.65376021848976518, "safer": 0.33601662279571781, "boring": 0.51602975403691653, "human": 0.0012108484903970999, "vehicle": 0.027642958091966999, "construction": 0.079497496287027902, "nature": 0.17320313598170431, "sky": 0.47660201968568738, "object": 0.0040978373903215997, "PI": 0.29881534481365563, "NI": 0.39054617571295314, "length": 1231.896813, "source": 47, "target": 36, "direction": "bi-directional", "flow": 472.0, "flow_pct": 0.3487229499597343, "flow_rank": 78 }, "geometry": { "type": "LineString", "coordinates": [ [ 113.909729919784539, 22.525844991585991 ], [ 113.909159067111645, 22.523306789068869 ], [ 113.909005896384585, 22.522818126445287 ], [ 113.908912142721121, 22.52261000459368 ], [ 113.908818431914952, 22.522446125014149 ], [ 113.908582502348295, 22.52213583220307 ], [ 113.908205401636408, 22.521534557111814 ], [ 113.907881625915309, 22.521067500906959 ], [ 113.907580152126059, 22.520657855187235 ], [ 113.907242771504869, 22.520257502092079 ], [ 113.906963776422202, 22.519963306655221 ], [ 113.906632946381194, 22.519645458481151 ], [ 113.906101949335081, 22.519179412694545 ], [ 113.905897338407513, 22.518979468727263 ], [ 113.90359366790544, 22.516618746016633 ] ] } },
{ "type": "Feature", "properties": { "arc": 226, "wealthier": 0.46703244379784981, "beautiful": 0.32791330896823417, "livelier": 0.4421163768221128, "depressing": 0.64307102750498712, "safer": 0.36391885749407071, "boring": 0.55693119978580163, "human": 0.00069370269775390005, "vehicle": 0.024967765808105401, "construction": 0.1241302172342936, "nature": 0.13326559066772459, "sky": 0.48640216191609698, "object": 0.0055692354838053001, "PI": 0.27453871744670938, "NI": 0.41993494554190497, "length": 488.2736347, "source": 47, "target": 40, "direction": "bi-directional", "flow": 0.0, "flow_pct": 0.0, "flow_rank": 766 }, "geometry": { "type": "LineString", "coordinates": [ [ 113.909729919784539, 22.525844991585991 ], [ 113.908103605445831, 22.525827501378881 ], [ 113.907466691604469, 22.525807252587612 ], [ 113.905488412121258, 22.525805251078786 ], [ 113.904984672425257, 22.525785432482639 ] ] } },
{ "type": "Feature", "properties": { "arc": 227, "wealthier": 0.55341699593240723, "beautiful": 0.53266769044801321, "livelier": 0.61213410427949566, "depressing": 0.40315650553126992, "safer": 0.55055131289254666, "boring": 0.30847974486069718, "human": 0.0021854169440991, "vehicle": 0.020269914106889199, "construction": 0.062214244495738598, "nature": 0.2347390723950934, "sky": 0.3995378667658025, "object": 0.0065757289077296001, "PI": 0.43724805723853072, "NI": 0.29137479294999197, "length": 276.413382, "source": 325, "target": 320, "direction": "bi-directional", "flow": 52.0, "flow_pct": 0.038418630080309712, "flow_rank": 523 }, "geometry": { "type": "LineString", "coordinates": [ [ 114.034036473730183, 22.528373406534925 ], [ 114.03374406669684, 22.527899839005268 ], [ 114.032662208751375, 22.526228607875382 ] ] } },
{ "type": "Feature", "properties": { "arc": 228, "wealthier": 0.67164990309619921, "beautiful": 0.63865355018073633, "livelier": 0.75072511505781014, "depressing": 0.3046820076561233, "safer": 0.66430358986651772, "boring": 0.24273323744300779, "human": 0.0019035339355468, "vehicle": 0.031651042756580101, "construction": 0.16950352986653641, "nature": 0.32159946078345891, "sky": 0.2513416835239955, "object": 0.0085283915201821991, "PI": 0.54236821510763489, "NI": 0.27603813599629801, "length": 491.4903407, "source": 325, "target": 337, "direction": "bi-directional", "flow": 52.0, "flow_pct": 0.038418630080309712, "flow_rank": 523 }, "geometry": { "type": "LineString", "coordinates": [ [ 114.034036473730183, 22.528373406534925 ], [ 114.034379480731374, 22.528147739512619 ], [ 114.034788417653502, 22.527932227316136 ], [ 114.035151879900951, 22.527760125245944 ], [ 114.035395833108652, 22.52768409668008 ], [ 114.03566011890004, 22.527646747928731 ], [ 114.037351905001188, 22.527481620748411 ], [ 114.038600236111307, 22.527377427017466 ] ] } },
{ "type": "Feature", "properties": { "arc": 229, "wealthier": 0.82111079794753072, "beautiful": 0.58449873229943705, "livelier": 0.90458281871136925, "depressing": 0.28287632501283289, "safer": 0.71659716715582833, "boring": 0.044311080704451299, "human": 0.0041701907203311002, "vehicle": 0.0220970880417596, "construction": 0.0309916904994419, "nature": 0.46541877019973021, "sky": 0.194637934366862, "object": 0.0047921680268787001, "PI": 0.66195368537030286, "NI": 0.14699050204071137, "length": 218.2807445, "source": 176, "target": 188, "direction": "bi-directional", "flow": 48.0, "flow_pct": 0.035463350843362815, "flow_rank": 538 }, "geometry": { "type": "LineString", "coordinates": [ [ 113.943112922139278, 22.527380934187534 ], [ 113.944718981139786, 22.527384204672064 ], [ 113.945233117734844, 22.527421748435525 ] ] } },
{ "type": "Feature", "properties": { "arc": 231, "wealthier": 0.43664864553427257, "beautiful": 0.34438904414169208, "livelier": 0.51488892971325095, "depressing": 0.58278813821792474, "safer": 0.3725616986389842, "boring": 0.53805154401544353, "human": 0.0015660391913519, "vehicle": 0.0067208607991535996, "construction": 0.10723315344916449, "nature": 0.19743352466159389, "sky": 0.47202698389689129, "object": 0.0040469169616699002, "PI": 0.31505978776882743, "NI": 0.37358267216066526, "length": 322.9655219, "source": 172, "target": 173, "direction": "bi-directional", "flow": 141.0, "flow_pct": 0.10417359310237825, "flow_rank": 314 }, "geometry": { "type": "LineString", "coordinates": [ [ 113.940966503515568, 22.527355514191445 ], [ 113.941023805045162, 22.524439501982709 ] ] } },
{ "type": "Feature", "properties": { "arc": 232, "wealthier": 0.69190798825260169, "beautiful": 0.59585834337631138, "livelier": 0.78476432740254809, "depressing": 0.2898955948289284, "safer": 0.66463065403540356, "boring": 0.18053400351700419, "human": 0.0036171277364095001, "vehicle": 0.0179295539855957, "construction": 0.062630891799926702, "nature": 0.37976503372192377, "sky": 0.2468409538269043, "object": 0.0082890192667642998, "PI": 0.58082915035822025, "NI": 0.21506931340027668, "length": 220.8617166, "source": 172, "target": 176, "direction": "bi-directional", "flow": 48.0, "flow_pct": 0.035463350843362815, "flow_rank": 538 }, "geometry": { "type": "LineString", "coordinates": [ [ 113.940966503515568, 22.527355514191445 ], [ 113.941842066156667, 22.527350051724568 ], [ 113.943112922139278, 22.527380934187534 ] ] } },
{ "type": "Feature", "properties": { "arc": 233, "wealthier": 0.30898682999751059, "beautiful": 0.1882623317953023, "livelier": 0.43583008651752481, "depressing": 0.81842735947540213, "safer": 0.25711810889021097, "boring": 0.61033401137605481, "human": 0.00088249842325840001, "vehicle": 0.023353163401285799, "construction": 0.20087471008300781, "nature": 0.018455187479654901, "sky": 0.49859005610148099, "object": 0.0064446767171222998, "PI": 0.17499906644407834, "NI": 0.49352595090779122, "length": 525.0334207, "source": 47, "target": 64, "direction": "bi-directional", "flow": 258.0, "flow_pct": 0.19061551078307512, "flow_rank": 147 }, "geometry": { "type": "LineString", "coordinates": [ [ 113.909729919784539, 22.525844991585991 ], [ 113.910922235228583, 22.525897043249039 ], [ 113.911412497452361, 22.525955918936518 ], [ 113.912019171829044, 22.526066710514112 ], [ 113.912449410515947, 22.526178948152772 ], [ 113.912942597755489, 22.526333863147816 ], [ 113.914652397429791, 22.526939232915762 ] ] } },
{ "type": "Feature", "properties": { "arc": 234, "wealthier": 0.41609374448829251, "beautiful": 0.32723870277475797, "livelier": 0.60698591976924987, "depressing": 0.62298604918610068, "safer": 0.34965508206781248, "boring": 0.49314192028799059, "human": 0.0035464932220150001, "vehicle": 0.032790694573912899, "construction": 0.1126653883192274, "nature": 0.1609085545395359, "sky": 0.42655644272312981, "object": 0.0059859343249387999, "PI": 0.3381476149712988, "NI": 0.39314244057160325, "length": 842.2312944, "source": 64, "target": 59, "direction": "bi-directional", "flow": 270.0, "flow_pct": 0.1994813484939158, "flow_rank": 139 }, "geometry": { "type": "LineString", "coordinates": [ [ 113.914652397429791, 22.526939232915762 ], [ 113.914626262310634, 22.5263694275509 ], [ 113.914457863622744, 22.523943247162826 ], [ 113.914396467990727, 22.523532710730962 ], [ 113.914303898489152, 22.523156059491196 ], [ 113.914172574587027, 22.522782940109181 ], [ 113.913999950651757, 22.52242594730745 ], [ 113.912490208152704, 22.519752137126396 ] ] } },
{ "type": "Feature", "properties": { "arc": 235, "wealthier": 0.2227143646545573, "beautiful": 0.26661361429745789, "livelier": 0.44230676901785559, "depressing": 0.68893002517594326, "safer": 0.24091488270791461, "boring": 0.59252744535321178, "human": 0.0027072694566513998, "vehicle": 0.0369641780853271, "construction": 0.1841879155900743, "nature": 0.070872306823730399, "sky": 0.44124033715989858, "object": 0.0065216753217908997, "PI": 0.20920091388931214, "NI": 0.45611041316827144, "length": 674.2643824, "source": 75, "target": 71, "direction": "bi-directional", "flow": 593.0, "flow_pct": 0.43812014687737805, "flow_rank": 44 }, "geometry": { "type": "LineString", "coordinates": [ [ 113.918683191152738, 22.527101310262491 ], [ 113.917312674661105, 22.521147066095672 ] ] } },
{ "type": "Feature", "properties": { "arc": 236, "wealthier": 0.2293592496137328, "beautiful": 0.21436077073543991, "livelier": 0.45463639201631412, "depressing": 0.76865750574418634, "safer": 0.21174740273629669, "boring": 0.57128644577814747, "human": 0.0019952985975477001, "vehicle": 0.042449659771389398, "construction": 0.26702703369988329, "nature": 0.032680114110310798, "sky": 0.42874182595147009, "object": 0.0035330454508462998, "PI": 0.17944512688764255, "NI": 0.47605742532285378, "length": 635.5385528, "source": 75, "target": 98, "direction": "bi-directional", "flow": 632.0, "flow_pct": 0.46693411943761032, "flow_rank": 36 }, "geometry": { "type": "LineString", "coordinates": [ [ 113.918683191152738, 22.527101310262491 ], [ 113.919233622600501, 22.526988614165493 ], [ 113.920262330255298, 22.526748254245575 ], [ 113.924666045075739, 22.525672953856674 ] ] } },
{ "type": "Feature", "properties": { "arc": 238, "wealthier": 0.52175867566998646, "beautiful": 0.51976507740108591, "livelier": 0.39229903324329268, "depressing": 0.43475959344392018, "safer": 0.52122633356588044, "boring": 0.56600640497734667, "human": 9.4922383626302082e-05, "vehicle": 0.0048997879028320002, "construction": 0.035123062133788997, "nature": 0.24507306416829419, "sky": 0.44992955525716138, "object": 0.006464131673177, "PI": 0.3576399393290472, "NI": 0.33555137933534845, "length": 247.0640392, "source": 260, "target": 261, "direction": "bi-directional", "flow": 0.0, "flow_pct": 0.0, "flow_rank": 766 }, "geometry": { "type": "LineString", "coordinates": [ [ 113.977714427202415, 22.528302077332459 ], [ 113.977760081721073, 22.526071401242444 ] ] } },
{ "type": "Feature", "properties": { "arc": 239, "wealthier": 0.81947570281605953, "beautiful": 0.78477346330433395, "livelier": 0.73176030737979469, "depressing": 0.18255698541228199, "safer": 0.8556497805909965, "boring": 0.2129454341001194, "human": 0.00075072333926239998, "vehicle": 0.0081685384114582992, "construction": 0.064004126049223398, "nature": 0.41458148048037569, "sky": 0.29214082445417128, "object": 0.0029721033005486999, "PI": 0.63334046482326223, "NI": 0.17466547050593018, "length": 369.0018163, "source": 242, "target": 250, "direction": "bi-directional", "flow": 0.0, "flow_pct": 0.0, "flow_rank": 766 }, "geometry": { "type": "LineString", "coordinates": [ [ 113.965931476173523, 22.528126766795332 ], [ 113.969518172527643, 22.528160507389838 ] ] } },
{ "type": "Feature", "properties": { "arc": 240, "wealthier": 0.65201720856539858, "beautiful": 0.59559161845662023, "livelier": 0.56697546064707161, "depressing": 0.37823478149846679, "safer": 0.62205740289885958, "boring": 0.47740353744377217, "human": 0.00032278965336610002, "vehicle": 0.0041329648013405003, "construction": 0.054841995239257799, "nature": 0.2757929860146392, "sky": 0.43760606828429888, "object": 0.0052680163316323001, "PI": 0.45642436723210006, "NI": 0.30484841358112508, "length": 1811.215585, "source": 237, "target": 261, "direction": "bi-directional", "flow": 0.0, "flow_pct": 0.0, "flow_rank": 766 }, "geometry": { "type": "LineString", "coordinates": [ [ 113.962374717329482, 22.528103289692385 ], [ 113.962324057441094, 22.527759742489142 ], [ 113.96230736992662, 22.527476350742496 ], [ 113.962325622705336, 22.526254458728612 ], [ 113.962353222233332, 22.52614403570923 ], [ 113.962422719854573, 22.526041279148224 ], [ 113.962516151397267, 22.525987019686806 ], [ 113.962634127565806, 22.525960346908157 ], [ 113.965427830244195, 22.525966716389259 ], [ 113.966236223943113, 22.525988781810135 ], [ 113.968415837933932, 22.52599002939289 ], [ 113.969860820931189, 22.526011841092135 ], [ 113.973202859697494, 22.526012612390765 ], [ 113.973983898679307, 22.526034500375502 ], [ 113.97600066561229, 22.526036716268209 ], [ 113.977760081721073, 22.526071401242444 ] ] } },
{ "type": "Feature", "properties": { "arc": 241, "wealthier": 0.66031638727467323, "beautiful": 0.62856764160538914, "livelier": 0.56734715709669814, "depressing": 0.34804279487480982, "safer": 0.63986835706710432, "boring": 0.48007109240572482, "human": 0.0011011759440104, "vehicle": 0.0071474287245007996, "construction": 0.097005547417534699, "nature": 0.28923848470052083, "sky": 0.38591965569390191, "object": 0.0038166893853080999, "PI": 0.48035432967801622, "NI": 0.29260697276112352, "length": 365.9123768, "source": 242, "target": 237, "direction": "bi-directional", "flow": 0.0, "flow_pct": 0.0, "flow_rank": 766 }, "geometry": { "type": "LineString", "coordinates": [ [ 113.965931476173523, 22.528126766795332 ], [ 113.962374717329482, 22.528103289692385 ] ] } },
{ "type": "Feature", "properties": { "arc": 244, "wealthier": 0.27460885730545948, "beautiful": 0.1982438903396507, "livelier": 0.45668244508131051, "depressing": 0.75223087171550518, "safer": 0.25510370255531972, "boring": 0.59725991097747111, "human": 0.0021777682834201, "vehicle": 0.059641061005768901, "construction": 0.18279379385489, "nature": 0.018022890444155001, "sky": 0.50316238403320324, "object": 0.0059647030300564001, "PI": 0.19083688176160996, "NI": 0.49829986129350418, "length": 429.2299244, "source": 75, "target": 64, "direction": "bi-directional", "flow": 556.0, "flow_pct": 0.41078381393561925, "flow_rank": 54 }, "geometry": { "type": "LineString", "coordinates": [ [ 113.918683191152738, 22.527101310262491 ], [ 113.918185066528721, 22.527250072677919 ], [ 113.917496734440476, 22.527408910106168 ], [ 113.917087468666253, 22.527460635363056 ], [ 113.916650418574363, 22.527468987346072 ], [ 113.91616488728009, 22.527416921552845 ], [ 113.915773629423754, 22.52733258070467 ], [ 113.915253140940592, 22.527170599115017 ], [ 113.914652397429791, 22.526939232915762 ] ] } },
{ "type": "Feature", "properties": { "arc": 248, "wealthier": 0.26197128149432758, "beautiful": 0.30247279850479752, "livelier": 0.21912671424269259, "depressing": 0.74672996185703722, "safer": 0.20127321890392341, "boring": 0.7464430522892378, "human": 0.00052466759314900001, "vehicle": 0.0076267535869890997, "construction": 0.034172351543719899, "nature": 0.20357718834510211, "sky": 0.58949406941731775, "object": 0.0040433345696863996, "PI": 0.17807701418686697, "NI": 0.4493724449277619, "length": 405.4283842, "source": 26, "target": 25, "direction": "bi-directional", "flow": 0.0, "flow_pct": 0.0, "flow_rank": 766 }, "geometry": { "type": "LineString", "coordinates": [ [ 113.895849859733289, 22.527362214329933 ], [ 113.895907876971961, 22.526371613802699 ], [ 113.895907876971961, 22.526056727982017 ], [ 113.895898274307271, 22.525302773100329 ], [ 113.895850260983948, 22.524604252405638 ], [ 113.895687015684572, 22.524023257899334 ], [ 113.895543880301105, 22.523754559223182 ] ] } },
{ "type": "Feature", "properties": { "arc": 250, "wealthier": 0.36064241483129411, "beautiful": 0.3110295860043597, "livelier": 0.45534739464266327, "depressing": 0.626574147847206, "safer": 0.30898321234171972, "boring": 0.54062943886992576, "human": 0.0019139607747394999, "vehicle": 0.013759019639756899, "construction": 0.11254348754882811, "nature": 0.16111984252929679, "sky": 0.4511500464545356, "object": 0.0093546125623914008, "PI": 0.26835314992744613, "NI": 0.41543048771422225, "length": 403.8607407, "source": 120, "target": 115, "direction": "bi-directional", "flow": 501.0, "flow_pct": 0.37014872442759933, "flow_rank": 72 }, "geometry": { "type": "LineString", "coordinates": [ [ 113.930374379926178, 22.528082609333829 ], [ 113.929475219146227, 22.526106407512799 ], [ 113.92882994801208, 22.52472974959236 ] ] } },
{ "type": "Feature", "properties": { "arc": 252, "wealthier": 0.4489770719747786, "beautiful": 0.3834195260553252, "livelier": 0.47556822347305838, "depressing": 0.60703533546942245, "safer": 0.3767045603862455, "boring": 0.59075654139547695, "human": 0.00015385945638019999, "vehicle": 0.022077040238813898, "construction": 0.095568223433060998, "nature": 0.19465972438003071, "sky": 0.43138278614390979, "object": 0.0041036894827178004, "PI": 0.29899604602721935, "NI": 0.3838824948167055, "length": 245.4371839, "source": 330, "target": 324, "direction": "bi-directional", "flow": 215.0, "flow_pct": 0.15884625898589594, "flow_rank": 190 }, "geometry": { "type": "LineString", "coordinates": [ [ 114.036139644209285, 22.530547425596584 ], [ 114.035835533095906, 22.530459789414493 ], [ 114.035529060862814, 22.530406911343285 ], [ 114.033785213759813, 22.530217795553547 ] ] } },
{ "type": "Feature", "properties": { "arc": 253, "wealthier": 0.32370003724863738, "beautiful": 0.35235515398021772, "livelier": 0.30449032574522911, "depressing": 0.63335078062274264, "safer": 0.28060480367134, "boring": 0.66893592814802194, "human": 4.6849250793457024e-05, "vehicle": 0.025125225385030099, "construction": 0.028298351499769399, "nature": 0.1737138430277507, "sky": 0.51552389727698433, "object": 0.0034777853224012001, "PI": 0.21490504733699012, "NI": 0.40224997074921492, "length": 1138.104866, "source": 288, "target": 281, "direction": "bi-directional", "flow": 508.0, "flow_pct": 0.37532046309225642, "flow_rank": 71 }, "geometry": { "type": "LineString", "coordinates": [ [ 114.004344070146672, 22.529953950630947 ], [ 114.003489635331505, 22.530048831869102 ], [ 114.003046734898888, 22.53008367187411 ], [ 114.002278597300773, 22.530121786349422 ], [ 114.001654836196749, 22.530111103644636 ], [ 114.000982042746443, 22.530062171145577 ], [ 114.000286122770788, 22.529979844218019 ], [ 113.999620328243395, 22.529862676147655 ], [ 113.998893004697081, 22.529694933092852 ], [ 113.998044148984846, 22.529429683442011 ], [ 113.997579122894635, 22.52926100731101 ], [ 113.996949916476822, 22.528989165994695 ], [ 113.996389671321239, 22.528716758001295 ], [ 113.996058978863005, 22.528544066961445 ], [ 113.995625200458818, 22.52829194333961 ], [ 113.994001262088787, 22.527290093504611 ] ] } },
{ "type": "Feature", "properties": { "arc": 254, "wealthier": 0.70654803131524591, "beautiful": 0.6922846656088415, "livelier": 0.66454787271360527, "depressing": 0.25748508314933938, "safer": 0.715928894033802, "boring": 0.30437720390426692, "human": 0.000205569797092, "vehicle": 0.0075659222073024999, "construction": 0.066606177224053195, "nature": 0.371931340959337, "sky": 0.32334717114766431, "object": 0.0050343672434487998, "PI": 0.54170160659634237, "NI": 0.22590663080793194, "length": 579.8435684, "source": 255, "target": 250, "direction": "bi-directional", "flow": 0.0, "flow_pct": 0.0, "flow_rank": 766 }, "geometry": { "type": "LineString", "coordinates": [ [ 113.973578364379307, 22.529671710657595 ], [ 113.973660120149916, 22.529125009041849 ], [ 113.973688910004512, 22.528737146491572 ], [ 113.973689137346781, 22.528517899653565 ], [ 113.973673599442535, 22.528419567049827 ], [ 113.973626899276738, 22.528311604403793 ], [ 113.973580227892242, 22.528259981290667 ], [ 113.973487237962345, 22.528207272612615 ], [ 113.973337268205896, 22.52817316678928 ], [ 113.973117120984824, 22.528160407179204 ], [ 113.972064802531904, 22.528170962354221 ], [ 113.969518172527643, 22.528160507389838 ] ] } },
{ "type": "Feature", "properties": { "arc": 255, "wealthier": 0.7505144792294729, "beautiful": 0.71810336732609559, "livelier": 0.50529123217322391, "depressing": 0.23433723499446621, "safer": 0.73056163725111278, "boring": 0.4547963056908178, "human": 0.0001310507456461, "vehicle": 0.0033841927846271999, "construction": 0.017404675483703599, "nature": 0.26742557684580481, "sky": 0.45838646094004309, "object": 0.00288987159729, "PI": 0.49857431378707179, "NI": 0.25331290156864711, "length": 451.8994955, "source": 255, "target": 260, "direction": "bi-directional", "flow": 68.0, "flow_pct": 0.050239747028097317, "flow_rank": 461 }, "geometry": { "type": "LineString", "coordinates": [ [ 113.973578364379307, 22.529671710657595 ], [ 113.97643576324316, 22.528674797097686 ], [ 113.977031732342738, 22.528486775608076 ], [ 113.977714427202415, 22.528302077332459 ] ] } },
{ "type": "Feature", "properties": { "arc": 256, "wealthier": 0.51172132652713864, "beautiful": 0.42258233455125221, "livelier": 0.46241626022661059, "depressing": 0.55129074862776184, "safer": 0.46921330067907302, "boring": 0.57931717135820271, "human": 0.00081420667243720004, "vehicle": 0.0099709539702443999, "construction": 0.16602932323109021, "nature": 0.098518169287479196, "sky": 0.44437841935591271, "object": 0.0060718131787848998, "PI": 0.31487825574679196, "NI": 0.40123217692308621, "length": 599.5892133, "source": 275, "target": 276, "direction": "bi-directional", "flow": 0.0, "flow_pct": 0.0, "flow_rank": 766 }, "geometry": { "type": "LineString", "coordinates": [ [ 113.988525034376835, 22.530204805890669 ], [ 113.989448220252385, 22.52485865075937 ] ] } },
{ "type": "Feature", "properties": { "arc": 257, "wealthier": 0.46946673079465878, "beautiful": 0.39174692397910482, "livelier": 0.52645639449561032, "depressing": 0.56288106803965621, "safer": 0.41124845942368099, "boring": 0.51008362251863881, "human": 0.00075575021597049997, "vehicle": 0.016483388395390899, "construction": 0.0913415403447599, "nature": 0.2048548918503981, "sky": 0.43425233955057252, "object": 0.0053655265742896001, "PI": 0.33013815298590132, "NI": 0.36468243004189715, "length": 2269.561219, "source": 432, "target": 436, "direction": "bi-directional", "flow": 57.0, "flow_pct": 0.042112729126493338, "flow_rank": 501 }, "geometry": { "type": "LineString", "coordinates": [ [ 114.068271936577148, 22.531740196156413 ], [ 114.06818042674459, 22.530863696009 ], [ 114.068015043323314, 22.529671035783533 ], [ 114.067856913369425, 22.528904690531817 ], [ 114.067646715446685, 22.528079635118722 ], [ 114.067412338973867, 22.527305736192229 ], [ 114.067087218084083, 22.526400595203508 ], [ 114.06662481816835, 22.525351330632283 ], [ 114.066209793471984, 22.524571508816372 ], [ 114.066174975606799, 22.52446576680428 ], [ 114.066170966913162, 22.524374069520107 ], [ 114.066187883213516, 22.524316966737068 ], [ 114.066236272023019, 22.524249903527661 ], [ 114.066304673765501, 22.524200592634891 ], [ 114.06641361067777, 22.524153932133007 ], [ 114.067645213130319, 22.523779887901508 ], [ 114.069562447793317, 22.523159128290441 ], [ 114.069810683943075, 22.523110570637566 ], [ 114.069926317588127, 22.523126361252693 ], [ 114.070031896082853, 22.523182245328609 ], [ 114.070105822701322, 22.523266046922732 ], [ 114.070180829059041, 22.523419954579232 ], [ 114.07097605249443, 22.525884324126697 ], [ 114.071925532323064, 22.528521462590565 ], [ 114.072029724990472, 22.528845177462298 ], [ 114.07206610980937, 22.529044124324244 ], [ 114.0720779607759, 22.529281827540089 ], [ 114.072046455487097, 22.530284452630639 ], [ 114.072041186570928, 22.531264902969632 ], [ 114.072093874334982, 22.531811238079815 ] ] } },
{ "type": "Feature", "properties": { "arc": 258, "wealthier": 0.51335341376015786, "beautiful": 0.47111535725861942, "livelier": 0.51342485831343287, "depressing": 0.47536336230271797, "safer": 0.44216156144988289, "boring": 0.46224453889943751, "human": 5.2372614542643234e-05, "vehicle": 0.037785132726033503, "construction": 0.047209501266479499, "nature": 0.27536014715830481, "sky": 0.39887956778208411, "object": 0.0045241117477417001, "PI": 0.36412156324409733, "NI": 0.32683974729884374, "length": 393.2945299, "source": 432, "target": 436, "direction": "bi-directional", "flow": 57.0, "flow_pct": 0.042112729126493338, "flow_rank": 501 }, "geometry": { "type": "LineString", "coordinates": [ [ 114.068271936577148, 22.531740196156413 ], [ 114.068748686697631, 22.531755924549021 ], [ 114.070939888227826, 22.531770808527433 ], [ 114.072093874334982, 22.531811238079815 ] ] } },
{ "type": "Feature", "properties": { "arc": 259, "wealthier": 0.31465851606974182, "beautiful": 0.32691835766818739, "livelier": 0.34266927623629528, "depressing": 0.68445650679630943, "safer": 0.2918895201839527, "boring": 0.67669029575035666, "human": 0.00043754301209380001, "vehicle": 0.021570952042289399, "construction": 0.16030582483263989, "nature": 0.1224354591922483, "sky": 0.4435798810875935, "object": 0.0052482770836870998, "PI": 0.21006984796418607, "NI": 0.44396477475436602, "length": 1245.00555, "source": 425, "target": 415, "direction": "bi-directional", "flow": 147.0, "flow_pct": 0.10860651195779862, "flow_rank": 305 }, "geometry": { "type": "LineString", "coordinates": [ [ 114.063094449397056, 22.531669191194403 ], [ 114.063115055249341, 22.529812601530931 ], [ 114.063155274441726, 22.52819653949707 ], [ 114.063184029252554, 22.525757940185446 ], [ 114.063205951793037, 22.525018682024609 ], [ 114.063193332791045, 22.524589290569079 ], [ 114.063120416800629, 22.524094979755574 ], [ 114.063007327890205, 22.523660406134585 ], [ 114.062833917383486, 22.523204086068283 ], [ 114.062637773367499, 22.522812511513028 ], [ 114.062356075413888, 22.522383262859677 ], [ 114.062108767537566, 22.522066304916315 ], [ 114.061772866180533, 22.521725923033401 ], [ 114.061523155280341, 22.521515754932377 ], [ 114.060990837354581, 22.521123922915677 ] ] } },
{ "type": "Feature", "properties": { "arc": 260, "wealthier": 0.44593229759662389, "beautiful": 0.40674225953853288, "livelier": 0.53232574727867821, "depressing": 0.55244783237828976, "safer": 0.37296872881791288, "boring": 0.4605974306671482, "human": 0.00011371430896570001, "vehicle": 0.033521743047805003, "construction": 0.074025774758959495, "nature": 0.26704854813833079, "sky": 0.37938405597020702, "object": 0.0027605692545572, "PI": 0.33083388342124659, "NI": 0.32999906724462624, "length": 532.7022501, "source": 425, "target": 432, "direction": "bi-directional", "flow": 114.0, "flow_pct": 0.084225458252986676, "flow_rank": 363 }, "geometry": { "type": "LineString", "coordinates": [ [ 114.063094449397056, 22.531669191194403 ], [ 114.064845908029966, 22.531678820945711 ], [ 114.065398255096127, 22.531697979650403 ], [ 114.068271936577148, 22.531740196156413 ] ] } },
{ "type": "Feature", "properties": { "arc": 261, "wealthier": 0.38315920264995162, "beautiful": 0.2606757324521688, "livelier": 0.5621159702704569, "depressing": 0.68864068539405521, "safer": 0.32717678331117672, "boring": 0.54180858668941922, "human": 0.0011454264322916, "vehicle": 0.023916269938150998, "construction": 0.14018821716308591, "nature": 0.14316879272460931, "sky": 0.43639363606770831, "object": 0.0055251820882161002, "PI": 0.2726232588551446, "NI": 0.41593131359397578, "length": 647.0642455, "source": 408, "target": 413, "direction": "bi-directional", "flow": 88.0, "flow_pct": 0.065016143212831834, "flow_rank": 406 }, "geometry": { "type": "LineString", "coordinates": [ [ 114.058245539240673, 22.53159376824194 ], [ 114.058472334343804, 22.530674810599841 ], [ 114.059442689586717, 22.52701610022314 ], [ 114.059719789565392, 22.525913453189627 ] ] } },
{ "type": "Feature", "properties": { "arc": 262, "wealthier": 0.48341750233475789, "beautiful": 0.48770232619555881, "livelier": 0.54005460268217853, "depressing": 0.47625833002780271, "safer": 0.43985189287351978, "boring": 0.45806006277754602, "human": 0.0001060243636842, "vehicle": 0.038904644194103402, "construction": 0.094581210424029602, "nature": 0.33313866267128589, "sky": 0.30201197427416598, "object": 0.0035029214525979001, "PI": 0.38192466664504349, "NI": 0.30950413534604015, "length": 498.9151783, "source": 408, "target": 425, "direction": "bi-directional", "flow": 151.0, "flow_pct": 0.11156179119474552, "flow_rank": 295 }, "geometry": { "type": "LineString", "coordinates": [ [ 114.058245539240673, 22.53159376824194 ], [ 114.058804452653916, 22.53160788200648 ], [ 114.060286579546329, 22.531610772309293 ], [ 114.063094449397056, 22.531669191194403 ] ] } },
{ "type": "Feature", "properties": { "arc": 263, "wealthier": 0.3848030766728433, "beautiful": 0.37002201602319978, "livelier": 0.39684024587590772, "depressing": 0.6008958147179394, "safer": 0.3457706746335808, "boring": 0.61054512184106047, "human": 0.0001139958699544, "vehicle": 0.029121398925781201, "construction": 0.043115297953287703, "nature": 0.27738653818766268, "sky": 0.41909796396891269, "object": 0.0033607482910155998, "PI": 0.28486410438096355, "NI": 0.36652665100559351, "length": 267.9844398, "source": 398, "target": 385, "direction": "bi-directional", "flow": 129.0, "flow_pct": 0.09530775539153756, "flow_rank": 333 }, "geometry": { "type": "LineString", "coordinates": [ [ 114.056138127254542, 22.531559621973482 ], [ 114.053533807400797, 22.531504127007317 ] ] } },
{ "type": "Feature", "properties": { "arc": 264, "wealthier": 0.53616556232190593, "beautiful": 0.46910333357574868, "livelier": 0.5103816790216209, "depressing": 0.50751726840416944, "safer": 0.43481140431727011, "boring": 0.52908315264807948, "human": 0.00019779911747680001, "vehicle": 0.065084881252712598, "construction": 0.092200243914568797, "nature": 0.19594015898527919, "sky": 0.35607973734537768, "object": 0.0029144287109375, "PI": 0.3478157281697507, "NI": 0.3574166862773927, "length": 216.8894238, "source": 398, "target": 408, "direction": "bi-directional", "flow": 128.0, "flow_pct": 0.094568935582300825, "flow_rank": 334 }, "geometry": { "type": "LineString", "coordinates": [ [ 114.056138127254542, 22.531559621973482 ], [ 114.057678923842786, 22.531564001872916 ], [ 114.058245539240673, 22.53159376824194 ] ] } },
{ "type": "Feature", "properties": { "arc": 265, "wealthier": 0.3678715745131631, "beautiful": 0.34349320187866228, "livelier": 0.4204507967285413, "depressing": 0.65565687105082182, "safer": 0.32118685390443469, "boring": 0.62087470427703995, "human": 0.000338872273763, "vehicle": 0.035218497117360401, "construction": 0.12535268068313599, "nature": 0.13283483187357581, "sky": 0.4649479985237121, "object": 0.0036111871401468001, "PI": 0.24398302846915201, "NI": 0.42354105467869391, "length": 876.9227587, "source": 330, "target": 358, "direction": "bi-directional", "flow": 112.0, "flow_pct": 0.082747818634513234, "flow_rank": 367 }, "geometry": { "type": "LineString", "coordinates": [ [ 114.036139644209285, 22.530547425596584 ], [ 114.036767879075427, 22.530548180334048 ], [ 114.037107658245588, 22.530567833401086 ], [ 114.043470785824084, 22.531258554428764 ], [ 114.044614188489916, 22.531365664286227 ] ] } },
{ "type": "Feature", "properties": { "arc": 266, "wealthier": 0.3775889648785446, "beautiful": 0.3669676670347477, "livelier": 0.33163186847584669, "depressing": 0.61801934207897524, "safer": 0.32440847420631608, "boring": 0.6833887678100562, "human": 0.00020315382215709999, "vehicle": 0.016103278266059, "construction": 0.092410829332139705, "nature": 0.18233176337348089, "sky": 0.45815972222222218, "object": 0.0050226423475476997, "PI": 0.24398526967944981, "NI": 0.40973176779971782, "length": 389.7013051, "source": 358, "target": 359, "direction": "bi-directional", "flow": 178.0, "flow_pct": 0.13150992604413708, "flow_rank": 246 }, "geometry": { "type": "LineString", "coordinates": [ [ 114.044614188489916, 22.531365664286227 ], [ 114.044997369738311, 22.52829878332382 ], [ 114.045066559426274, 22.527871921066613 ] ] } },
{ "type": "Feature", "properties": { "arc": 267, "wealthier": 0.35898931792390443, "beautiful": 0.41213456506773571, "livelier": 0.39261608937869458, "depressing": 0.6013675910300541, "safer": 0.32574852516517788, "boring": 0.62993346047675769, "human": 3.0018034435453871e-05, "vehicle": 0.038519450596400599, "construction": 0.076385180155436105, "nature": 0.26629974728538869, "sky": 0.38293529692150291, "object": 0.003515152704148, "PI": 0.28009641866575635, "NI": 0.37865317073211185, "length": 349.3571833, "source": 366, "target": 381, "direction": "bi-directional", "flow": 229.0, "flow_pct": 0.16918973631521009, "flow_rank": 180 }, "geometry": { "type": "LineString", "coordinates": [ [ 114.048017612472677, 22.531424226192588 ], [ 114.051412848855534, 22.531491374343073 ] ] } },
{ "type": "Feature", "properties": { "arc": 268, "wealthier": 0.32522608727302038, "beautiful": 0.2666870892129638, "livelier": 0.52178493604268972, "depressing": 0.72006723379908455, "safer": 0.28868548125589999, "boring": 0.47513243513141812, "human": 0.00041770935058589999, "vehicle": 0.017845927805140299, "construction": 0.1739265884178271, "nature": 0.13571498704993201, "sky": 0.41355207692021911, "object": 0.0030190841011379001, "PI": 0.23809746929605755, "NI": 0.39483683718841972, "length": 630.5739653000001, "source": 381, "target": 382, "direction": "bi-directional", "flow": 120.0, "flow_pct": 0.08865837710840703, "flow_rank": 353 }, "geometry": { "type": "LineString", "coordinates": [ [ 114.051412848855534, 22.531491374343073 ], [ 114.051482424433388, 22.528883440663392 ], [ 114.051533935581915, 22.525798232154742 ] ] } },
{ "type": "Feature", "properties": { "arc": 269, "wealthier": 0.4683244757181958, "beautiful": 0.47999790247958363, "livelier": 0.46289470158524237, "depressing": 0.53335165858773759, "safer": 0.39653747404336559, "boring": 0.59420369637607318, "human": 0.0001013014051649, "vehicle": 0.029708085236725901, "construction": 0.1416016331425419, "nature": 0.2304326516610605, "sky": 0.36833268624764898, "object": 0.0031885924162687999, "PI": 0.32959412255259374, "NI": 0.36864635580047517, "length": 218.1938064, "source": 381, "target": 385, "direction": "bi-directional", "flow": 143.0, "flow_pct": 0.10565123272085171, "flow_rank": 310 }, "geometry": { "type": "LineString", "coordinates": [ [ 114.051412848855534, 22.531491374343073 ], [ 114.053533807400797, 22.531504127007317 ] ] } },
{ "type": "Feature", "properties": { "arc": 270, "wealthier": 0.3844048803476775, "beautiful": 0.3089713251534289, "livelier": 0.40514365635522098, "depressing": 0.65693076234908265, "safer": 0.2963686143749133, "boring": 0.64041631664044585, "human": 0.00037888118198930001, "vehicle": 0.0304431007021949, "construction": 0.14468656267438609, "nature": 0.13575217837379089, "sky": 0.4428492046537853, "object": 0.0045181001935686001, "PI": 0.23441402419563287, "NI": 0.42939267447997786, "length": 350.2025947, "source": 358, "target": 366, "direction": "bi-directional", "flow": 229.0, "flow_pct": 0.16918973631521009, "flow_rank": 180 }, "geometry": { "type": "LineString", "coordinates": [ [ 114.044614188489916, 22.531365664286227 ], [ 114.045683536952112, 22.531400553090325 ], [ 114.048017612472677, 22.531424226192588 ] ] } },
{ "type": "Feature", "properties": { "arc": 271, "wealthier": 0.30194019129768318, "beautiful": 0.26863732525061162, "livelier": 0.31335984757520519, "depressing": 0.71435848102651067, "safer": 0.24951044568629979, "boring": 0.72642927066971008, "human": 0.00073348774629480005, "vehicle": 0.015868373945647499, "construction": 0.10320902805702351, "nature": 0.096641634024825701, "sky": 0.53780705321068856, "object": 0.0038855683569814, "PI": 0.18127060745781795, "NI": 0.4531540034818447, "length": 936.2255993, "source": 315, "target": 320, "direction": "bi-directional", "flow": 541.0, "flow_pct": 0.39970151679706839, "flow_rank": 59 }, "geometry": { "type": "LineString", "coordinates": [ [ 114.025583320111593, 22.531275561503033 ], [ 114.025891352196879, 22.530710509790225 ], [ 114.026191965723768, 22.530250620754156 ], [ 114.026733015877682, 22.529641718504205 ], [ 114.026939870351356, 22.529432114308776 ], [ 114.027052262700849, 22.529340868443231 ], [ 114.027306839379534, 22.529186656061 ], [ 114.032662208751375, 22.526228607875382 ] ] } },
{ "type": "Feature", "properties": { "arc": 272, "wealthier": 0.2242158350461006, "beautiful": 0.25210611941894578, "livelier": 0.3787615034850782, "depressing": 0.74316780357333845, "safer": 0.2061887984981641, "boring": 0.66400120476113089, "human": 7.7446301778157561e-05, "vehicle": 0.027567962805429998, "construction": 0.088484545548756899, "nature": 0.1114755272865295, "sky": 0.51083391904830933, "object": 0.0050775210062662, "PI": 0.16534078135136052, "NI": 0.45105285871006923, "length": 858.2050015, "source": 315, "target": 324, "direction": "bi-directional", "flow": 234.0, "flow_pct": 0.17288383536139371, "flow_rank": 173 }, "geometry": { "type": "LineString", "coordinates": [ [ 114.025583320111593, 22.531275561503033 ], [ 114.027971498239538, 22.530689710591389 ], [ 114.028894538224293, 22.530479204841065 ], [ 114.029527035706195, 22.530352347919202 ], [ 114.030209375024953, 22.53025396923379 ], [ 114.031115550320735, 22.530175459872126 ], [ 114.032109131068708, 22.530135756158963 ], [ 114.033033161320091, 22.530151142322566 ], [ 114.033785213759813, 22.530217795553547 ] ] } },
{ "type": "Feature", "properties": { "arc": 274, "wealthier": 0.35260201581345418, "beautiful": 0.34540442803433008, "livelier": 0.37676925590294769, "depressing": 0.63004058314041034, "safer": 0.30402045399629701, "boring": 0.6374569030269186, "human": 8.8272094726562516e-05, "vehicle": 0.0310618718465169, "construction": 0.052322285970052, "nature": 0.1769236628214518, "sky": 0.48793217976888009, "object": 0.0040531667073566997, "PI": 0.23808547472970032, "NI": 0.40414262302619769, "length": 1256.054391, "source": 305, "target": 288, "direction": "bi-directional", "flow": 677.0, "flow_pct": 0.50018101085326294, "flow_rank": 25 }, "geometry": { "type": "LineString", "coordinates": [ [ 114.016332564891925, 22.531250413738395 ], [ 114.015144195144543, 22.530944272824367 ], [ 114.014688379159992, 22.530859772757108 ], [ 114.011793522088809, 22.530188431747064 ], [ 114.01032039254207, 22.529878908476231 ], [ 114.009565490804121, 22.529744467706166 ], [ 114.008913952934719, 22.529667699201095 ], [ 114.007906633442587, 22.529621489501906 ], [ 114.007496729030649, 22.529624991813371 ], [ 114.007019588717938, 22.529649920125848 ], [ 114.005539203943883, 22.529797471363686 ], [ 114.004344070146672, 22.529953950630947 ] ] } },
{ "type": "Feature", "properties": { "arc": 275, "wealthier": 0.8499940256944496, "beautiful": 0.74117960138494654, "livelier": 0.7499046154561464, "depressing": 0.20302579258938061, "safer": 0.77206134335453747, "boring": 0.2139961672942981, "human": 0.00083633916294979999, "vehicle": 0.0137822639882861, "construction": 0.041729239088978902, "nature": 0.38034209445934392, "sky": 0.32676764151350202, "object": 0.0054765672826054997, "PI": 0.61217731450355573, "NI": 0.20026786715327496, "length": 1817.801166, "source": 305, "target": 316, "direction": "bi-directional", "flow": 19.0, "flow_pct": 0.014037576375497782, "flow_rank": 672 }, "geometry": { "type": "LineString", "coordinates": [ [ 114.016332564891925, 22.531250413738395 ], [ 114.016565175082462, 22.530286113648142 ], [ 114.01678127943525, 22.529612320053548 ], [ 114.017017640407516, 22.529050570232922 ], [ 114.017364730755261, 22.528390547195105 ], [ 114.017668768785541, 22.527920256080783 ], [ 114.017917317695364, 22.527587842832784 ], [ 114.01816988655645, 22.52728003139179 ], [ 114.018572689091556, 22.526849587402431 ], [ 114.019062428375761, 22.526406973972851 ], [ 114.019699632319899, 22.525920374927708 ], [ 114.020282834700126, 22.525556506343854 ], [ 114.021101657196439, 22.525114211026768 ], [ 114.028996892428793, 22.520736471400319 ] ] } },
{ "type": "Feature", "properties": { "arc": 276, "wealthier": 0.45948703447997929, "beautiful": 0.39372662137702191, "livelier": 0.54371236855240668, "depressing": 0.59525489882291538, "safer": 0.36482957989855608, "boring": 0.543407775214924, "human": 0.00029806997261789999, "vehicle": 0.0135864183014514, "construction": 0.100447935216567, "nature": 0.22419013229070919, "sky": 0.4225695366952934, "object": 0.0056230881634880001, "PI": 0.32318569909944295, "NI": 0.37559267586238959, "length": 432.6568499, "source": 96, "target": 98, "direction": "bi-directional", "flow": 159.0, "flow_pct": 0.11747234966863931, "flow_rank": 274 }, "geometry": { "type": "LineString", "coordinates": [ [ 113.924371445872012, 22.529562731903482 ], [ 113.924365558085427, 22.528248299172628 ], [ 113.924394292707802, 22.527622174879703 ], [ 113.924437282381604, 22.527247300775926 ], [ 113.924547210864674, 22.526602633083623 ], [ 113.924666045075739, 22.525672953856674 ] ] } },
{ "type": "Feature", "properties": { "arc": 277, "wealthier": 0.68080923206531685, "beautiful": 0.57497792049137164, "livelier": 0.72938489534630602, "depressing": 0.35708360242834009, "safer": 0.59103095529762362, "boring": 0.30024054836182729, "human": 0.0029328940571218, "vehicle": 0.031498950460682698, "construction": 0.094836248867753603, "nature": 0.3970300978508548, "sky": 0.2241166432698567, "object": 0.0083944071894105996, "PI": 0.54721528185232782, "NI": 0.26307106259023416, "length": 651.7499299, "source": 96, "target": 120, "direction": "bi-directional", "flow": 82.0, "flow_pct": 0.060583224357411473, "flow_rank": 425 }, "geometry": { "type": "LineString", "coordinates": [ [ 113.924371445872012, 22.529562731903482 ], [ 113.924832082358293, 22.529257213552508 ], [ 113.925690458846674, 22.528778699446445 ], [ 113.92597886299221, 22.528637127616683 ], [ 113.926230354721994, 22.528555859184259 ], [ 113.926681722947919, 22.528485461407829 ], [ 113.929637956475815, 22.52817424520946 ], [ 113.930374379926178, 22.528082609333829 ] ] } },
{ "type": "Feature", "properties": { "arc": 278, "wealthier": 0.91539733184770178, "beautiful": 0.66747615456328502, "livelier": 0.98506650906329418, "depressing": 0.17975154885155811, "safer": 0.79406068348202974, "boring": 0.0, "human": 0.0023947954177855999, "vehicle": 0.015984336535135899, "construction": 0.035082896550496401, "nature": 0.51277693112691247, "sky": 0.16871094703674319, "object": 0.0036803881327311001, "PI": 0.71228589133533815, "NI": 0.10339106346671807, "length": 518.0748291, "source": 194, "target": 188, "direction": "bi-directional", "flow": 0.0, "flow_pct": 0.0, "flow_rank": 766 }, "geometry": { "type": "LineString", "coordinates": [ [ 113.947506804539614, 22.530084996801254 ], [ 113.947571974259148, 22.52788967777612 ], [ 113.947554153365601, 22.52768855709882 ], [ 113.947486486053634, 22.527546459489667 ], [ 113.947355964986897, 22.527460507261914 ], [ 113.947129576440716, 22.527419285340834 ], [ 113.945859488639002, 22.527405758334996 ], [ 113.945233117734844, 22.527421748435525 ] ] } },
{ "type": "Feature", "properties": { "arc": 279, "wealthier": 0.43318954305911128, "beautiful": 0.42714521017493973, "livelier": 0.4325263088039365, "depressing": 0.54352299116575575, "safer": 0.39864542432911138, "boring": 0.62376171795402113, "human": 5.9735947760982803e-05, "vehicle": 0.032882137575011301, "construction": 0.051807762919992603, "nature": 0.2008792490198992, "sky": 0.4779617198999378, "object": 0.0028577334638953998, "PI": 0.30015452098302481, "NI": 0.3771580542364128, "length": 691.277636, "source": 207, "target": 198, "direction": "bi-directional", "flow": 115.0, "flow_pct": 0.084964278062223397, "flow_rank": 359 }, "geometry": { "type": "LineString", "coordinates": [ [ 113.949890289622147, 22.530131805070617 ], [ 113.949780735260717, 22.529076182004644 ], [ 113.948982637412243, 22.523947525857306 ] ] } },
{ "type": "Feature", "properties": { "arc": 280, "wealthier": 0.59261847277424051, "beautiful": 0.4817277775930161, "livelier": 0.60707237191812369, "depressing": 0.42684348173068298, "safer": 0.50763205759452434, "boring": 0.40505865359756837, "human": 0.00044123331705720002, "vehicle": 0.0148348490397135, "construction": 0.117276382446289, "nature": 0.34016946156819661, "sky": 0.28977991739908848, "object": 0.0041022618611652999, "PI": 0.43057182579240716, "NI": 0.28117931432039295, "length": 245.2625523, "source": 194, "target": 207, "direction": "bi-directional", "flow": 115.0, "flow_pct": 0.084964278062223397, "flow_rank": 359 }, "geometry": { "type": "LineString", "coordinates": [ [ 113.947506804539614, 22.530084996801254 ], [ 113.948843891223021, 22.530120784493665 ], [ 113.949890289622147, 22.530131805070617 ] ] } },
{ "type": "Feature", "properties": { "arc": 282, "wealthier": 0.57063147369024425, "beautiful": 0.4546676861431726, "livelier": 0.53326967175214546, "depressing": 0.43334060962250992, "safer": 0.49234271133486418, "boring": 0.39757060641629011, "human": 0.001112429300944, "vehicle": 0.0103883743286132, "construction": 0.1123896280924479, "nature": 0.22673428853352859, "sky": 0.39789435068766271, "object": 0.0068658828735351004, "PI": 0.38477344572647237, "NI": 0.32282383060197245, "length": 220.0115007, "source": 175, "target": 187, "direction": "bi-directional", "flow": 57.0, "flow_pct": 0.042112729126493338, "flow_rank": 501 }, "geometry": { "type": "LineString", "coordinates": [ [ 113.943058101001753, 22.530020180500745 ], [ 113.944744530671215, 22.530046743787018 ], [ 113.945195962701419, 22.530067371062611 ] ] } },
{ "type": "Feature", "properties": { "arc": 283, "wealthier": 0.82974241765841694, "beautiful": 0.65481990096094833, "livelier": 0.84653522024960037, "depressing": 0.26464501863037521, "safer": 0.75173740793393473, "boring": 0.16974160497913171, "human": 0.00093084393125589997, "vehicle": 0.015844056100556302, "construction": 0.034290429317589903, "nature": 0.54680217396129249, "sky": 0.11320310650449809, "object": 0.0046958923339843004, "PI": 0.65075305350790191, "NI": 0.13917534446029214, "length": 292.9951897, "source": 187, "target": 188, "direction": "bi-directional", "flow": 48.0, "flow_pct": 0.035463350843362815, "flow_rank": 538 }, "geometry": { "type": "LineString", "coordinates": [ [ 113.945195962701419, 22.530067371062611 ], [ 113.945223608517949, 22.528305649334431 ], [ 113.945233117734844, 22.527421748435525 ] ] } },
{ "type": "Feature", "properties": { "arc": 284, "wealthier": 0.71174618295367176, "beautiful": 0.57469957032134877, "livelier": 0.67886101077159133, "depressing": 0.34135573140324121, "safer": 0.59486489651096497, "boring": 0.29069504555059911, "human": 0.00069465637207030001, "vehicle": 0.0156985600789388, "construction": 0.1053684870402018, "nature": 0.31822210947672519, "sky": 0.31698354085286462, "object": 0.0042012532552083001, "PI": 0.49536613230593912, "NI": 0.25042470638801878, "length": 237.7335338, "source": 187, "target": 194, "direction": "bi-directional", "flow": 0.0, "flow_pct": 0.0, "flow_rank": 766 }, "geometry": { "type": "LineString", "coordinates": [ [ 113.945195962701419, 22.530067371062611 ], [ 113.947506804539614, 22.530084996801254 ] ] } },
{ "type": "Feature", "properties": { "arc": 285, "wealthier": 0.50457008093099187, "beautiful": 0.42697048573304691, "livelier": 0.60134460513904953, "depressing": 0.53641999867800483, "safer": 0.4453900302816084, "boring": 0.4626760200044035, "human": 0.0019842924895109, "vehicle": 0.016474292896412002, "construction": 0.17034406308774591, "nature": 0.15176538538049769, "sky": 0.39801452071578403, "object": 0.0070156097412108999, "PI": 0.36551207487578469, "NI": 0.37716126473509276, "length": 1168.784505, "source": 171, "target": 120, "direction": "bi-directional", "flow": 22.0, "flow_pct": 0.016254035803207958, "flow_rank": 648 }, "geometry": { "type": "LineString", "coordinates": [ [ 113.940925761906939, 22.530003889029082 ], [ 113.940319052348244, 22.529981413730635 ], [ 113.939902017154665, 22.529931351613502 ], [ 113.939438717256976, 22.529809949843525 ], [ 113.939227509508584, 22.529731137449112 ], [ 113.939033293891711, 22.529639373826363 ], [ 113.938674838569568, 22.529414202028249 ], [ 113.938348657876858, 22.529136575108705 ], [ 113.938133007206304, 22.52888783572179 ], [ 113.937793394458438, 22.528403415819632 ], [ 113.9376445553211, 22.528250369999338 ], [ 113.937522346111948, 22.528160198496437 ], [ 113.937396942949732, 22.528092182353944 ], [ 113.937247679257041, 22.528034685167757 ], [ 113.937103646633616, 22.52800039767618 ], [ 113.936824725617967, 22.527974192892341 ], [ 113.936099513816487, 22.527976398614197 ], [ 113.934257085662693, 22.528020120413185 ], [ 113.930374379926178, 22.528082609333829 ] ] } },
{ "type": "Feature", "properties": { "arc": 286, "wealthier": 0.61105956984344501, "beautiful": 0.43530375353453921, "livelier": 0.64141063143318822, "depressing": 0.47483477788220663, "safer": 0.50401377171296224, "boring": 0.2993287163935317, "human": 0.0014562960024233, "vehicle": 0.013397216796874899, "construction": 0.079510370890299401, "nature": 0.17565352828414349, "sky": 0.44680242185239438, "object": 0.0065598664460357996, "PI": 0.40283866575550037, "NI": 0.31627793997759052, "length": 293.3042903, "source": 171, "target": 172, "direction": "bi-directional", "flow": 75.0, "flow_pct": 0.055411485692754399, "flow_rank": 445 }, "geometry": { "type": "LineString", "coordinates": [ [ 113.940925761906939, 22.530003889029082 ], [ 113.940966503515568, 22.527355514191445 ] ] } },
{ "type": "Feature", "properties": { "arc": 287, "wealthier": 0.49142254688020182, "beautiful": 0.38644099204229981, "livelier": 0.52667604580105565, "depressing": 0.53127147675329578, "safer": 0.39640757872190852, "boring": 0.40324999099970188, "human": 0.00087667394567410002, "vehicle": 0.015453126695421, "construction": 0.093352353131329502, "nature": 0.20063266047724959, "sky": 0.43956043102123121, "object": 0.0064339107937281996, "PI": 0.33093220820298719, "NI": 0.34802336072928441, "length": 219.3697515, "source": 171, "target": 175, "direction": "bi-directional", "flow": 17.0, "flow_pct": 0.012559936757024329, "flow_rank": 677 }, "geometry": { "type": "LineString", "coordinates": [ [ 113.940925761906939, 22.530003889029082 ], [ 113.943058101001753, 22.530020180500745 ] ] } },
{ "type": "Feature", "properties": { "arc": 288, "wealthier": 0.64637421741601297, "beautiful": 0.64862224770754329, "livelier": 0.51744863094181348, "depressing": 0.33895510686385127, "safer": 0.62722149707177788, "boring": 0.47291468651353441, "human": 0.00045624990311869998, "vehicle": 0.0094421931675501992, "construction": 0.049271628970191501, "nature": 0.29645880441817019, "sky": 0.37149111429850262, "object": 0.0044595627557662996, "PI": 0.46342157562995917, "NI": 0.27586910332217512, "length": 512.6961796000001, "source": 280, "target": 275, "direction": "bi-directional", "flow": 75.0, "flow_pct": 0.055411485692754399, "flow_rank": 445 }, "geometry": { "type": "LineString", "coordinates": [ [ 113.993419153338593, 22.531076856889992 ], [ 113.992587280336451, 22.530951572672461 ], [ 113.988525034376835, 22.530204805890669 ] ] } },
{ "type": "Feature", "properties": { "arc": 289, "wealthier": 0.27971893368895839, "beautiful": 0.30464755335996208, "livelier": 0.3341235059383233, "depressing": 0.7264291387365619, "safer": 0.24365954329961381, "boring": 0.75680550154370474, "human": 0.00014813741048169999, "vehicle": 0.0062731504440307001, "construction": 0.031673471132914202, "nature": 0.1492831309636434, "sky": 0.5609626372655232, "object": 0.0036603212356567001, "PI": 0.1929224087541169, "NI": 0.43550824019945572, "length": 423.5979395, "source": 280, "target": 281, "direction": "bi-directional", "flow": 5.0, "flow_pct": 0.0036940990461836261, "flow_rank": 750 }, "geometry": { "type": "LineString", "coordinates": [ [ 113.993419153338593, 22.531076856889992 ], [ 113.993777883848381, 22.528819196871229 ], [ 113.994001262088787, 22.527290093504611 ] ] } },
{ "type": "Feature", "properties": { "arc": 290, "wealthier": 0.64185321165354081, "beautiful": 0.68187454625527821, "livelier": 0.6019814131496285, "depressing": 0.26579141837880338, "safer": 0.68806618648576845, "boring": 0.38567219244692441, "human": 0.00030829689719459998, "vehicle": 0.0064030271587949003, "construction": 0.069544358686967303, "nature": 0.31806460293856531, "sky": 0.38895728371360078, "object": 0.0050034956498579003, "PI": 0.49931341879416119, "NI": 0.25969839141445666, "length": 319.3079738, "source": 241, "target": 242, "direction": "bi-directional", "flow": 0.0, "flow_pct": 0.0, "flow_rank": 766 }, "geometry": { "type": "LineString", "coordinates": [ [ 113.965885020633678, 22.531009450983777 ], [ 113.96587410839912, 22.530435132719514 ], [ 113.965896514477478, 22.529123713176219 ], [ 113.965931476173523, 22.528126766795332 ] ] } },
{ "type": "Feature", "properties": { "arc": 291, "wealthier": 0.30460875800727411, "beautiful": 0.25551681616013111, "livelier": 0.4418714904007115, "depressing": 0.74071827890388531, "safer": 0.2484502356424009, "boring": 0.68780010918781131, "human": 0.00019248326619459999, "vehicle": 0.049207329750061, "construction": 0.13603472709655759, "nature": 0.083213607470194503, "sky": 0.47447899977366131, "object": 0.0031671126683553001, "PI": 0.19393735459902753, "NI": 0.46439996266793182, "length": 409.3062584, "source": 310, "target": 305, "direction": "bi-directional", "flow": 665.0, "flow_pct": 0.49131517314242223, "flow_rank": 27 }, "geometry": { "type": "LineString", "coordinates": [ [ 114.020218182492613, 22.532037389900754 ], [ 114.01924205696416, 22.53188480797699 ], [ 114.018342474822219, 22.531695065441895 ], [ 114.016863043565522, 22.531352551460298 ], [ 114.016332564891925, 22.531250413738395 ] ] } },
{ "type": "Feature", "properties": { "arc": 292, "wealthier": 0.28970139274303258, "beautiful": 0.25206642832524068, "livelier": 0.46449487248132698, "depressing": 0.73259958251106172, "safer": 0.24343478273659491, "boring": 0.64947650564526649, "human": 0.00023796444847469999, "vehicle": 0.042086798047262501, "construction": 0.20843039618598089, "nature": 0.059595168582976803, "sky": 0.44120794629293769, "object": 0.0056269812205481003, "PI": 0.18889898756263016, "NI": 0.48020208261680208, "length": 561.6711309, "source": 310, "target": 315, "direction": "bi-directional", "flow": 577.0, "flow_pct": 0.42629902992959046, "flow_rank": 48 }, "geometry": { "type": "LineString", "coordinates": [ [ 114.020218182492613, 22.532037389900754 ], [ 114.020964153730617, 22.532062883697197 ], [ 114.02128545212355, 22.532060349750129 ], [ 114.022098456744615, 22.532008170200768 ], [ 114.022696652122988, 22.531937306429519 ], [ 114.023346640753388, 22.531816403786724 ], [ 114.025583320111593, 22.531275561503033 ] ] } },
{ "type": "Feature", "properties": { "arc": 293, "wealthier": 0.78589681626821051, "beautiful": 0.74598243054635716, "livelier": 0.66894509639260957, "depressing": 0.27272995529372962, "safer": 0.77986347498770725, "boring": 0.3741631115912824, "human": 0.0016234185960557, "vehicle": 0.0127875010172526, "construction": 0.120864020453559, "nature": 0.30590947469075519, "sky": 0.32953193452623158, "object": 0.0069227748446994003, "PI": 0.57878870775196056, "NI": 0.27553334979629734, "length": 321.7995185, "source": 234, "target": 237, "direction": "bi-directional", "flow": 6.0, "flow_pct": 0.0044329188554203518, "flow_rank": 744 }, "geometry": { "type": "LineString", "coordinates": [ [ 113.962238798747578, 22.531003508312221 ], [ 113.962242366324503, 22.530367533033413 ], [ 113.96228695923638, 22.528784496363699 ], [ 113.962308045722168, 22.528533632304072 ], [ 113.962374717329482, 22.528103289692385 ] ] } },
{ "type": "Feature", "properties": { "arc": 294, "wealthier": 0.60188614503685356, "beautiful": 0.65218830419800156, "livelier": 0.50157213971099668, "depressing": 0.32627780322688738, "safer": 0.6249371879148552, "boring": 0.51461555136322712, "human": 0.00051775432768319995, "vehicle": 0.012142544700985801, "construction": 0.1016512371244884, "nature": 0.35993725912911551, "sky": 0.30239014398483999, "object": 0.0097288858322869994, "PI": 0.46951749458596526, "NI": 0.3128614530083576, "length": 375.0994608, "source": 234, "target": 241, "direction": "bi-directional", "flow": 0.0, "flow_pct": 0.0, "flow_rank": 766 }, "geometry": { "type": "LineString", "coordinates": [ [ 113.962238798747578, 22.531003508312221 ], [ 113.965885020633678, 22.531009450983777 ] ] } },
{ "type": "Feature", "properties": { "arc": 295, "wealthier": 0.52640115325233372, "beautiful": 0.53237984771519908, "livelier": 0.49110680910724458, "depressing": 0.40835676291459028, "safer": 0.54219398939736929, "boring": 0.46669375392990009, "human": 0.00052765437534870005, "vehicle": 0.0103712990170433, "construction": 0.087133180527459997, "nature": 0.2234598341442289, "sky": 0.44488457271030979, "object": 0.0055523826962425001, "PI": 0.3837086228379516, "NI": 0.32720231407682338, "length": 334.8176341, "source": 249, "target": 250, "direction": "bi-directional", "flow": 0.0, "flow_pct": 0.0, "flow_rank": 766 }, "geometry": { "type": "LineString", "coordinates": [ [ 113.969439861647174, 22.531182957476911 ], [ 113.969475857096995, 22.530079632159175 ], [ 113.969482979400382, 22.529139767626898 ], [ 113.969518172527643, 22.528160507389838 ] ] } },
{ "type": "Feature", "properties": { "arc": 296, "wealthier": 0.85714845531690043, "beautiful": 0.77532731214924933, "livelier": 0.58356874441384265, "depressing": 0.22480457294054251, "safer": 0.80908968611978505, "boring": 0.42933211216713107, "human": 6.0752586082175918e-05, "vehicle": 0.0044660921450014003, "construction": 0.012394869769061, "nature": 0.27824963463677288, "sky": 0.45331255594889319, "object": 0.0027813381618922999, "PI": 0.55841316166236699, "NI": 0.24421790193553972, "length": 457.4536849, "source": 249, "target": 255, "direction": "bi-directional", "flow": 68.0, "flow_pct": 0.050239747028097317, "flow_rank": 461 }, "geometry": { "type": "LineString", "coordinates": [ [ 113.969439861647174, 22.531182957476911 ], [ 113.973578364379307, 22.529671710657595 ] ] } },
{ "type": "Feature", "properties": { "arc": 297, "wealthier": 0.32846481819132278, "beautiful": 0.24653915906450549, "livelier": 0.59500401767537281, "depressing": 0.66290280397719081, "safer": 0.30357325194418072, "boring": 0.4905146343400501, "human": 0.0039939880371093004, "vehicle": 0.069603983561197902, "construction": 0.2170469919840495, "nature": 0.041729015774196999, "sky": 0.4249887678358289, "object": 0.0045174068874782002, "PI": 0.27338781391450379, "NI": 0.45134214164185682, "length": 387.3845904, "source": 79, "target": 75, "direction": "bi-directional", "flow": 542.0, "flow_pct": 0.40044033660630507, "flow_rank": 58 }, "geometry": { "type": "LineString", "coordinates": [ [ 113.919486346055109, 22.530519038697452 ], [ 113.918683191152738, 22.527101310262491 ] ] } },
{ "type": "Feature", "properties": { "arc": 299, "wealthier": 0.31509731816867298, "beautiful": 0.2591732356864167, "livelier": 0.4864616245416632, "depressing": 0.64368152173705506, "safer": 0.2712783978805835, "boring": 0.55903697022671928, "human": 0.0047576339156538998, "vehicle": 0.045404822738082301, "construction": 0.1324209283899378, "nature": 0.1242850974754051, "sky": 0.4494258032904731, "object": 0.0042686815615052996, "PI": 0.27702667364007821, "NI": 0.41997872608153425, "length": 483.9180062, "source": 61, "target": 64, "direction": "bi-directional", "flow": 299.0, "flow_pct": 0.22090712296178086, "flow_rank": 123 }, "geometry": { "type": "LineString", "coordinates": [ [ 113.913657554713154, 22.53117958204497 ], [ 113.91423697780813, 22.529679357383333 ], [ 113.914437776896463, 22.529004086710913 ], [ 113.914515837324927, 22.528517453833629 ], [ 113.914629221849538, 22.527347073991894 ], [ 113.914652397429791, 22.526939232915762 ] ] } },
{ "type": "Feature", "properties": { "arc": 300, "wealthier": 0.79096962959263251, "beautiful": 0.57290032278093095, "livelier": 0.9451791389755656, "depressing": 0.27833270919687181, "safer": 0.68331867267198365, "boring": 0.1206535575978195, "human": 0.0051307413313122999, "vehicle": 0.048088550567626898, "construction": 0.094058725568983204, "nature": 0.36567203203837079, "sky": 0.2225154505835639, "object": 0.0043419996897378996, "PI": 0.64387278403422199, "NI": 0.2039996256070887, "length": 607.2547801, "source": 61, "target": 79, "direction": "bi-directional", "flow": 6.0, "flow_pct": 0.0044329188554203518, "flow_rank": 744 }, "geometry": { "type": "LineString", "coordinates": [ [ 113.913657554713154, 22.53117958204497 ], [ 113.91425421561722, 22.531196716055202 ], [ 113.915521222558709, 22.531199487598272 ], [ 113.9160486067601, 22.531182455520991 ], [ 113.916348873349193, 22.531133142662409 ], [ 113.919486346055109, 22.530519038697452 ] ] } },
{ "type": "Feature", "properties": { "arc": 301, "wealthier": 0.32163654717514678, "beautiful": 0.30839906601777889, "livelier": 0.41321735030546908, "depressing": 0.66608254373146991, "safer": 0.28718240808452189, "boring": 0.61597679451283949, "human": 0.0010697185129359, "vehicle": 0.0164032535276551, "construction": 0.108116398686948, "nature": 0.1626709371373273, "sky": 0.45752365001733741, "object": 0.0046682219574416001, "PI": 0.23882554006878656, "NI": 0.40958591918645865, "length": 604.93839, "source": 52, "target": 47, "direction": "bi-directional", "flow": 373.0, "flow_pct": 0.27557978884529849, "flow_rank": 105 }, "geometry": { "type": "LineString", "coordinates": [ [ 113.9103594690081, 22.531268355951731 ], [ 113.910151384224378, 22.528410563598008 ], [ 113.910078265325694, 22.527610683663145 ], [ 113.90996899762203, 22.526928504872597 ], [ 113.909729919784539, 22.525844991585991 ] ] } },
{ "type": "Feature", "properties": { "arc": 303, "wealthier": 0.44768138359996718, "beautiful": 0.48994006537167878, "livelier": 0.38294736470287888, "depressing": 0.48112671224097031, "safer": 0.45358884479515083, "boring": 0.61314910280856549, "human": 0.000124038211883, "vehicle": 0.0029626119704473002, "construction": 0.046733144729856402, "nature": 0.15482521057128901, "sky": 0.52965527489071806, "object": 0.0049226851690383003, "PI": 0.30346958659591156, "NI": 0.36718894212802339, "length": 1084.022479, "source": 284, "target": 280, "direction": "bi-directional", "flow": 68.0, "flow_pct": 0.050239747028097317, "flow_rank": 461 }, "geometry": { "type": "LineString", "coordinates": [ [ 114.003725984444969, 22.533077459243639 ], [ 113.996848596226386, 22.531920099168889 ], [ 113.995990895754616, 22.531728432751326 ], [ 113.994078682903449, 22.531225058611149 ], [ 113.993419153338593, 22.531076856889992 ] ] } },
{ "type": "Feature", "properties": { "arc": 304, "wealthier": 0.61705315690722684, "beautiful": 0.65829898117078178, "livelier": 0.4835627261745572, "depressing": 0.32714204811419217, "safer": 0.62386862645631114, "boring": 0.4825417822723006, "human": 6.7234039306640639e-05, "vehicle": 0.0119438701205783, "construction": 0.1384422514173719, "nature": 0.36368952857123471, "sky": 0.23817030588785801, "object": 0.0061206817626953004, "PI": 0.46485474164405227, "NI": 0.27947601686356971, "length": 351.6853162, "source": 284, "target": 288, "direction": "bi-directional", "flow": 209.0, "flow_pct": 0.15441334013047558, "flow_rank": 199 }, "geometry": { "type": "LineString", "coordinates": [ [ 114.003725984444969, 22.533077459243639 ], [ 114.004344070146672, 22.529953950630947 ] ] } },
{ "type": "Feature", "properties": { "arc": 305, "wealthier": 0.51952222543104687, "beautiful": 0.60157206449771461, "livelier": 0.50585732824524487, "depressing": 0.39897405387698009, "safer": 0.55745568182594418, "boring": 0.4906886592562526, "human": 0.00067801702590209996, "vehicle": 0.0085422879173641993, "construction": 0.096988314674014101, "nature": 0.26327051435198101, "sky": 0.38297244480678011, "object": 0.0070317586263019998, "PI": 0.41276381312137, "NI": 0.32350535147917969, "length": 162.5240472, "source": 240, "target": 241, "direction": "bi-directional", "flow": 8.0, "flow_pct": 0.0059105584738938016, "flow_rank": 731 }, "geometry": { "type": "LineString", "coordinates": [ [ 113.965795570676192, 22.532474419042945 ], [ 113.965840577195351, 22.531994665371638 ], [ 113.965885020633678, 22.531009450983777 ] ] } },
{ "type": "Feature", "properties": { "arc": 306, "wealthier": 0.81398238654059285, "beautiful": 0.74791130466968547, "livelier": 0.59194591258416551, "depressing": 0.27683360201716423, "safer": 0.74395364604357905, "boring": 0.38395635652377719, "human": 0.00020743476019960001, "vehicle": 0.0015624576144748, "construction": 0.017306518554687501, "nature": 0.31396331787109372, "sky": 0.4085431416829427, "object": 0.0025187174479165998, "PI": 0.54698524533970061, "NI": 0.23121799091367282, "length": 401.2496957, "source": 240, "target": 249, "direction": "bi-directional", "flow": 68.0, "flow_pct": 0.050239747028097317, "flow_rank": 461 }, "geometry": { "type": "LineString", "coordinates": [ [ 113.965795570676192, 22.532474419042945 ], [ 113.969439861647174, 22.531182957476911 ] ] } },
{ "type": "Feature", "properties": { "arc": 307, "wealthier": 0.51350606823773737, "beautiful": 0.36798030706206047, "livelier": 0.4944198181914215, "depressing": 0.57904292974530525, "safer": 0.3956639115289729, "boring": 0.52595174141138212, "human": 0.0004497472790704, "vehicle": 0.042113594386888498, "construction": 0.060794719751330398, "nature": 0.14078648885091141, "sky": 0.49030204441236408, "object": 0.0051740010579427002, "PI": 0.30455586664715545, "NI": 0.39360123598698155, "length": 649.1659256, "source": 39, "target": 40, "direction": "bi-directional", "flow": 0.0, "flow_pct": 0.0, "flow_rank": 766 }, "geometry": { "type": "LineString", "coordinates": [ [ 113.904845038895473, 22.531645911256291 ], [ 113.904886053751795, 22.530487759163435 ], [ 113.904929002925357, 22.527365871064273 ], [ 113.904984672425257, 22.525785432482639 ] ] } },
{ "type": "Feature", "properties": { "arc": 308, "wealthier": 0.31255881262764512, "beautiful": 0.37440088185275572, "livelier": 0.4969482056600083, "depressing": 0.58947835421320571, "safer": 0.32477404387844189, "boring": 0.51090293608683335, "human": 0.0020624796549479, "vehicle": 0.0352162679036458, "construction": 0.1144257354736328, "nature": 0.1791189829508463, "sky": 0.39932917277018232, "object": 0.0069827779134114002, "PI": 0.28897868976939706, "NI": 0.39108889886084924, "length": 572.2940399, "source": 39, "target": 52, "direction": "bi-directional", "flow": 18.0, "flow_pct": 0.013298756566261056, "flow_rank": 676 }, "geometry": { "type": "LineString", "coordinates": [ [ 113.904845038895473, 22.531645911256291 ], [ 113.905510481020187, 22.531488412612251 ], [ 113.906648337880043, 22.531273625168147 ], [ 113.906970716131511, 22.531228686310595 ], [ 113.907788774538588, 22.531220659251012 ], [ 113.9103594690081, 22.531268355951731 ] ] } },
{ "type": "Feature", "properties": { "arc": 309, "wealthier": 0.88920565608315505, "beautiful": 0.7155954666077855, "livelier": 0.87558556405294086, "depressing": 0.2489926920952798, "safer": 0.7683324864751846, "boring": 0.1879014582608402, "human": 0.0015039154977508999, "vehicle": 0.0093990094733959993, "construction": 0.0485164179946437, "nature": 0.4774565841212417, "sky": 0.16315674059318769, "object": 0.0053880864923649997, "PI": 0.67082821403002468, "NI": 0.15738269439366367, "length": 275.0886805, "source": 186, "target": 187, "direction": "bi-directional", "flow": 105.0, "flow_pct": 0.077576079969856146, "flow_rank": 376 }, "geometry": { "type": "LineString", "coordinates": [ [ 113.945156379944606, 22.532551249725426 ], [ 113.945195962701419, 22.530067371062611 ] ] } },
{ "type": "Feature", "properties": { "arc": 312, "wealthier": 0.32420959693171048, "beautiful": 0.38346283717932189, "livelier": 0.52685265013704941, "depressing": 0.54561089118253769, "safer": 0.36973912446915452, "boring": 0.4809950718850905, "human": 0.0019008318583169999, "vehicle": 0.023251851399739499, "construction": 0.15039587020874021, "nature": 0.1189090410868326, "sky": 0.4215110143025716, "object": 0.0042096773783365004, "PI": 0.28915220090538069, "NI": 0.3699596383445598, "length": 507.4460184, "source": 186, "target": 194, "direction": "bi-directional", "flow": 95.0, "flow_pct": 0.070187881877488895, "flow_rank": 393 }, "geometry": { "type": "LineString", "coordinates": [ [ 113.945156379944606, 22.532551249725426 ], [ 113.945674321891985, 22.532609619360866 ], [ 113.947085812086925, 22.532643992981431 ], [ 113.947262264875278, 22.532626174367 ], [ 113.947324812257634, 22.532600674804979 ], [ 113.947387088168227, 22.53255241152829 ], [ 113.947452750125947, 22.532422618087324 ], [ 113.94747219233443, 22.532275504218113 ], [ 113.947506804539614, 22.530084996801254 ] ] } },
{ "type": "Feature", "properties": { "arc": 313, "wealthier": 0.31648632375866559, "beautiful": 0.21115539588415211, "livelier": 0.56219236327073374, "depressing": 0.73694660719048377, "safer": 0.29113570483029377, "boring": 0.54864043313330768, "human": 0.0006980260213216, "vehicle": 0.027211316426595002, "construction": 0.18791923522949219, "nature": 0.058262443542480398, "sky": 0.45670007069905588, "object": 0.0082340876261392994, "PI": 0.21867440085149914, "NI": 0.46586184221568816, "length": 279.6300303, "source": 170, "target": 171, "direction": "bi-directional", "flow": 121.0, "flow_pct": 0.089397196917643765, "flow_rank": 349 }, "geometry": { "type": "LineString", "coordinates": [ [ 113.940875382202435, 22.532528616163034 ], [ 113.940925761906939, 22.530003889029082 ] ] } },
{ "type": "Feature", "properties": { "arc": 317, "wealthier": 0.85654269697642693, "beautiful": 0.74728228683895592, "livelier": 0.81923823811625762, "depressing": 0.16602112838495869, "safer": 0.82496181302844185, "boring": 0.1744772485278748, "human": 0.0020421680651212001, "vehicle": 0.022476848803068401, "construction": 0.12492579744573221, "nature": 0.44270883526718402, "sky": 0.1369901289019668, "object": 0.0051658028050471996, "PI": 0.66792439712971607, "NI": 0.16570255771022013, "length": 987.6536404, "source": 357, "target": 330, "direction": "bi-directional", "flow": 118.0, "flow_pct": 0.087180737489933574, "flow_rank": 355 }, "geometry": { "type": "LineString", "coordinates": [ [ 114.04455028932982, 22.534663547717908 ], [ 114.043748157656012, 22.534565382762057 ], [ 114.04327416993516, 22.534450913152391 ], [ 114.042726434005132, 22.534233734850329 ], [ 114.040969655450183, 22.533451667904433 ], [ 114.040571442161578, 22.53324238952035 ], [ 114.040148587344504, 22.532991883572237 ], [ 114.038339150594865, 22.531800687669797 ], [ 114.037869729490637, 22.531534929480639 ], [ 114.036817360683287, 22.530973740656698 ], [ 114.036139644209285, 22.530547425596584 ] ] } },
{ "type": "Feature", "properties": { "arc": 318, "wealthier": 0.38278140318390119, "beautiful": 0.35117118025027699, "livelier": 0.27683438681828698, "depressing": 0.62196788345830212, "safer": 0.31743889033772538, "boring": 0.72326270604390652, "human": 0.00014358911758809999, "vehicle": 0.0066251021165114003, "construction": 0.12923587896885011, "nature": 0.13055224296374199, "sky": 0.43772570292154939, "object": 0.0023134182661006999, "PI": 0.2163599678835457, "NI": 0.40029936747784811, "length": 365.2720129, "source": 357, "target": 358, "direction": "bi-directional", "flow": 61.0, "flow_pct": 0.045068008363440243, "flow_rank": 487 }, "geometry": { "type": "LineString", "coordinates": [ [ 114.04455028932982, 22.534663547717908 ], [ 114.044584846065575, 22.533611294678426 ], [ 114.044614188489916, 22.531365664286227 ] ] } },
{ "type": "Feature", "properties": { "arc": 319, "wealthier": 0.60041000445107429, "beautiful": 0.50406383964934065, "livelier": 0.69811262716981892, "depressing": 0.44117587790290508, "safer": 0.55062108884495042, "boring": 0.35318509917967511, "human": 0.00086176629159959996, "vehicle": 0.039706155365588601, "construction": 0.14786681006936461, "nature": 0.24674206154019221, "sky": 0.34200118569766769, "object": 0.0067561654483569997, "PI": 0.44314766139752737, "NI": 0.33335623212114135, "length": 813.0301945, "source": 309, "target": 305, "direction": "bi-directional", "flow": 0.0, "flow_pct": 0.0, "flow_rank": 766 }, "geometry": { "type": "LineString", "coordinates": [ [ 114.019735876743596, 22.534429495490564 ], [ 114.01797294227859, 22.53412669766556 ], [ 114.015714825419565, 22.533776114989472 ], [ 114.015525044993367, 22.533731230623467 ], [ 114.015419478722876, 22.533675325209657 ], [ 114.015364855764702, 22.533616553493225 ], [ 114.01533733304511, 22.533557919333276 ], [ 114.015325778047853, 22.533476581451861 ], [ 114.015330163151489, 22.53337755656478 ], [ 114.015185608640195, 22.532017587722471 ], [ 114.015155926780508, 22.531809429226175 ], [ 114.01521760337198, 22.53153805222362 ], [ 114.015562992284316, 22.531408531381501 ], [ 114.016332564891925, 22.531250413738395 ] ] } },
{ "type": "Feature", "properties": { "arc": 321, "wealthier": 0.30852127701887139, "beautiful": 0.42592261265226589, "livelier": 0.22902064292840629, "depressing": 0.56388477503922452, "safer": 0.32343234161153028, "boring": 0.76581503034874943, "human": 0.00024477640787760001, "vehicle": 0.0202226883325821, "construction": 0.032525038107847501, "nature": 0.1066051874405298, "sky": 0.56922447987091851, "object": 0.0070041754306891003, "PI": 0.20434186149924535, "NI": 0.44069775243232368, "length": 293.2851562, "source": 291, "target": 284, "direction": "bi-directional", "flow": 20.0, "flow_pct": 0.014776396184734504, "flow_rank": 663 }, "geometry": { "type": "LineString", "coordinates": [ [ 114.00627820980722, 22.534257067303912 ], [ 114.005545490355217, 22.533898010182234 ], [ 114.003725984444969, 22.533077459243639 ] ] } },
{ "type": "Feature", "properties": { "arc": 322, "wealthier": 0.4317005440726937, "beautiful": 0.30488459480124053, "livelier": 0.55126190843033629, "depressing": 0.67732292773719893, "safer": 0.37200527107314202, "boring": 0.58539791017652953, "human": 0.0012632581922743, "vehicle": 0.0250894758436414, "construction": 0.21604559156629771, "nature": 0.094124857584635402, "sky": 0.40596271091037328, "object": 0.0051097869873045999, "PI": 0.28413694800186967, "NI": 0.4360314180802502, "length": 427.0590647, "source": 407, "target": 408, "direction": "bi-directional", "flow": 65.0, "flow_pct": 0.048023287600387141, "flow_rank": 473 }, "geometry": { "type": "LineString", "coordinates": [ [ 114.058157759394021, 22.535449265822283 ], [ 114.058198464049653, 22.533769128641605 ], [ 114.058204975733446, 22.532874761973659 ], [ 114.058245539240673, 22.53159376824194 ] ] } },
{ "type": "Feature", "properties": { "arc": 324, "wealthier": 0.35775571790841432, "beautiful": 0.32532812291787, "livelier": 0.42000215521434492, "depressing": 0.66193612184391926, "safer": 0.3228816795146614, "boring": 0.63883751977256831, "human": 0.00073899163140189999, "vehicle": 0.022997623019748201, "construction": 0.20399958292643219, "nature": 0.093193732367621504, "sky": 0.41194004482693142, "object": 0.0033679962158202998, "PI": 0.23417261515001966, "NI": 0.42823959413797202, "length": 429.2876137, "source": 424, "target": 425, "direction": "bi-directional", "flow": 113.0, "flow_pct": 0.083486638443749955, "flow_rank": 366 }, "geometry": { "type": "LineString", "coordinates": [ [ 114.063019210680196, 22.535545039005545 ], [ 114.06302379695245, 22.534481309527234 ], [ 114.063094449397056, 22.531669191194403 ] ] } },
{ "type": "Feature", "properties": { "arc": 326, "wealthier": 0.36800129407083459, "beautiful": 0.26829561891717341, "livelier": 0.56502008193218423, "depressing": 0.6791737757202142, "safer": 0.31878662174620448, "boring": 0.54320504297806593, "human": 0.0025503794352213002, "vehicle": 0.018080075581868402, "construction": 0.22138525644938151, "nature": 0.071058527628580698, "sky": 0.40165061950683589, "object": 0.0074522654215494, "PI": 0.27021640038148437, "NI": 0.43861120357455857, "length": 216.4301545, "source": 397, "target": 407, "direction": "bi-directional", "flow": 11.0, "flow_pct": 0.0081270179016039792, "flow_rank": 708 }, "geometry": { "type": "LineString", "coordinates": [ [ 114.056054540156936, 22.535411966682346 ], [ 114.05692037999097, 22.53544400180494 ], [ 114.058157759394021, 22.535449265822283 ] ] } },
{ "type": "Feature", "properties": { "arc": 327, "wealthier": 0.24322791915555911, "beautiful": 0.23540893949655439, "livelier": 0.46389419446008268, "depressing": 0.73646146703717474, "safer": 0.24762470569821299, "boring": 0.60760162750337587, "human": 0.00067981084187819995, "vehicle": 0.0201485157012939, "construction": 0.1332688728968302, "nature": 0.16376960277557359, "sky": 0.41751360893249517, "object": 0.0045571327209471997, "PI": 0.20996855913485024, "NI": 0.42008501903473583, "length": 427.0019283, "source": 380, "target": 381, "direction": "bi-directional", "flow": 188.0, "flow_pct": 0.13889812413650435, "flow_rank": 228 }, "geometry": { "type": "LineString", "coordinates": [ [ 114.051350590523057, 22.535346832767825 ], [ 114.05139266052592, 22.533612946001867 ], [ 114.051412848855534, 22.531491374343073 ] ] } },
{ "type": "Feature", "properties": { "arc": 328, "wealthier": 0.28504497364817821, "beautiful": 0.20186632183829559, "livelier": 0.53328350550329195, "depressing": 0.74461326625555613, "safer": 0.26566261307218769, "boring": 0.61650228708022381, "human": 0.0013463973999022999, "vehicle": 0.037652142842610599, "construction": 0.18128312428792309, "nature": 0.074928092956542902, "sky": 0.43888816833496092, "object": 0.0077889124552408002, "PI": 0.21381008133176485, "NI": 0.4770729324770509, "length": 214.4096605, "source": 380, "target": 384, "direction": "bi-directional", "flow": 19.0, "flow_pct": 0.014037576375497782, "flow_rank": 672 }, "geometry": { "type": "LineString", "coordinates": [ [ 114.051350590523057, 22.535346832767825 ], [ 114.052462094497074, 22.535358997480717 ], [ 114.053433609685598, 22.535403493199841 ] ] } },
{ "type": "Feature", "properties": { "arc": 330, "wealthier": 0.32899960983843962, "beautiful": 0.20757229623585069, "livelier": 0.47294901607655809, "depressing": 0.74395032154381169, "safer": 0.27809108252168852, "boring": 0.6976312076879172, "human": 0.0013723084420867999, "vehicle": 0.027376637314305102, "construction": 0.16089167739405771, "nature": 0.053175781712387502, "sky": 0.4803698568633108, "object": 0.0097774158824572993, "PI": 0.20780724629226188, "NI": 0.50061566002442104, "length": 269.6168597, "source": 384, "target": 397, "direction": "bi-directional", "flow": 11.0, "flow_pct": 0.0081270179016039792, "flow_rank": 708 }, "geometry": { "type": "LineString", "coordinates": [ [ 114.053433609685598, 22.535403493199841 ], [ 114.056054540156936, 22.535411966682346 ] ] } },
{ "type": "Feature", "properties": { "arc": 331, "wealthier": 0.57172611520094307, "beautiful": 0.49124500892116468, "livelier": 0.67968708152495694, "depressing": 0.4528904607544656, "safer": 0.51261859735682813, "boring": 0.36400882042585081, "human": 0.0019348859786986999, "vehicle": 0.0354828437169393, "construction": 0.1042902866999308, "nature": 0.3009970982869466, "sky": 0.29801694552103669, "object": 0.0063916444778442001, "PI": 0.45276667478054966, "NI": 0.30584471978845634, "length": 430.7394135, "source": 365, "target": 366, "direction": "bi-directional", "flow": 0.0, "flow_pct": 0.0, "flow_rank": 766 }, "geometry": { "type": "LineString", "coordinates": [ [ 114.047952064592934, 22.535313482115459 ], [ 114.048017612472677, 22.531424226192588 ] ] } },
{ "type": "Feature", "properties": { "arc": 333, "wealthier": 0.67580353014584693, "beautiful": 0.70609001987883369, "livelier": 0.48903073273768127, "depressing": 0.29330964592476588, "safer": 0.67356991124822008, "boring": 0.4698152841760504, "human": 0.0017573527800731001, "vehicle": 0.020369456364558201, "construction": 0.1077715555826823, "nature": 0.31693903605143231, "sky": 0.32652370746319109, "object": 0.0043015113243688998, "PI": 0.50327262685305596, "NI": 0.28062160936986213, "length": 305.4657867, "source": 233, "target": 234, "direction": "bi-directional", "flow": 40.0, "flow_pct": 0.029552792369469009, "flow_rank": 567 }, "geometry": { "type": "LineString", "coordinates": [ [ 113.962177839952133, 22.533761331051188 ], [ 113.962212666276727, 22.532631296834335 ], [ 113.962238798747578, 22.531003508312221 ] ] } },
{ "type": "Feature", "properties": { "arc": 334, "wealthier": 0.61746660913037255, "beautiful": 0.58794262914762707, "livelier": 0.63512748027519561, "depressing": 0.40166776791711378, "safer": 0.58863741507164746, "boring": 0.36846770331268902, "human": 0.0009304470486111, "vehicle": 0.018313641018337601, "construction": 0.058708530002170099, "nature": 0.28374960157606333, "sky": 0.37943767971462677, "object": 0.0045435163709852001, "PI": 0.46615955548626392, "NI": 0.28116720073473994, "length": 398.5143475, "source": 233, "target": 240, "direction": "bi-directional", "flow": 76.0, "flow_pct": 0.056150305501991127, "flow_rank": 439 }, "geometry": { "type": "LineString", "coordinates": [ [ 113.962177839952133, 22.533761331051188 ], [ 113.965795570676192, 22.532474419042945 ] ] } },
{ "type": "Feature", "properties": { "arc": 335, "wealthier": 0.63776723356098786, "beautiful": 0.60865998365297502, "livelier": 0.60437303742498816, "depressing": 0.35631535126083458, "safer": 0.61720123002278993, "boring": 0.3803267480115628, "human": 0.00088298320770259996, "vehicle": 0.027529239654540998, "construction": 0.083463907241821206, "nature": 0.26976378758748371, "sky": 0.35712615648905432, "object": 0.0038832823435464999, "PI": 0.46838804922810956, "NI": 0.27961284000138553, "length": 446.7718043, "source": 435, "target": 436, "direction": "bi-directional", "flow": 0.0, "flow_pct": 0.0, "flow_rank": 766 }, "geometry": { "type": "LineString", "coordinates": [ [ 114.072072934976646, 22.535844007626576 ], [ 114.072133622799257, 22.532513283401375 ], [ 114.072125313564086, 22.532173201936949 ], [ 114.072093874334982, 22.531811238079815 ] ] } },
{ "type": "Feature", "properties": { "arc": 337, "wealthier": 0.41843006854360398, "beautiful": 0.28254908949293539, "livelier": 0.33385000816602722, "depressing": 0.74506506090852942, "safer": 0.29843137769722577, "boring": 0.69042155246559955, "human": 0.0004825592041015, "vehicle": 0.011505949730966599, "construction": 0.17928695678710929, "nature": 0.040124481799555703, "sky": 0.50220115512025121, "object": 0.0057325176164215001, "PI": 0.19926358753257789, "NI": 0.47525733318530033, "length": 450.3678032, "source": 313, "target": 315, "direction": "bi-directional", "flow": 197.0, "flow_pct": 0.14554750241963488, "flow_rank": 215 }, "geometry": { "type": "LineString", "coordinates": [ [ 114.024544031555749, 22.535226137408355 ], [ 114.025405832669435, 22.532006464628534 ], [ 114.025583320111593, 22.531275561503033 ] ] } },
{ "type": "Feature", "properties": { "arc": 338, "wealthier": 0.5289874035187131, "beautiful": 0.461241445070457, "livelier": 0.63449577232430499, "depressing": 0.50541745517531778, "safer": 0.50463601653173373, "boring": 0.39233551503590569, "human": 0.0020360828917702998, "vehicle": 0.029185542353877301, "construction": 0.1953651993362992, "nature": 0.1984925211211781, "sky": 0.33183754814995658, "object": 0.0060421272560401999, "PI": 0.40516939453800943, "NI": 0.35241877807975724, "length": 625.2762213, "source": 538, "target": 523, "direction": "bi-directional", "flow": 35.0, "flow_pct": 0.025858693323285383, "flow_rank": 590 }, "geometry": { "type": "LineString", "coordinates": [ [ 114.118238613666492, 22.537275592027946 ], [ 114.1177308838583, 22.536975425731455 ], [ 114.117288847754239, 22.536668112783289 ], [ 114.117072259028902, 22.536463832542527 ], [ 114.11638824707326, 22.535749605923172 ], [ 114.11619346965054, 22.535570812279701 ], [ 114.115957306237362, 22.535384142674445 ], [ 114.115682895963431, 22.535202332681955 ], [ 114.115343300962351, 22.535009651420129 ], [ 114.114983161432463, 22.534819629698795 ], [ 114.1147778496683, 22.534731484716627 ], [ 114.114674860601028, 22.534709763248742 ], [ 114.114579471953988, 22.534718985479103 ], [ 114.114487786786341, 22.534773476407807 ], [ 114.114421941003187, 22.534875375647612 ], [ 114.114372660687209, 22.535066666490835 ], [ 114.11424162297223, 22.535966387383031 ] ] } },
{ "type": "Feature", "properties": { "arc": 339, "wealthier": 0.28576435518681759, "beautiful": 0.32057646311070698, "livelier": 0.3933145877693946, "depressing": 0.74098016380180243, "safer": 0.23366356035323971, "boring": 0.62375103462746884, "human": 0.00031437344021259999, "vehicle": 0.013555102878146701, "construction": 0.091963789198133694, "nature": 0.1364821539984809, "sky": 0.46947207980685751, "object": 0.0058619181315103996, "PI": 0.20564072013612991, "NI": 0.4278049909127295, "length": 438.8301744, "source": 279, "target": 280, "direction": "bi-directional", "flow": 12.0, "flow_pct": 0.0088658377108407037, "flow_rank": 701 }, "geometry": { "type": "LineString", "coordinates": [ [ 113.992795006596168, 22.534997005167863 ], [ 113.993419153338593, 22.531076856889992 ] ] } },
{ "type": "Feature", "properties": { "arc": 342, "wealthier": 0.6172800643327061, "beautiful": 0.50616272975874632, "livelier": 0.62768300143732592, "depressing": 0.41201949060677368, "safer": 0.54874076365821467, "boring": 0.32397175337661738, "human": 0.00056491753993889997, "vehicle": 0.018810418935922401, "construction": 0.073362008119240693, "nature": 0.23214550507374301, "sky": 0.41702710665189302, "object": 0.0043937487479966996, "PI": 0.42503452455045548, "NI": 0.28978246057731405, "length": 317.5431601, "source": 225, "target": 233, "direction": "bi-directional", "flow": 251.0, "flow_pct": 0.18544377211841803, "flow_rank": 150 }, "geometry": { "type": "LineString", "coordinates": [ [ 113.959257553936993, 22.534690448859951 ], [ 113.962177839952133, 22.533761331051188 ] ] } },
{ "type": "Feature", "properties": { "arc": 343, "wealthier": 0.34319519451360198, "beautiful": 0.38312622375124827, "livelier": 0.33080591350480798, "depressing": 0.60058049042822081, "safer": 0.3161811005664541, "boring": 0.68645501265888831, "human": 0.0012614091237386001, "vehicle": 0.044234720865885403, "construction": 0.089848550160725904, "nature": 0.1081966559092203, "sky": 0.51842838923136403, "object": 0.0048604806264240996, "PI": 0.23423020443348785, "NI": 0.44252812818200465, "length": 1400.318014, "source": 308, "target": 291, "direction": "bi-directional", "flow": 0.0, "flow_pct": 0.0, "flow_rank": 766 }, "geometry": { "type": "LineString", "coordinates": [ [ 114.019444770616104, 22.536023804450689 ], [ 114.017027427106925, 22.535628566872255 ], [ 114.015818023935751, 22.535408491920549 ], [ 114.01496280995265, 22.535281372063949 ], [ 114.014703334372072, 22.535226376899267 ], [ 114.014320887277705, 22.535078181995832 ], [ 114.011942606074584, 22.533978893328271 ], [ 114.011666587003788, 22.533879348507408 ], [ 114.011366608235477, 22.533817823213219 ], [ 114.011037924066429, 22.53380066569629 ], [ 114.01064660015615, 22.533821006688093 ], [ 114.007149999724419, 22.534242190298375 ], [ 114.006889866817971, 22.534255700780164 ], [ 114.00627820980722, 22.534257067303912 ] ] } },
{ "type": "Feature", "properties": { "arc": 345, "wealthier": 0.34546239336728302, "beautiful": 0.34436883682917752, "livelier": 0.46824599733205191, "depressing": 0.62092946979272323, "safer": 0.34816543187282861, "boring": 0.54172257223712472, "human": 0.00041205928010759998, "vehicle": 0.055258696933962202, "construction": 0.13357403593243289, "nature": 0.11213122673754421, "sky": 0.44671531293377181, "object": 0.0046878910664491999, "PI": 0.24993862084549986, "NI": 0.42220636055362254, "length": 1303.061006, "source": 453, "target": 436, "direction": "bi-directional", "flow": 96.0, "flow_pct": 0.070926701686725629, "flow_rank": 389 }, "geometry": { "type": "LineString", "coordinates": [ [ 114.081821311802443, 22.537349494565415 ], [ 114.081411953718288, 22.537194143739786 ], [ 114.080986711239106, 22.537011540664729 ], [ 114.080770579953338, 22.536908813417401 ], [ 114.080539533294072, 22.536777414825458 ], [ 114.080320669278933, 22.536632243058868 ], [ 114.080093035723579, 22.536456423271801 ], [ 114.079907817705717, 22.536291634870913 ], [ 114.07972240064835, 22.536097402203652 ], [ 114.07946260557209, 22.535775823474484 ], [ 114.079233599721533, 22.535425892217127 ], [ 114.077767483379702, 22.532697893862021 ], [ 114.077658933466111, 22.532548124988015 ], [ 114.077520437370552, 22.532401840118084 ], [ 114.077358917660717, 22.532265049852761 ], [ 114.077162051885139, 22.532135202539504 ], [ 114.076922297781422, 22.532018770977544 ], [ 114.076712497096153, 22.531946703874183 ], [ 114.076459525437159, 22.531892907119648 ], [ 114.076166025294114, 22.531863874477839 ], [ 114.07496899563067, 22.531858827961383 ], [ 114.073207158763068, 22.531816271394593 ], [ 114.072093874334982, 22.531811238079815 ] ] } },
{ "type": "Feature", "properties": { "arc": 346, "wealthier": 0.41354699709273002, "beautiful": 0.43699561969276868, "livelier": 0.38887246118678692, "depressing": 0.56220387114253212, "safer": 0.38142217262508521, "boring": 0.56698337370448271, "human": 0.0017823855082194, "vehicle": 0.039452775319417301, "construction": 0.095159943898518895, "nature": 0.26932719548543288, "sky": 0.35732434590657541, "object": 0.0039189974466959003, "PI": 0.32599926370829851, "NI": 0.36263302751370935, "length": 504.8440728, "source": 453, "target": 459, "direction": "bi-directional", "flow": 79.0, "flow_pct": 0.05836676492970129, "flow_rank": 433 }, "geometry": { "type": "LineString", "coordinates": [ [ 114.081821311802443, 22.537349494565415 ], [ 114.082333308115196, 22.537364479599919 ], [ 114.083868276781445, 22.537365997339442 ], [ 114.084665823000122, 22.537397265611258 ], [ 114.086727842580771, 22.537421499870039 ] ] } },
{ "type": "Feature", "properties": { "arc": 347, "wealthier": 0.3560786405555158, "beautiful": 0.47290039711608239, "livelier": 0.25213461870900949, "depressing": 0.52121796329143788, "safer": 0.3829019679464773, "boring": 0.72661012827793159, "human": 0.00036805914353950001, "vehicle": 0.014395336772120199, "construction": 0.027519373930701901, "nature": 0.2071222113084423, "sky": 0.49265861511230458, "object": 0.0030412304308987002, "PI": 0.26285308303085447, "NI": 0.37493173937778651, "length": 1077.640618, "source": 279, "target": 283, "direction": "bi-directional", "flow": 404.0, "flow_pct": 0.29848320293163699, "flow_rank": 97 }, "geometry": { "type": "LineString", "coordinates": [ [ 113.992795006596168, 22.534997005167863 ], [ 113.993799092159364, 22.534871733336615 ], [ 113.994424532580538, 22.534829389184328 ], [ 113.995351144137786, 22.534819551939563 ], [ 113.995893242817615, 22.534833521953438 ], [ 113.996182747115938, 22.534856607047761 ], [ 113.997128645154547, 22.534983605377086 ], [ 114.003149018732358, 22.536006589187004 ] ] } },
{ "type": "Feature", "properties": { "arc": 348, "wealthier": 0.54870835377978544, "beautiful": 0.6198624733605439, "livelier": 0.42863692770827277, "depressing": 0.38390042434982807, "safer": 0.55834092004913494, "boring": 0.58613137102477653, "human": 0.00093264049953879996, "vehicle": 0.019980801476372601, "construction": 0.077315118577745201, "nature": 0.25511609183417427, "sky": 0.38537640041775167, "object": 0.0071476830376519, "PI": 0.40754700835537944, "NI": 0.3409324786058443, "length": 329.7502291, "source": 283, "target": 284, "direction": "bi-directional", "flow": 121.0, "flow_pct": 0.089397196917643765, "flow_rank": 349 }, "geometry": { "type": "LineString", "coordinates": [ [ 114.003149018732358, 22.536006589187004 ], [ 114.003725984444969, 22.533077459243639 ] ] } },
{ "type": "Feature", "properties": { "arc": 349, "wealthier": 0.30281110669791927, "beautiful": 0.31089727696300851, "livelier": 0.52158643343983968, "depressing": 0.65738783050704241, "safer": 0.31657973288387758, "boring": 0.47787757733665509, "human": 0.0036769140334356001, "vehicle": 0.033982594807942697, "construction": 0.20613897414434521, "nature": 0.069536451309446301, "sky": 0.43388221377418151, "object": 0.0078676011827256004, "PI": 0.27180189950907047, "NI": 0.44131075945392767, "length": 415.4456384, "source": 516, "target": 523, "direction": "bi-directional", "flow": 17.0, "flow_pct": 0.012559936757024329, "flow_rank": 677 }, "geometry": { "type": "LineString", "coordinates": [ [ 114.112130620256494, 22.538035371885865 ], [ 114.112187046973276, 22.537527653964549 ], [ 114.112384018671762, 22.53639816620052 ], [ 114.112467431643111, 22.53614899357375 ], [ 114.11253970725781, 22.536031607006414 ], [ 114.112614114445677, 22.535948313673249 ], [ 114.112726254535914, 22.535862051126241 ], [ 114.112867982667993, 22.535794974811544 ], [ 114.113027007291294, 22.535755833097973 ], [ 114.113183704686477, 22.53574587077593 ], [ 114.113389342637646, 22.53576013221258 ], [ 114.113674787126925, 22.535808325624345 ], [ 114.11424162297223, 22.535966387383031 ] ] } },
{ "type": "Feature", "properties": { "arc": 350, "wealthier": 0.59553693132058227, "beautiful": 0.40969682416876679, "livelier": 0.71522779446809071, "depressing": 0.58563116882905542, "safer": 0.50205552879289206, "boring": 0.35021815814036023, "human": 0.0012564482512297001, "vehicle": 0.031017868607132501, "construction": 0.30944901925546148, "nature": 0.035300925925925902, "sky": 0.39858245849609369, "object": 0.0021423057273581999, "PI": 0.37173616043637359, "NI": 0.39251128645449951, "length": 176.4922966, "source": 516, "target": 522, "direction": "bi-directional", "flow": 29.0, "flow_pct": 0.021425774467865033, "flow_rank": 616 }, "geometry": { "type": "LineString", "coordinates": [ [ 114.112130620256494, 22.538035371885865 ], [ 114.112988579978563, 22.538191539377515 ], [ 114.11380498809028, 22.53838078044522 ] ] } },
{ "type": "Feature", "properties": { "arc": 351, "wealthier": 0.45272599680844661, "beautiful": 0.40079287887823689, "livelier": 0.62827497330682736, "depressing": 0.54855780604431548, "safer": 0.44564329620059667, "boring": 0.452102793526654, "human": 0.0026132143460787, "vehicle": 0.046154022216796799, "construction": 0.23364331172062799, "nature": 0.10228944436097751, "sky": 0.36000197973006809, "object": 0.006512715266301, "PI": 0.35244882842212516, "NI": 0.40622301633335806, "length": 273.165388, "source": 522, "target": 523, "direction": "bi-directional", "flow": 288.0, "flow_pct": 0.21278010506017689, "flow_rank": 128 }, "geometry": { "type": "LineString", "coordinates": [ [ 114.11380498809028, 22.53838078044522 ], [ 114.113856855321444, 22.537501442856573 ], [ 114.113940651117687, 22.536944146025515 ], [ 114.114066416247269, 22.536340198866117 ], [ 114.114138641699626, 22.536159199944461 ], [ 114.11424162297223, 22.535966387383031 ] ] } },
{ "type": "Feature", "properties": { "arc": 352, "wealthier": 0.48716163466141138, "beautiful": 0.39290539957500392, "livelier": 0.50458306308221146, "depressing": 0.56957591740026781, "safer": 0.40799246099186282, "boring": 0.48888128484921051, "human": 0.0011731859237427999, "vehicle": 0.0112316343519422, "construction": 0.062193976508246498, "nature": 0.19684408581446081, "sky": 0.46784254104372047, "object": 0.0041290162101623997, "PI": 0.33188564801310333, "NI": 0.35061754241890286, "length": 1080.562026, "source": 153, "target": 120, "direction": "bi-directional", "flow": 569.0, "flow_pct": 0.42038847145569663, "flow_rank": 50 }, "geometry": { "type": "LineString", "coordinates": [ [ 113.937333442916113, 22.535138197245878 ], [ 113.93657440077321, 22.534736401662581 ], [ 113.9361496890117, 22.53446905583716 ], [ 113.935873266811711, 22.534272662096708 ], [ 113.933248059351428, 22.532116536427854 ], [ 113.932809310654193, 22.531740410737108 ], [ 113.932472927335112, 22.531427817746746 ], [ 113.932160371580736, 22.531102220901783 ], [ 113.931949100891742, 22.530855160977477 ], [ 113.931634816041054, 22.530441418728671 ], [ 113.931343498734691, 22.529998842689132 ], [ 113.931016210763531, 22.529401845171876 ], [ 113.930374379926178, 22.528082609333829 ] ] } },
{ "type": "Feature", "properties": { "arc": 354, "wealthier": 0.38534435723084959, "beautiful": 0.43086582876373541, "livelier": 0.22081698709530151, "depressing": 0.57354548541250061, "safer": 0.33850452215635513, "boring": 0.85283324415265127, "human": 0.00026824257590550002, "vehicle": 0.023688403042879901, "construction": 0.051181273026899801, "nature": 0.18113402164343631, "sky": 0.49119972460197669, "object": 0.0030130906538529002, "PI": 0.23860799554617329, "NI": 0.42052572324921794, "length": 275.6722974, "source": 290, "target": 283, "direction": "bi-directional", "flow": 282.0, "flow_pct": 0.20834718620475651, "flow_rank": 132 }, "geometry": { "type": "LineString", "coordinates": [ [ 114.005786919954303, 22.536445216111098 ], [ 114.003149018732358, 22.536006589187004 ] ] } },
{ "type": "Feature", "properties": { "arc": 355, "wealthier": 0.54512862026154296, "beautiful": 0.5622150787464848, "livelier": 0.41683841273805111, "depressing": 0.44421505619597151, "safer": 0.51483234916033349, "boring": 0.61540230184065403, "human": 0.00021178634078409999, "vehicle": 0.0181938453956886, "construction": 0.056153120817961498, "nature": 0.228057861328125, "sky": 0.43681681597674338, "object": 0.0068721771240234002, "PI": 0.37051003529428977, "NI": 0.36137768859844122, "length": 247.5246704, "source": 290, "target": 291, "direction": "bi-directional", "flow": 20.0, "flow_pct": 0.014776396184734504, "flow_rank": 663 }, "geometry": { "type": "LineString", "coordinates": [ [ 114.005786919954303, 22.536445216111098 ], [ 114.00627820980722, 22.534257067303912 ] ] } },
{ "type": "Feature", "properties": { "arc": 356, "wealthier": 0.41558674027562859, "beautiful": 0.31416073316871052, "livelier": 0.4996315322362978, "depressing": 0.65777261940951248, "safer": 0.36107929960874507, "boring": 0.59295481143755135, "human": 0.00079489161825580001, "vehicle": 0.037901609371869899, "construction": 0.1942843086699135, "nature": 0.068141790536733707, "sky": 0.46596470042171628, "object": 0.0057086455516325999, "PI": 0.25869554215222385, "NI": 0.45634423341431601, "length": 909.9029223, "source": 497, "target": 516, "direction": "bi-directional", "flow": 29.0, "flow_pct": 0.021425774467865033, "flow_rank": 616 }, "geometry": { "type": "LineString", "coordinates": [ [ 114.103741658591801, 22.538240309164337 ], [ 114.104505865087162, 22.537827157852313 ], [ 114.105784223828721, 22.537167195633089 ], [ 114.106125537682288, 22.537041758925472 ], [ 114.106270588940504, 22.537011632926287 ], [ 114.106432699901958, 22.536997954317219 ], [ 114.106705724574368, 22.537005055927914 ], [ 114.106937296431596, 22.537043411009055 ], [ 114.108443243375262, 22.537448542539991 ], [ 114.109408480529112, 22.53766283878171 ], [ 114.112130620256494, 22.538035371885865 ] ] } },
{ "type": "Feature", "properties": { "arc": 357, "wealthier": 0.40960754404347671, "beautiful": 0.29738980831400391, "livelier": 0.51983672514649226, "depressing": 0.64957746793147153, "safer": 0.33934217494586211, "boring": 0.5102418663007775, "human": 0.00030476439232909999, "vehicle": 0.078223247154086198, "construction": 0.11670905468510639, "nature": 0.1021836598714192, "sky": 0.48756045921176089, "object": 0.0039548686906403004, "PI": 0.25704939093541934, "NI": 0.44005730167620088, "length": 417.4011032, "source": 491, "target": 497, "direction": "bi-directional", "flow": 52.0, "flow_pct": 0.038418630080309712, "flow_rank": 523 }, "geometry": { "type": "LineString", "coordinates": [ [ 114.099690928370705, 22.538172644405115 ], [ 114.100175884161487, 22.538186389371482 ], [ 114.101516727751047, 22.538189347224669 ], [ 114.10268724592909, 22.538218768657693 ], [ 114.103486477879528, 22.53819457610204 ], [ 114.103610735959251, 22.538205426319898 ], [ 114.103741658591801, 22.538240309164337 ] ] } },
{ "type": "Feature", "properties": { "arc": 358, "wealthier": 0.50218641829257671, "beautiful": 0.39601530996575868, "livelier": 0.50061382226446716, "depressing": 0.58029149531236879, "safer": 0.41997263162770571, "boring": 0.52824362267709968, "human": 0.00017092520730530001, "vehicle": 0.046005182098924, "construction": 0.063450261166221197, "nature": 0.2421158238461143, "sky": 0.4158935212252432, "object": 0.0053410781057256999, "PI": 0.33504676470917882, "NI": 0.37845331287485123, "length": 482.5091907, "source": 459, "target": 475, "direction": "bi-directional", "flow": 91.0, "flow_pct": 0.067232602640541997, "flow_rank": 400 }, "geometry": { "type": "LineString", "coordinates": [ [ 114.086727842580771, 22.537421499870039 ], [ 114.087677380923949, 22.537451907162573 ], [ 114.08828188962589, 22.537511804204524 ], [ 114.089334323994223, 22.537678977311106 ], [ 114.091362095993546, 22.538040593201043 ] ] } },
{ "type": "Feature", "properties": { "arc": 359, "wealthier": 0.40975436394215448, "beautiful": 0.3203871197601732, "livelier": 0.51989987070887611, "depressing": 0.64655852846759865, "safer": 0.35784693573858523, "boring": 0.53971324583793345, "human": 0.00062558915879989995, "vehicle": 0.064943228827582397, "construction": 0.104646979437934, "nature": 0.13777821858723949, "sky": 0.47463489108615459, "object": 0.0036850399441189, "PI": 0.27752440292402475, "NI": 0.4258404390072294, "length": 856.9488327, "source": 475, "target": 491, "direction": "bi-directional", "flow": 91.0, "flow_pct": 0.067232602640541997, "flow_rank": 400 }, "geometry": { "type": "LineString", "coordinates": [ [ 114.091362095993546, 22.538040593201043 ], [ 114.094979762636598, 22.538086854222197 ], [ 114.095459850190082, 22.538105339156662 ], [ 114.09638229704106, 22.538109461446243 ], [ 114.098273894128141, 22.538151091072834 ], [ 114.099262115390118, 22.538154869302534 ], [ 114.099690928370705, 22.538172644405115 ] ] } },
{ "type": "Feature", "properties": { "arc": 361, "wealthier": 0.35314759582855421, "beautiful": 0.28689755614712031, "livelier": 0.52432989778978711, "depressing": 0.71281762245505786, "safer": 0.3273976688594859, "boring": 0.56879631023882227, "human": 0.0013751983642577999, "vehicle": 0.068739078663013597, "construction": 0.28418590404369209, "nature": 0.0097317165798610997, "sky": 0.38438599197952839, "object": 0.0051114824083116003, "PI": 0.23444907493718045, "NI": 0.48769155726903785, "length": 228.9223918, "source": 423, "target": 424, "direction": "bi-directional", "flow": 85.0, "flow_pct": 0.062799683785121643, "flow_rank": 419 }, "geometry": { "type": "LineString", "coordinates": [ [ 114.062973400958469, 22.53761185206481 ], [ 114.063019210680196, 22.535545039005545 ] ] } },
{ "type": "Feature", "properties": { "arc": 362, "wealthier": 0.49162331720239838, "beautiful": 0.37963538189530821, "livelier": 0.64345269842862352, "depressing": 0.58619197254124644, "safer": 0.42386589677425079, "boring": 0.49371648924895029, "human": 0.0026063565854672999, "vehicle": 0.056379954020182303, "construction": 0.21099599202473959, "nature": 0.1407360500759548, "sky": 0.32775780006691257, "object": 0.0043590686939379997, "PI": 0.36402984761465423, "NI": 0.39854736724893453, "length": 231.187692, "source": 406, "target": 407, "direction": "bi-directional", "flow": 54.0, "flow_pct": 0.039896269698783161, "flow_rank": 515 }, "geometry": { "type": "LineString", "coordinates": [ [ 114.058129014555561, 22.537536714404407 ], [ 114.058134624605486, 22.536383174387169 ], [ 114.058157759394021, 22.535449265822283 ] ] } },
{ "type": "Feature", "properties": { "arc": 363, "wealthier": 0.42016848442669957, "beautiful": 0.32869089610175639, "livelier": 0.56443947024851393, "depressing": 0.66008009450173466, "safer": 0.36573836847067021, "boring": 0.52619111027477428, "human": 0.0015974680582682001, "vehicle": 0.030797259012858, "construction": 0.2108141581217447, "nature": 0.15056784947713209, "sky": 0.3569359779357909, "object": 0.0041684468587239003, "PI": 0.30640055408756678, "NI": 0.40574129621182237, "length": 498.4268308, "source": 406, "target": 423, "direction": "bi-directional", "flow": 173.0, "flow_pct": 0.12781582699795346, "flow_rank": 255 }, "geometry": { "type": "LineString", "coordinates": [ [ 114.058129014555561, 22.537536714404407 ], [ 114.061674513633164, 22.537572596572382 ], [ 114.062973400958469, 22.53761185206481 ] ] } },
{ "type": "Feature", "properties": { "arc": 364, "wealthier": 0.37953026635600212, "beautiful": 0.32596738213392951, "livelier": 0.64196167497897383, "depressing": 0.6196135872420917, "safer": 0.35912594705454137, "boring": 0.46154924257948587, "human": 0.0031129519144694, "vehicle": 0.0367775758107503, "construction": 0.19014533360799149, "nature": 0.18878587086995441, "sky": 0.30879124005635578, "object": 0.0058415730794269998, "PI": 0.3414839006470341, "NI": 0.38163940400039587, "length": 229.1170517, "source": 379, "target": 380, "direction": "bi-directional", "flow": 186.0, "flow_pct": 0.13742048451803091, "flow_rank": 236 }, "geometry": { "type": "LineString", "coordinates": [ [ 114.05131407717829, 22.537415563721705 ], [ 114.051350590523057, 22.535346832767825 ] ] } },
{ "type": "Feature", "properties": { "arc": 365, "wealthier": 0.43689517353415808, "beautiful": 0.35818947408966201, "livelier": 0.60686671387329472, "depressing": 0.6253500076357521, "safer": 0.40419052889880092, "boring": 0.48341087963973972, "human": 0.0018611907958983999, "vehicle": 0.029118792215983, "construction": 0.2266462961832682, "nature": 0.1096828460693359, "sky": 0.36267681121826167, "object": 0.0062157948811847998, "PI": 0.32279306227980065, "NI": 0.40985064134345556, "length": 216.909147, "source": 396, "target": 406, "direction": "bi-directional", "flow": 194.0, "flow_pct": 0.1433310429919247, "flow_rank": 224 }, "geometry": { "type": "LineString", "coordinates": [ [ 114.05602173160878, 22.537478506378882 ], [ 114.056876753480125, 22.537520683786006 ], [ 114.058129014555561, 22.537536714404407 ] ] } },
{ "type": "Feature", "properties": { "arc": 366, "wealthier": 0.36521281544833678, "beautiful": 0.33752676640457768, "livelier": 0.55786139228044518, "depressing": 0.62489346469066587, "safer": 0.36561788010198348, "boring": 0.46492405132332532, "human": 0.0023268649452611, "vehicle": 0.0271416045071785, "construction": 0.15735402023583131, "nature": 0.19148358127527071, "sky": 0.36374871772632261, "object": 0.0050764920418722003, "PI": 0.31662656265414019, "NI": 0.37600186329036484, "length": 484.3394045, "source": 379, "target": 396, "direction": "bi-directional", "flow": 187.0, "flow_pct": 0.13815930432726761, "flow_rank": 235 }, "geometry": { "type": "LineString", "coordinates": [ [ 114.05131407717829, 22.537415563721705 ], [ 114.052882583015887, 22.537455170858074 ], [ 114.05602173160878, 22.537478506378882 ] ] } },
{ "type": "Feature", "properties": { "arc": 367, "wealthier": 0.34745948026238649, "beautiful": 0.32288053143156459, "livelier": 0.53118654985080205, "depressing": 0.64001905487073951, "safer": 0.31527050966766568, "boring": 0.50409981751641719, "human": 0.0036873994050202002, "vehicle": 0.026985521669741001, "construction": 0.173252953423394, "nature": 0.14756619488751441, "sky": 0.38833328529640471, "object": 0.0081715760407624002, "PI": 0.30312757896742126, "NI": 0.41628548406944405, "length": 227.9210797, "source": 364, "target": 365, "direction": "bi-directional", "flow": 0.0, "flow_pct": 0.0, "flow_rank": 766 }, "geometry": { "type": "LineString", "coordinates": [ [ 114.047911119371392, 22.5373713395884 ], [ 114.047952064592934, 22.535313482115459 ] ] } },
{ "type": "Feature", "properties": { "arc": 368, "wealthier": 0.43217792154844797, "beautiful": 0.35729764049114782, "livelier": 0.29828701387026157, "depressing": 0.61480943823694223, "safer": 0.3486750679681983, "boring": 0.74025762716805499, "human": 9.7505974047111735e-05, "vehicle": 0.0108592293479225, "construction": 0.10873389966560131, "nature": 0.16142717997233069, "sky": 0.44946294842344331, "object": 0.0027966354832504002, "PI": 0.24281877532160082, "NI": 0.40463258144796105, "length": 293.277139, "source": 356, "target": 357, "direction": "bi-directional", "flow": 177.0, "flow_pct": 0.13077110623490035, "flow_rank": 249 }, "geometry": { "type": "LineString", "coordinates": [ [ 114.044519422141335, 22.537311790178133 ], [ 114.04455028932982, 22.534663547717908 ] ] } },
{ "type": "Feature", "properties": { "arc": 369, "wealthier": 0.45935442830946738, "beautiful": 0.30659622230985661, "livelier": 0.49844332544014841, "depressing": 0.62920715617860778, "safer": 0.37560340939054032, "boring": 0.5819304411165992, "human": 0.00096575419108069997, "vehicle": 0.014316785903204, "construction": 0.20085062299455911, "nature": 0.1520722252982003, "sky": 0.40608955564953031, "object": 0.0045229139782133002, "PI": 0.29035973059307957, "NI": 0.4103231557573413, "length": 348.9614895, "source": 356, "target": 364, "direction": "bi-directional", "flow": 126.0, "flow_pct": 0.093091295963827383, "flow_rank": 337 }, "geometry": { "type": "LineString", "coordinates": [ [ 114.044519422141335, 22.537311790178133 ], [ 114.047911119371392, 22.5373713395884 ] ] } },
{ "type": "Feature", "properties": { "arc": 370, "wealthier": 0.48738254279427867, "beautiful": 0.35043186552585459, "livelier": 0.60663326950165164, "depressing": 0.59549589575710715, "safer": 0.43521156085614138, "boring": 0.4687230455707535, "human": 0.0019871181911891998, "vehicle": 0.028032090928819399, "construction": 0.1830590142144097, "nature": 0.15382838779025609, "sky": 0.36636093987358931, "object": 0.0057906256781683997, "PI": 0.34809268307467572, "NI": 0.3853678985251745, "length": 350.1042871, "source": 364, "target": 379, "direction": "bi-directional", "flow": 99.0, "flow_pct": 0.073143161114435806, "flow_rank": 382 }, "geometry": { "type": "LineString", "coordinates": [ [ 114.047911119371392, 22.5373713395884 ], [ 114.049828445347316, 22.53740958367873 ], [ 114.05131407717829, 22.537415563721705 ] ] } },
{ "type": "Feature", "properties": { "arc": 371, "wealthier": 0.57863173391655787, "beautiful": 0.59039831299606438, "livelier": 0.54896713778767037, "depressing": 0.41698111621810641, "safer": 0.56468521732543842, "boring": 0.47110123132665088, "human": 0.0003183623890817, "vehicle": 0.0054954246238424998, "construction": 0.068640697149582805, "nature": 0.33108562893337679, "sky": 0.3328789840509862, "object": 0.0036525255368079, "PI": 0.44306073710039012, "NI": 0.27754643390758799, "length": 652.2518054, "source": 274, "target": 279, "direction": "bi-directional", "flow": 412.0, "flow_pct": 0.30439376140553082, "flow_rank": 94 }, "geometry": { "type": "LineString", "coordinates": [ [ 113.986628111950267, 22.536268400699264 ], [ 113.987021264624161, 22.536267163157788 ], [ 113.987719971705175, 22.536223291331211 ], [ 113.988109493300598, 22.536169094299343 ], [ 113.98856517781563, 22.536074739654161 ], [ 113.991182152010168, 22.535383273843269 ], [ 113.992795006596168, 22.534997005167863 ] ] } },
{ "type": "Feature", "properties": { "arc": 373, "wealthier": 0.47751021799806809, "beautiful": 0.29556767845017679, "livelier": 0.57710425140146071, "depressing": 0.60295880204141883, "safer": 0.36899983160350319, "boring": 0.49573958933075118, "human": 0.0002097896501129, "vehicle": 0.0067479376699410001, "construction": 0.059619361279057502, "nature": 0.1675874111699123, "sky": 0.48131406073476768, "object": 0.0043279797423119003, "PI": 0.29998300838163283, "NI": 0.35869133821630617, "length": 900.9225552, "source": 209, "target": 225, "direction": "bi-directional", "flow": 209.0, "flow_pct": 0.15441334013047558, "flow_rank": 199 }, "geometry": { "type": "LineString", "coordinates": [ [ 113.950587511256415, 22.535837995312843 ], [ 113.951665336027375, 22.535681516250197 ], [ 113.958015053704756, 22.534836383234872 ], [ 113.959257553936993, 22.534690448859951 ] ] } },
{ "type": "Feature", "properties": { "arc": 374, "wealthier": 0.63656729008787971, "beautiful": 0.51475362672754654, "livelier": 0.79748346491798283, "depressing": 0.41531204247055359, "safer": 0.61346610848834382, "boring": 0.2301696387405085, "human": 0.0018704278128487001, "vehicle": 0.025487354823521199, "construction": 0.1212072372436523, "nature": 0.33111009143647691, "sky": 0.25350547972179599, "object": 0.0068971997215633999, "PI": 0.51548960397486876, "NI": 0.26444604815981521, "length": 356.4007714, "source": 185, "target": 186, "direction": "bi-directional", "flow": 268.0, "flow_pct": 0.19800370887544236, "flow_rank": 141 }, "geometry": { "type": "LineString", "coordinates": [ [ 113.945088351967541, 22.535768909424299 ], [ 113.945126042225922, 22.534720942980719 ], [ 113.945156379944606, 22.532551249725426 ] ] } },
{ "type": "Feature", "properties": { "arc": 375, "wealthier": 0.50983759945061902, "beautiful": 0.3159915554787226, "livelier": 0.58249679688085287, "depressing": 0.64701981570652467, "safer": 0.41672582228568678, "boring": 0.5446541086715273, "human": 0.0013075013091597999, "vehicle": 0.042283624842546899, "construction": 0.25498312798099237, "nature": 0.034112543299578198, "sky": 0.41791492959727411, "object": 0.0061853934025418002, "PI": 0.29914624038165233, "NI": 0.45841816319871848, "length": 565.8039022, "source": 185, "target": 209, "direction": "bi-directional", "flow": 233.0, "flow_pct": 0.17214501555215697, "flow_rank": 175 }, "geometry": { "type": "LineString", "coordinates": [ [ 113.945088351967541, 22.535768909424299 ], [ 113.949732743766845, 22.535853090201059 ], [ 113.950587511256415, 22.535837995312843 ] ] } },
{ "type": "Feature", "properties": { "arc": 376, "wealthier": 0.28477359262878521, "beautiful": 0.21599000589305931, "livelier": 0.42256205516750461, "depressing": 0.7508167124039633, "safer": 0.23789926176604281, "boring": 0.61946264980464039, "human": 0.00081623301786530004, "vehicle": 0.016923567828010098, "construction": 0.1315078361361634, "nature": 0.097465739530675499, "sky": 0.48250280642041971, "object": 0.0055124993417776996, "PI": 0.18899118655202674, "NI": 0.44557133072931771, "length": 365.7495288, "source": 153, "target": 169, "direction": "bi-directional", "flow": 13.0, "flow_pct": 0.0096046575200774281, "flow_rank": 695 }, "geometry": { "type": "LineString", "coordinates": [ [ 113.937333442916113, 22.535138197245878 ], [ 113.93822247580205, 22.535428563887951 ], [ 113.938691420590544, 22.535539110317252 ], [ 113.939018125052286, 22.535597079886063 ], [ 113.939879242430521, 22.535687539767039 ], [ 113.940809013143735, 22.535708698048911 ] ] } },
{ "type": "Feature", "properties": { "arc": 377, "wealthier": 0.41256388335689298, "beautiful": 0.26624045807454599, "livelier": 0.53184419625078949, "depressing": 0.72817866701265732, "safer": 0.34449010473484509, "boring": 0.62408775891213353, "human": 0.00059869554307719996, "vehicle": 0.041570557488335498, "construction": 0.22556458579169381, "nature": 0.033995522393120599, "sky": 0.44400501251220698, "object": 0.0073029200236002, "PI": 0.24163104016829609, "NI": 0.49107678771232433, "length": 352.2206538, "source": 169, "target": 170, "direction": "bi-directional", "flow": 121.0, "flow_pct": 0.089397196917643765, "flow_rank": 349 }, "geometry": { "type": "LineString", "coordinates": [ [ 113.940809013143735, 22.535708698048911 ], [ 113.940875382202435, 22.532528616163034 ] ] } },
{ "type": "Feature", "properties": { "arc": 378, "wealthier": 0.29128210700662738, "beautiful": 0.1751882518790123, "livelier": 0.47094906127148017, "depressing": 0.79130976354583327, "safer": 0.25824889489685798, "boring": 0.63173608032854023, "human": 0.00066109498341869997, "vehicle": 0.0455975532531738, "construction": 0.15185217062632239, "nature": 0.034866174062092997, "sky": 0.5163989464441936, "object": 0.0050479968388875002, "PI": 0.17782419597576049, "NI": 0.48921431622429479, "length": 440.2652064, "source": 169, "target": 185, "direction": "bi-directional", "flow": 29.0, "flow_pct": 0.021425774467865033, "flow_rank": 616 }, "geometry": { "type": "LineString", "coordinates": [ [ 113.940809013143735, 22.535708698048911 ], [ 113.945088351967541, 22.535768909424299 ] ] } },
{ "type": "Feature", "properties": { "arc": 379, "wealthier": 0.644758710903789, "beautiful": 0.52092765625867998, "livelier": 0.67774312017781368, "depressing": 0.43224985088358447, "safer": 0.54913087563886653, "boring": 0.34826112140200549, "human": 0.0001800749037, "vehicle": 0.025312148200141001, "construction": 0.12173904842800561, "nature": 0.26308403015136711, "sky": 0.34282847510443781, "object": 0.0024489720662433999, "PI": 0.44527206461878061, "NI": 0.28586283466696299, "length": 714.144081, "source": 103, "target": 96, "direction": "bi-directional", "flow": 171.0, "flow_pct": 0.12633818737948002, "flow_rank": 258 }, "geometry": { "type": "LineString", "coordinates": [ [ 113.927031155717472, 22.535472063655607 ], [ 113.926742910925142, 22.534741269433432 ], [ 113.926570977219612, 22.534375943400629 ], [ 113.924860243378134, 22.531276125475053 ], [ 113.92468648055933, 22.530934380707588 ], [ 113.924554843842571, 22.530600920177385 ], [ 113.924462511231781, 22.530281345961473 ], [ 113.924403309136565, 22.529968224752334 ], [ 113.924371445872012, 22.529562731903482 ] ] } },
{ "type": "Feature", "properties": { "arc": 380, "wealthier": 0.253207210141147, "beautiful": 0.27869530102662948, "livelier": 0.47075627743400028, "depressing": 0.67597968826846366, "safer": 0.26946597126614991, "boring": 0.62055432509446717, "human": 0.0040912628173828004, "vehicle": 0.0414288260719992, "construction": 0.139436403910319, "nature": 0.1096784707271691, "sky": 0.4518431461218631, "object": 0.0063532337997898002, "PI": 0.2544282888040672, "NI": 0.44937133823099512, "length": 538.2050302, "source": 82, "target": 79, "direction": "bi-directional", "flow": 532.0, "flow_pct": 0.39305213851393783, "flow_rank": 62 }, "geometry": { "type": "LineString", "coordinates": [ [ 113.91998208161003, 22.535349077284 ], [ 113.919976202004804, 22.534675253054399 ], [ 113.919952567659237, 22.534102826690688 ], [ 113.919861449651805, 22.532805569763351 ], [ 113.919704622928933, 22.531682880109873 ], [ 113.919486346055109, 22.530519038697452 ] ] } },
{ "type": "Feature", "properties": { "arc": 381, "wealthier": 0.31235000223217291, "beautiful": 0.2676531672031473, "livelier": 0.44278058519032848, "depressing": 0.6600854774519177, "safer": 0.26339900548710449, "boring": 0.61882582969425581, "human": 0.001692405113807, "vehicle": 0.024123705350435599, "construction": 0.12706443590995589, "nature": 0.124117191021259, "sky": 0.44902943342159951, "object": 0.0079349126571264007, "PI": 0.22949230097971118, "NI": 0.43833752140197829, "length": 330.9543495, "source": 82, "target": 93, "direction": "bi-directional", "flow": 315.0, "flow_pct": 0.23272823990956845, "flow_rank": 118 }, "geometry": { "type": "LineString", "coordinates": [ [ 113.91998208161003, 22.535349077284 ], [ 113.923198669032729, 22.535407756509674 ] ] } },
{ "type": "Feature", "properties": { "arc": 382, "wealthier": 0.42424980874709661, "beautiful": 0.37683175632143229, "livelier": 0.46891184617789511, "depressing": 0.54430068723515423, "safer": 0.34898565016809008, "boring": 0.58257757766909912, "human": 0.0012805064519246, "vehicle": 0.029802918434143, "construction": 0.10198160012563071, "nature": 0.2056298653284708, "sky": 0.4003090461095174, "object": 0.0069928963979084997, "PI": 0.3043678732415927, "NI": 0.3878124080869782, "length": 394.3316637, "source": 93, "target": 103, "direction": "bi-directional", "flow": 305.0, "flow_pct": 0.22534004181720121, "flow_rank": 121 }, "geometry": { "type": "LineString", "coordinates": [ [ 113.923198669032729, 22.535407756509674 ], [ 113.923642735305961, 22.535422391735089 ], [ 113.925513168901759, 22.53543706761382 ], [ 113.927031155717472, 22.535472063655607 ] ] } },
{ "type": "Feature", "properties": { "arc": 383, "wealthier": 0.36127037142396928, "beautiful": 0.3491529193890735, "livelier": 0.557736232195154, "depressing": 0.61633168964004403, "safer": 0.34699088114813281, "boring": 0.48770532750030049, "human": 0.0018515867345473001, "vehicle": 0.025760201846852002, "construction": 0.1109679726993336, "nature": 0.1644325256347656, "sky": 0.44118649351830569, "object": 0.0050033868527878996, "PI": 0.30209151741370061, "NI": 0.38332298185561059, "length": 436.9296493, "source": 53, "target": 52, "direction": "bi-directional", "flow": 245.0, "flow_pct": 0.18101085326299771, "flow_rank": 159 }, "geometry": { "type": "LineString", "coordinates": [ [ 113.910384193211769, 22.535213798997681 ], [ 113.910384508478614, 22.532694896321523 ], [ 113.9103594690081, 22.531268355951731 ] ] } },
{ "type": "Feature", "properties": { "arc": 384, "wealthier": 0.46221134553325999, "beautiful": 0.32993741198322951, "livelier": 0.55644599035326325, "depressing": 0.60263833788522014, "safer": 0.3952603215757638, "boring": 0.50395079973078472, "human": 0.00028097364637580001, "vehicle": 0.061625586615668401, "construction": 0.0308667924669053, "nature": 0.13128009372287319, "sky": 0.51532037523057739, "object": 0.0038881089952256002, "PI": 0.29602870823999106, "NI": 0.39771263280146357, "length": 386.1724819, "source": 38, "target": 39, "direction": "bi-directional", "flow": 5.0, "flow_pct": 0.0036940990461836261, "flow_rank": 750 }, "geometry": { "type": "LineString", "coordinates": [ [ 113.904780945545326, 22.535132627417347 ], [ 113.904831850520736, 22.532901722664324 ], [ 113.904845038895473, 22.531645911256291 ] ] } },
{ "type": "Feature", "properties": { "arc": 385, "wealthier": 0.25904751198944709, "beautiful": 0.29328057062122381, "livelier": 0.44555074856622939, "depressing": 0.68049830966990443, "safer": 0.25757827330521788, "boring": 0.59734945396105921, "human": 0.0016241764676743001, "vehicle": 0.024476783863012299, "construction": 0.12214317874632021, "nature": 0.11244068975033961, "sky": 0.4659430185953774, "object": 0.0050789929818414997, "PI": 0.22072531015424338, "NI": 0.42421312216324014, "length": 576.5180205, "source": 38, "target": 53, "direction": "bi-directional", "flow": 12.0, "flow_pct": 0.0088658377108407037, "flow_rank": 701 }, "geometry": { "type": "LineString", "coordinates": [ [ 113.904780945545326, 22.535132627417347 ], [ 113.90858359443402, 22.535216606127264 ], [ 113.910384193211769, 22.535213798997681 ] ] } },
{ "type": "Feature", "properties": { "arc": 386, "wealthier": 0.31679438439771029, "beautiful": 0.22719841051370229, "livelier": 0.3116697590270448, "depressing": 0.75017147615208779, "safer": 0.25957914775944901, "boring": 0.73946408948678799, "human": 0.00029968080066490003, "vehicle": 0.010211467742919899, "construction": 0.070509229387555702, "nature": 0.12174681254795609, "sky": 0.56455496379307335, "object": 0.0031844774881997998, "PI": 0.17835428168355882, "NI": 0.45032459036570543, "length": 862.2155297, "source": 27, "target": 26, "direction": "bi-directional", "flow": 0.0, "flow_pct": 0.0, "flow_rank": 766 }, "geometry": { "type": "LineString", "coordinates": [ [ 113.896691780474811, 22.535015527607538 ], [ 113.896730105134054, 22.533227963689921 ], [ 113.896806926451404, 22.53088637664316 ], [ 113.896643681152014, 22.529529302342493 ], [ 113.896221163906588, 22.528278653435944 ], [ 113.895849859733289, 22.527362214329933 ] ] } },
{ "type": "Feature", "properties": { "arc": 387, "wealthier": 0.49673359011687801, "beautiful": 0.3942522323333294, "livelier": 0.48555399051757908, "depressing": 0.58454037331361497, "safer": 0.44184689042924769, "boring": 0.51917302631918749, "human": 0.0013919053254304, "vehicle": 0.0108483279192889, "construction": 0.096096462673611105, "nature": 0.17199777673791949, "sky": 0.50619672845911079, "object": 0.0041111133716723999, "PI": 0.33247658785110307, "NI": 0.37981415208130298, "length": 832.2614126, "source": 27, "target": 38, "direction": "bi-directional", "flow": 0.0, "flow_pct": 0.0, "flow_rank": 766 }, "geometry": { "type": "LineString", "coordinates": [ [ 113.896691780474811, 22.535015527607538 ], [ 113.900224887238281, 22.535079089877328 ], [ 113.901897627763944, 22.535094570443604 ], [ 113.902412486155612, 22.535113306930917 ], [ 113.904780945545326, 22.535132627417347 ] ] } },
{ "type": "Feature", "properties": { "arc": 388, "wealthier": 0.2964785905987154, "beautiful": 0.23754245876801519, "livelier": 0.54090296192018283, "depressing": 0.67444767692899688, "safer": 0.2639944559218646, "boring": 0.57954649155086269, "human": 0.0036668590470855999, "vehicle": 0.033517874923406799, "construction": 0.17061241000306371, "nature": 0.060081257539636897, "sky": 0.46075929379930669, "object": 0.0060510448381011998, "PI": 0.24924318754640326, "NI": 0.44679086970563714, "length": 405.8470905, "source": 53, "target": 63, "direction": "bi-directional", "flow": 153.0, "flow_pct": 0.11303943081321897, "flow_rank": 291 }, "geometry": { "type": "LineString", "coordinates": [ [ 113.910384193211769, 22.535213798997681 ], [ 113.913667668859389, 22.535474484323018 ], [ 113.914313429676085, 22.535541636490763 ] ] } },
{ "type": "Feature", "properties": { "arc": 389, "wealthier": 0.45711048264220983, "beautiful": 0.37369936136200538, "livelier": 0.5831990068851427, "depressing": 0.53915557832425509, "safer": 0.40150730040087368, "boring": 0.44196752244850229, "human": 0.0044723086886935002, "vehicle": 0.0371473453663013, "construction": 0.11650413937038839, "nature": 0.172478746484827, "sky": 0.41500388251410592, "object": 0.004673922503436, "PI": 0.37284641021283188, "NI": 0.36218175578060779, "length": 487.7704805, "source": 63, "target": 61, "direction": "bi-directional", "flow": 270.0, "flow_pct": 0.1994813484939158, "flow_rank": 139 }, "geometry": { "type": "LineString", "coordinates": [ [ 113.914313429676085, 22.535541636490763 ], [ 113.913952939674076, 22.533342706764763 ], [ 113.913657554713154, 22.53117958204497 ] ] } },
{ "type": "Feature", "properties": { "arc": 390, "wealthier": 0.32978621650554968, "beautiful": 0.2502987973784852, "livelier": 0.57355271896169857, "depressing": 0.63737846060016712, "safer": 0.29665853061036301, "boring": 0.5166950900966486, "human": 0.0039600980454596001, "vehicle": 0.035329956939254899, "construction": 0.126577515533005, "nature": 0.10309172367704079, "sky": 0.45927241228628862, "object": 0.0059075562850287996, "PI": 0.28388476179166372, "NI": 0.41480220034323184, "length": 583.7521975, "source": 63, "target": 82, "direction": "bi-directional", "flow": 60.0, "flow_pct": 0.044329188554203515, "flow_rank": 491 }, "geometry": { "type": "LineString", "coordinates": [ [ 113.914313429676085, 22.535541636490763 ], [ 113.915318501287913, 22.535562615686928 ], [ 113.919213755056646, 22.535394395739683 ], [ 113.91998208161003, 22.535349077284 ] ] } },
{ "type": "Feature", "properties": { "arc": 391, "wealthier": 0.61376964550588409, "beautiful": 0.60802057678003396, "livelier": 0.55193706983511714, "depressing": 0.3458043093496399, "safer": 0.60395576656767946, "boring": 0.44782953437448952, "human": 0.0019575119018554001, "vehicle": 0.0299114863077799, "construction": 0.069354311625162701, "nature": 0.2461829503377278, "sky": 0.37082195281982427, "object": 0.0047133763631184, "PI": 0.45926531105667739, "NI": 0.29557681693290372, "length": 312.5940949, "source": 434, "target": 435, "direction": "bi-directional", "flow": 64.0, "flow_pct": 0.047284467791150413, "flow_rank": 475 }, "geometry": { "type": "LineString", "coordinates": [ [ 114.072023325342414, 22.538666467706197 ], [ 114.072072934976646, 22.535844007626576 ] ] } },
{ "type": "Feature", "properties": { "arc": 392, "wealthier": 0.43158856159765929, "beautiful": 0.32913489359219489, "livelier": 0.53548288057559756, "depressing": 0.65074012158396799, "safer": 0.3772487965753179, "boring": 0.53511941706480382, "human": 0.0001026577419704, "vehicle": 0.026232994927300302, "construction": 0.29990064832899299, "nature": 0.067246500651041596, "sky": 0.39027565850151907, "object": 0.0036039988199869002, "PI": 0.26507038055155197, "NI": 0.43685098982636267, "length": 326.1368926, "source": 529, "target": 522, "direction": "bi-directional", "flow": 159.0, "flow_pct": 0.11747234966863931, "flow_rank": 274 }, "geometry": { "type": "LineString", "coordinates": [ [ 114.116723876250646, 22.539522647346018 ], [ 114.116431229777291, 22.539368066426238 ], [ 114.116120518499372, 22.53923492244181 ], [ 114.114625068210444, 22.538667618278794 ], [ 114.11380498809028, 22.53838078044522 ] ] } },
{ "type": "Feature", "properties": { "arc": 393, "wealthier": 0.37458804874738461, "beautiful": 0.27776574881700361, "livelier": 0.59605831332684844, "depressing": 0.66270568625843618, "safer": 0.3599383256690829, "boring": 0.50840919007404561, "human": 0.00072449904221749998, "vehicle": 0.0124656481620592, "construction": 0.27060376680814302, "nature": 0.13027386787610171, "sky": 0.35172345088078422, "object": 0.0080622159517728005, "PI": 0.27802094522393511, "NI": 0.4312670339547231, "length": 293.9254255, "source": 529, "target": 538, "direction": "bi-directional", "flow": 0.0, "flow_pct": 0.0, "flow_rank": 766 }, "geometry": { "type": "LineString", "coordinates": [ [ 114.116723876250646, 22.539522647346018 ], [ 114.11695255468193, 22.53925560083832 ], [ 114.117116638271611, 22.539033437577057 ], [ 114.118238613666492, 22.537275592027946 ] ] } },
{ "type": "Feature", "properties": { "arc": 394, "wealthier": 0.3275570242108487, "beautiful": 0.26254584428360578, "livelier": 0.43233003265620129, "depressing": 0.70522942517626297, "safer": 0.27345988157858059, "boring": 0.66369624730542254, "human": 0.0028747276023581999, "vehicle": 0.047400297941984901, "construction": 0.1627847412486135, "nature": 0.1309939490424262, "sky": 0.4247157720871913, "object": 0.0052407347125771001, "PI": 0.24755073312775747, "NI": 0.45995542459728811, "length": 546.94566, "source": 431, "target": 423, "direction": "bi-directional", "flow": 237.0, "flow_pct": 0.17510029478910388, "flow_rank": 169 }, "geometry": { "type": "LineString", "coordinates": [ [ 114.068126797123711, 22.538651430358513 ], [ 114.067387981705153, 22.538589568255883 ], [ 114.066835558756637, 22.538485961700665 ], [ 114.06646094762624, 22.538376688596482 ], [ 114.065885200343871, 22.538160555644332 ], [ 114.065086653895676, 22.53788493339545 ], [ 114.064685806037033, 22.537770848946103 ], [ 114.064404133498783, 22.537706826595144 ], [ 114.063809040112787, 22.537628678922665 ], [ 114.062973400958469, 22.53761185206481 ] ] } },
{ "type": "Feature", "properties": { "arc": 396, "wealthier": 0.3768899765583712, "beautiful": 0.30933263406902378, "livelier": 0.37901332194331411, "depressing": 0.64797281729016143, "safer": 0.32179691178554659, "boring": 0.69439977102610984, "human": 0.0015811920166015, "vehicle": 0.043851993702076, "construction": 0.083244676943178497, "nature": 0.13776355319552949, "sky": 0.49458150510434751, "object": 0.0040468639797634001, "PI": 0.24816045502253484, "NI": 0.43859194314465633, "length": 400.863471, "source": 431, "target": 434, "direction": "bi-directional", "flow": 190.0, "flow_pct": 0.14037576375497779, "flow_rank": 226 }, "geometry": { "type": "LineString", "coordinates": [ [ 114.068126797123711, 22.538651430358513 ], [ 114.069485741047785, 22.538644136695396 ], [ 114.070351930943161, 22.538666529176645 ], [ 114.072023325342414, 22.538666467706197 ] ] } },
{ "type": "Feature", "properties": { "arc": 399, "wealthier": 0.41279177644395082, "beautiful": 0.4502184773363484, "livelier": 0.25454791166323348, "depressing": 0.57814868663526475, "safer": 0.38085859369293529, "boring": 0.78488209436122236, "human": 0.00021014610926310001, "vehicle": 0.019106745719909599, "construction": 0.059665520985921199, "nature": 0.16116567452748609, "sky": 0.51297970612843846, "object": 0.0027779340744018, "PI": 0.2551297017291419, "NI": 0.41337548638640292, "length": 861.0427109, "source": 301, "target": 290, "direction": "bi-directional", "flow": 349.0, "flow_pct": 0.25784811342361713, "flow_rank": 109 }, "geometry": { "type": "LineString", "coordinates": [ [ 114.014018185886343, 22.537856550092179 ], [ 114.005786919954303, 22.536445216111098 ] ] } },
{ "type": "Feature", "properties": { "arc": 402, "wealthier": 0.34217424918098832, "beautiful": 0.37170122122322902, "livelier": 0.28340426432272381, "depressing": 0.65050183381869509, "safer": 0.3230036025903904, "boring": 0.77324906816996464, "human": 0.0003945184132409, "vehicle": 0.0141259450761098, "construction": 0.1504816025022476, "nature": 0.154543710133386, "sky": 0.41915112450009301, "object": 0.0041729457794672997, "PI": 0.22452151576413434, "NI": 0.43284813228344721, "length": 482.6245977, "source": 307, "target": 301, "direction": "bi-directional", "flow": 323.0, "flow_pct": 0.23863879838346225, "flow_rank": 115 }, "geometry": { "type": "LineString", "coordinates": [ [ 114.018634872019135, 22.538630860244776 ], [ 114.018097859161585, 22.538548730959935 ], [ 114.017813285848561, 22.538488687943502 ], [ 114.014018185886343, 22.537856550092179 ] ] } },
{ "type": "Feature", "properties": { "arc": 404, "wealthier": 0.44770257221857818, "beautiful": 0.30299756318955268, "livelier": 0.52940232509108875, "depressing": 0.63081727288208267, "safer": 0.35094547900075401, "boring": 0.54035583982763624, "human": 0.00067918728559439995, "vehicle": 0.017014748010879901, "construction": 0.39793528043306792, "nature": 0.064172671391413694, "sky": 0.25610945774958682, "object": 0.0106963622264372, "PI": 0.26380903351252666, "NI": 0.465317680814269, "length": 647.3791442, "source": 551, "target": 538, "direction": "bi-directional", "flow": 35.0, "flow_pct": 0.025858693323285383, "flow_rank": 590 }, "geometry": { "type": "LineString", "coordinates": [ [ 114.123386325258309, 22.54063786026153 ], [ 114.122994952993906, 22.540370577514473 ], [ 114.120434241955351, 22.538708357731782 ], [ 114.119171169508988, 22.537909446750465 ], [ 114.118238613666492, 22.537275592027946 ] ] } },
{ "type": "Feature", "properties": { "arc": 405, "wealthier": 0.30394302986506178, "beautiful": 0.30569489413356649, "livelier": 0.42816019283432438, "depressing": 0.66970338905845483, "safer": 0.29529802562405599, "boring": 0.62864755013747631, "human": 0.00068134731716569996, "vehicle": 0.0190818221480758, "construction": 0.13741154140896261, "nature": 0.12723223368326819, "sky": 0.46372569048846207, "object": 0.0099485891836659998, "PI": 0.22576696935810869, "NI": 0.45777202178773208, "length": 228.5051237, "source": 492, "target": 491, "direction": "bi-directional", "flow": 49.0, "flow_pct": 0.036202170652599536, "flow_rank": 532 }, "geometry": { "type": "LineString", "coordinates": [ [ 114.099712073790414, 22.540236033263611 ], [ 114.099690928370705, 22.538172644405115 ] ] } },
{ "type": "Feature", "properties": { "arc": 406, "wealthier": 0.5115650788341658, "beautiful": 0.34373033051673513, "livelier": 0.69066547754594276, "depressing": 0.6446695105484932, "safer": 0.39823344407003081, "boring": 0.35715921079430352, "human": 0.0011364972149883999, "vehicle": 0.044671305903681999, "construction": 0.1864802042643228, "nature": 0.18459178783275459, "sky": 0.3220672607421875, "object": 0.0045619540744356998, "PI": 0.35800461241222209, "NI": 0.36831555079730788, "length": 226.400382, "source": 405, "target": 406, "direction": "bi-directional", "flow": 76.0, "flow_pct": 0.056150305501991127, "flow_rank": 439 }, "geometry": { "type": "LineString", "coordinates": [ [ 114.058077051081142, 22.53958062043645 ], [ 114.058129014555561, 22.537536714404407 ] ] } },
{ "type": "Feature", "properties": { "arc": 407, "wealthier": 0.50939007550900406, "beautiful": 0.31669310258161831, "livelier": 0.64549158356744407, "depressing": 0.61719862307257489, "safer": 0.4072328354778722, "boring": 0.45710020273555868, "human": 0.0017329533894856, "vehicle": 0.031170654296874999, "construction": 0.221501859029134, "nature": 0.1208083470662434, "sky": 0.3460134506225585, "object": 0.0062210718790689998, "PI": 0.3369117447997147, "NI": 0.39902423226947747, "length": 228.7130842, "source": 377, "target": 379, "direction": "bi-directional", "flow": 20.0, "flow_pct": 0.014776396184734504, "flow_rank": 663 }, "geometry": { "type": "LineString", "coordinates": [ [ 114.051268768462009, 22.539480328007411 ], [ 114.051300458518625, 22.538666515983497 ], [ 114.05131407717829, 22.537415563721705 ] ] } },
{ "type": "Feature", "properties": { "arc": 409, "wealthier": 0.54099182741599183, "beautiful": 0.41052312399578239, "livelier": 0.69518729617155173, "depressing": 0.53339393387255429, "safer": 0.50514606875668244, "boring": 0.4259625327890797, "human": 0.0021742361563223001, "vehicle": 0.0123394153736255, "construction": 0.1546264931007667, "nature": 0.2598224216037327, "sky": 0.29796430799696177, "object": 0.0100761696144386, "PI": 0.42682503609258376, "NI": 0.35309566191064579, "length": 215.3162269, "source": 395, "target": 405, "direction": "bi-directional", "flow": 13.0, "flow_pct": 0.0096046575200774281, "flow_rank": 695 }, "geometry": { "type": "LineString", "coordinates": [ [ 114.05598394507183, 22.539567658138509 ], [ 114.058077051081142, 22.53958062043645 ] ] } },
{ "type": "Feature", "properties": { "arc": 410, "wealthier": 0.38166532872004721, "beautiful": 0.30377582752889359, "livelier": 0.52362016147174373, "depressing": 0.67968634410473683, "safer": 0.32385967568866791, "boring": 0.60166213853489237, "human": 0.0012927373250325, "vehicle": 0.022229735056559199, "construction": 0.15663150151570629, "nature": 0.19877325693766271, "sky": 0.35662447611490888, "object": 0.010011100769042901, "PI": 0.28810358415776571, "NI": 0.43423338619417723, "length": 485.1619546, "source": 395, "target": 377, "direction": "bi-directional", "flow": 13.0, "flow_pct": 0.0096046575200774281, "flow_rank": 695 }, "geometry": { "type": "LineString", "coordinates": [ [ 114.05598394507183, 22.539567658138509 ], [ 114.055533652733573, 22.539548924978579 ], [ 114.053583650373525, 22.539533182157353 ], [ 114.051268768462009, 22.539480328007411 ] ] } },
{ "type": "Feature", "properties": { "arc": 411, "wealthier": 0.57162190909422428, "beautiful": 0.4628514665288837, "livelier": 0.73037973585575766, "depressing": 0.46790903006221801, "safer": 0.54401321327248553, "boring": 0.31307426773906338, "human": 0.0029647262008100999, "vehicle": 0.015528502287688, "construction": 0.17204687330457899, "nature": 0.2197173083270037, "sky": 0.30473624335394961, "object": 0.0054338243272568998, "PI": 0.45540514793553283, "NI": 0.30293626200122348, "length": 228.6335152, "source": 363, "target": 364, "direction": "bi-directional", "flow": 0.0, "flow_pct": 0.0, "flow_rank": 766 }, "geometry": { "type": "LineString", "coordinates": [ [ 114.047866187792224, 22.539435398724937 ], [ 114.047896322108215, 22.538667352614141 ], [ 114.047911119371392, 22.5373713395884 ] ] } },
{ "type": "Feature", "properties": { "arc": 413, "wealthier": 0.42369731285133599, "beautiful": 0.35745153200081531, "livelier": 0.34216740269260337, "depressing": 0.59381412745066209, "safer": 0.3466530212886631, "boring": 0.70955375954590227, "human": 0.0001376924060639, "vehicle": 0.0143660590762183, "construction": 0.086729503813243999, "nature": 0.17303948175339459, "sky": 0.47879128229050411, "object": 0.0040700095040456996, "PI": 0.25298092841163888, "NI": 0.40670682657639184, "length": 230.4667313, "source": 355, "target": 356, "direction": "bi-directional", "flow": 125.0, "flow_pct": 0.092352476154590649, "flow_rank": 339 }, "geometry": { "type": "LineString", "coordinates": [ [ 114.04447813691192, 22.539392633373161 ], [ 114.044519422141335, 22.537311790178133 ] ] } },
{ "type": "Feature", "properties": { "arc": 415, "wealthier": 0.53737537064068519, "beautiful": 0.47246627522040702, "livelier": 0.70546117967959743, "depressing": 0.43480140588948779, "safer": 0.54046226721214463, "boring": 0.29308787168992873, "human": 0.0046206792195638002, "vehicle": 0.032841936747233, "construction": 0.1784056345621744, "nature": 0.19480476379394529, "sky": 0.32062816619873052, "object": 0.0097368240356444993, "PI": 0.46044767747180743, "NI": 0.33873930089400911, "length": 253.0399114, "source": 520, "target": 522, "direction": "bi-directional", "flow": 148.0, "flow_pct": 0.10934533176703534, "flow_rank": 303 }, "geometry": { "type": "LineString", "coordinates": [ [ 114.113687345817397, 22.540663205896156 ], [ 114.11380498809028, 22.53838078044522 ] ] } },
{ "type": "Feature", "properties": { "arc": 416, "wealthier": 0.4361374946217646, "beautiful": 0.37431286674270708, "livelier": 0.47160441746067128, "depressing": 0.62380333801810339, "safer": 0.36105671982256199, "boring": 0.47630933242279377, "human": 0.0002343104435847, "vehicle": 0.010605396368564699, "construction": 0.072467608329577299, "nature": 0.1698987911909054, "sky": 0.4631503178523137, "object": 0.0057077163305038004, "PI": 0.28641077359195549, "NI": 0.36944420702219788, "length": 393.7721168, "source": 278, "target": 279, "direction": "bi-directional", "flow": 48.0, "flow_pct": 0.035463350843362815, "flow_rank": 538 }, "geometry": { "type": "LineString", "coordinates": [ [ 113.992255028609463, 22.53851735092903 ], [ 113.992795006596168, 22.534997005167863 ] ] } },
{ "type": "Feature", "properties": { "arc": 417, "wealthier": 0.55904311805669538, "beautiful": 0.39684950087738502, "livelier": 0.70161766725231345, "depressing": 0.52121356442747735, "safer": 0.46983817742507888, "boring": 0.37062225002871679, "human": 0.0067039772316261001, "vehicle": 0.033321486579047301, "construction": 0.20182892128273289, "nature": 0.24277224364104091, "sky": 0.28449231606942632, "object": 0.0049472384982637996, "PI": 0.47555498516768258, "NI": 0.3368829282552544, "length": 462.4502167, "source": 442, "target": 434, "direction": "bi-directional", "flow": 271.0, "flow_pct": 0.20022016830315253, "flow_rank": 138 }, "geometry": { "type": "LineString", "coordinates": [ [ 114.076187860667332, 22.540114960306244 ], [ 114.075415775296136, 22.540067633808366 ], [ 114.075165039229802, 22.540019369503995 ], [ 114.074853304794289, 22.53992471708948 ], [ 114.074614942417199, 22.539829534505742 ], [ 114.074135128638105, 22.539602223250167 ], [ 114.072023325342414, 22.538666467706197 ] ] } },
{ "type": "Feature", "properties": { "arc": 418, "wealthier": 0.50046534508272689, "beautiful": 0.3717911309431553, "livelier": 0.74695806918088625, "depressing": 0.56912765656088093, "safer": 0.43945276131580813, "boring": 0.38047461480457101, "human": 0.0060227711995442003, "vehicle": 0.0472520987192789, "construction": 0.24586478869120279, "nature": 0.23473191261291501, "sky": 0.25113129615783691, "object": 0.0051999886830647003, "PI": 0.45365220519355137, "NI": 0.36413293074811448, "length": 164.3245252, "source": 442, "target": 444, "direction": "bi-directional", "flow": 251.0, "flow_pct": 0.18544377211841803, "flow_rank": 150 }, "geometry": { "type": "LineString", "coordinates": [ [ 114.076187860667332, 22.540114960306244 ], [ 114.077394777129129, 22.540225968769324 ], [ 114.077776008702472, 22.540273401020212 ] ] } },
{ "type": "Feature", "properties": { "arc": 419, "wealthier": 0.5931549550118802, "beautiful": 0.51521522343648474, "livelier": 0.79082679735164541, "depressing": 0.40580699155373468, "safer": 0.57548096012245054, "boring": 0.26681255013212191, "human": 0.013206693861219599, "vehicle": 0.039555867513020801, "construction": 0.2399316074872257, "nature": 0.27829594082302511, "sky": 0.17962844925697399, "object": 0.0046273241139421, "PI": 0.63017434748404166, "NI": 0.2837211519432879, "length": 1168.464549, "source": 444, "target": 435, "direction": "bi-directional", "flow": 0.0, "flow_pct": 0.0, "flow_rank": 766 }, "geometry": { "type": "LineString", "coordinates": [ [ 114.077776008702472, 22.540273401020212 ], [ 114.077460297376362, 22.537014983545319 ], [ 114.07739954065184, 22.536635311370258 ], [ 114.07729086440348, 22.536182066668005 ], [ 114.077221967418012, 22.536013389770371 ], [ 114.077116657512718, 22.535854676743533 ], [ 114.076632275975641, 22.535282971472899 ], [ 114.075979411952289, 22.534444730516711 ], [ 114.075836832056254, 22.534304035080275 ], [ 114.075738039665097, 22.534254512968996 ], [ 114.075658132804421, 22.53424384930327 ], [ 114.075539648158724, 22.534269662483432 ], [ 114.075427906753163, 22.534329110799252 ], [ 114.073770154593959, 22.535649120164777 ], [ 114.073569484059931, 22.535795873068945 ], [ 114.073400724947945, 22.535889737027041 ], [ 114.073297241797533, 22.535922510288707 ], [ 114.073154491236366, 22.535940563945346 ], [ 114.072731856900248, 22.535942694975166 ], [ 114.0724071312425, 22.535915031746953 ], [ 114.072072934976646, 22.535844007626576 ] ] } },
{ "type": "Feature", "properties": { "arc": 420, "wealthier": 0.51925180130942894, "beautiful": 0.37288830471081708, "livelier": 0.80731905930647796, "depressing": 0.53734261124116456, "safer": 0.46204432713283777, "boring": 0.28634519693927629, "human": 0.0081799825032552002, "vehicle": 0.048052575853135798, "construction": 0.22340022193060979, "nature": 0.2035968568589952, "sky": 0.28310966491699219, "object": 0.0052422417534722003, "PI": 0.49223881652914692, "NI": 0.34420022924749999, "length": 107.7991528, "source": 444, "target": 447, "direction": "bi-directional", "flow": 245.0, "flow_pct": 0.18101085326299771, "flow_rank": 159 }, "geometry": { "type": "LineString", "coordinates": [ [ 114.077776008702472, 22.540273401020212 ], [ 114.078190335859816, 22.540274594593367 ], [ 114.078822415596633, 22.540315657082882 ] ] } },
{ "type": "Feature", "properties": { "arc": 423, "wealthier": 0.31680634273216218, "beautiful": 0.28858264414392237, "livelier": 0.30541728466085089, "depressing": 0.7248812107042607, "safer": 0.28315852874898129, "boring": 0.75735228886221184, "human": 0.00062010023328990004, "vehicle": 0.018608032710968499, "construction": 0.19805596366761219, "nature": 0.059410034664093399, "sky": 0.45930208478655132, "object": 0.0036687396821520999, "PI": 0.18107354261187272, "NI": 0.47024961984001196, "length": 499.4652068, "source": 307, "target": 312, "direction": "bi-directional", "flow": 298.0, "flow_pct": 0.22016830315254415, "flow_rank": 124 }, "geometry": { "type": "LineString", "coordinates": [ [ 114.018634872019135, 22.538630860244776 ], [ 114.0191728154972, 22.538718222730068 ], [ 114.019439792859956, 22.538776764849395 ], [ 114.023409614074652, 22.539447813583152 ] ] } },
{ "type": "Feature", "properties": { "arc": 424, "wealthier": 0.2505933701047165, "beautiful": 0.25416623962154272, "livelier": 0.30067041923268278, "depressing": 0.74500055373977347, "safer": 0.2295487243453585, "boring": 0.67818874192962864, "human": 0.0001771714952256, "vehicle": 0.024048946521900299, "construction": 0.2088945530079028, "nature": 0.037893330609356901, "sky": 0.48062684800889749, "object": 0.0039027531941731, "PI": 0.14197773881145534, "NI": 0.47479109544966502, "length": 481.8428897, "source": 312, "target": 313, "direction": "bi-directional", "flow": 169.0, "flow_pct": 0.12486054776100657, "flow_rank": 261 }, "geometry": { "type": "LineString", "coordinates": [ [ 114.023409614074652, 22.539447813583152 ], [ 114.024544031555749, 22.535226137408355 ] ] } },
{ "type": "Feature", "properties": { "arc": 427, "wealthier": 0.4833802434656147, "beautiful": 0.3858821540056302, "livelier": 0.62489803833097202, "depressing": 0.56627196171851035, "safer": 0.43478774827133398, "boring": 0.36575546661131741, "human": 0.0054500367906358, "vehicle": 0.041562239329020097, "construction": 0.17211543189154729, "nature": 0.15747091505262581, "sky": 0.3846482700771755, "object": 0.0060820579528808004, "PI": 0.40214498708244945, "NI": 0.37515509356252097, "length": 302.5141742, "source": 452, "target": 447, "direction": "bi-directional", "flow": 87.0, "flow_pct": 0.064277323403595099, "flow_rank": 413 }, "geometry": { "type": "LineString", "coordinates": [ [ 114.081735380513805, 22.540690955383944 ], [ 114.078822415596633, 22.540315657082882 ] ] } },
{ "type": "Feature", "properties": { "arc": 428, "wealthier": 0.25577937458454769, "beautiful": 0.2938213497149712, "livelier": 0.42460077692912601, "depressing": 0.68170741472586482, "safer": 0.26518564107339199, "boring": 0.597522407407161, "human": 0.0026790982200985002, "vehicle": 0.043333053588867097, "construction": 0.19164557684035519, "nature": 0.092745054335821198, "sky": 0.4444406146094913, "object": 0.0062185014997208996, "PI": 0.22588539766108873, "NI": 0.46179690795414369, "length": 370.1424792, "source": 452, "target": 453, "direction": "bi-directional", "flow": 11.0, "flow_pct": 0.0081270179016039792, "flow_rank": 708 }, "geometry": { "type": "LineString", "coordinates": [ [ 114.081735380513805, 22.540690955383944 ], [ 114.081780376835553, 22.538425681250878 ], [ 114.081821311802443, 22.537349494565415 ] ] } },
{ "type": "Feature", "properties": { "arc": 429, "wealthier": 0.46843226995189691, "beautiful": 0.387171736966609, "livelier": 0.7259173212564245, "depressing": 0.53190078133139418, "safer": 0.4438189120853353, "boring": 0.30622546897012859, "human": 0.0130417767693014, "vehicle": 0.029906740375593498, "construction": 0.25524169323491108, "nature": 0.16911158842198981, "sky": 0.30362566779641548, "object": 0.0088139328302121005, "PI": 0.51984249365010793, "NI": 0.37110147268666505, "length": 504.5249706, "source": 452, "target": 458, "direction": "bi-directional", "flow": 108.0, "flow_pct": 0.079792539397566323, "flow_rank": 374 }, "geometry": { "type": "LineString", "coordinates": [ [ 114.081735380513805, 22.540690955383944 ], [ 114.083770830831071, 22.540701250870601 ], [ 114.085656070898821, 22.540745420703697 ], [ 114.086639382027045, 22.540736675960883 ] ] } },
{ "type": "Feature", "properties": { "arc": 430, "wealthier": 0.45365507494546259, "beautiful": 0.28640070550758218, "livelier": 0.49494927020793622, "depressing": 0.64273535752786481, "safer": 0.3264781827511436, "boring": 0.59276891928026554, "human": 0.00075944264729810003, "vehicle": 0.014903068542480399, "construction": 0.52640859285990393, "nature": 0.028807083765665601, "sky": 0.16558448473612461, "object": 0.0131754875183105, "PI": 0.24298928447146664, "NI": 0.50686872761361756, "length": 155.5174066, "source": 555, "target": 551, "direction": "bi-directional", "flow": 62.0, "flow_pct": 0.045806828172676964, "flow_rank": 481 }, "geometry": { "type": "LineString", "coordinates": [ [ 114.124599093484036, 22.541475556880041 ], [ 114.124317361325609, 22.541260982778475 ], [ 114.123386325258309, 22.54063786026153 ] ] } },
{ "type": "Feature", "properties": { "arc": 431, "wealthier": 0.34625934937849689, "beautiful": 0.35013836133426651, "livelier": 0.51305708103142256, "depressing": 0.61195877707973623, "safer": 0.35350088607916119, "boring": 0.51338735784056644, "human": 0.00085240681966139995, "vehicle": 0.029596176147460899, "construction": 0.13331250508626299, "nature": 0.17800603230794271, "sky": 0.42280593872070321, "object": 0.0062762451171874999, "PI": 0.28285463547517825, "NI": 0.39977040502836275, "length": 558.1160731, "source": 506, "target": 497, "direction": "bi-directional", "flow": 25.0, "flow_pct": 0.018470495230918132, "flow_rank": 636 }, "geometry": { "type": "LineString", "coordinates": [ [ 114.106674092551728, 22.541292135136654 ], [ 114.106771119881429, 22.540906602743224 ], [ 114.106828900007045, 22.54055167501707 ], [ 114.106871653407495, 22.540153690426838 ], [ 114.106858504991678, 22.539916626172896 ], [ 114.106800830991105, 22.539710143687508 ], [ 114.106699179095827, 22.539509381675384 ], [ 114.10645939746955, 22.539155333779949 ], [ 114.106268931925456, 22.538921460998061 ], [ 114.106124665585966, 22.538787950924625 ], [ 114.105956767462956, 22.538669273741174 ], [ 114.105767939048647, 22.5385730751259 ], [ 114.105552466857645, 22.538499520771271 ], [ 114.105349291551718, 22.538458793440725 ], [ 114.10465908883134, 22.538377784109649 ], [ 114.103741658591801, 22.538240309164337 ] ] } },
{ "type": "Feature", "properties": { "arc": 432, "wealthier": 0.18967824919295639, "beautiful": 0.2433950209528957, "livelier": 0.3360692456566714, "depressing": 0.74884837737352761, "safer": 0.234312352379797, "boring": 0.66038825619686226, "human": 0.0016774495442708, "vehicle": 0.026550165812174401, "construction": 0.17442347208658851, "nature": 0.033374532063801997, "sky": 0.48094863891601558, "object": 0.0144920349121093, "PI": 0.15489435351078698, "NI": 0.52759425378359304, "length": 104.1847366, "source": 490, "target": 492, "direction": "bi-directional", "flow": 49.0, "flow_pct": 0.036202170652599536, "flow_rank": 532 }, "geometry": { "type": "LineString", "coordinates": [ [ 114.099647590652367, 22.541174949481686 ], [ 114.099712073790414, 22.540236033263611 ] ] } },
{ "type": "Feature", "properties": { "arc": 433, "wealthier": 0.51039053379699395, "beautiful": 0.4070972641902576, "livelier": 0.72288867422219039, "depressing": 0.51629893656472303, "safer": 0.47958215934573267, "boring": 0.3591426201661515, "human": 0.0049155810931781002, "vehicle": 0.024025307045326499, "construction": 0.25476012358794342, "nature": 0.1154647861515079, "sky": 0.3507052241144954, "object": 0.0074782672229112999, "PI": 0.42033474165160495, "NI": 0.37794314349763364, "length": 801.1816865, "source": 490, "target": 506, "direction": "bi-directional", "flow": 0.0, "flow_pct": 0.0, "flow_rank": 766 }, "geometry": { "type": "LineString", "coordinates": [ [ 114.099647590652367, 22.541174949481686 ], [ 114.101466562131918, 22.541193577147002 ], [ 114.102080370837555, 22.541224765339713 ], [ 114.102291746636709, 22.541218020945063 ], [ 114.102447116142741, 22.541172906189832 ], [ 114.102532751753117, 22.541088597322968 ], [ 114.102570445072871, 22.54098230218391 ], [ 114.102617775349387, 22.540679372230674 ], [ 114.102681027099152, 22.540579141434435 ], [ 114.102771036088654, 22.540523014134564 ], [ 114.102886299918936, 22.54049344636498 ], [ 114.103051427790177, 22.540481857207194 ], [ 114.104012725015608, 22.540489061214277 ], [ 114.104341017406156, 22.540518879583278 ], [ 114.10454135922491, 22.540587431102956 ], [ 114.10471689893194, 22.540715790118799 ], [ 114.105059529811385, 22.541052295730584 ], [ 114.105181663245673, 22.541131558394991 ], [ 114.105290209380996, 22.541173615610987 ], [ 114.105568382598534, 22.541226955566149 ], [ 114.106129084868911, 22.541285822059663 ], [ 114.106365210084149, 22.541298054288301 ], [ 114.106674092551728, 22.541292135136654 ] ] } },
{ "type": "Feature", "properties": { "arc": 435, "wealthier": 0.2846417014988748, "beautiful": 0.29606213960794681, "livelier": 0.5556060321544527, "depressing": 0.6528274831281069, "safer": 0.30568518089646318, "boring": 0.45978368286010701, "human": 0.0032457926916697002, "vehicle": 0.035141869196816097, "construction": 0.26229691883874318, "nature": 0.1003322298564608, "sky": 0.36138131883409291, "object": 0.0076357826354010996, "PI": 0.27288330837786484, "NI": 0.43493330317884027, "length": 450.1526452, "source": 542, "target": 529, "direction": "bi-directional", "flow": 156.0, "flow_pct": 0.11525589024092914, "flow_rank": 279 }, "geometry": { "type": "LineString", "coordinates": [ [ 114.120210959938746, 22.541704526078771 ], [ 114.119980942960709, 22.541282002931251 ], [ 114.119732282601319, 22.54091755134947 ], [ 114.119531362805375, 22.540706163978367 ], [ 114.119229439211992, 22.540488187600793 ], [ 114.118986947702737, 22.540356042446557 ], [ 114.118665559415049, 22.540222899565048 ], [ 114.116723876250646, 22.539522647346018 ] ] } },
{ "type": "Feature", "properties": { "arc": 436, "wealthier": 0.3774878115145634, "beautiful": 0.29154372630798192, "livelier": 0.51943616159523898, "depressing": 0.66811076219819954, "safer": 0.333991385965757, "boring": 0.53710831938035719, "human": 0.0024241553412542999, "vehicle": 0.019084845648871501, "construction": 0.2511106279161241, "nature": 0.085657289293077199, "sky": 0.39662950303819439, "object": 0.0077419281005859002, "PI": 0.27200301396293175, "NI": 0.44626623803359583, "length": 347.3576919, "source": 542, "target": 551, "direction": "bi-directional", "flow": 27.0, "flow_pct": 0.019948134849391581, "flow_rank": 624 }, "geometry": { "type": "LineString", "coordinates": [ [ 114.120210959938746, 22.541704526078771 ], [ 114.121794290324857, 22.541154909306513 ], [ 114.123386325258309, 22.54063786026153 ] ] } },
{ "type": "Feature", "properties": { "arc": 437, "wealthier": 0.7150840862090948, "beautiful": 0.63213875685373144, "livelier": 0.63056907899263503, "depressing": 0.36191953127549548, "safer": 0.66269977282635084, "boring": 0.369188372475728, "human": 0.00016439954439789999, "vehicle": 0.014844208955764699, "construction": 0.040877014398574801, "nature": 0.3464872241020201, "sky": 0.359134684006373, "object": 0.0030542413393655999, "PI": 0.50930819803090743, "NI": 0.25109381341293374, "length": 1631.892506, "source": 253, "target": 274, "direction": "bi-directional", "flow": 416.0, "flow_pct": 0.3073490406424777, "flow_rank": 93 }, "geometry": { "type": "LineString", "coordinates": [ [ 113.971358715169529, 22.53910036497453 ], [ 113.972824430308592, 22.538547723360342 ], [ 113.975455242197242, 22.537324622787899 ], [ 113.976459626831826, 22.53690065110985 ], [ 113.976720492651936, 22.536804442584994 ], [ 113.977053630655689, 22.53670621339537 ], [ 113.977706452109118, 22.536550754216346 ], [ 113.978345664967364, 22.536458103198736 ], [ 113.979163086200032, 22.536409592214866 ], [ 113.985929314178819, 22.536270598746302 ], [ 113.986628111950267, 22.536268400699264 ] ] } },
{ "type": "Feature", "properties": { "arc": 438, "wealthier": 0.56524990654680063, "beautiful": 0.48696049579210249, "livelier": 0.78166271857840119, "depressing": 0.4207453024067675, "safer": 0.55601944387263136, "boring": 0.2497778590585478, "human": 0.0064785639444985997, "vehicle": 0.0359261830647786, "construction": 0.1790603001912435, "nature": 0.32710196177164702, "sky": 0.1876651128133138, "object": 0.0091829299926756997, "PI": 0.54212259634119031, "NI": 0.29102767432296855, "length": 579.4082094, "source": 480, "target": 492, "direction": "bi-directional", "flow": 5.0, "flow_pct": 0.0036940990461836261, "flow_rank": 750 }, "geometry": { "type": "LineString", "coordinates": [ [ 114.095299205741767, 22.541426077096521 ], [ 114.095255966040142, 22.541006723304111 ], [ 114.095268639936037, 22.54049174882752 ], [ 114.095322634737869, 22.540326684135572 ], [ 114.09537941657743, 22.540263106369228 ], [ 114.095475436852098, 22.540213466130083 ], [ 114.095577043386783, 22.540191862234852 ], [ 114.095796034749853, 22.540183068442975 ], [ 114.09725000844476, 22.54021916020476 ], [ 114.099712073790414, 22.540236033263611 ] ] } },
{ "type": "Feature", "properties": { "arc": 440, "wealthier": 0.40998061818582149, "beautiful": 0.36476559038673811, "livelier": 0.535943407698667, "depressing": 0.66040478673757785, "safer": 0.3380523075090246, "boring": 0.4379568501112468, "human": 0.0082239519085799996, "vehicle": 0.022175203289901999, "construction": 0.22808382803933661, "nature": 0.1182392187285841, "sky": 0.37986383940044199, "object": 0.0074665671900699003, "PI": 0.3766512604661329, "NI": 0.41595510086207982, "length": 411.4977061, "source": 474, "target": 480, "direction": "bi-directional", "flow": 78.0, "flow_pct": 0.057627945120464569, "flow_rank": 435 }, "geometry": { "type": "LineString", "coordinates": [ [ 114.091301988435958, 22.541497425409396 ], [ 114.091861993698558, 22.541510624827886 ], [ 114.092751550891535, 22.54149950911286 ], [ 114.093851588631267, 22.54150687359212 ], [ 114.0944733932578, 22.541484025417052 ], [ 114.095299205741767, 22.541426077096521 ] ] } },
{ "type": "Feature", "properties": { "arc": 441, "wealthier": 0.4817110191204636, "beautiful": 0.39508980224135359, "livelier": 0.61960614024804039, "depressing": 0.51929263090774036, "safer": 0.44015208941358819, "boring": 0.40107806241127641, "human": 0.0111098433985854, "vehicle": 0.038730881430886002, "construction": 0.21246889865759649, "nature": 0.19630452358361439, "sky": 0.31146089958422107, "object": 0.0060776508215700997, "PI": 0.48469607213106219, "NI": 0.36361262494578345, "length": 493.4781553, "source": 458, "target": 474, "direction": "bi-directional", "flow": 72.0, "flow_pct": 0.053195026265044222, "flow_rank": 454 }, "geometry": { "type": "LineString", "coordinates": [ [ 114.086639382027045, 22.540736675960883 ], [ 114.088262735310636, 22.541304184773502 ], [ 114.088547720786636, 22.541396496868462 ], [ 114.08871635311813, 22.541434942700313 ], [ 114.0889413350518, 22.541454170336156 ], [ 114.089589200116293, 22.541473385826855 ], [ 114.090789007287654, 22.541478169146821 ], [ 114.091301988435958, 22.541497425409396 ] ] } },
{ "type": "Feature", "properties": { "arc": 442, "wealthier": 0.46953695989353589, "beautiful": 0.38622466488780521, "livelier": 0.66708114051399092, "depressing": 0.53350615731019391, "safer": 0.41419045777809921, "boring": 0.3886954736850276, "human": 0.0048051864381819997, "vehicle": 0.048388496277824197, "construction": 0.1998866853259858, "nature": 0.1294352819049169, "sky": 0.36072401016477551, "object": 0.0091267843095082998, "PI": 0.38929343742610723, "NI": 0.39916989004719722, "length": 490.9264834, "source": 514, "target": 506, "direction": "bi-directional", "flow": 36.0, "flow_pct": 0.026597513132522111, "flow_rank": 582 }, "geometry": { "type": "LineString", "coordinates": [ [ 114.111389656646182, 22.541953217661444 ], [ 114.10985698379362, 22.541747673125737 ], [ 114.107352740859426, 22.541441292810632 ], [ 114.10707673522252, 22.541395183860466 ], [ 114.106674092551728, 22.541292135136654 ] ] } },
{ "type": "Feature", "properties": { "arc": 443, "wealthier": 0.453023897342199, "beautiful": 0.41537763619507878, "livelier": 0.63311209441525218, "depressing": 0.53259858717100728, "safer": 0.44196815045337712, "boring": 0.3956551330839036, "human": 0.0026565790176390999, "vehicle": 0.036495526631673103, "construction": 0.16800276438395181, "nature": 0.1033785740534464, "sky": 0.42144680023193359, "object": 0.0046314795811971, "PI": 0.35634557747801338, "NI": 0.37055656463423525, "length": 440.5925589, "source": 514, "target": 516, "direction": "bi-directional", "flow": 22.0, "flow_pct": 0.016254035803207958, "flow_rank": 648 }, "geometry": { "type": "LineString", "coordinates": [ [ 114.111389656646182, 22.541953217661444 ], [ 114.111956006610896, 22.538771413901298 ], [ 114.112130620256494, 22.538035371885865 ] ] } },
{ "type": "Feature", "properties": { "arc": 444, "wealthier": 0.4960344938547781, "beautiful": 0.30021886739598969, "livelier": 0.53704147342201636, "depressing": 0.61061885620668155, "safer": 0.37508639306984137, "boring": 0.58734904914299613, "human": 0.0014879703521728, "vehicle": 0.020370721817016602, "construction": 0.51868502298990893, "nature": 0.026704867680867501, "sky": 0.16519316037495929, "object": 0.013998031616210899, "PI": 0.27820098510383473, "NI": 0.50649048423926479, "length": 174.7561658, "source": 564, "target": 555, "direction": "bi-directional", "flow": 69.0, "flow_pct": 0.050978566837334038, "flow_rank": 460 }, "geometry": { "type": "LineString", "coordinates": [ [ 114.126064666886634, 22.542273287783633 ], [ 114.125487770100449, 22.541974083581742 ], [ 114.124599093484036, 22.541475556880041 ] ] } },
{ "type": "Feature", "properties": { "arc": 445, "wealthier": 0.45445275969213839, "beautiful": 0.4457059696285921, "livelier": 0.69011222691819318, "depressing": 0.50190891486801992, "safer": 0.4805925860771843, "boring": 0.34910651379983171, "human": 0.0061877568562824998, "vehicle": 0.056217320760091102, "construction": 0.18813387552897129, "nature": 0.17719783782958981, "sky": 0.3174090067545573, "object": 0.0091667811075845998, "PI": 0.44309676711057894, "NI": 0.3767132370406871, "length": 235.4197264, "source": 514, "target": 519, "direction": "bi-directional", "flow": 75.0, "flow_pct": 0.055411485692754399, "flow_rank": 445 }, "geometry": { "type": "LineString", "coordinates": [ [ 114.111389656646182, 22.541953217661444 ], [ 114.113623066275693, 22.542417390477642 ] ] } },
{ "type": "Feature", "properties": { "arc": 446, "wealthier": 0.48929998176184858, "beautiful": 0.4529795998397807, "livelier": 0.66135006088500436, "depressing": 0.49347703551994271, "safer": 0.49565009121233689, "boring": 0.33791069770927668, "human": 0.0051604111989338999, "vehicle": 0.0333570639292399, "construction": 0.18336184819539381, "nature": 0.1418910026550293, "sky": 0.36300571759541828, "object": 0.0097010135650634002, "PI": 0.42569838974887975, "NI": 0.37072287198463366, "length": 194.366783, "source": 519, "target": 520, "direction": "bi-directional", "flow": 168.0, "flow_pct": 0.12412172795176984, "flow_rank": 262 }, "geometry": { "type": "LineString", "coordinates": [ [ 114.113623066275693, 22.542417390477642 ], [ 114.113687345817397, 22.540663205896156 ] ] } },
{ "type": "Feature", "properties": { "arc": 447, "wealthier": 0.69131564480155161, "beautiful": 0.51542986362952892, "livelier": 0.73413313284808412, "depressing": 0.41143554650376329, "safer": 0.57144583821883987, "boring": 0.25589474264240569, "human": 0.00027426083882640002, "vehicle": 0.0117975870768229, "construction": 0.0515873432159423, "nature": 0.43355719248453772, "sky": 0.25272949536641431, "object": 0.0080300172170003001, "PI": 0.51106161675753436, "NI": 0.24237399612936084, "length": 189.5819389, "source": 201, "target": 210, "direction": "bi-directional", "flow": 0.0, "flow_pct": 0.0, "flow_rank": 766 }, "geometry": { "type": "LineString", "coordinates": [ [ 113.949138940859186, 22.539393797904381 ], [ 113.950742480185426, 22.538549946397701 ] ] } },
{ "type": "Feature", "properties": { "arc": 448, "wealthier": 0.61756298275005905, "beautiful": 0.4750693174360659, "livelier": 0.62189269617863407, "depressing": 0.4872808399395499, "safer": 0.49562876711631337, "boring": 0.39741593251600182, "human": 0.00084318938078699996, "vehicle": 0.0138940104731807, "construction": 0.1286448725947627, "nature": 0.24539128056278939, "sky": 0.36782872235333469, "object": 0.0063043170505099003, "PI": 0.41584486897197198, "NI": 0.32872409609687353, "length": 503.913187, "source": 154, "target": 153, "direction": "bi-directional", "flow": 560.0, "flow_pct": 0.41373909317256613, "flow_rank": 52 }, "geometry": { "type": "LineString", "coordinates": [ [ 113.937464911961186, 22.539184502584515 ], [ 113.936501650573774, 22.538032594069012 ], [ 113.936386505324691, 22.537828336304763 ], [ 113.936349368342277, 22.537637034265028 ], [ 113.936365366146802, 22.537479770851466 ], [ 113.936432922578049, 22.537271513774389 ], [ 113.937333442916113, 22.535138197245878 ] ] } },
{ "type": "Feature", "properties": { "arc": 449, "wealthier": 0.51869954983196098, "beautiful": 0.39469204817671799, "livelier": 0.59090861221633117, "depressing": 0.59396235508413564, "safer": 0.41802414685821371, "boring": 0.45654825355065498, "human": 0.00084920724232990001, "vehicle": 0.025045434633890699, "construction": 0.082705378532409599, "nature": 0.19843673706054679, "sky": 0.4359711805979411, "object": 0.0085011323293049997, "PI": 0.35255924004454481, "NI": 0.3839672195774701, "length": 396.2757229, "source": 184, "target": 185, "direction": "bi-directional", "flow": 246.0, "flow_pct": 0.18174967307223441, "flow_rank": 158 }, "geometry": { "type": "LineString", "coordinates": [ [ 113.945031522342134, 22.539346781792471 ], [ 113.945040774670005, 22.538145483234814 ], [ 113.945081621951374, 22.536927990571105 ], [ 113.945088351967541, 22.535768909424299 ] ] } },
{ "type": "Feature", "properties": { "arc": 450, "wealthier": 0.7479987173269077, "beautiful": 0.55663825123947253, "livelier": 0.70290479370970527, "depressing": 0.32031146429359098, "safer": 0.61588255502024292, "boring": 0.26891958374171709, "human": 0.0005608664618598, "vehicle": 0.0092638157032154007, "construction": 0.058925911232277202, "nature": 0.35298944402624061, "sky": 0.32247497417308663, "object": 0.0077483918931748998, "PI": 0.51364015004527597, "NI": 0.24613156217478685, "length": 422.5733387, "source": 184, "target": 201, "direction": "bi-directional", "flow": 0.0, "flow_pct": 0.0, "flow_rank": 766 }, "geometry": { "type": "LineString", "coordinates": [ [ 113.945031522342134, 22.539346781792471 ], [ 113.946745335481054, 22.539353581591811 ], [ 113.947319960639831, 22.539373070594085 ], [ 113.949138940859186, 22.539393797904381 ] ] } },
{ "type": "Feature", "properties": { "arc": 451, "wealthier": 0.31485381044448868, "beautiful": 0.2053578493471982, "livelier": 0.4498970203557453, "depressing": 0.74634721903550172, "safer": 0.27163516568614848, "boring": 0.62844198561384634, "human": 0.00064986092703680001, "vehicle": 0.017635981241861901, "construction": 0.13476467132568359, "nature": 0.1328096389770507, "sky": 0.44581758408319377, "object": 0.0084693091256277005, "PI": 0.21013844865175604, "NI": 0.45580358241827917, "length": 394.4704548, "source": 167, "target": 169, "direction": "bi-directional", "flow": 170.0, "flow_pct": 0.12559936757024329, "flow_rank": 259 }, "geometry": { "type": "LineString", "coordinates": [ [ 113.940739173957638, 22.539270316164071 ], [ 113.940809013143735, 22.535708698048911 ] ] } },
{ "type": "Feature", "properties": { "arc": 452, "wealthier": 0.5219533159209766, "beautiful": 0.39638277230138541, "livelier": 0.53894483150333417, "depressing": 0.52249981934717105, "safer": 0.42418251408637958, "boring": 0.4661088954713779, "human": 0.00057224198883650001, "vehicle": 0.0122839235791973, "construction": 0.066359314264035602, "nature": 0.21086797527238429, "sky": 0.43544208302217369, "object": 0.0082092659146178002, "PI": 0.34399674972411404, "NI": 0.35609083603171238, "length": 441.6228398, "source": 167, "target": 184, "direction": "bi-directional", "flow": 47.0, "flow_pct": 0.034724531034126087, "flow_rank": 545 }, "geometry": { "type": "LineString", "coordinates": [ [ 113.940739173957638, 22.539270316164071 ], [ 113.945031522342134, 22.539346781792471 ] ] } },
{ "type": "Feature", "properties": { "arc": 453, "wealthier": 0.54902926050693734, "beautiful": 0.47604592631248632, "livelier": 0.59168626274205816, "depressing": 0.48494979361025481, "safer": 0.4767326923672599, "boring": 0.37682555655723871, "human": 0.0012390252315636, "vehicle": 0.024177146680427301, "construction": 0.1059251265092329, "nature": 0.3124376932779947, "sky": 0.30531854340524389, "object": 0.0061873233679569, "PI": 0.41673193164297545, "NI": 0.30692880060419941, "length": 336.976421, "source": 154, "target": 167, "direction": "bi-directional", "flow": 0.0, "flow_pct": 0.0, "flow_rank": 766 }, "geometry": { "type": "LineString", "coordinates": [ [ 113.937464911961186, 22.539184502584515 ], [ 113.938616912425616, 22.539233508301518 ], [ 113.940739173957638, 22.539270316164071 ] ] } },
{ "type": "Feature", "properties": { "arc": 454, "wealthier": 0.57470308887873933, "beautiful": 0.47781496491078829, "livelier": 0.69911321198379928, "depressing": 0.4483206255819796, "safer": 0.51030378733773196, "boring": 0.33619074425342299, "human": 0.0053942998250324998, "vehicle": 0.050638743809291203, "construction": 0.10403905596051891, "nature": 0.28597486586797799, "sky": 0.30778430757068448, "object": 0.0060989289056686997, "PI": 0.49411637667624148, "NI": 0.31206881978191686, "length": 376.1137289, "source": 65, "target": 63, "direction": "bi-directional", "flow": 354.0, "flow_pct": 0.26154221246980069, "flow_rank": 108 }, "geometry": { "type": "LineString", "coordinates": [ [ 113.914751589172397, 22.538912797827638 ], [ 113.914545584477011, 22.537626274986909 ], [ 113.914313429676085, 22.535541636490763 ] ] } },
{ "type": "Feature", "properties": { "arc": 455, "wealthier": 0.34574278082792909, "beautiful": 0.39854083268658008, "livelier": 0.18066474521387699, "depressing": 0.61540564906502648, "safer": 0.32590682964104162, "boring": 0.84473184467755824, "human": 0.0002247238159179, "vehicle": 0.029177157084147101, "construction": 0.061657447814941299, "nature": 0.1605988311767578, "sky": 0.50126221974690777, "object": 0.0033081054687499, "PI": 0.21000576449274597, "NI": 0.43869306578907402, "length": 1289.788016, "source": 329, "target": 312, "direction": "bi-directional", "flow": 214.0, "flow_pct": 0.1581074391766592, "flow_rank": 191 }, "geometry": { "type": "LineString", "coordinates": [ [ 114.035746395547235, 22.541528154054969 ], [ 114.028759500023199, 22.540352013232152 ], [ 114.027155089911432, 22.540067802617298 ], [ 114.023409614074652, 22.539447813583152 ] ] } },
{ "type": "Feature", "properties": { "arc": 456, "wealthier": 0.31609382764197141, "beautiful": 0.26686577715023307, "livelier": 0.41567806139616242, "depressing": 0.69811959313904126, "safer": 0.28085860945161079, "boring": 0.54372585789292549, "human": 0.00066001742493870005, "vehicle": 0.024079266716452202, "construction": 0.069584827797085594, "nature": 0.1637763977050781, "sky": 0.495704875272863, "object": 0.0056732028138403003, "PI": 0.22461546133531377, "NI": 0.41250827281626057, "length": 495.8641933, "source": 51, "target": 53, "direction": "bi-directional", "flow": 110.0, "flow_pct": 0.081270179016039779, "flow_rank": 372 }, "geometry": { "type": "LineString", "coordinates": [ [ 113.910254071769231, 22.539689997840139 ], [ 113.910384193211769, 22.535213798997681 ] ] } },
{ "type": "Feature", "properties": { "arc": 457, "wealthier": 0.65639002261376234, "beautiful": 0.51214819227364605, "livelier": 0.77638639628543904, "depressing": 0.40642531686884981, "safer": 0.55068679697095846, "boring": 0.3123694939150255, "human": 0.0052059858273236998, "vehicle": 0.035224767831655603, "construction": 0.1382907476180639, "nature": 0.3520835974277593, "sky": 0.2214420025165264, "object": 0.0055140959910856997, "PI": 0.55092599447889024, "NI": 0.27269240462789662, "length": 470.6107742, "source": 51, "target": 65, "direction": "bi-directional", "flow": 163.0, "flow_pct": 0.12042762890558621, "flow_rank": 270 }, "geometry": { "type": "LineString", "coordinates": [ [ 113.910254071769231, 22.539689997840139 ], [ 113.911719292432224, 22.539451482720626 ], [ 113.91255768187898, 22.539290101403505 ], [ 113.914751589172397, 22.538912797827638 ] ] } },
{ "type": "Feature", "properties": { "arc": 458, "wealthier": 0.81067988947454284, "beautiful": 0.85955232618264854, "livelier": 0.70305740720677723, "depressing": 0.13308130449826669, "safer": 0.84153343498021171, "boring": 0.25489249926080082, "human": 0.0027499577355762999, "vehicle": 0.013099019489591, "construction": 0.090927668980189696, "nature": 0.61131079234774166, "sky": 0.055296383206806403, "object": 0.0044973312862334998, "PI": 0.71222555360813544, "NI": 0.12938525655979513, "length": 1012.3352, "source": 273, "target": 263, "direction": "bi-directional", "flow": 25.0, "flow_pct": 0.018470495230918132, "flow_rank": 636 }, "geometry": { "type": "LineString", "coordinates": [ [ 113.986436449851809, 22.53867966870126 ], [ 113.986261092268606, 22.538653775824926 ], [ 113.985096152942816, 22.538571682161777 ], [ 113.984900316020585, 22.538570866870646 ], [ 113.984702923609589, 22.53860782166274 ], [ 113.984584993179965, 22.538680832702408 ], [ 113.98449284356694, 22.53880606918587 ], [ 113.984369331576005, 22.539102174919901 ], [ 113.98430357676402, 22.53921119309576 ], [ 113.984187033613495, 22.53931045346366 ], [ 113.984032059663591, 22.539366149401094 ], [ 113.983572022413568, 22.539396076669465 ], [ 113.979527371381849, 22.539534536807047 ], [ 113.979172926576922, 22.539570831700196 ], [ 113.978988505324068, 22.539625267961661 ], [ 113.978808481686158, 22.539719005468083 ], [ 113.978653247043056, 22.539837916140453 ], [ 113.97846044058727, 22.540026805351161 ], [ 113.978087957657792, 22.540426319399813 ], [ 113.977955672686178, 22.540594015129564 ], [ 113.977877390697628, 22.540737419322468 ], [ 113.977796134026519, 22.540986466215799 ] ] } },
{ "type": "Feature", "properties": { "arc": 459, "wealthier": 0.47245865458623809, "beautiful": 0.39006126888759701, "livelier": 0.75810097856624215, "depressing": 0.52571409424078452, "safer": 0.4702319411234816, "boring": 0.34861161703856469, "human": 0.0066859245300292004, "vehicle": 0.072489674886067695, "construction": 0.21335144042968751, "nature": 0.1258146603902181, "sky": 0.33212064107259121, "object": 0.0098731040954589001, "PI": 0.44075642690798422, "NI": 0.40940191240821128, "length": 474.7128725, "source": 536, "target": 519, "direction": "bi-directional", "flow": 41.0, "flow_pct": 0.030291612178705737, "flow_rank": 564 }, "geometry": { "type": "LineString", "coordinates": [ [ 114.118010784893087, 22.543641703676347 ], [ 114.11767434482249, 22.54345369573554 ], [ 114.117352940014726, 22.543296465991268 ], [ 114.116996664026416, 22.543138821083158 ], [ 114.116743169028638, 22.543051474263642 ], [ 114.114940830838009, 22.54267075977533 ], [ 114.113623066275693, 22.542417390477642 ] ] } },
{ "type": "Feature", "properties": { "arc": 460, "wealthier": 0.3366188384914322, "beautiful": 0.36121851649187497, "livelier": 0.55743925381038306, "depressing": 0.63770177610265721, "safer": 0.35694066358864729, "boring": 0.4820983683497071, "human": 0.0070075988769530998, "vehicle": 0.045495742406600502, "construction": 0.1604412274482922, "nature": 0.1352271055563902, "sky": 0.41026721856532949, "object": 0.0073135082538311001, "PI": 0.35953169695817161, "NI": 0.42224772265603328, "length": 313.450061, "source": 536, "target": 542, "direction": "bi-directional", "flow": 23.0, "flow_pct": 0.016992855612444679, "flow_rank": 642 }, "geometry": { "type": "LineString", "coordinates": [ [ 114.118010784893087, 22.543641703676347 ], [ 114.118432304677015, 22.543149997963308 ], [ 114.118796838397046, 22.542782038908431 ], [ 114.119070043021722, 22.542530642613499 ], [ 114.119505264271439, 22.542183596282232 ], [ 114.120210959938746, 22.541704526078771 ] ] } },
{ "type": "Feature", "properties": { "arc": 461, "wealthier": 0.4433136145607976, "beautiful": 0.26658812872304211, "livelier": 0.4772712970673465, "depressing": 0.71121188860059315, "safer": 0.31661840400631291, "boring": 0.61369113330566516, "human": 0.00023937225341790001, "vehicle": 0.020584742228190098, "construction": 0.16073204222179591, "nature": 0.073626064118884796, "sky": 0.48399502890450619, "object": 0.0038594745454334002, "PI": 0.23700665558568057, "NI": 0.43985188518960144, "length": 337.8040577, "source": 376, "target": 377, "direction": "bi-directional", "flow": 33.0, "flow_pct": 0.024381053704811934, "flow_rank": 598 }, "geometry": { "type": "LineString", "coordinates": [ [ 114.051220967520962, 22.542530419241928 ], [ 114.05125471871051, 22.541111762874348 ], [ 114.051268768462009, 22.539480328007411 ] ] } },
{ "type": "Feature", "properties": { "arc": 462, "wealthier": 0.500687600084599, "beautiful": 0.49891528671702179, "livelier": 0.36932898085312571, "depressing": 0.49832665098407503, "safer": 0.47153302388970608, "boring": 0.62914641816085104, "human": 0.0001936957949683, "vehicle": 0.016706684657505501, "construction": 0.035765057518368601, "nature": 0.24490772428966701, "sky": 0.44596544901529939, "object": 0.0033285595121837, "PI": 0.33825418595166007, "NI": 0.34688489694678787, "length": 900.1725965000001, "source": 353, "target": 329, "direction": "bi-directional", "flow": 214.0, "flow_pct": 0.1581074391766592, "flow_rank": 191 }, "geometry": { "type": "LineString", "coordinates": [ [ 114.044418290948784, 22.542409675408468 ], [ 114.04048786446053, 22.54233078519696 ], [ 114.039951516314019, 22.542249448951388 ], [ 114.035746395547235, 22.541528154054969 ] ] } },
{ "type": "Feature", "properties": { "arc": 463, "wealthier": 0.56603344945235479, "beautiful": 0.4207297219481152, "livelier": 0.48040318151393058, "depressing": 0.55144690895348936, "safer": 0.43853372039790428, "boring": 0.56045520362148649, "human": 6.3000303326231062e-05, "vehicle": 0.0206934611002604, "construction": 0.066708304665305404, "nature": 0.2209531610662287, "sky": 0.43045564131303271, "object": 0.0040801655162464, "PI": 0.34337712770946122, "NI": 0.35770235845869786, "length": 334.1568351, "source": 353, "target": 355, "direction": "bi-directional", "flow": 125.0, "flow_pct": 0.092352476154590649, "flow_rank": 339 }, "geometry": { "type": "LineString", "coordinates": [ [ 114.044418290948784, 22.542409675408468 ], [ 114.04447813691192, 22.539392633373161 ] ] } },
{ "type": "Feature", "properties": { "arc": 464, "wealthier": 0.48050365572182041, "beautiful": 0.39585121228662967, "livelier": 0.41922647325389067, "depressing": 0.57628723811439619, "safer": 0.40192016580129991, "boring": 0.65161443702252342, "human": 0.0002078432025331, "vehicle": 0.023829084454160699, "construction": 0.1017857175884824, "nature": 0.1874582117254083, "sky": 0.42659534107555042, "object": 0.0043504888361149997, "PI": 0.29905889006069447, "NI": 0.39247265010495735, "length": 248.9316029, "source": 353, "target": 361, "direction": "bi-directional", "flow": 243.0, "flow_pct": 0.17953321364452424, "flow_rank": 162 }, "geometry": { "type": "LineString", "coordinates": [ [ 114.044418290948784, 22.542409675408468 ], [ 114.045712704266506, 22.542457504147471 ], [ 114.046837224079596, 22.542449784779656 ] ] } },
{ "type": "Feature", "properties": { "arc": 465, "wealthier": 0.3184970565599668, "beautiful": 0.3357013352399647, "livelier": 0.25043627311634697, "depressing": 0.65525566547754965, "safer": 0.30791714125577713, "boring": 0.79440247111852946, "human": 0.0013994852701822, "vehicle": 0.038898213704426997, "construction": 0.10047925313313801, "nature": 0.13384857177734369, "sky": 0.47389793395996088, "object": 0.0078810373942056998, "PI": 0.21218767675583294, "NI": 0.47707846013411359, "length": 100.865574, "source": 362, "target": 361, "direction": "bi-directional", "flow": 243.0, "flow_pct": 0.17953321364452424, "flow_rank": 162 }, "geometry": { "type": "LineString", "coordinates": [ [ 114.047816169838526, 22.542502100326232 ], [ 114.046837224079596, 22.542449784779656 ] ] } },
{ "type": "Feature", "properties": { "arc": 466, "wealthier": 0.47478227364240372, "beautiful": 0.4075849472478974, "livelier": 0.57307237161414282, "depressing": 0.5461210541203021, "safer": 0.42260207340396577, "boring": 0.50108299276557777, "human": 0.0022810981387182999, "vehicle": 0.020441872732979899, "construction": 0.17200501759847001, "nature": 0.18676739647274929, "sky": 0.35277462005615229, "object": 0.0081108184087843992, "PI": 0.35979173731336206, "NI": 0.38332060036297283, "length": 339.6479162, "source": 362, "target": 363, "direction": "bi-directional", "flow": 0.0, "flow_pct": 0.0, "flow_rank": 766 }, "geometry": { "type": "LineString", "coordinates": [ [ 114.047816169838526, 22.542502100326232 ], [ 114.047851230601538, 22.541111574387848 ], [ 114.047866187792224, 22.539435398724937 ] ] } },
{ "type": "Feature", "properties": { "arc": 467, "wealthier": 0.39415488979653651, "beautiful": 0.3937435322192861, "livelier": 0.30394868039188561, "depressing": 0.62522395940027631, "safer": 0.3461930465399255, "boring": 0.72005603732266588, "human": 0.00046539306640620002, "vehicle": 0.0329679701063368, "construction": 0.11647012498643659, "nature": 0.1215233696831597, "sky": 0.48072331746419272, "object": 0.0035133361816405998, "PI": 0.23831039593353168, "NI": 0.43467133712726769, "length": 350.2809584, "source": 362, "target": 376, "direction": "bi-directional", "flow": 244.0, "flow_pct": 0.18027203345376097, "flow_rank": 161 }, "geometry": { "type": "LineString", "coordinates": [ [ 114.047816169838526, 22.542502100326232 ], [ 114.048757150683642, 22.542494178281604 ], [ 114.050153868243058, 22.542525505182354 ], [ 114.051220967520962, 22.542530419241928 ] ] } },
{ "type": "Feature", "properties": { "arc": 468, "wealthier": 0.2169609742656631, "beautiful": 0.26000003351047968, "livelier": 0.230456223544731, "depressing": 0.76483680202567195, "safer": 0.18645029805221469, "boring": 0.83659565519308876, "human": 0.00094373298413820005, "vehicle": 0.033733772509025803, "construction": 0.20430408824573859, "nature": 0.024380654999703998, "sky": 0.4739040027965199, "object": 0.0053427725127248998, "PI": 0.12240369629240698, "NI": 0.51876910237147289, "length": 256.8439869, "source": 489, "target": 490, "direction": "bi-directional", "flow": 49.0, "flow_pct": 0.036202170652599536, "flow_rank": 532 }, "geometry": { "type": "LineString", "coordinates": [ [ 114.099631289610912, 22.543493979801511 ], [ 114.099661326579181, 22.542030933650601 ], [ 114.099647590652367, 22.541174949481686 ] ] } },
{ "type": "Feature", "properties": { "arc": 469, "wealthier": 0.64846723933372175, "beautiful": 0.64547698070055926, "livelier": 0.75125759091740718, "depressing": 0.2996911397375559, "safer": 0.66158273943812917, "boring": 0.22403344276454451, "human": 0.0040972889333530998, "vehicle": 0.0191191521243772, "construction": 0.1056353251139322, "nature": 0.45298642697541602, "sky": 0.16482085075931269, "object": 0.007716026859007, "PI": 0.59984703769501146, "NI": 0.21319101955379063, "length": 760.9498286, "source": 263, "target": 253, "direction": "bi-directional", "flow": 60.0, "flow_pct": 0.044329188554203515, "flow_rank": 491 }, "geometry": { "type": "LineString", "coordinates": [ [ 113.977796134026519, 22.540986466215799 ], [ 113.97661690357954, 22.54092924325985 ], [ 113.976172850287554, 22.540932101866819 ], [ 113.975841633745489, 22.540988584265289 ], [ 113.97535717782614, 22.541167153256648 ], [ 113.97519976587833, 22.541204243095162 ], [ 113.97501881676898, 22.54120869380041 ], [ 113.974788416676347, 22.541163062448714 ], [ 113.97218329341456, 22.540241856149127 ], [ 113.971932039860604, 22.540133017160624 ], [ 113.971798319293583, 22.540028420571154 ], [ 113.971673668505289, 22.539852998910892 ], [ 113.971539780097004, 22.53957099076019 ], [ 113.971358715169529, 22.53910036497453 ] ] } },
{ "type": "Feature", "properties": { "arc": 470, "wealthier": 0.57384403292741626, "beautiful": 0.52168837868386442, "livelier": 0.60700302214190383, "depressing": 0.43279418716211998, "safer": 0.51983416133920468, "boring": 0.36568861709572581, "human": 0.0053935580783420001, "vehicle": 0.041277920758282599, "construction": 0.1277279324001736, "nature": 0.35373228567617909, "sky": 0.23865593804253471, "object": 0.0080737361201533003, "PI": 0.50279753929313931, "NI": 0.30820338258567714, "length": 224.6367414, "source": 479, "target": 480, "direction": "bi-directional", "flow": 77.0, "flow_pct": 0.056889125311227841, "flow_rank": 437 }, "geometry": { "type": "LineString", "coordinates": [ [ 114.095199104505056, 22.54345208254496 ], [ 114.095259067816599, 22.541869992919899 ], [ 114.095299205741767, 22.541426077096521 ] ] } },
{ "type": "Feature", "properties": { "arc": 471, "wealthier": 0.29414072043761391, "beautiful": 0.30466797246308802, "livelier": 0.3785464028178554, "depressing": 0.68553449229953045, "safer": 0.26490853513654372, "boring": 0.66667880241547084, "human": 0.001045580263491, "vehicle": 0.020310401916503899, "construction": 0.1230284726178205, "nature": 0.13005857114438649, "sky": 0.45486520837854461, "object": 0.0035644813820166999, "PI": 0.21427804636399897, "NI": 0.42227167146646294, "length": 455.9852599, "source": 479, "target": 489, "direction": "bi-directional", "flow": 289.0, "flow_pct": 0.2135189248694136, "flow_rank": 127 }, "geometry": { "type": "LineString", "coordinates": [ [ 114.095199104505056, 22.54345208254496 ], [ 114.098432301392862, 22.543509492566194 ], [ 114.099631289610912, 22.543493979801511 ] ] } },
{ "type": "Feature", "properties": { "arc": 472, "wealthier": 0.455212688446195, "beautiful": 0.37311192393114317, "livelier": 0.70189441024107457, "depressing": 0.55217830244892363, "safer": 0.43326725907579439, "boring": 0.34060574468547861, "human": 0.0046639297947739002, "vehicle": 0.051349466497247802, "construction": 0.17026496656013251, "nature": 0.1432189363421815, "sky": 0.39179154598351679, "object": 0.0066647963090375999, "PI": 0.39608886086991379, "NI": 0.38026919546581212, "length": 278.8488451, "source": 451, "target": 452, "direction": "bi-directional", "flow": 22.0, "flow_pct": 0.016254035803207958, "flow_rank": 648 }, "geometry": { "type": "LineString", "coordinates": [ [ 114.081672823187148, 22.543208387954191 ], [ 114.081735380513805, 22.540690955383944 ] ] } },
{ "type": "Feature", "properties": { "arc": 474, "wealthier": 0.31239572155940643, "beautiful": 0.29026161094954389, "livelier": 0.37637584308953242, "depressing": 0.68769932362561981, "safer": 0.27651101511671761, "boring": 0.70654196882704012, "human": 0.00071652730305980003, "vehicle": 0.0375714699427286, "construction": 0.067458709081013896, "nature": 0.14954050381978351, "sky": 0.48423918088277179, "object": 0.0044033924738565997, "PI": 0.21707436961959212, "NI": 0.43754930639003947, "length": 406.8104458, "source": 473, "target": 479, "direction": "bi-directional", "flow": 238.0, "flow_pct": 0.17583911459834062, "flow_rank": 168 }, "geometry": { "type": "LineString", "coordinates": [ [ 114.091244935959111, 22.543384704393809 ], [ 114.095199104505056, 22.54345208254496 ] ] } },
{ "type": "Feature", "properties": { "arc": 476, "wealthier": 0.42667707004719202, "beautiful": 0.32908128309821189, "livelier": 0.75096656488216273, "depressing": 0.59160963194798399, "safer": 0.3990887363114996, "boring": 0.3113732255954087, "human": 0.012607468499077601, "vehicle": 0.066046237945556599, "construction": 0.27267853418985999, "nature": 0.1160958078172472, "sky": 0.31309149000379771, "object": 0.0123931566874186, "PI": 0.48015590672380554, "NI": 0.43940185357177325, "length": 316.5257108, "source": 446, "target": 447, "direction": "bi-directional", "flow": 157.0, "flow_pct": 0.11599471005016586, "flow_rank": 277 }, "geometry": { "type": "LineString", "coordinates": [ [ 114.078746457665375, 22.543173124670194 ], [ 114.078822415596633, 22.540315657082882 ] ] } },
{ "type": "Feature", "properties": { "arc": 477, "wealthier": 0.35798513028582768, "beautiful": 0.2882636106771812, "livelier": 0.4546413195906393, "depressing": 0.71003754645300432, "safer": 0.29288183908061888, "boring": 0.61958919845079063, "human": 0.0020270714393027999, "vehicle": 0.074177864270332503, "construction": 0.18231274531437799, "nature": 0.079791386922200502, "sky": 0.43077278137207031, "object": 0.0037178626427283, "PI": 0.24180471853320359, "NI": 0.471433401707815, "length": 301.0616022, "source": 446, "target": 451, "direction": "bi-directional", "flow": 252.0, "flow_pct": 0.18618259192765477, "flow_rank": 149 }, "geometry": { "type": "LineString", "coordinates": [ [ 114.078746457665375, 22.543173124670194 ], [ 114.07932048177679, 22.543168305054948 ], [ 114.081672823187148, 22.543208387954191 ] ] } },
{ "type": "Feature", "properties": { "arc": 478, "wealthier": 0.38567120985469572, "beautiful": 0.3737079452111719, "livelier": 0.26834622771102629, "depressing": 0.62177165969175363, "safer": 0.34093412344384011, "boring": 0.80907240040622019, "human": 0.0012312288637514001, "vehicle": 0.020240536442509401, "construction": 0.066021177503797698, "nature": 0.14476451167353879, "sky": 0.52501862137405964, "object": 0.0034514886361581001, "PI": 0.24075712431934837, "NI": 0.4358607513856903, "length": 483.9492357, "source": 376, "target": 394, "direction": "bi-directional", "flow": 251.0, "flow_pct": 0.18544377211841803, "flow_rank": 150 }, "geometry": { "type": "LineString", "coordinates": [ [ 114.051220967520962, 22.542530419241928 ], [ 114.05591931246569, 22.542757799741143 ] ] } },
{ "type": "Feature", "properties": { "arc": 480, "wealthier": 0.40609323933987101, "beautiful": 0.35090685332510652, "livelier": 0.51354957867980211, "depressing": 0.64091882405272849, "safer": 0.35441218920525858, "boring": 0.54506778339302175, "human": 0.0022782382802065998, "vehicle": 0.038716047238080899, "construction": 0.17885239103920439, "nature": 0.1192257546970986, "sky": 0.40250168498764671, "object": 0.003632569924379, "PI": 0.2969763979376413, "NI": 0.41033741195225554, "length": 984.8684684, "source": 451, "target": 473, "direction": "bi-directional", "flow": 230.0, "flow_pct": 0.16992855612444679, "flow_rank": 178 }, "geometry": { "type": "LineString", "coordinates": [ [ 114.081672823187148, 22.543208387954191 ], [ 114.083022676973471, 22.543255988477267 ], [ 114.085191843677308, 22.543283373409775 ], [ 114.088239438103741, 22.543347921868104 ], [ 114.089486123347868, 22.543351102622204 ], [ 114.091244935959111, 22.543384704393809 ] ] } },
{ "type": "Feature", "properties": { "arc": 481, "wealthier": 0.21785488307449011, "beautiful": 0.27129110817455138, "livelier": 0.30840980364890208, "depressing": 0.71046475762252392, "safer": 0.2047605359187796, "boring": 0.72629340115471874, "human": 0.0011536569306343999, "vehicle": 0.053630366469874499, "construction": 0.16457401622425419, "nature": 0.097854209668708503, "sky": 0.43970529960863508, "object": 0.0049260457356769998, "PI": 0.16404601197583638, "NI": 0.47927306439326939, "length": 257.788338, "source": 443, "target": 446, "direction": "bi-directional", "flow": 259.0, "flow_pct": 0.19135433059231183, "flow_rank": 146 }, "geometry": { "type": "LineString", "coordinates": [ [ 114.076241453296277, 22.543116037777018 ], [ 114.076718388324224, 22.543142036051783 ], [ 114.078746457665375, 22.543173124670194 ] ] } },
{ "type": "Feature", "properties": { "arc": 482, "wealthier": 0.42729752181631692, "beautiful": 0.35395614970738321, "livelier": 0.4395225903968375, "depressing": 0.65837704588335422, "safer": 0.338326520723715, "boring": 0.60687171441721433, "human": 0.00028211099130130002, "vehicle": 0.0092425876193576, "construction": 0.0342939518116138, "nature": 0.2646691004435221, "sky": 0.43655293076126672, "object": 0.0053799947102863999, "PI": 0.29524693636278737, "NI": 0.37599509106686169, "length": 480.7257281, "source": 430, "target": 431, "direction": "bi-directional", "flow": 57.0, "flow_pct": 0.042112729126493338, "flow_rank": 501 }, "geometry": { "type": "LineString", "coordinates": [ [ 114.068049231146645, 22.542991893483737 ], [ 114.068095754802698, 22.539776425552173 ], [ 114.068126797123711, 22.538651430358513 ] ] } },
{ "type": "Feature", "properties": { "arc": 483, "wealthier": 0.44202318218026843, "beautiful": 0.4271098349146672, "livelier": 0.31061308577145053, "depressing": 0.58921751656741039, "safer": 0.3833287288449595, "boring": 0.69524242921770163, "human": 0.0003676414489746, "vehicle": 0.0138486226399739, "construction": 0.047952771186828599, "nature": 0.1895592212677002, "sky": 0.4758550723393758, "object": 0.0034175713857014, "PI": 0.27636350700998513, "NI": 0.38564566148127583, "length": 399.4130008, "source": 430, "target": 433, "direction": "bi-directional", "flow": 264.0, "flow_pct": 0.19504842963849547, "flow_rank": 142 }, "geometry": { "type": "LineString", "coordinates": [ [ 114.068049231146645, 22.542991893483737 ], [ 114.071931322534567, 22.543065869419291 ] ] } },
{ "type": "Feature", "properties": { "arc": 485, "wealthier": 0.27018352406553331, "beautiful": 0.3450455447931095, "livelier": 0.27460418259527303, "depressing": 0.64684430695696316, "safer": 0.287841584282161, "boring": 0.74010872721523369, "human": 0.00055995740388560002, "vehicle": 0.031599814431709103, "construction": 0.1099864892792283, "nature": 0.1246195341411389, "sky": 0.46720524838096211, "object": 0.0057795005932188004, "PI": 0.19383566627294455, "NI": 0.44909286016220618, "length": 443.430147, "source": 433, "target": 443, "direction": "bi-directional", "flow": 241.0, "flow_pct": 0.17805557402605079, "flow_rank": 164 }, "geometry": { "type": "LineString", "coordinates": [ [ 114.071931322534567, 22.543065869419291 ], [ 114.073649937017493, 22.54307726332609 ], [ 114.074338444962223, 22.543098098712793 ], [ 114.075687783674141, 22.543099576160934 ], [ 114.076241453296277, 22.543116037777018 ] ] } },
{ "type": "Feature", "properties": { "arc": 486, "wealthier": 0.38847973739667768, "beautiful": 0.2677923946294864, "livelier": 0.53427422672711844, "depressing": 0.73168975371740841, "safer": 0.32460097459041559, "boring": 0.63198411959603462, "human": 0.0032907516237288999, "vehicle": 0.029404110378689199, "construction": 0.38515757000635548, "nature": 0.0026868487161303, "sky": 0.34509489271375859, "object": 0.0051919543553912003, "PI": 0.26094245778244557, "NI": 0.49571828389196448, "length": 588.2820897, "source": 422, "target": 423, "direction": "bi-directional", "flow": 33.0, "flow_pct": 0.024381053704811934, "flow_rank": 598 }, "geometry": { "type": "LineString", "coordinates": [ [ 114.062884573095815, 22.542923524281381 ], [ 114.06295098879248, 22.539894112646181 ], [ 114.062973400958469, 22.53761185206481 ] ] } },
{ "type": "Feature", "properties": { "arc": 487, "wealthier": 0.47548905236222078, "beautiful": 0.36956395206944181, "livelier": 0.39647795038898709, "depressing": 0.64910647155274459, "safer": 0.3864600356276387, "boring": 0.66554917070515962, "human": 0.00043675256153890001, "vehicle": 0.0188066997225322, "construction": 0.1791651589529854, "nature": 0.061952560667007599, "sky": 0.4660676623147631, "object": 0.0052853236122735996, "PI": 0.25766432127047628, "NI": 0.44608338346188919, "length": 531.3406338, "source": 430, "target": 422, "direction": "bi-directional", "flow": 217.0, "flow_pct": 0.16032389860436938, "flow_rank": 188 }, "geometry": { "type": "LineString", "coordinates": [ [ 114.068049231146645, 22.542991893483737 ], [ 114.066688014701015, 22.542983207464033 ], [ 114.064685711321374, 22.542940708690246 ], [ 114.06339994957419, 22.5429377734729 ], [ 114.062884573095815, 22.542923524281381 ] ] } },
{ "type": "Feature", "properties": { "arc": 488, "wealthier": 0.32080126244623208, "beautiful": 0.28476682870450221, "livelier": 0.25864534769733277, "depressing": 0.69865351962875932, "safer": 0.28098778056063461, "boring": 0.83920288945330324, "human": 0.00017794856318720001, "vehicle": 0.0111791822645399, "construction": 0.10256802594220189, "nature": 0.1091527585630063, "sky": 0.51487682483814379, "object": 0.0025467342800564001, "PI": 0.178445154905812, "NI": 0.45200540804190892, "length": 216.4105562, "source": 394, "target": 404, "direction": "bi-directional", "flow": 251.0, "flow_pct": 0.18544377211841803, "flow_rank": 150 }, "geometry": { "type": "LineString", "coordinates": [ [ 114.05591931246569, 22.542757799741143 ], [ 114.058020651552539, 22.542853055945741 ] ] } },
{ "type": "Feature", "properties": { "arc": 489, "wealthier": 0.43317025151153038, "beautiful": 0.2393548999590886, "livelier": 0.59729066126409303, "depressing": 0.75967917074779601, "safer": 0.33509796852225449, "boring": 0.48200561109618312, "human": 0.00027128366323609998, "vehicle": 0.0127688676883012, "construction": 0.19355348440317, "nature": 0.090278038611778799, "sky": 0.43708625206580531, "object": 0.0036890078813601001, "PI": 0.26129675373658429, "NI": 0.41643581290983595, "length": 362.4282468, "source": 404, "target": 405, "direction": "bi-directional", "flow": 52.0, "flow_pct": 0.038418630080309712, "flow_rank": 523 }, "geometry": { "type": "LineString", "coordinates": [ [ 114.058020651552539, 22.542853055945741 ], [ 114.058077051081142, 22.53958062043645 ] ] } },
{ "type": "Feature", "properties": { "arc": 490, "wealthier": 0.44375043176725698, "beautiful": 0.34346587911049897, "livelier": 0.42693285165410289, "depressing": 0.6538220051706497, "safer": 0.36751460881464931, "boring": 0.61025732686311562, "human": 0.00026724073621960001, "vehicle": 0.013159539964463901, "construction": 0.20301326115926099, "nature": 0.074774159325493694, "sky": 0.4407297240363226, "object": 0.0051172574361164997, "PI": 0.2510070156370463, "NI": 0.43279154215255317, "length": 500.3913305, "source": 404, "target": 422, "direction": "bi-directional", "flow": 226.0, "flow_pct": 0.16697327688749991, "flow_rank": 183 }, "geometry": { "type": "LineString", "coordinates": [ [ 114.058020651552539, 22.542853055945741 ], [ 114.060066500185755, 22.542872138080131 ], [ 114.062884573095815, 22.542923524281381 ] ] } },
{ "type": "Feature", "properties": { "arc": 491, "wealthier": 0.26737403079941868, "beautiful": 0.26287664344711908, "livelier": 0.32275606509410459, "depressing": 0.71817262804610393, "safer": 0.22342692474969869, "boring": 0.75322231958710117, "human": 0.00020865599314370001, "vehicle": 0.0293124914169311, "construction": 0.14092409610748291, "nature": 0.098274985949198396, "sky": 0.51221903165181482, "object": 0.0048803091049193998, "PI": 0.16528572215324264, "NI": 0.4796257535163278, "length": 430.4040406, "source": 569, "target": 564, "direction": "bi-directional", "flow": 74.0, "flow_pct": 0.054672665883517671, "flow_rank": 452 }, "geometry": { "type": "LineString", "coordinates": [ [ 114.129694929884835, 22.544200832858397 ], [ 114.128532690916117, 22.543549508746644 ], [ 114.127179306256266, 22.542908191198737 ], [ 114.126064666886634, 22.542273287783633 ] ] } },
{ "type": "Feature", "properties": { "arc": 493, "wealthier": 0.36387368492631478, "beautiful": 0.2478978018009832, "livelier": 0.46986159162410512, "depressing": 0.752206591043174, "safer": 0.32732820843845473, "boring": 0.6868741566996861, "human": 0.00070797955548319998, "vehicle": 0.042786421599211498, "construction": 0.20018273812753179, "nature": 0.0250492095947265, "sky": 0.49621461938928668, "object": 0.0067958125361689001, "PI": 0.21384294204089435, "NI": 0.51045827085534123, "length": 244.3374132, "source": 165, "target": 167, "direction": "bi-directional", "flow": 201.0, "flow_pct": 0.14850278165658176, "flow_rank": 207 }, "geometry": { "type": "LineString", "coordinates": [ [ 113.940701903562001, 22.541476497750828 ], [ 113.940739173957638, 22.539270316164071 ] ] } },
{ "type": "Feature", "properties": { "arc": 494, "wealthier": 0.51712335093114936, "beautiful": 0.4010730908603734, "livelier": 0.57805544969124545, "depressing": 0.53581064397305911, "safer": 0.4376389189167556, "boring": 0.49871482925499577, "human": 0.0027246122007015998, "vehicle": 0.044535107082790799, "construction": 0.1879909303453233, "nature": 0.1484147884227611, "sky": 0.39113860660129129, "object": 0.0032453890200013998, "PI": 0.36552151683552858, "NI": 0.38482825716404961, "length": 458.8792258, "source": 165, "target": 154, "direction": "bi-directional", "flow": 551.0, "flow_pct": 0.40708971488943563, "flow_rank": 56 }, "geometry": { "type": "LineString", "coordinates": [ [ 113.940701903562001, 22.541476497750828 ], [ 113.940201004946061, 22.541517021329472 ], [ 113.939618179171219, 22.541498088233404 ], [ 113.93937549274375, 22.541463243427796 ], [ 113.939201102273373, 22.541376341941362 ], [ 113.939012027990358, 22.541183899621888 ], [ 113.938039214021842, 22.53995701772811 ], [ 113.937464911961186, 22.539184502584515 ] ] } },
{ "type": "Feature", "properties": { "arc": 496, "wealthier": 0.45403645207812682, "beautiful": 0.51229226752005208, "livelier": 0.5256718763617525, "depressing": 0.48111411344548072, "safer": 0.48326076156077707, "boring": 0.47719646629639972, "human": 0.0020120216138435, "vehicle": 0.023837060639352502, "construction": 0.10720582441850141, "nature": 0.26535432988947089, "sky": 0.33148439002759528, "object": 0.0058041485873135002, "PI": 0.39317408222795708, "NI": 0.32891803153257482, "length": 593.758188, "source": 298, "target": 301, "direction": "bi-directional", "flow": 7.0, "flow_pct": 0.0051717386646570771, "flow_rank": 739 }, "geometry": { "type": "LineString", "coordinates": [ [ 114.012259270491114, 22.542963388405159 ], [ 114.014018185886343, 22.537856550092179 ] ] } },
{ "type": "Feature", "properties": { "arc": 497, "wealthier": 0.61079406651182366, "beautiful": 0.47429236625887228, "livelier": 0.72260985197452265, "depressing": 0.43960076354627381, "safer": 0.53628343658729583, "boring": 0.28113568293315028, "human": 0.0014451344807942001, "vehicle": 0.014904318915472999, "construction": 0.10507091946072041, "nature": 0.34366310967339397, "sky": 0.27655499776204429, "object": 0.0087242550320094994, "PI": 0.47335049580514732, "NI": 0.28230928838361091, "length": 443.3821805, "source": 165, "target": 183, "direction": "bi-directional", "flow": 338.0, "flow_pct": 0.24972109552201313, "flow_rank": 112 }, "geometry": { "type": "LineString", "coordinates": [ [ 113.940701903562001, 22.541476497750828 ], [ 113.941097099591133, 22.541545262540122 ], [ 113.941468479975725, 22.541576491209042 ], [ 113.945000345737256, 22.541722134578407 ] ] } },
{ "type": "Feature", "properties": { "arc": 498, "wealthier": 0.68336331894673052, "beautiful": 0.47232556731373848, "livelier": 0.65758486744629163, "depressing": 0.49755241985394189, "safer": 0.52982344779984014, "boring": 0.34043390138506252, "human": 0.00082726912064979999, "vehicle": 0.012713519009676801, "construction": 0.058343309344667298, "nature": 0.18234437884706439, "sky": 0.47029639735366358, "object": 0.0120075110233191, "PI": 0.42365892635301589, "NI": 0.35991855821166419, "length": 263.0766862, "source": 183, "target": 184, "direction": "bi-directional", "flow": 248.0, "flow_pct": 0.18322731269070786, "flow_rank": 157 }, "geometry": { "type": "LineString", "coordinates": [ [ 113.945000345737256, 22.541722134578407 ], [ 113.944995706485287, 22.541153377512675 ], [ 113.945031522342134, 22.539346781792471 ] ] } },
{ "type": "Feature", "properties": { "arc": 499, "wealthier": 0.59754454754563391, "beautiful": 0.54728611135702443, "livelier": 0.52086631646124582, "depressing": 0.4307317489945332, "safer": 0.54847660040673929, "boring": 0.49756879219087691, "human": 0.00039138045965449999, "vehicle": 0.019676956475949699, "construction": 0.033902579662846502, "nature": 0.25260304469688272, "sky": 0.4475784114762848, "object": 0.0036455790201822, "PI": 0.41133592365047761, "NI": 0.31542587394197552, "length": 887.8450064, "source": 239, "target": 253, "direction": "bi-directional", "flow": 635.0, "flow_pct": 0.46915057886532058, "flow_rank": 34 }, "geometry": { "type": "LineString", "coordinates": [ [ 113.963347667114675, 22.542084181746819 ], [ 113.966429983273443, 22.540947723051179 ], [ 113.971358715169529, 22.53910036497453 ] ] } },
{ "type": "Feature", "properties": { "arc": 500, "wealthier": 0.3866076096930145, "beautiful": 0.32538278227141471, "livelier": 0.42860318560060512, "depressing": 0.66367368240645364, "safer": 0.33736351909197998, "boring": 0.62571630720358407, "human": 0.0010617574055988999, "vehicle": 0.0176215230682749, "construction": 0.17429853368688511, "nature": 0.098518842532310899, "sky": 0.43543415305055211, "object": 0.0056385935088733999, "PI": 0.24879331787470557, "NI": 0.43299215286808446, "length": 701.9140915, "source": 505, "target": 489, "direction": "bi-directional", "flow": 345.0, "flow_pct": 0.25489283418667025, "flow_rank": 111 }, "geometry": { "type": "LineString", "coordinates": [ [ 114.106318637325444, 22.544727978540671 ], [ 114.101828034535913, 22.543816124001157 ], [ 114.100790935248511, 22.543616976318837 ], [ 114.100312081684933, 22.543545310168479 ], [ 114.099631289610912, 22.543493979801511 ] ] } },
{ "type": "Feature", "properties": { "arc": 501, "wealthier": 0.4914137921755854, "beautiful": 0.4165201037014083, "livelier": 0.62241419854872493, "depressing": 0.52918071063789296, "safer": 0.4274691239448532, "boring": 0.4153033405349334, "human": 0.0031384785970052002, "vehicle": 0.073967191908094601, "construction": 0.1448348575168186, "nature": 0.2341319190131293, "sky": 0.31256930033365887, "object": 0.0074169582790797996, "PI": 0.39749296350372126, "NI": 0.38032151606919068, "length": 382.3819461, "source": 505, "target": 506, "direction": "bi-directional", "flow": 43.0, "flow_pct": 0.031769251797179189, "flow_rank": 555 }, "geometry": { "type": "LineString", "coordinates": [ [ 114.106318637325444, 22.544727978540671 ], [ 114.106648149628953, 22.541939979488198 ], [ 114.106674092551728, 22.541292135136654 ] ] } },
{ "type": "Feature", "properties": { "arc": 502, "wealthier": 0.29556019789052901, "beautiful": 0.30970578378665392, "livelier": 0.38961755225371958, "depressing": 0.68171968246638537, "safer": 0.3035321381861471, "boring": 0.64776370477310574, "human": 0.00068065855238169995, "vehicle": 0.021418465508355002, "construction": 0.14931212531195739, "nature": 0.085489537980821304, "sky": 0.47348621156480569, "object": 0.0078427526685925994, "PI": 0.20850655663066253, "NI": 0.45875074539924371, "length": 313.8482732, "source": 563, "target": 564, "direction": "bi-directional", "flow": 7.0, "flow_pct": 0.0051717386646570771, "flow_rank": 739 }, "geometry": { "type": "LineString", "coordinates": [ [ 114.126003469727195, 22.545106762898779 ], [ 114.12602561736955, 22.543455288900962 ], [ 114.126064666886634, 22.542273287783633 ] ] } },
{ "type": "Feature", "properties": { "arc": 503, "wealthier": 0.71173610032862777, "beautiful": 0.6775585863832817, "livelier": 0.82944109734653781, "depressing": 0.23079100529495891, "safer": 0.68040054412861717, "boring": 0.18470030164961601, "human": 0.0040453708533084, "vehicle": 0.0335378357858368, "construction": 0.1817128152558298, "nature": 0.37787477897875232, "sky": 0.14100005409934299, "object": 0.0064740036473129002, "PI": 0.61585301312121576, "NI": 0.21482815106025813, "length": 411.9993668, "source": 552, "target": 555, "direction": "bi-directional", "flow": 0.0, "flow_pct": 0.0, "flow_rank": 766 }, "geometry": { "type": "LineString", "coordinates": [ [ 114.124043235092572, 22.545087875742457 ], [ 114.124077380323271, 22.544138440431585 ], [ 114.124084589053879, 22.543115979285847 ], [ 114.124114464831848, 22.542424726592778 ], [ 114.124141327597641, 22.542300112117005 ], [ 114.124190066668348, 22.542179932460918 ], [ 114.124452482368284, 22.541754384636548 ], [ 114.124599093484036, 22.541475556880041 ] ] } },
{ "type": "Feature", "properties": { "arc": 504, "wealthier": 0.34060972110930149, "beautiful": 0.34068724305543741, "livelier": 0.44556837804189492, "depressing": 0.67686512087721185, "safer": 0.32015674334877797, "boring": 0.52617512407026368, "human": 0.0025122607195818001, "vehicle": 0.014047622680664, "construction": 0.20185110304090709, "nature": 0.075925685741283194, "sky": 0.42693632620352279, "object": 0.0076914893256292997, "PI": 0.25663453842370276, "NI": 0.43434448889625826, "length": 201.6461936, "source": 552, "target": 563, "direction": "bi-directional", "flow": 159.0, "flow_pct": 0.11747234966863931, "flow_rank": 274 }, "geometry": { "type": "LineString", "coordinates": [ [ 114.124043235092572, 22.545087875742457 ], [ 114.126003469727195, 22.545106762898779 ] ] } },
{ "type": "Feature", "properties": { "arc": 505, "wealthier": 0.27039520167846459, "beautiful": 0.3245521295653272, "livelier": 0.63081711421910125, "depressing": 0.68449907421309131, "safer": 0.30787209941088017, "boring": 0.40353889052165193, "human": 0.0049841801325479999, "vehicle": 0.037353793780008901, "construction": 0.27573315302530921, "nature": 0.067124406496683706, "sky": 0.35768846670786542, "object": 0.0057372252146402, "PI": 0.30437780018547672, "NI": 0.42419672845033984, "length": 430.4486477, "source": 547, "target": 542, "direction": "bi-directional", "flow": 154.0, "flow_pct": 0.11377825062245568, "flow_rank": 288 }, "geometry": { "type": "LineString", "coordinates": [ [ 114.122306715102795, 22.545068756352659 ], [ 114.121247461565588, 22.543327258416632 ], [ 114.120210959938746, 22.541704526078771 ] ] } },
{ "type": "Feature", "properties": { "arc": 506, "wealthier": 0.48019851104802491, "beautiful": 0.4177793912981474, "livelier": 0.6561669853914528, "depressing": 0.56619777582637165, "safer": 0.442562390388619, "boring": 0.335470030156233, "human": 0.0028315385182698001, "vehicle": 0.037866989771525, "construction": 0.1452267169952392, "nature": 0.147384484608968, "sky": 0.4158110618591308, "object": 0.0056306521097818996, "PI": 0.37934927383581257, "NI": 0.36424690835888823, "length": 178.6359895, "source": 547, "target": 552, "direction": "bi-directional", "flow": 154.0, "flow_pct": 0.11377825062245568, "flow_rank": 288 }, "geometry": { "type": "LineString", "coordinates": [ [ 114.122306715102795, 22.545068756352659 ], [ 114.124043235092572, 22.545087875742457 ] ] } },
{ "type": "Feature", "properties": { "arc": 507, "wealthier": 0.61946295189172218, "beautiful": 0.50199026007997316, "livelier": 0.72741663407082968, "depressing": 0.38555446240522878, "safer": 0.54426320011014195, "boring": 0.2805592982082174, "human": 0.0020086500379774001, "vehicle": 0.030887780366120499, "construction": 0.11765328160038691, "nature": 0.30139986673990887, "sky": 0.28849909040662969, "object": 0.0088105731540255999, "PI": 0.478868288482236, "NI": 0.29199964915584053, "length": 421.1688794, "source": 200, "target": 183, "direction": "bi-directional", "flow": 493.0, "flow_pct": 0.36423816595370556, "flow_rank": 74 }, "geometry": { "type": "LineString", "coordinates": [ [ 113.949090213742721, 22.541896915064761 ], [ 113.948501944501686, 22.541882101980647 ], [ 113.946947807496045, 22.541801898250359 ], [ 113.945000345737256, 22.541722134578407 ] ] } },
{ "type": "Feature", "properties": { "arc": 509, "wealthier": 0.60805939923706231, "beautiful": 0.50291963375191773, "livelier": 0.72570387100712386, "depressing": 0.40881446869134569, "safer": 0.53887277625316399, "boring": 0.2907680502471251, "human": 0.0015311096653793, "vehicle": 0.021935029463334501, "construction": 0.1242434472748727, "nature": 0.33900665514396899, "sky": 0.25434011401552142, "object": 0.0095504124959309, "PI": 0.47917358294619022, "NI": 0.28867654261256476, "length": 677.219596, "source": 200, "target": 210, "direction": "bi-directional", "flow": 0.0, "flow_pct": 0.0, "flow_rank": 766 }, "geometry": { "type": "LineString", "coordinates": [ [ 113.949090213742721, 22.541896915064761 ], [ 113.951098672559283, 22.54194683987766 ], [ 113.951358994582719, 22.541930923425024 ], [ 113.951527797538859, 22.541866609397935 ], [ 113.951671687217839, 22.541755417759184 ], [ 113.951896397481221, 22.541488482786775 ], [ 113.952070066953141, 22.541225497418939 ], [ 113.952116402809523, 22.541100349911655 ], [ 113.952131061152826, 22.540968086236827 ], [ 113.952109483074224, 22.540833875267811 ], [ 113.9520546992606, 22.54069487108428 ], [ 113.950742480185426, 22.538549946397701 ] ] } },
{ "type": "Feature", "properties": { "arc": 511, "wealthier": 0.28230366660332329, "beautiful": 0.3020711756300114, "livelier": 0.53987279093938745, "depressing": 0.67714862585390123, "safer": 0.31455328563999702, "boring": 0.43327220267639321, "human": 0.0015556759304469999, "vehicle": 0.0356908586290147, "construction": 0.1985134124755859, "nature": 0.066219202677408801, "sky": 0.4485527038574218, "object": 0.0094307369656032002, "PI": 0.2421641153093835, "NI": 0.44940551948364665, "length": 384.654363, "source": 568, "target": 563, "direction": "bi-directional", "flow": 12.0, "flow_pct": 0.0088658377108407037, "flow_rank": 701 }, "geometry": { "type": "LineString", "coordinates": [ [ 114.129683310155457, 22.545724735837894 ], [ 114.126003469727195, 22.545106762898779 ] ] } },
{ "type": "Feature", "properties": { "arc": 512, "wealthier": 0.55606658433842371, "beautiful": 0.49302162373008429, "livelier": 0.65885532115152812, "depressing": 0.4394003295558141, "safer": 0.51797579551723616, "boring": 0.37339312958049647, "human": 0.0017803737095423999, "vehicle": 0.0172578720819382, "construction": 0.17929631187802261, "nature": 0.18988273257300969, "sky": 0.33311616806756877, "object": 0.0085322970435732001, "PI": 0.4174624859558187, "NI": 0.33865799230033478, "length": 168.757742, "source": 568, "target": 569, "direction": "bi-directional", "flow": 0.0, "flow_pct": 0.0, "flow_rank": 766 }, "geometry": { "type": "LineString", "coordinates": [ [ 114.129683310155457, 22.545724735837894 ], [ 114.129694929884835, 22.544200832858397 ] ] } },
{ "type": "Feature", "properties": { "arc": 513, "wealthier": 0.31231661310551528, "beautiful": 0.2833043420018389, "livelier": 0.4176574501177065, "depressing": 0.71192910390047226, "safer": 0.28245619267429711, "boring": 0.6337986198373412, "human": 0.0011909979361074, "vehicle": 0.032234580428512002, "construction": 0.2303279947351525, "nature": 0.092507644935890407, "sky": 0.3933917857982494, "object": 0.0045672522650824004, "PI": 0.21654369193432052, "NI": 0.45392158220573336, "length": 462.5224903, "source": 513, "target": 505, "direction": "bi-directional", "flow": 602.0, "flow_pct": 0.44476952516050866, "flow_rank": 42 }, "geometry": { "type": "LineString", "coordinates": [ [ 114.110749843438924, 22.545437157138387 ], [ 114.106318637325444, 22.544727978540671 ] ] } },
{ "type": "Feature", "properties": { "arc": 514, "wealthier": 0.54247404180715808, "beautiful": 0.43018046000056842, "livelier": 0.59902879317112101, "depressing": 0.51667229713250984, "safer": 0.47863591050366211, "boring": 0.44751890210371958, "human": 0.0018024020724826, "vehicle": 0.0188246409098307, "construction": 0.14504898918999559, "nature": 0.1473638746473524, "sky": 0.41406483120388449, "object": 0.0048085954454210001, "PI": 0.37459458394923906, "NI": 0.35543392322062739, "length": 391.3766585, "source": 513, "target": 514, "direction": "bi-directional", "flow": 53.0, "flow_pct": 0.03915744988954644, "flow_rank": 517 }, "geometry": { "type": "LineString", "coordinates": [ [ 114.110749843438924, 22.545437157138387 ], [ 114.111389656646182, 22.541953217661444 ] ] } },
{ "type": "Feature", "properties": { "arc": 515, "wealthier": 0.31334248475212001, "beautiful": 0.3212158536222734, "livelier": 0.59263769055050441, "depressing": 0.73532768316568042, "safer": 0.28787174932922049, "boring": 0.33049822469650941, "human": 0.0013788396661931, "vehicle": 0.0485669338341915, "construction": 0.18401047677704779, "nature": 0.073648163766571906, "sky": 0.43482578161990998, "object": 0.0075871438691110004, "PI": 0.2564403199799718, "NI": 0.43165474720388453, "length": 272.0348504, "source": 298, "target": 302, "direction": "bi-directional", "flow": 6.0, "flow_pct": 0.0044329188554203518, "flow_rank": 744 }, "geometry": { "type": "LineString", "coordinates": [ [ 114.012259270491114, 22.542963388405159 ], [ 114.014777693927726, 22.543713135570194 ] ] } },
{ "type": "Feature", "properties": { "arc": 516, "wealthier": 0.30593146284755091, "beautiful": 0.28847561511481978, "livelier": 0.56071047104518112, "depressing": 0.77273660246304077, "safer": 0.28698534562513761, "boring": 0.3784586406769519, "human": 0.00079750292228920004, "vehicle": 0.0088585362289891004, "construction": 0.1241356242786754, "nature": 0.13201621084502249, "sky": 0.46104783722848608, "object": 0.0067175084894353001, "PI": 0.24995135747151134, "NI": 0.40031498389382941, "length": 257.3974024, "source": 306, "target": 302, "direction": "bi-directional", "flow": 6.0, "flow_pct": 0.0044329188554203518, "flow_rank": 744 }, "geometry": { "type": "LineString", "coordinates": [ [ 114.01723735020957, 22.54414049689958 ], [ 114.014777693927726, 22.543713135570194 ] ] } },
{ "type": "Feature", "properties": { "arc": 517, "wealthier": 0.39575128997396569, "beautiful": 0.38220633415907529, "livelier": 0.55199594551046605, "depressing": 0.61040446802440163, "safer": 0.3922360643968853, "boring": 0.49815199842658697, "human": 0.0020181262303911999, "vehicle": 0.0124203515431237, "construction": 0.13158807300385969, "nature": 0.2161686004154266, "sky": 0.38121716938321548, "object": 0.0073658473907955001, "PI": 0.33599354669053777, "NI": 0.37882610219979979, "length": 627.2956915, "source": 306, "target": 307, "direction": "bi-directional", "flow": 56.0, "flow_pct": 0.041373909317256617, "flow_rank": 508 }, "geometry": { "type": "LineString", "coordinates": [ [ 114.01723735020957, 22.54414049689958 ], [ 114.017350661227553, 22.543644245347419 ], [ 114.017662110994493, 22.542016334084582 ], [ 114.018634872019135, 22.538630860244776 ] ] } },
{ "type": "Feature", "properties": { "arc": 518, "wealthier": 0.44688306307870318, "beautiful": 0.38621054894717238, "livelier": 0.4764034509648219, "depressing": 0.61312097073895699, "safer": 0.40595022417592069, "boring": 0.58474520655564122, "human": 0.0011464578134041999, "vehicle": 0.028768751356336799, "construction": 0.1204722369158709, "nature": 0.12830303333423751, "sky": 0.45699769479257091, "object": 0.0042203267415363999, "PI": 0.30028116040412534, "NI": 0.40466927417380588, "length": 234.2479181, "source": 472, "target": 473, "direction": "bi-directional", "flow": 23.0, "flow_pct": 0.016992855612444679, "flow_rank": 642 }, "geometry": { "type": "LineString", "coordinates": [ [ 114.091227915166087, 22.545499664004772 ], [ 114.091254927543162, 22.54458746760546 ], [ 114.091244935959111, 22.543384704393809 ] ] } },
{ "type": "Feature", "properties": { "arc": 519, "wealthier": 0.4494592095735444, "beautiful": 0.32699616472527671, "livelier": 0.57058802509321871, "depressing": 0.6843709376452255, "safer": 0.39671369361401049, "boring": 0.48644950778600798, "human": 0.0011752201960637, "vehicle": 0.0393440540020282, "construction": 0.29197272276267028, "nature": 0.050501505533854102, "sky": 0.36882791763696909, "object": 0.0043242038824619, "PI": 0.28733652799948872, "NI": 0.43992993709935702, "length": 312.6103413, "source": 513, "target": 521, "direction": "bi-directional", "flow": 581.0, "flow_pct": 0.42925430916653734, "flow_rank": 47 }, "geometry": { "type": "LineString", "coordinates": [ [ 114.110749843438924, 22.545437157138387 ], [ 114.113742554208415, 22.545928569017011 ] ] } },
{ "type": "Feature", "properties": { "arc": 520, "wealthier": 0.4556654617704195, "beautiful": 0.40769243048420939, "livelier": 0.6198046148476567, "depressing": 0.54497376345682291, "safer": 0.45390760363792187, "boring": 0.43116254416616251, "human": 0.0035670598347981, "vehicle": 0.018849690755208301, "construction": 0.1983679362705775, "nature": 0.19231778099423361, "sky": 0.31258764721098398, "object": 0.0089961006527854992, "PI": 0.38861338637830573, "NI": 0.37250001479250527, "length": 389.0140093, "source": 521, "target": 519, "direction": "bi-directional", "flow": 311.0, "flow_pct": 0.22977296067262154, "flow_rank": 120 }, "geometry": { "type": "LineString", "coordinates": [ [ 114.113742554208415, 22.545928569017011 ], [ 114.113623066275693, 22.542417390477642 ] ] } },
{ "type": "Feature", "properties": { "arc": 521, "wealthier": 0.36021042966741851, "beautiful": 0.37547693528176301, "livelier": 0.4722752890689873, "depressing": 0.60904190496128652, "safer": 0.3616746005202609, "boring": 0.49226089238924708, "human": 0.00041806256329569998, "vehicle": 0.0203231528953269, "construction": 0.038047119423195101, "nature": 0.20529686963116681, "sky": 0.4588745258472583, "object": 0.0060016137582283996, "PI": 0.28481663642191635, "NI": 0.36616359721692371, "length": 585.0452597, "source": 277, "target": 278, "direction": "bi-directional", "flow": 53.0, "flow_pct": 0.03915744988954644, "flow_rank": 517 }, "geometry": { "type": "LineString", "coordinates": [ [ 113.991459503456312, 22.543748579173311 ], [ 113.992255028609463, 22.53851735092903 ] ] } },
{ "type": "Feature", "properties": { "arc": 522, "wealthier": 0.49442601484016607, "beautiful": 0.51790719449793887, "livelier": 0.42172024594615432, "depressing": 0.49095491926902518, "safer": 0.48711231806795358, "boring": 0.51143320023793881, "human": 0.00047325365471109998, "vehicle": 0.0293853644168738, "construction": 0.076347697864879202, "nature": 0.2367576252330432, "sky": 0.38613423434170802, "object": 0.0037259766549775, "PI": 0.35507811533941691, "NI": 0.33321678410555977, "length": 251.8361546, "source": 441, "target": 443, "direction": "bi-directional", "flow": 112.0, "flow_pct": 0.082747818634513234, "flow_rank": 367 }, "geometry": { "type": "LineString", "coordinates": [ [ 114.076184273203012, 22.545388836126524 ], [ 114.076182019462422, 22.544547661490022 ], [ 114.076206730599651, 22.543591885084926 ], [ 114.076241453296277, 22.543116037777018 ] ] } },
{ "type": "Feature", "properties": { "arc": 523, "wealthier": 0.78852609495330928, "beautiful": 0.64106903242234325, "livelier": 0.73302876374170289, "depressing": 0.3064097494956598, "safer": 0.7141700146925376, "boring": 0.27827170581059418, "human": 0.0001670519510904, "vehicle": 0.0107737268720354, "construction": 0.070313816978817806, "nature": 0.35788781302315859, "sky": 0.31675316038585838, "object": 0.0026021457853770999, "PI": 0.55548145579080865, "NI": 0.21713578001448819, "length": 724.0152404, "source": 135, "target": 164, "direction": "bi-directional", "flow": 1067.0, "flow_pct": 0.78832073645558587, "flow_rank": 10 }, "geometry": { "type": "LineString", "coordinates": [ [ 113.933625286214166, 22.542566725375753 ], [ 113.934042344788679, 22.54257971079122 ], [ 113.940655840101513, 22.542876954645909 ] ] } },
{ "type": "Feature", "properties": { "arc": 524, "wealthier": 0.57513587078323469, "beautiful": 0.37116880461078489, "livelier": 0.58472313557007005, "depressing": 0.60504768464641423, "safer": 0.41009768066855068, "boring": 0.49088056489407672, "human": 0.00067996978759759998, "vehicle": 0.048324743906656899, "construction": 0.27044423421223951, "nature": 0.1169216632843017, "sky": 0.349799394607544, "object": 0.0067609151204427002, "PI": 0.33289645185122546, "NI": 0.43550441172236803, "length": 155.1712847, "source": 164, "target": 165, "direction": "bi-directional", "flow": 400.0, "flow_pct": 0.29552792369469011, "flow_rank": 98 }, "geometry": { "type": "LineString", "coordinates": [ [ 113.940655840101513, 22.542876954645909 ], [ 113.940693363386728, 22.542056555292508 ], [ 113.940701903562001, 22.541476497750828 ] ] } },
{ "type": "Feature", "properties": { "arc": 525, "wealthier": 0.73836377125535479, "beautiful": 0.71266351708041276, "livelier": 0.6024772745127267, "depressing": 0.28463268740552389, "safer": 0.70363164371128173, "boring": 0.335133156063463, "human": 0.0005975781065044, "vehicle": 0.022173698502357501, "construction": 0.075848743168994606, "nature": 0.32778158091535481, "sky": 0.33383242289225251, "object": 0.0035941384055397001, "PI": 0.530733472543647, "NI": 0.24407180998498212, "length": 954.6337393, "source": 226, "target": 225, "direction": "bi-directional", "flow": 42.0, "flow_pct": 0.031030431987942461, "flow_rank": 559 }, "geometry": { "type": "LineString", "coordinates": [ [ 113.959758363369005, 22.543260310153926 ], [ 113.959102817596502, 22.538996327846057 ], [ 113.959051443515406, 22.538559535922371 ], [ 113.959063954553415, 22.538036909302264 ], [ 113.959257553936993, 22.534690448859951 ] ] } },
{ "type": "Feature", "properties": { "arc": 526, "wealthier": 0.62653950901877598, "beautiful": 0.55193789755656708, "livelier": 0.58413533788718153, "depressing": 0.38654902748247522, "safer": 0.58020751820988592, "boring": 0.45038683098400428, "human": 0.00063795201918650005, "vehicle": 0.032305511773801303, "construction": 0.038010428933536303, "nature": 0.24628661660587081, "sky": 0.42884953816731769, "object": 0.0040757422353706997, "PI": 0.43657851632965655, "NI": 0.30715274583320062, "length": 392.2209683, "source": 226, "target": 239, "direction": "bi-directional", "flow": 1283.0, "flow_pct": 0.94790581525071838, "flow_rank": 3 }, "geometry": { "type": "LineString", "coordinates": [ [ 113.959758363369005, 22.543260310153926 ], [ 113.960662496811636, 22.543051701849798 ], [ 113.961276211201636, 22.542863376523655 ], [ 113.962190360583762, 22.542533913402512 ], [ 113.963347667114675, 22.542084181746819 ] ] } },
{ "type": "Feature", "properties": { "arc": 527, "wealthier": 0.65556865865012703, "beautiful": 0.55550847886287646, "livelier": 0.62010957610973372, "depressing": 0.39728032148006492, "safer": 0.58908553971337096, "boring": 0.3501874404783209, "human": 7.8425687902113983e-05, "vehicle": 0.0071436938117531998, "construction": 0.097162770290000797, "nature": 0.30496896481981461, "sky": 0.35730679829915363, "object": 0.0022563186346314999, "PI": 0.45846114618718886, "NI": 0.26138656685565803, "length": 442.2479974, "source": 182, "target": 164, "direction": "bi-directional", "flow": 692.0, "flow_pct": 0.51126330799181385, "flow_rank": 22 }, "geometry": { "type": "LineString", "coordinates": [ [ 113.944950754856691, 22.543057865607658 ], [ 113.940655840101513, 22.542876954645909 ] ] } },
{ "type": "Feature", "properties": { "arc": 528, "wealthier": 0.67802592684497598, "beautiful": 0.48928202074988081, "livelier": 0.52589724730349052, "depressing": 0.43746519750641738, "safer": 0.50317242147949881, "boring": 0.43145028447218731, "human": 0.00080256991916230003, "vehicle": 0.0052611033121743997, "construction": 0.2457733154296875, "nature": 0.22442415025499129, "sky": 0.31255192226833772, "object": 0.0054998397827148004, "PI": 0.4058729080135644, "NI": 0.33709837950353011, "length": 148.0036687, "source": 182, "target": 183, "direction": "bi-directional", "flow": 93.0, "flow_pct": 0.068710242259015453, "flow_rank": 395 }, "geometry": { "type": "LineString", "coordinates": [ [ 113.944950754856691, 22.543057865607658 ], [ 113.945000345737256, 22.541722134578407 ] ] } },
{ "type": "Feature", "properties": { "arc": 529, "wealthier": 0.56181561007520997, "beautiful": 0.4548149682298821, "livelier": 0.47564552524098641, "depressing": 0.49586476730307311, "safer": 0.4847801233291088, "boring": 0.53655082807523413, "human": 0.00013509360692829999, "vehicle": 0.037195923507854403, "construction": 0.100621848978022, "nature": 0.21813150631484171, "sky": 0.42663012268722689, "object": 0.0023826886248843999, "PI": 0.35623752522401059, "NI": 0.35509176787301261, "length": 807.4147857, "source": 104, "target": 103, "direction": "bi-directional", "flow": 408.0, "flow_pct": 0.30143848216858388, "flow_rank": 95 }, "geometry": { "type": "LineString", "coordinates": [ [ 113.927037276809912, 22.542755920092958 ], [ 113.927019352432737, 22.542131472213594 ], [ 113.927152262389214, 22.536735995369035 ], [ 113.927130871600198, 22.536275405034111 ], [ 113.927031155717472, 22.535472063655607 ] ] } },
{ "type": "Feature", "properties": { "arc": 530, "wealthier": 0.80869244432525267, "beautiful": 0.63152299491594677, "livelier": 0.7717374408675548, "depressing": 0.30452103530162128, "safer": 0.73850217969270737, "boring": 0.26119305744635818, "human": 0.00014564318534649999, "vehicle": 0.0072556031055939002, "construction": 0.066211602626702698, "nature": 0.33497343307886368, "sky": 0.33674298799954921, "object": 0.002788103543795, "PI": 0.56294228452616901, "NI": 0.21652452001040193, "length": 678.2896089, "source": 104, "target": 135, "direction": "bi-directional", "flow": 1037.0, "flow_pct": 0.76615614217848416, "flow_rank": 13 }, "geometry": { "type": "LineString", "coordinates": [ [ 113.927037276809912, 22.542755920092958 ], [ 113.931194930585932, 22.542565807232894 ], [ 113.93200090551818, 22.542540613420119 ], [ 113.932741447884837, 22.542539204652559 ], [ 113.933625286214166, 22.542566725375753 ] ] } },
{ "type": "Feature", "properties": { "arc": 531, "wealthier": 0.40630057949712117, "beautiful": 0.3290671292572428, "livelier": 0.70583204906009811, "depressing": 0.61427287857669644, "safer": 0.3891740733296104, "boring": 0.36647005758560292, "human": 0.0071060899375140997, "vehicle": 0.031458122142847003, "construction": 0.35578830000283068, "nature": 0.066450754801432199, "sky": 0.29453791742739471, "object": 0.0074148730955261996, "PI": 0.38416555850533846, "NI": 0.41931439301351975, "length": 1553.269086, "source": 441, "target": 472, "direction": "bi-directional", "flow": 5.0, "flow_pct": 0.0036940990461836261, "flow_rank": 750 }, "geometry": { "type": "LineString", "coordinates": [ [ 114.076184273203012, 22.545388836126524 ], [ 114.077929889948436, 22.545383397301229 ], [ 114.079114745377638, 22.545409604898389 ], [ 114.079479411624462, 22.545442150652736 ], [ 114.080502758928816, 22.545615624353363 ], [ 114.082621143815658, 22.545637782193058 ], [ 114.083700654987325, 22.545722032953563 ], [ 114.083970779009846, 22.545704746526024 ], [ 114.084419740786416, 22.545622159953318 ], [ 114.085106701739008, 22.545606487950742 ], [ 114.085352161919801, 22.545588424600613 ], [ 114.08625215486542, 22.545450301902001 ], [ 114.086766074353619, 22.545409029129587 ], [ 114.088010008358907, 22.545410603494197 ], [ 114.088653182147951, 22.545364579119436 ], [ 114.089336067331573, 22.545360331088908 ], [ 114.089619757962978, 22.545377201608218 ], [ 114.090239102475735, 22.54545360324526 ], [ 114.090828572403183, 22.545470166335221 ], [ 114.091227915166087, 22.545499664004772 ] ] } },
{ "type": "Feature", "properties": { "arc": 533, "wealthier": 0.61062766382102718, "beautiful": 0.50205922898079303, "livelier": 0.56578848509900592, "depressing": 0.44993847907586992, "safer": 0.54042105001722895, "boring": 0.4902033794919009, "human": 0.00033641583991770002, "vehicle": 0.0238176114631421, "construction": 0.069899385625665805, "nature": 0.25343189817486389, "sky": 0.42189297531590308, "object": 0.0035657882690428998, "PI": 0.41206697591793467, "NI": 0.32474281754932083, "length": 567.5793359, "source": 218, "target": 226, "direction": "bi-directional", "flow": 1171.0, "flow_pct": 0.86515799661620529, "flow_rank": 8 }, "geometry": { "type": "LineString", "coordinates": [ [ 113.95424935628246, 22.543338183999026 ], [ 113.958133061977833, 22.543405459290756 ], [ 113.959059979484962, 22.543342795281887 ], [ 113.959758363369005, 22.543260310153926 ] ] } },
{ "type": "Feature", "properties": { "arc": 534, "wealthier": 0.69109048334500889, "beautiful": 0.55153303895353933, "livelier": 0.66420991617100467, "depressing": 0.4051417581416506, "safer": 0.6119279738887422, "boring": 0.32989276431256331, "human": 0.00036889535409429999, "vehicle": 0.0098565066302263998, "construction": 0.10189607408311629, "nature": 0.28259411564579717, "sky": 0.3544904214364511, "object": 0.0029630661010742001, "PI": 0.47450414015019654, "NI": 0.26629560664873403, "length": 431.6673539, "source": 182, "target": 202, "direction": "bi-directional", "flow": 734.0, "flow_pct": 0.54229373997975627, "flow_rank": 20 }, "geometry": { "type": "LineString", "coordinates": [ [ 113.944950754856691, 22.543057865607658 ], [ 113.948242590143366, 22.543207525522998 ], [ 113.949141251647859, 22.543263757392179 ] ] } },
{ "type": "Feature", "properties": { "arc": 535, "wealthier": 0.4072064525272498, "beautiful": 0.3104355081547337, "livelier": 0.54838548758245953, "depressing": 0.63465276833916895, "safer": 0.33842941966732759, "boring": 0.54520313602374226, "human": 0.0035669803619383998, "vehicle": 0.016657670338948501, "construction": 0.15410566329956049, "nature": 0.13070980707804361, "sky": 0.40175803502400709, "object": 0.0123453934987386, "PI": 0.3128217066481534, "NI": 0.43787353955295366, "length": 151.9295672, "source": 202, "target": 200, "direction": "bi-directional", "flow": 553.0, "flow_pct": 0.4085673545079091, "flow_rank": 55 }, "geometry": { "type": "LineString", "coordinates": [ [ 113.949141251647859, 22.543263757392179 ], [ 113.949087653239047, 22.542959363688166 ], [ 113.949066763315344, 22.542725567576657 ], [ 113.949090213742721, 22.541896915064761 ] ] } },
{ "type": "Feature", "properties": { "arc": 536, "wealthier": 0.57380207367857983, "beautiful": 0.50112878043356723, "livelier": 0.54081038253628178, "depressing": 0.48802562449106462, "safer": 0.50857432433529426, "boring": 0.49867531605491677, "human": 0.0007676321362692, "vehicle": 0.019811811901274099, "construction": 0.1059119209410652, "nature": 0.22264562334333141, "sky": 0.3974139501178075, "object": 0.0033915686228918, "PI": 0.39286306537379367, "NI": 0.33406219663504505, "length": 525.5356132, "source": 202, "target": 218, "direction": "bi-directional", "flow": 1196.0, "flow_pct": 0.88362849184712344, "flow_rank": 7 }, "geometry": { "type": "LineString", "coordinates": [ [ 113.949141251647859, 22.543263757392179 ], [ 113.950101715664914, 22.543260357404662 ], [ 113.952995343139705, 22.543324627878917 ], [ 113.95424935628246, 22.543338183999026 ] ] } },
{ "type": "Feature", "properties": { "arc": 537, "wealthier": 0.34788027047791897, "beautiful": 0.26125389833320789, "livelier": 0.56664043643091933, "depressing": 0.67732483626319107, "safer": 0.30080066502842201, "boring": 0.46585156641566922, "human": 0.00027181231786329999, "vehicle": 0.051251971532427998, "construction": 0.17854009355817521, "nature": 0.045175249614412799, "sky": 0.47374928186810189, "object": 0.0051697625054253002, "PI": 0.2273443550741657, "NI": 0.44111660870249486, "length": 539.5401754, "source": 585, "target": 569, "direction": "bi-directional", "flow": 68.0, "flow_pct": 0.050239747028097317, "flow_rank": 461 }, "geometry": { "type": "LineString", "coordinates": [ [ 114.13416542796773, 22.546741090697257 ], [ 114.133559727330379, 22.54631946695217 ], [ 114.133149533906504, 22.546067675470088 ], [ 114.129694929884835, 22.544200832858397 ] ] } },
{ "type": "Feature", "properties": { "arc": 539, "wealthier": 0.36826974320951111, "beautiful": 0.30300970607684879, "livelier": 0.4963689663075207, "depressing": 0.69829014402042555, "safer": 0.31158686258905149, "boring": 0.62319310483928247, "human": 0.0016082582019623999, "vehicle": 0.034478096734909702, "construction": 0.25552854083833237, "nature": 0.092857270013718296, "sky": 0.3503440221150716, "object": 0.0047316324143181999, "PI": 0.25567215191803921, "NI": 0.44851662568290701, "length": 358.9549375, "source": 532, "target": 521, "direction": "bi-directional", "flow": 1062.0, "flow_pct": 0.78462663740940219, "flow_rank": 11 }, "geometry": { "type": "LineString", "coordinates": [ [ 114.117180569101308, 22.546484249383283 ], [ 114.113742554208415, 22.545928569017011 ] ] } },
{ "type": "Feature", "properties": { "arc": 540, "wealthier": 0.37326685070203153, "beautiful": 0.34400019316489172, "livelier": 0.58764733314678463, "depressing": 0.60791480100461814, "safer": 0.38067753567318169, "boring": 0.4835738496661991, "human": 0.0048682349068776996, "vehicle": 0.0591092336745489, "construction": 0.22548471178327281, "nature": 0.1137527284168061, "sky": 0.36133725302559988, "object": 0.0032065255301338999, "PI": 0.34027906355095494, "NI": 0.40964099197658249, "length": 328.4837949, "source": 532, "target": 536, "direction": "bi-directional", "flow": 68.0, "flow_pct": 0.050239747028097317, "flow_rank": 461 }, "geometry": { "type": "LineString", "coordinates": [ [ 114.117180569101308, 22.546484249383283 ], [ 114.117299509297325, 22.545671396814587 ], [ 114.117405100818317, 22.54513393496817 ], [ 114.117485696817837, 22.544821617641716 ], [ 114.117644510717099, 22.544380780540909 ], [ 114.118010784893087, 22.543641703676347 ] ] } },
{ "type": "Feature", "properties": { "arc": 541, "wealthier": 0.42836073340443132, "beautiful": 0.36900429289895642, "livelier": 0.63926233082239836, "depressing": 0.52612947332962756, "safer": 0.43075417866896049, "boring": 0.3882554528859844, "human": 0.0035603841145833001, "vehicle": 0.065224329630533803, "construction": 0.16354091962178549, "nature": 0.16607276598612469, "sky": 0.36865806579589838, "object": 0.0109229882558186, "PI": 0.36979380559804204, "NI": 0.41145827979245331, "length": 182.3092198, "source": 504, "target": 505, "direction": "bi-directional", "flow": 190.0, "flow_pct": 0.14037576375497779, "flow_rank": 226 }, "geometry": { "type": "LineString", "coordinates": [ [ 114.106133896498136, 22.546365053344569 ], [ 114.106187604296721, 22.545750327937398 ], [ 114.106318637325444, 22.544727978540671 ] ] } },
{ "type": "Feature", "properties": { "arc": 543, "wealthier": 0.62564679202967455, "beautiful": 0.55150644223985479, "livelier": 0.55151188022707009, "depressing": 0.39579175831143543, "safer": 0.57805166941609054, "boring": 0.40523465836244488, "human": 4.9167209201388897e-05, "vehicle": 0.0105680536340784, "construction": 0.067922733448169806, "nature": 0.24217012193467879, "sky": 0.41015066923918547, "object": 0.0017026265462238999, "PI": 0.42114843574508437, "NI": 0.27503365768926236, "length": 479.9572262, "source": 90, "target": 104, "direction": "bi-directional", "flow": 956.0, "flow_pct": 0.70631173763030941, "flow_rank": 15 }, "geometry": { "type": "LineString", "coordinates": [ [ 113.922377664977191, 22.542981154684604 ], [ 113.927037276809912, 22.542755920092958 ] ] } },
{ "type": "Feature", "properties": { "arc": 544, "wealthier": 0.3885848405285926, "beautiful": 0.32991988831588748, "livelier": 0.42031295148583131, "depressing": 0.68985629124748271, "safer": 0.32188433812693668, "boring": 0.65974661356802378, "human": 0.00077486038207999995, "vehicle": 0.0220126575893826, "construction": 0.21353011661105689, "nature": 0.1130896144443088, "sky": 0.38909403483072919, "object": 0.0037793583340114999, "PI": 0.24572377986001337, "NI": 0.43555749904475016, "length": 302.9874041, "source": 403, "target": 404, "direction": "bi-directional", "flow": 87.0, "flow_pct": 0.064277323403595099, "flow_rank": 413 }, "geometry": { "type": "LineString", "coordinates": [ [ 114.05797717540591, 22.545588839956057 ], [ 114.058020651552539, 22.542853055945741 ] ] } },
{ "type": "Feature", "properties": { "arc": 545, "wealthier": 0.45658056729535962, "beautiful": 0.36236273548364428, "livelier": 0.5387989146459915, "depressing": 0.62040160633507813, "safer": 0.39447645251083091, "boring": 0.49513400609916358, "human": 0.00027894137198460002, "vehicle": 0.0086100059643126007, "construction": 0.11561755130165501, "nature": 0.15380558214689549, "sky": 0.42483149076762938, "object": 0.0037952891567296998, "PI": 0.30312774443594981, "NI": 0.3624327181475297, "length": 491.967973, "source": 306, "target": 311, "direction": "bi-directional", "flow": 62.0, "flow_pct": 0.045806828172676964, "flow_rank": 481 }, "geometry": { "type": "LineString", "coordinates": [ [ 114.01723735020957, 22.54414049689958 ], [ 114.021943591201477, 22.544931891348856 ] ] } },
{ "type": "Feature", "properties": { "arc": 546, "wealthier": 0.5203489044557531, "beautiful": 0.37284135915953248, "livelier": 0.47407399406061479, "depressing": 0.61937392508846045, "safer": 0.41972486113702689, "boring": 0.5811467514286075, "human": 0.0002357372339221, "vehicle": 0.020015025484389101, "construction": 0.2223175712253736, "nature": 0.0256053813989611, "sky": 0.3991907921390257, "object": 0.0077644016431725003, "PI": 0.27529604353358011, "NI": 0.43735766044141294, "length": 625.737419, "source": 311, "target": 312, "direction": "bi-directional", "flow": 86.0, "flow_pct": 0.063538503594358378, "flow_rank": 416 }, "geometry": { "type": "LineString", "coordinates": [ [ 114.021943591201477, 22.544931891348856 ], [ 114.023409614074652, 22.539447813583152 ] ] } },
{ "type": "Feature", "properties": { "arc": 547, "wealthier": 0.3106279841886741, "beautiful": 0.28461525200044258, "livelier": 0.46100698462010531, "depressing": 0.69490457115336479, "safer": 0.28465889994095928, "boring": 0.62313478603908401, "human": 0.0010926352606879001, "vehicle": 0.038859600490993899, "construction": 0.16664742363823781, "nature": 0.093344624837239501, "sky": 0.45828408135308157, "object": 0.0073929044935438001, "PI": 0.22428134479136008, "NI": 0.46829051046959558, "length": 868.5106913, "source": 77, "target": 82, "direction": "bi-directional", "flow": 214.0, "flow_pct": 0.1581074391766592, "flow_rank": 191 }, "geometry": { "type": "LineString", "coordinates": [ [ 113.919079861331582, 22.543144150240192 ], [ 113.919855468896316, 22.537292901512167 ], [ 113.919905027037515, 22.536710163488738 ], [ 113.91998208161003, 22.535349077284 ] ] } },
{ "type": "Feature", "properties": { "arc": 548, "wealthier": 0.82468494527168446, "beautiful": 0.61474644395226541, "livelier": 0.76483987400368558, "depressing": 0.32895413151316338, "safer": 0.70009912634555183, "boring": 0.24483005810373451, "human": 0.00025573143592239999, "vehicle": 0.031877811138446503, "construction": 0.087310155232747294, "nature": 0.25266026227902139, "sky": 0.3568694774921124, "object": 0.0033987485445461998, "PI": 0.53542519703521652, "NI": 0.25223877377684895, "length": 339.7063573, "source": 77, "target": 90, "direction": "bi-directional", "flow": 927.0, "flow_pct": 0.68488596316244432, "flow_rank": 16 }, "geometry": { "type": "LineString", "coordinates": [ [ 113.919079861331582, 22.543144150240192 ], [ 113.922377664977191, 22.542981154684604 ] ] } },
{ "type": "Feature", "properties": { "arc": 549, "wealthier": 0.64346164654788229, "beautiful": 0.49502227042820413, "livelier": 0.78108520438513984, "depressing": 0.42206384971947669, "safer": 0.55859120318027566, "boring": 0.26613090291974451, "human": 0.0036380688349404999, "vehicle": 0.042701760927836098, "construction": 0.1314382155736287, "nature": 0.2797932624816894, "sky": 0.29814263184865308, "object": 0.0048079093297321998, "PI": 0.50985121446373827, "NI": 0.28751329850049751, "length": 492.2929104, "source": 67, "target": 65, "direction": "bi-directional", "flow": 397.0, "flow_pct": 0.29331146426697996, "flow_rank": 102 }, "geometry": { "type": "LineString", "coordinates": [ [ 113.915551680522782, 22.543295810304926 ], [ 113.914751589172397, 22.538912797827638 ] ] } },
{ "type": "Feature", "properties": { "arc": 550, "wealthier": 0.63656812456429512, "beautiful": 0.50711737767867526, "livelier": 0.66689547552990991, "depressing": 0.40041109152301069, "safer": 0.60795335599308109, "boring": 0.32463996384333887, "human": 0.00039007398817269998, "vehicle": 0.031455993652343701, "construction": 0.084021292792426205, "nature": 0.18826260036892359, "sky": 0.4290638393825954, "object": 0.0053867763943141996, "PI": 0.43321878871672864, "NI": 0.30987759114734315, "length": 363.3178767, "source": 67, "target": 77, "direction": "bi-directional", "flow": 685.0, "flow_pct": 0.50609156932715682, "flow_rank": 23 }, "geometry": { "type": "LineString", "coordinates": [ [ 113.915551680522782, 22.543295810304926 ], [ 113.916934622639843, 22.543245441349711 ], [ 113.919079861331582, 22.543144150240192 ] ] } },
{ "type": "Feature", "properties": { "arc": 551, "wealthier": 0.63007682203063653, "beautiful": 0.479481559023965, "livelier": 0.87057039287111293, "depressing": 0.36229701623508381, "safer": 0.59980243063786065, "boring": 0.1904493719042942, "human": 0.0049868689643011999, "vehicle": 0.048825581868489502, "construction": 0.1314637925889757, "nature": 0.30909644232855898, "sky": 0.23976502595124419, "object": 0.0033432995831524002, "PI": 0.55353172077880941, "NI": 0.24284451498687296, "length": 201.0357754, "source": 510, "target": 504, "direction": "bi-directional", "flow": 17.0, "flow_pct": 0.012559936757024329, "flow_rank": 677 }, "geometry": { "type": "LineString", "coordinates": [ [ 114.107976110951611, 22.54697076365623 ], [ 114.107231796837311, 22.546712228702308 ], [ 114.106133896498136, 22.546365053344569 ] ] } },
{ "type": "Feature", "properties": { "arc": 552, "wealthier": 0.33900526343220788, "beautiful": 0.30946996311076957, "livelier": 0.4675544813986196, "depressing": 0.66231570025374209, "safer": 0.33654117217360441, "boring": 0.58810030596970519, "human": 0.00091850548459769998, "vehicle": 0.027772635744329002, "construction": 0.25429310714989378, "nature": 0.056349068357233398, "sky": 0.40399200037906041, "object": 0.0028004897268194, "PI": 0.23260914729612803, "NI": 0.43352410195841573, "length": 492.1452183, "source": 532, "target": 545, "direction": "bi-directional", "flow": 736.0, "flow_pct": 0.54377137959822974, "flow_rank": 19 }, "geometry": { "type": "LineString", "coordinates": [ [ 114.117180569101308, 22.546484249383283 ], [ 114.121894428744682, 22.547245332629036 ] ] } },
{ "type": "Feature", "properties": { "arc": 554, "wealthier": 0.67659753852498972, "beautiful": 0.45793037817187321, "livelier": 0.6565789646794159, "depressing": 0.47486667401728899, "safer": 0.56205482036227805, "boring": 0.37770723782819138, "human": 0.0013075669606526, "vehicle": 0.039081494013468401, "construction": 0.087594270706176702, "nature": 0.1737996737162272, "sky": 0.42359566688537598, "object": 0.0050762494405109998, "PI": 0.42908774258949256, "NI": 0.33608496850133163, "length": 193.76207, "source": 471, "target": 472, "direction": "bi-directional", "flow": 33.0, "flow_pct": 0.024381053704811934, "flow_rank": 598 }, "geometry": { "type": "LineString", "coordinates": [ [ 114.091182078502825, 22.547248489164133 ], [ 114.091228789847975, 22.546218022144767 ], [ 114.091227915166087, 22.545499664004772 ] ] } },
{ "type": "Feature", "properties": { "arc": 556, "wealthier": 0.3503203823005101, "beautiful": 0.33935749590425829, "livelier": 0.46028074767541449, "depressing": 0.6539557401424031, "safer": 0.3251868044590181, "boring": 0.56705488175306185, "human": 0.0021029079661649, "vehicle": 0.034242742201861201, "construction": 0.1751124438117532, "nature": 0.1138242833754595, "sky": 0.40934241051767389, "object": 0.0045368718165976997, "PI": 0.26612801899681121, "NI": 0.41947043266501322, "length": 421.8195133, "source": 562, "target": 545, "direction": "bi-directional", "flow": 800.0, "flow_pct": 0.59105584738938022, "flow_rank": 17 }, "geometry": { "type": "LineString", "coordinates": [ [ 114.125930587734885, 22.547918056635893 ], [ 114.123033184302841, 22.547454253867219 ], [ 114.121894428744682, 22.547245332629036 ] ] } },
{ "type": "Feature", "properties": { "arc": 557, "wealthier": 0.28697397043873518, "beautiful": 0.32136723483670721, "livelier": 0.33509124516704319, "depressing": 0.68550878926143688, "safer": 0.2772706446548871, "boring": 0.67022626797628926, "human": 0.0021120707194009999, "vehicle": 0.026632308959960899, "construction": 0.13986010021633569, "nature": 0.089892546335856097, "sky": 0.46257776684231228, "object": 0.0089370939466688008, "PI": 0.21322538809339822, "NI": 0.46780779718659898, "length": 311.4320378, "source": 562, "target": 563, "direction": "bi-directional", "flow": 177.0, "flow_pct": 0.13077110623490035, "flow_rank": 249 }, "geometry": { "type": "LineString", "coordinates": [ [ 114.125930587734885, 22.547918056635893 ], [ 114.125972012815637, 22.547018054835487 ], [ 114.126003469727195, 22.545106762898779 ] ] } },
{ "type": "Feature", "properties": { "arc": 558, "wealthier": 0.50240465496926945, "beautiful": 0.46558690152931298, "livelier": 0.40058878191933561, "depressing": 0.50456978397790597, "safer": 0.46200073786815687, "boring": 0.51380551559471255, "human": 0.00077009201049800004, "vehicle": 0.033712625503539997, "construction": 0.068310658137003502, "nature": 0.23110238711039219, "sky": 0.40301458040873211, "object": 0.0039309660593667998, "PI": 0.34061796802690153, "NI": 0.34258049767854049, "length": 180.7804575, "source": 440, "target": 441, "direction": "bi-directional", "flow": 123.0, "flow_pct": 0.090874836536117207, "flow_rank": 342 }, "geometry": { "type": "LineString", "coordinates": [ [ 114.076152109652767, 22.547021072987544 ], [ 114.076184273203012, 22.545388836126524 ] ] } },
{ "type": "Feature", "properties": { "arc": 560, "wealthier": 0.48238040468931331, "beautiful": 0.31658756756393441, "livelier": 0.67245965024136023, "depressing": 0.61695697384363235, "safer": 0.41399045788190009, "boring": 0.39901094332127268, "human": 0.0034909103855942001, "vehicle": 0.035369873046875, "construction": 0.20802324468439271, "nature": 0.13169930197975849, "sky": 0.34379427360765857, "object": 0.0059998252175071003, "PI": 0.36353927994982049, "NI": 0.38552893288977658, "length": 251.2835676, "source": 512, "target": 510, "direction": "bi-directional", "flow": 17.0, "flow_pct": 0.012559936757024329, "flow_rank": 677 }, "geometry": { "type": "LineString", "coordinates": [ [ 114.110282608243793, 22.547718218818769 ], [ 114.108821930434843, 22.547234379124845 ], [ 114.107976110951611, 22.54697076365623 ] ] } },
{ "type": "Feature", "properties": { "arc": 561, "wealthier": 0.44367503605042691, "beautiful": 0.34233162183135879, "livelier": 0.65438697682432212, "depressing": 0.57597921139965547, "safer": 0.404869085297271, "boring": 0.37365933322826822, "human": 0.0020256620464901998, "vehicle": 0.018033865726355298, "construction": 0.15502496199174359, "nature": 0.14841241547555631, "sky": 0.41318228750517871, "object": 0.0083121097449099998, "PI": 0.34216744715383979, "NI": 0.37696208636804956, "length": 257.241752, "source": 512, "target": 513, "direction": "bi-directional", "flow": 5.0, "flow_pct": 0.0036940990461836261, "flow_rank": 750 }, "geometry": { "type": "LineString", "coordinates": [ [ 114.110282608243793, 22.547718218818769 ], [ 114.11043599280508, 22.547129455468131 ], [ 114.110749843438924, 22.545437157138387 ] ] } },
{ "type": "Feature", "properties": { "arc": 562, "wealthier": 0.24068136653088351, "beautiful": 0.30049301608773671, "livelier": 0.2537765316219634, "depressing": 0.71509042957854174, "safer": 0.23833191491971159, "boring": 0.76010334069473151, "human": 0.0011222689759497, "vehicle": 0.0306958217246859, "construction": 0.1172193639418658, "nature": 0.087674982407513799, "sky": 0.49660189011517702, "object": 0.0061109206255744002, "PI": 0.16566391646418421, "NI": 0.47680529440858904, "length": 449.805303, "source": 488, "target": 489, "direction": "bi-directional", "flow": 27.0, "flow_pct": 0.019948134849391581, "flow_rank": 624 }, "geometry": { "type": "LineString", "coordinates": [ [ 114.099547123397372, 22.54755506098758 ], [ 114.099596272933894, 22.544646714902203 ], [ 114.099631289610912, 22.543493979801511 ] ] } },
{ "type": "Feature", "properties": { "arc": 563, "wealthier": 0.25511414153082962, "beautiful": 0.27296951901177291, "livelier": 0.2497812376744388, "depressing": 0.74981048685796814, "safer": 0.2233636980757509, "boring": 0.7747628020226246, "human": 0.0002240339914957, "vehicle": 0.021731747521294399, "construction": 0.049612628089056997, "nature": 0.1929716798994276, "sky": 0.48852886093987358, "object": 0.0038018226623535, "PI": 0.17471125821453981, "NI": 0.44095348230212777, "length": 624.0451051, "source": 282, "target": 277, "direction": "bi-directional", "flow": 21.0, "flow_pct": 0.015515215993971231, "flow_rank": 655 }, "geometry": { "type": "LineString", "coordinates": [ [ 113.997062985188492, 22.545908100253623 ], [ 113.996150495524105, 22.545541425110198 ], [ 113.991459503456312, 22.543748579173311 ] ] } },
{ "type": "Feature", "properties": { "arc": 564, "wealthier": 0.42429632977790149, "beautiful": 0.3644551001713906, "livelier": 0.63236946134170002, "depressing": 0.54855323370719367, "safer": 0.41085600274012962, "boring": 0.3548862990632296, "human": 0.0026310814751519, "vehicle": 0.042521017569082699, "construction": 0.2208259723804615, "nature": 0.12508102699562351, "sky": 0.3612851743344907, "object": 0.0060303299515334996, "PI": 0.34146172053283347, "NI": 0.37973890805285543, "length": 198.5882196, "source": 530, "target": 532, "direction": "bi-directional", "flow": 450.0, "flow_pct": 0.33246891415652635, "flow_rank": 83 }, "geometry": { "type": "LineString", "coordinates": [ [ 114.116779094439892, 22.54823711092908 ], [ 114.116903059144533, 22.547540023867153 ], [ 114.117180569101308, 22.546484249383283 ] ] } },
{ "type": "Feature", "properties": { "arc": 565, "wealthier": 0.36818967219260451, "beautiful": 0.34097430804719858, "livelier": 0.41287395224186879, "depressing": 0.67572595363993282, "safer": 0.32644662492641507, "boring": 0.66797134187317531, "human": 0.0016802379063197001, "vehicle": 0.030948956807454402, "construction": 0.1575805573236374, "nature": 0.071556500026157904, "sky": 0.45849109831310458, "object": 0.0059063775198800001, "PI": 0.24460575938014309, "NI": 0.45495789037991147, "length": 384.6112735, "source": 562, "target": 567, "direction": "bi-directional", "flow": 639.0, "flow_pct": 0.47210585810226746, "flow_rank": 33 }, "geometry": { "type": "LineString", "coordinates": [ [ 114.125930587734885, 22.547918056635893 ], [ 114.128423499104557, 22.548333186079464 ], [ 114.12961417971367, 22.54851405076684 ] ] } },
{ "type": "Feature", "properties": { "arc": 567, "wealthier": 0.5244687875440095, "beautiful": 0.45530819283805118, "livelier": 0.49996831954548998, "depressing": 0.47084248697226871, "safer": 0.49917223389985549, "boring": 0.50265292147832563, "human": 0.0001033500388816, "vehicle": 0.013073073493109801, "construction": 0.069394676773636393, "nature": 0.20918252733018661, "sky": 0.44928193975377972, "object": 0.0047420572351525997, "PI": 0.35439579528090936, "NI": 0.33739580253304902, "length": 420.8251694, "source": 56, "target": 67, "direction": "bi-directional", "flow": 40.0, "flow_pct": 0.029552792369469009, "flow_rank": 567 }, "geometry": { "type": "LineString", "coordinates": [ [ 113.911683146880875, 22.544524418577552 ], [ 113.912163116940661, 22.544415134207863 ], [ 113.912736070133718, 22.544247312688327 ], [ 113.915551680522782, 22.543295810304926 ] ] } },
{ "type": "Feature", "properties": { "arc": 568, "wealthier": 0.3886151317274123, "beautiful": 0.29822995027817661, "livelier": 0.44535243689138337, "depressing": 0.64266387406436265, "safer": 0.32122882781641682, "boring": 0.55750205636988182, "human": 0.00036912215383419998, "vehicle": 0.023577338770816199, "construction": 0.081560502972519197, "nature": 0.18469188087864921, "sky": 0.4611724050421464, "object": 0.0055952239454837996, "PI": 0.25739233685243817, "NI": 0.39836868213940829, "length": 549.3570545, "source": 48, "target": 51, "direction": "bi-directional", "flow": 14.0, "flow_pct": 0.010343477329314154, "flow_rank": 692 }, "geometry": { "type": "LineString", "coordinates": [ [ 113.90979199355381, 22.544632281357675 ], [ 113.910254071769231, 22.539689997840139 ] ] } },
{ "type": "Feature", "properties": { "arc": 569, "wealthier": 0.4777158397894693, "beautiful": 0.44252169171776229, "livelier": 0.30692148975840278, "depressing": 0.51390767667297588, "safer": 0.42297297437298659, "boring": 0.70231410762167823, "human": 3.6160151163736977e-05, "vehicle": 0.0173819065093994, "construction": 0.059753894805908099, "nature": 0.14292065302530921, "sky": 0.52696021397908532, "object": 0.0033100446065266, "PI": 0.27570233076990502, "NI": 0.39304638218137872, "length": 195.2874809, "source": 48, "target": 56, "direction": "bi-directional", "flow": 40.0, "flow_pct": 0.029552792369469009, "flow_rank": 567 }, "geometry": { "type": "LineString", "coordinates": [ [ 113.90979199355381, 22.544632281357675 ], [ 113.910518420538025, 22.544642134861682 ], [ 113.910998361583353, 22.544607898685118 ], [ 113.911683146880875, 22.544524418577552 ] ] } },
{ "type": "Feature", "properties": { "arc": 571, "wealthier": 0.44651165878582472, "beautiful": 0.41476176303699519, "livelier": 0.51392459277097091, "depressing": 0.59659147126600731, "safer": 0.4107090456895463, "boring": 0.51526884490527047, "human": 0.00050844969572840003, "vehicle": 0.0380642149183485, "construction": 0.1717923835471824, "nature": 0.099084500913266704, "sky": 0.42860193605776181, "object": 0.0038447556672272002, "PI": 0.29828271876906681, "NI": 0.40276792087079399, "length": 510.9205872, "source": 421, "target": 422, "direction": "bi-directional", "flow": 33.0, "flow_pct": 0.024381053704811934, "flow_rank": 598 }, "geometry": { "type": "LineString", "coordinates": [ [ 114.062799694237796, 22.547536641323823 ], [ 114.062884573095815, 22.542923524281381 ] ] } },
{ "type": "Feature", "properties": { "arc": 572, "wealthier": 0.53603504890582065, "beautiful": 0.39485802644153861, "livelier": 0.67038027793165011, "depressing": 0.54373484075870115, "safer": 0.45887094958288821, "boring": 0.38413169055498653, "human": 0.0018805335549747001, "vehicle": 0.019421296961167199, "construction": 0.14401753743489579, "nature": 0.25602363137637862, "sky": 0.31028343649471513, "object": 0.009503869449391, "PI": 0.40557593044584683, "NI": 0.34929363967908705, "length": 455.3094221, "source": 414, "target": 403, "direction": "bi-directional", "flow": 0.0, "flow_pct": 0.0, "flow_rank": 766 }, "geometry": { "type": "LineString", "coordinates": [ [ 114.060207895416568, 22.547495531760656 ], [ 114.060301977588281, 22.547245276630203 ], [ 114.060355014388406, 22.547032334254258 ], [ 114.06040374579517, 22.546279337566954 ], [ 114.060398058927305, 22.54583351237661 ], [ 114.060368630292146, 22.545719248163515 ], [ 114.060293092883086, 22.545610092869413 ], [ 114.060166236183377, 22.545542344227012 ], [ 114.059974663742736, 22.545510511115364 ], [ 114.059282333222299, 22.545514576457578 ], [ 114.058759786491564, 22.545497352590456 ], [ 114.058378300909553, 22.545512605667433 ], [ 114.05797717540591, 22.545588839956057 ] ] } },
{ "type": "Feature", "properties": { "arc": 573, "wealthier": 0.29221676112175538, "beautiful": 0.31553602250844842, "livelier": 0.41292245473424588, "depressing": 0.65979377217159285, "safer": 0.30110231820337269, "boring": 0.57423264379868777, "human": 0.0012906392415363999, "vehicle": 0.023452440897623699, "construction": 0.085302289326985595, "nature": 0.18300546010335281, "sky": 0.43332691192626949, "object": 0.0047262827555337996, "PI": 0.24525149179557482, "NI": 0.39257659576871662, "length": 266.6340664, "source": 421, "target": 414, "direction": "bi-directional", "flow": 40.0, "flow_pct": 0.029552792369469009, "flow_rank": 567 }, "geometry": { "type": "LineString", "coordinates": [ [ 114.062799694237796, 22.547536641323823 ], [ 114.060207895416568, 22.547495531760656 ] ] } },
{ "type": "Feature", "properties": { "arc": 574, "wealthier": 0.46625304330011969, "beautiful": 0.35448341039753661, "livelier": 0.64088198566608023, "depressing": 0.57501261091767619, "safer": 0.40702041403389261, "boring": 0.40489084327387542, "human": 0.0035318894819779002, "vehicle": 0.039284099232066702, "construction": 0.12629329796993369, "nature": 0.2381699301979758, "sky": 0.3229659687389026, "object": 0.0066473122799035004, "PI": 0.38761001475237711, "NI": 0.35356176532425315, "length": 531.2322646, "source": 421, "target": 429, "direction": "bi-directional", "flow": 78.0, "flow_pct": 0.057627945120464569, "flow_rank": 435 }, "geometry": { "type": "LineString", "coordinates": [ [ 114.062799694237796, 22.547536641323823 ], [ 114.065108575788642, 22.547567161172235 ], [ 114.065737099660353, 22.547597116501706 ], [ 114.067963149609866, 22.547610592595355 ] ] } },
{ "type": "Feature", "properties": { "arc": 575, "wealthier": 0.2875480725354419, "beautiful": 0.28290779473790562, "livelier": 0.54065158426721072, "depressing": 0.70444121904936874, "safer": 0.28777047807473738, "boring": 0.52896297182381846, "human": 0.0018524328867594001, "vehicle": 0.021554787953694601, "construction": 0.11276396115620931, "nature": 0.2339940865834553, "sky": 0.35532975196838379, "object": 0.0083938439687093001, "PI": 0.28080168091028246, "NI": 0.40105824790282724, "length": 206.709487, "source": 401, "target": 403, "direction": "bi-directional", "flow": 57.0, "flow_pct": 0.042112729126493338, "flow_rank": 501 }, "geometry": { "type": "LineString", "coordinates": [ [ 114.057946987438427, 22.547455287648763 ], [ 114.05797717540591, 22.545588839956057 ] ] } },
{ "type": "Feature", "properties": { "arc": 576, "wealthier": 0.38000929115229248, "beautiful": 0.36832528505926898, "livelier": 0.55921464368370444, "depressing": 0.62333014214598836, "safer": 0.36586098547539531, "boring": 0.45298222363815549, "human": 0.0016507466634114001, "vehicle": 0.0091272989908854005, "construction": 0.076510683695475201, "nature": 0.2313111623128255, "sky": 0.40122528076171871, "object": 0.0084789911905923995, "PI": 0.32667476972023968, "NI": 0.36528603865422493, "length": 232.6021793, "source": 401, "target": 414, "direction": "bi-directional", "flow": 40.0, "flow_pct": 0.029552792369469009, "flow_rank": 567 }, "geometry": { "type": "LineString", "coordinates": [ [ 114.057946987438427, 22.547455287648763 ], [ 114.060207895416568, 22.547495531760656 ] ] } },
{ "type": "Feature", "properties": { "arc": 577, "wealthier": 0.37952165439677998, "beautiful": 0.31772417706914508, "livelier": 0.41840892095738519, "depressing": 0.6391349941709048, "safer": 0.32310806021936511, "boring": 0.5870170558418154, "human": 0.0001038216255806, "vehicle": 0.037007907489398501, "construction": 0.0222357157114389, "nature": 0.1639500351639481, "sky": 0.52319734590547573, "object": 0.0045622920130823997, "PI": 0.24596933211719177, "NI": 0.40437201010782714, "length": 1046.051536, "source": 37, "target": 38, "direction": "bi-directional", "flow": 0.0, "flow_pct": 0.0, "flow_rank": 766 }, "geometry": { "type": "LineString", "coordinates": [ [ 113.904623577592119, 22.544577227586029 ], [ 113.904608378099937, 22.54394644777507 ], [ 113.904780945545326, 22.535132627417347 ] ] } },
{ "type": "Feature", "properties": { "arc": 578, "wealthier": 0.37818759581774869, "beautiful": 0.35595833392120368, "livelier": 0.2242691172910968, "depressing": 0.63457252045150625, "safer": 0.2950781740667443, "boring": 0.819336186291722, "human": 6.3925078420928058e-05, "vehicle": 0.015373143282803601, "construction": 0.12323402635978919, "nature": 0.080785404552112902, "sky": 0.52954798033743189, "object": 0.0038393772009646999, "PI": 0.18889380140353815, "NI": 0.4585472528630341, "length": 531.7923479, "source": 37, "target": 48, "direction": "bi-directional", "flow": 49.0, "flow_pct": 0.036202170652599536, "flow_rank": 532 }, "geometry": { "type": "LineString", "coordinates": [ [ 113.904623577592119, 22.544577227586029 ], [ 113.90534849264067, 22.544561136086781 ], [ 113.90637553798777, 22.544561696569662 ], [ 113.908377674618109, 22.544604205913508 ], [ 113.909357113445722, 22.544608727491077 ], [ 113.90979199355381, 22.544632281357675 ] ] } },
{ "type": "Feature", "properties": { "arc": 580, "wealthier": 0.32229582350941238, "beautiful": 0.31943623983545277, "livelier": 0.39423002905761317, "depressing": 0.73343213664747131, "safer": 0.26504994223022738, "boring": 0.61886882031538359, "human": 0.0019474735966434999, "vehicle": 0.0099157404016565007, "construction": 0.079096334951895206, "nature": 0.1946068516484013, "sky": 0.43681575633861391, "object": 0.0052033883553963996, "PI": 0.25256982960056268, "NI": 0.40573216384511546, "length": 216.8016363, "source": 393, "target": 401, "direction": "bi-directional", "flow": 82.0, "flow_pct": 0.060583224357411473, "flow_rank": 425 }, "geometry": { "type": "LineString", "coordinates": [ [ 114.055839461715323, 22.547429253515702 ], [ 114.057946987438427, 22.547455287648763 ] ] } },
{ "type": "Feature", "properties": { "arc": 581, "wealthier": 0.3718889510358398, "beautiful": 0.29890345254192541, "livelier": 0.47199989630102929, "depressing": 0.70916526136638369, "safer": 0.3192837795282692, "boring": 0.56912764366362223, "human": 0.00059464772542309997, "vehicle": 0.023469670613606702, "construction": 0.1273519198099772, "nature": 0.11262725194295239, "sky": 0.46631005605061848, "object": 0.0056852340698242002, "PI": 0.24426271298431965, "NI": 0.42920040421061395, "length": 535.6325718000001, "source": 375, "target": 376, "direction": "bi-directional", "flow": 0.0, "flow_pct": 0.0, "flow_rank": 766 }, "geometry": { "type": "LineString", "coordinates": [ [ 114.051144627138726, 22.547366754808301 ], [ 114.051145436862626, 22.546546255700694 ], [ 114.051220967520962, 22.542530419241928 ] ] } },
{ "type": "Feature", "properties": { "arc": 582, "wealthier": 0.26209320889732829, "beautiful": 0.2753794773102437, "livelier": 0.39961177703671219, "depressing": 0.75558721184549449, "safer": 0.23401100233206021, "boring": 0.62347828430972607, "human": 0.0012213086325024, "vehicle": 0.0099231780521452997, "construction": 0.11559453086247511, "nature": 0.19082172333248079, "sky": 0.41436501154823902, "object": 0.0061797187441870998, "PI": 0.21944989598527506, "NI": 0.4221416693532643, "length": 482.9981285, "source": 375, "target": 393, "direction": "bi-directional", "flow": 76.0, "flow_pct": 0.056150305501991127, "flow_rank": 439 }, "geometry": { "type": "LineString", "coordinates": [ [ 114.051144627138726, 22.547366754808301 ], [ 114.052769280543075, 22.547371316522522 ], [ 114.054218417930812, 22.547413028361635 ], [ 114.055839461715323, 22.547429253515702 ] ] } },
{ "type": "Feature", "properties": { "arc": 583, "wealthier": 0.41880460588835228, "beautiful": 0.3466869215161637, "livelier": 0.42897456662990657, "depressing": 0.63248937729036669, "safer": 0.34980513453938789, "boring": 0.58634324814082273, "human": 0.00013163884480789999, "vehicle": 0.018856747945149702, "construction": 0.091427993774414004, "nature": 0.19921655654907219, "sky": 0.43650194803873699, "object": 0.0042860031127929001, "PI": 0.2740486590800788, "NI": 0.38655089074765941, "length": 535.2253443, "source": 352, "target": 353, "direction": "bi-directional", "flow": 122.0, "flow_pct": 0.090136016726880486, "flow_rank": 344 }, "geometry": { "type": "LineString", "coordinates": [ [ 114.044334702984472, 22.547242288316781 ], [ 114.044360981505974, 22.545157623017516 ], [ 114.044418290948784, 22.542409675408468 ] ] } },
{ "type": "Feature", "properties": { "arc": 585, "wealthier": 0.58235371592714813, "beautiful": 0.49438995916513878, "livelier": 0.66621614763158765, "depressing": 0.45875356382956062, "safer": 0.4897893667358087, "boring": 0.36851890047321761, "human": 0.00070934295654289997, "vehicle": 0.010563945770263599, "construction": 0.11244808832804359, "nature": 0.35959660212198891, "sky": 0.26045354207356769, "object": 0.0068882306416828999, "PI": 0.44783401885886209, "NI": 0.28473763212186665, "length": 536.7128139, "source": 360, "target": 361, "direction": "bi-directional", "flow": 0.0, "flow_pct": 0.0, "flow_rank": 766 }, "geometry": { "type": "LineString", "coordinates": [ [ 114.046740641104932, 22.547295430143475 ], [ 114.046800435336749, 22.545519190135078 ], [ 114.046837224079596, 22.542449784779656 ] ] } },
{ "type": "Feature", "properties": { "arc": 586, "wealthier": 0.40577379525876522, "beautiful": 0.34680896543876588, "livelier": 0.54711798963950353, "depressing": 0.64583957103113365, "safer": 0.3359062913891338, "boring": 0.50535324593376685, "human": 0.0014096366034612999, "vehicle": 0.011976383350513599, "construction": 0.069450696309407506, "nature": 0.2601581149631077, "sky": 0.38268979390462238, "object": 0.0064002849437572, "PI": 0.32381642574055119, "NI": 0.36062219633800502, "length": 453.0903258, "source": 360, "target": 375, "direction": "bi-directional", "flow": 0.0, "flow_pct": 0.0, "flow_rank": 766 }, "geometry": { "type": "LineString", "coordinates": [ [ 114.046740641104932, 22.547295430143475 ], [ 114.048463358721321, 22.54730359733222 ], [ 114.051144627138726, 22.547366754808301 ] ] } },
{ "type": "Feature", "properties": { "arc": 587, "wealthier": 0.29212872896705971, "beautiful": 0.25372795738899628, "livelier": 0.59331561353928464, "depressing": 0.68208946054488206, "safer": 0.29550062652406672, "boring": 0.51926158463945438, "human": 0.0043024789719354004, "vehicle": 0.033379282270159003, "construction": 0.28846581776936842, "nature": 0.049562999180385002, "sky": 0.35254146939232228, "object": 0.0056185949416387004, "PI": 0.27253278521525809, "NI": 0.44316445380293817, "length": 277.3684298, "source": 199, "target": 202, "direction": "bi-directional", "flow": 0.0, "flow_pct": 0.0, "flow_rank": 766 }, "geometry": { "type": "LineString", "coordinates": [ [ 113.949021310679427, 22.545747288424032 ], [ 113.94907297649489, 22.545424633167098 ], [ 113.949146988404678, 22.545048405959012 ], [ 113.949214832655287, 22.544770861297316 ], [ 113.949230251803144, 22.544616669818605 ], [ 113.949177826700392, 22.544101670279684 ], [ 113.949137736915944, 22.543600547973838 ], [ 113.949141251647859, 22.543263757392179 ] ] } },
{ "type": "Feature", "properties": { "arc": 588, "wealthier": 0.24526496673921341, "beautiful": 0.29958387371909151, "livelier": 0.383249953765391, "depressing": 0.69841970953064403, "safer": 0.27225094548120649, "boring": 0.69534448616419253, "human": 0.0015825695461697, "vehicle": 0.026375170107241001, "construction": 0.1330129482128001, "nature": 0.13822912286829059, "sky": 0.42740712342438869, "object": 0.0051386797869646004, "PI": 0.21582519408146972, "NI": 0.43934625651896408, "length": 443.9451769, "source": 583, "target": 567, "direction": "bi-directional", "flow": 662.0, "flow_pct": 0.48909871371471214, "flow_rank": 30 }, "geometry": { "type": "LineString", "coordinates": [ [ 114.13386324380906, 22.549216721417078 ], [ 114.133677042532852, 22.549192413662571 ], [ 114.12961417971367, 22.54851405076684 ] ] } },
{ "type": "Feature", "properties": { "arc": 589, "wealthier": 0.56895598693681515, "beautiful": 0.58999232938515145, "livelier": 0.54691718393772693, "depressing": 0.3810201113995591, "safer": 0.58632982005769063, "boring": 0.42400889106365808, "human": 0.00088281030053489996, "vehicle": 0.024375125094576899, "construction": 0.054505047497448597, "nature": 0.25384457906087238, "sky": 0.39029794985109628, "object": 0.0066759779646589001, "PI": 0.43242254206050895, "NI": 0.30623835649831072, "length": 862.3716424, "source": 429, "target": 440, "direction": "bi-directional", "flow": 101.0, "flow_pct": 0.074620800732909248, "flow_rank": 379 }, "geometry": { "type": "LineString", "coordinates": [ [ 114.067963149609866, 22.547610592595355 ], [ 114.070345998749659, 22.548047597570029 ], [ 114.070902701337445, 22.548102596904474 ], [ 114.071183576343401, 22.54811060996721 ], [ 114.071460938405139, 22.548100189238696 ], [ 114.071881819901009, 22.548049393909913 ], [ 114.072194822655902, 22.547991042690903 ], [ 114.074924147686573, 22.547305867014611 ], [ 114.076152109652767, 22.547021072987544 ] ] } },
{ "type": "Feature", "properties": { "arc": 591, "wealthier": 0.40352311840707938, "beautiful": 0.31617185341508769, "livelier": 0.49408682358230932, "depressing": 0.66025328001349426, "safer": 0.33436447231881028, "boring": 0.60008512017514526, "human": 0.00041122436523430002, "vehicle": 0.045736185709635398, "construction": 0.14583778381347651, "nature": 0.1125299453735351, "sky": 0.46436010996500648, "object": 0.0036608378092447, "PI": 0.25754964995718638, "NI": 0.43520574442181958, "length": 235.5836908, "source": 590, "target": 583, "direction": "bi-directional", "flow": 974.0, "flow_pct": 0.71961049419657042, "flow_rank": 14 }, "geometry": { "type": "LineString", "coordinates": [ [ 114.136131295155508, 22.549512793671354 ], [ 114.13386324380906, 22.549216721417078 ] ] } },
{ "type": "Feature", "properties": { "arc": 592, "wealthier": 0.4191772825980844, "beautiful": 0.36472783169519568, "livelier": 0.59670828765450157, "depressing": 0.59331498958665752, "safer": 0.37601505800021329, "boring": 0.4535935304252865, "human": 0.00043781598409010003, "vehicle": 0.0655311743418375, "construction": 0.2066123882929484, "nature": 0.035767118136088003, "sky": 0.45713555812835688, "object": 0.0042217572530109998, "PI": 0.27759758780280647, "NI": 0.43290480995509456, "length": 368.3816385, "source": 590, "target": 585, "direction": "bi-directional", "flow": 68.0, "flow_pct": 0.050239747028097317, "flow_rank": 461 }, "geometry": { "type": "LineString", "coordinates": [ [ 114.136131295155508, 22.549512793671354 ], [ 114.1357918718967, 22.548949538196087 ], [ 114.135154084689034, 22.547945980535122 ], [ 114.134614620265751, 22.547248389370111 ], [ 114.13416542796773, 22.546741090697257 ] ] } },
{ "type": "Feature", "properties": { "arc": 593, "wealthier": 0.33322347953653297, "beautiful": 0.34090804110950118, "livelier": 0.34392279613207999, "depressing": 0.68392062871996895, "safer": 0.30262360625943491, "boring": 0.72003353213211252, "human": 0.00048848634125079997, "vehicle": 0.0083860787012243008, "construction": 0.045416944770402701, "nature": 0.24710261437200731, "sky": 0.45085332726919519, "object": 0.0034632323890603999, "PI": 0.24986179035908265, "NI": 0.39577081023367738, "length": 738.4210698000001, "source": 286, "target": 282, "direction": "bi-directional", "flow": 43.0, "flow_pct": 0.031769251797179189, "flow_rank": 555 }, "geometry": { "type": "LineString", "coordinates": [ [ 114.004088151538795, 22.547121274456906 ], [ 114.003299692389831, 22.546864527208509 ], [ 114.002734106423716, 22.546741193221717 ], [ 114.002165002072545, 22.546668723979085 ], [ 113.998180818319454, 22.546246267673322 ], [ 113.997661860330979, 22.546124205731459 ], [ 113.997062985188492, 22.545908100253623 ] ] } },
{ "type": "Feature", "properties": { "arc": 594, "wealthier": 0.74262272956174114, "beautiful": 0.56080048906607693, "livelier": 0.67158862941140374, "depressing": 0.35928487477977311, "safer": 0.59710347143244802, "boring": 0.30168592282899981, "human": 0.0010312398274738999, "vehicle": 0.0046633084615070996, "construction": 0.032145738601684501, "nature": 0.37944336732228601, "sky": 0.32642420132954908, "object": 0.0082132021586099994, "PI": 0.51670991923051479, "NI": 0.25084929449993326, "length": 276.8882317, "source": 121, "target": 134, "direction": "bi-directional", "flow": 0.0, "flow_pct": 0.0, "flow_rank": 766 }, "geometry": { "type": "LineString", "coordinates": [ [ 113.930878767484671, 22.545784284791253 ], [ 113.93095856157494, 22.545774647823823 ], [ 113.931032958963385, 22.545756530325079 ], [ 113.931210664642592, 22.545682132936591 ], [ 113.93146199675293, 22.545608891984202 ], [ 113.931729700585748, 22.545558234440389 ], [ 113.932108341198656, 22.545531790787475 ], [ 113.932746179210184, 22.545529782339113 ], [ 113.933185066684629, 22.545537377998532 ], [ 113.933530406332807, 22.545562570540095 ] ] } },
{ "type": "Feature", "properties": { "arc": 596, "wealthier": 0.19535286008183639, "beautiful": 0.17985655742772511, "livelier": 0.30264442209276438, "depressing": 0.82597287521212859, "safer": 0.15927476286375911, "boring": 0.77022611658563644, "human": 0.0001365570794968, "vehicle": 0.023600669134230801, "construction": 0.1401149658929734, "nature": 0.0459725062052408, "sky": 0.53415430159795863, "object": 0.0021529878888811001, "PI": 0.10829583154315237, "NI": 0.48719303557560306, "length": 326.9730441, "source": 219, "target": 218, "direction": "bi-directional", "flow": 443.0, "flow_pct": 0.32729717549186932, "flow_rank": 84 }, "geometry": { "type": "LineString", "coordinates": [ [ 113.954491083391517, 22.546263385815337 ], [ 113.954338742292222, 22.54572417771239 ], [ 113.954243450992379, 22.545245902375679 ], [ 113.954221735696464, 22.54496984758492 ], [ 113.954218147380189, 22.544541855948303 ], [ 113.95424935628246, 22.543338183999026 ] ] } },
{ "type": "Feature", "properties": { "arc": 597, "wealthier": 0.43440819267789621, "beautiful": 0.39364002608738602, "livelier": 0.39766698702697839, "depressing": 0.57054606461766189, "safer": 0.37839537392620443, "boring": 0.64331705447134901, "human": 0.00012700985639520001, "vehicle": 0.1027449094332181, "construction": 0.078051591530824305, "nature": 0.15637422219300881, "sky": 0.49265470260228877, "object": 0.0027568523700419998, "PI": 0.2735568003221695, "NI": 0.44867136088982112, "length": 335.4092578, "source": 105, "target": 104, "direction": "bi-directional", "flow": 275.0, "flow_pct": 0.20317544754009945, "flow_rank": 134 }, "geometry": { "type": "LineString", "coordinates": [ [ 113.927220793050964, 22.54576673124048 ], [ 113.92715986376335, 22.545562424741544 ], [ 113.927066599360984, 22.545094800076978 ], [ 113.927018078530111, 22.54463113471628 ], [ 113.92701441410388, 22.543841666828985 ], [ 113.927037276809912, 22.542755920092958 ] ] } },
{ "type": "Feature", "properties": { "arc": 599, "wealthier": 0.423048494825225, "beautiful": 0.38941734380775572, "livelier": 0.69375795444206056, "depressing": 0.55668804101309077, "safer": 0.4307992833445784, "boring": 0.3801107928163987, "human": 0.0106572832380022, "vehicle": 0.077650270007905503, "construction": 0.1927401406424385, "nature": 0.16104959760393411, "sky": 0.32861731392996651, "object": 0.0063703627813429999, "PI": 0.47169872628744502, "NI": 0.39539073250363971, "length": 983.9888983, "source": 561, "target": 530, "direction": "bi-directional", "flow": 0.0, "flow_pct": 0.0, "flow_rank": 766 }, "geometry": { "type": "LineString", "coordinates": [ [ 114.125911913168281, 22.549502258068411 ], [ 114.12305600703408, 22.54853880100784 ], [ 114.121216390740287, 22.547818613237542 ], [ 114.120881422955449, 22.547714613328605 ], [ 114.120582408723919, 22.547660475653071 ], [ 114.120160578396096, 22.547631530131895 ], [ 114.119683285514867, 22.547665642445498 ], [ 114.11938558055752, 22.547722560649788 ], [ 114.118736811772251, 22.547898830751929 ], [ 114.118382598942588, 22.547978547465043 ], [ 114.117590389374172, 22.548115807100711 ], [ 114.116779094439892, 22.54823711092908 ] ] } },
{ "type": "Feature", "properties": { "arc": 600, "wealthier": 0.39921316673025498, "beautiful": 0.42305006700123549, "livelier": 0.46312201364356009, "depressing": 0.56696192853968896, "safer": 0.41707398969670362, "boring": 0.62308756421676526, "human": 0.0021165211995441999, "vehicle": 0.047960553850446397, "construction": 0.1048029036748977, "nature": 0.1602209182012648, "sky": 0.42982937040783109, "object": 0.0061479296003068996, "PI": 0.31841187016907041, "NI": 0.41627238981707732, "length": 175.4414188, "source": 561, "target": 562, "direction": "bi-directional", "flow": 478.0, "flow_pct": 0.35315586881515471, "flow_rank": 77 }, "geometry": { "type": "LineString", "coordinates": [ [ 114.125911913168281, 22.549502258068411 ], [ 114.125930587734885, 22.547918056635893 ] ] } },
{ "type": "Feature", "properties": { "arc": 601, "wealthier": 0.55477286413653304, "beautiful": 0.39185217894687258, "livelier": 0.68309774839900506, "depressing": 0.56531691664894401, "safer": 0.45086929178960888, "boring": 0.36167693552186259, "human": 0.0021612705328524998, "vehicle": 0.013772426507411799, "construction": 0.2774619567088592, "nature": 0.1435363965156751, "sky": 0.3393590389153896, "object": 0.0096759796142578004, "PI": 0.3847621064323965, "NI": 0.39737514054934842, "length": 350.5720046, "source": 181, "target": 182, "direction": "bi-directional", "flow": 197.0, "flow_pct": 0.14554750241963488, "flow_rank": 215 }, "geometry": { "type": "LineString", "coordinates": [ [ 113.944896035399196, 22.546223245005116 ], [ 113.944950754856691, 22.543057865607658 ] ] } },
{ "type": "Feature", "properties": { "arc": 603, "wealthier": 1.0, "beautiful": 1.0, "livelier": 0.77283450683583776, "depressing": 0.0, "safer": 1.0, "boring": 0.18109681373868641, "human": 0.00092656684644290002, "vehicle": 0.0077560501869278001, "construction": 0.066111574269304293, "nature": 0.65531786523684088, "sky": 0.024740951229827501, "object": 0.0035183839123658, "PI": 0.80025216459578241, "NI": 0.065902194429607083, "length": 772.3121737, "source": 265, "target": 263, "direction": "bi-directional", "flow": 44.0, "flow_pct": 0.032508071606415917, "flow_rank": 554 }, "geometry": { "type": "LineString", "coordinates": [ [ 113.978482247717977, 22.546870924182638 ], [ 113.978245881764181, 22.546698019230689 ], [ 113.978042222989387, 22.54652677369581 ], [ 113.977871286210302, 22.546362076731167 ], [ 113.977773924590224, 22.546235977035312 ], [ 113.977711159692518, 22.546103145484306 ], [ 113.977679835814044, 22.545959337476553 ], [ 113.977671349573356, 22.545794027860076 ], [ 113.977686944336114, 22.545570642527938 ], [ 113.977743146483306, 22.545337343753964 ], [ 113.977796315915171, 22.545243675767058 ], [ 113.977873239691732, 22.5451550054329 ], [ 113.978058297471691, 22.545016876570038 ], [ 113.97862307094104, 22.54468099248426 ], [ 113.978742205061394, 22.544580123524884 ], [ 113.978826440074158, 22.544471209832114 ], [ 113.978895299068455, 22.544301674285549 ], [ 113.978921314863697, 22.544126707959666 ], [ 113.97893347013013, 22.543669900825268 ], [ 113.978921107441437, 22.543447762273082 ], [ 113.978884872806134, 22.543283940094241 ], [ 113.978812399762646, 22.543138461690965 ], [ 113.978708545989875, 22.543006243025953 ], [ 113.978346242337039, 22.542622955783994 ], [ 113.978221991137929, 22.54243503595459 ], [ 113.978172610936539, 22.542255455684469 ], [ 113.978149167959359, 22.541757658266693 ], [ 113.978120808233811, 22.541596474694735 ], [ 113.978056577204583, 22.541449808722152 ], [ 113.977876474847605, 22.541169462472023 ], [ 113.977796134026519, 22.540986466215799 ] ] } },
{ "type": "Feature", "properties": { "arc": 604, "wealthier": 0.35695768813555212, "beautiful": 0.25101452759272308, "livelier": 0.50718667535685591, "depressing": 0.67707907329184358, "safer": 0.3086510334819057, "boring": 0.57275007804152533, "human": 0.00083664788140189997, "vehicle": 0.0224341922336154, "construction": 0.19540795220269089, "nature": 0.1179582383897569, "sky": 0.4048658582899306, "object": 0.0040237850613064003, "PI": 0.24215510584059996, "NI": 0.41822371062855285, "length": 364.4744706, "source": 162, "target": 164, "direction": "bi-directional", "flow": 422.0, "flow_pct": 0.31178195949789805, "flow_rank": 91 }, "geometry": { "type": "LineString", "coordinates": [ [ 113.940616021857153, 22.546167789364052 ], [ 113.940666112706452, 22.543726174795275 ], [ 113.940655840101513, 22.542876954645909 ] ] } },
{ "type": "Feature", "properties": { "arc": 605, "wealthier": 0.78680649170599504, "beautiful": 0.62212859902496676, "livelier": 0.87056532764724626, "depressing": 0.29929574809037968, "safer": 0.70985686800707826, "boring": 0.13185003244883781, "human": 0.0033703972311580001, "vehicle": 0.029142117967792501, "construction": 0.097102034325693101, "nature": 0.43913803848565791, "sky": 0.15555905360801539, "object": 0.0083621903961780004, "PI": 0.63851073813765979, "NI": 0.20288631766112256, "length": 440.3368179, "source": 162, "target": 181, "direction": "bi-directional", "flow": 24.0, "flow_pct": 0.017731675421681407, "flow_rank": 640 }, "geometry": { "type": "LineString", "coordinates": [ [ 113.940616021857153, 22.546167789364052 ], [ 113.94305854816092, 22.546226967005797 ], [ 113.944896035399196, 22.546223245005116 ] ] } },
{ "type": "Feature", "properties": { "arc": 606, "wealthier": 0.4509023319156118, "beautiful": 0.43636776021693507, "livelier": 0.70289250665432979, "depressing": 0.50629141259748744, "safer": 0.45193306892078627, "boring": 0.30897133067135452, "human": 0.005314826965332, "vehicle": 0.0490021932692754, "construction": 0.16917069753011069, "nature": 0.20224948156447631, "sky": 0.33513237181163957, "object": 0.0058793567475817999, "PI": 0.43353137894107058, "NI": 0.34389772728076551, "length": 344.1456589, "source": 503, "target": 504, "direction": "bi-directional", "flow": 173.0, "flow_pct": 0.12781582699795346, "flow_rank": 255 }, "geometry": { "type": "LineString", "coordinates": [ [ 114.104916832217455, 22.549258203574276 ], [ 114.105050551583929, 22.548965683569602 ], [ 114.105280854913815, 22.548305950051805 ], [ 114.106133896498136, 22.546365053344569 ] ] } },
{ "type": "Feature", "properties": { "arc": 608, "wealthier": 0.59098115474772428, "beautiful": 0.50699700217865362, "livelier": 0.55428853090906494, "depressing": 0.4287524461417449, "safer": 0.49214773218513058, "boring": 0.39916656934283989, "human": 0.0034666767826786, "vehicle": 0.0124003798873336, "construction": 0.075570565682870294, "nature": 0.32429892928512, "sky": 0.34676064385308158, "object": 0.0055104714852791999, "PI": 0.45629653705032097, "NI": 0.28948519995404237, "length": 386.5728781, "source": 134, "target": 151, "direction": "bi-directional", "flow": 0.0, "flow_pct": 0.0, "flow_rank": 766 }, "geometry": { "type": "LineString", "coordinates": [ [ 113.933530406332807, 22.545562570540095 ], [ 113.934151794459538, 22.545554275918175 ], [ 113.935144540316742, 22.545565991576961 ], [ 113.935713609958356, 22.545609705071893 ], [ 113.935988910364742, 22.545676581448006 ], [ 113.936390423096341, 22.545818688105413 ], [ 113.936837586960607, 22.545996427742395 ], [ 113.937168770852907, 22.546154301937413 ] ] } },
{ "type": "Feature", "properties": { "arc": 609, "wealthier": 0.49442433413992559, "beautiful": 0.44821253932117427, "livelier": 0.58728568018488347, "depressing": 0.484130272679754, "safer": 0.43213968300040978, "boring": 0.42262448834989491, "human": 0.0052947998046874003, "vehicle": 0.030183837527320401, "construction": 0.091492834545317106, "nature": 0.21192836761474609, "sky": 0.39886243002755301, "object": 0.0081920623779296008, "PI": 0.41956870269939128, "NI": 0.35255115565234835, "length": 354.6636155, "source": 151, "target": 162, "direction": "bi-directional", "flow": 0.0, "flow_pct": 0.0, "flow_rank": 766 }, "geometry": { "type": "LineString", "coordinates": [ [ 113.937168770852907, 22.546154301937413 ], [ 113.937656529411484, 22.546137920259383 ], [ 113.938572130995752, 22.546136552765919 ], [ 113.939342234374493, 22.546157665543831 ], [ 113.940616021857153, 22.546167789364052 ] ] } },
{ "type": "Feature", "properties": { "arc": 611, "wealthier": 0.15210442821678211, "beautiful": 0.2386500587754912, "livelier": 0.17039584330059021, "depressing": 0.7694197731454705, "safer": 0.14845174268142311, "boring": 0.86676458011021251, "human": 0.0001643710666232, "vehicle": 0.0069104795102719, "construction": 0.026609109949182499, "nature": 0.10901825516312209, "sky": 0.5838316599527994, "object": 0.0063921186659070999, "PI": 0.10022455250532952, "NI": 0.4844092119050587, "length": 1191.777635, "source": 24, "target": 27, "direction": "bi-directional", "flow": 0.0, "flow_pct": 0.0, "flow_rank": 766 }, "geometry": { "type": "LineString", "coordinates": [ [ 113.895020830823057, 22.545403132802839 ], [ 113.89528970543374, 22.545077204365693 ], [ 113.895789043996544, 22.544438648461814 ], [ 113.895981097289919, 22.544137107146923 ], [ 113.896115534595268, 22.543835565173261 ], [ 113.896249971900644, 22.54351628471839 ], [ 113.896422819864668, 22.542966411092653 ], [ 113.896576462499382, 22.542345583398582 ], [ 113.896614873158057, 22.541777967063375 ], [ 113.896653283816732, 22.540607251000679 ], [ 113.896614873158015, 22.538549604770441 ], [ 113.896691694475393, 22.535604988718045 ], [ 113.896691780474811, 22.535015527607538 ] ] } },
{ "type": "Feature", "properties": { "arc": 612, "wealthier": 0.90649905880055603, "beautiful": 0.91193190641650279, "livelier": 0.72525733483492005, "depressing": 0.063131685965715195, "safer": 0.91156146573653141, "boring": 0.21788219315718291, "human": 0.0013586290839578, "vehicle": 0.0088717402244100005, "construction": 0.080964224679129407, "nature": 0.62835685574278533, "sky": 0.046650425917437198, "object": 0.0027316346460459001, "PI": 0.74175950490069942, "NI": 0.090713086538089516, "length": 1272.046056, "source": 267, "target": 273, "direction": "bi-directional", "flow": 21.0, "flow_pct": 0.015515215993971231, "flow_rank": 655 }, "geometry": { "type": "LineString", "coordinates": [ [ 113.981300060965793, 22.547133002275078 ], [ 113.981344641183668, 22.547105555557749 ], [ 113.981415293206069, 22.547003257745668 ], [ 113.981570537679417, 22.546484880142966 ], [ 113.981660560250759, 22.546277793197461 ], [ 113.981796138341252, 22.546098367697436 ], [ 113.981940960746428, 22.545975581490033 ], [ 113.982072983207402, 22.545898912577957 ], [ 113.982213093933453, 22.545843454882593 ], [ 113.983584908812205, 22.545440333202333 ], [ 113.983936790340266, 22.545309646070173 ], [ 113.984188059609195, 22.545195056124061 ], [ 113.984489234893118, 22.545022339115146 ], [ 113.984772357363241, 22.544828059681659 ], [ 113.985787290526076, 22.544011208858489 ], [ 113.985887516198375, 22.543907211748817 ], [ 113.985978535194135, 22.543777564979958 ], [ 113.98606735457507, 22.543549785516248 ], [ 113.986107433955098, 22.543266207574494 ], [ 113.986197754259024, 22.542238091864238 ], [ 113.986222349882269, 22.542093044764801 ], [ 113.986260579687112, 22.541970479736491 ], [ 113.986327261343675, 22.541857627013236 ], [ 113.986433681710125, 22.541755981885441 ], [ 113.986544103397335, 22.541693306990936 ], [ 113.98677583051456, 22.541598886546598 ], [ 113.986856768372562, 22.541546412969904 ], [ 113.986905259989527, 22.541491050070892 ], [ 113.986939702482616, 22.541401733770737 ], [ 113.986936750325384, 22.541261496728591 ], [ 113.986832044688086, 22.540854905479211 ], [ 113.986806449166338, 22.540586844743643 ], [ 113.986842604172963, 22.540142349151576 ], [ 113.98694395043735, 22.539350982791618 ], [ 113.986941658338907, 22.539096506240572 ], [ 113.986899953257165, 22.538964628100807 ], [ 113.986812831117859, 22.538840985980666 ], [ 113.986708311772233, 22.538761273185607 ], [ 113.986548441599354, 22.538696205079923 ], [ 113.986436449851809, 22.53867966870126 ] ] } },
{ "type": "Feature", "properties": { "arc": 613, "wealthier": 0.37242041007218318, "beautiful": 0.3362103184271269, "livelier": 0.42822164155185899, "depressing": 0.65864187408727592, "safer": 0.30946211188924461, "boring": 0.61796023039533698, "human": 0.00020166783550980001, "vehicle": 0.0060180963254441999, "construction": 0.030469670015222799, "nature": 0.196242625417273, "sky": 0.49709969564201001, "object": 0.0054684931935826998, "PI": 0.25705437417568416, "NI": 0.39161620646338352, "length": 1342.229995, "source": 326, "target": 311, "direction": "bi-directional", "flow": 91.0, "flow_pct": 0.067232602640541997, "flow_rank": 400 }, "geometry": { "type": "LineString", "coordinates": [ [ 114.03448991345023, 22.548178624902398 ], [ 114.033791867725043, 22.547956457920456 ], [ 114.029821465563813, 22.546770874403581 ], [ 114.026404038968238, 22.54572650727232 ], [ 114.025866460205648, 22.545602318027225 ], [ 114.025386223082151, 22.545509300725559 ], [ 114.021943591201477, 22.544931891348856 ] ] } },
{ "type": "Feature", "properties": { "arc": 614, "wealthier": 0.39259188442031978, "beautiful": 0.44714029529951188, "livelier": 0.51582277087023676, "depressing": 0.56499966828740977, "safer": 0.4089623489277589, "boring": 0.46268051468666072, "human": 0.0011215699024689, "vehicle": 0.024634825877654198, "construction": 0.058653855935121103, "nature": 0.28888438298152042, "sky": 0.36797616420648033, "object": 0.0067933155940128999, "PI": 0.35025122018100635, "NI": 0.34255981535299246, "length": 747.7128798, "source": 326, "target": 329, "direction": "bi-directional", "flow": 34.0, "flow_pct": 0.025119873514048659, "flow_rank": 594 }, "geometry": { "type": "LineString", "coordinates": [ [ 114.03448991345023, 22.548178624902398 ], [ 114.035746395547235, 22.541528154054969 ] ] } },
{ "type": "Feature", "properties": { "arc": 615, "wealthier": 0.60174951603744298, "beautiful": 0.62281324969508722, "livelier": 0.55569819761611228, "depressing": 0.36789430109851817, "safer": 0.59097318703860569, "boring": 0.41952409221614062, "human": 0.00093154418162810001, "vehicle": 0.026558900490785201, "construction": 0.055104060050768698, "nature": 0.31357574462890619, "sky": 0.3319314809945913, "object": 0.0043314420259915002, "PI": 0.46233038597034576, "NI": 0.27450055053087952, "length": 607.0925867, "source": 294, "target": 298, "direction": "bi-directional", "flow": 57.0, "flow_pct": 0.042112729126493338, "flow_rank": 501 }, "geometry": { "type": "LineString", "coordinates": [ [ 114.009503816825472, 22.547745573903736 ], [ 114.009981813045542, 22.547229052482365 ], [ 114.01025949124093, 22.546887636018315 ], [ 114.010909758410762, 22.545974191199011 ], [ 114.01138764351937, 22.545253964225704 ], [ 114.011544547738907, 22.544948769766428 ], [ 114.0117081295259, 22.544550437110335 ], [ 114.012259270491114, 22.542963388405159 ] ] } },
{ "type": "Feature", "properties": { "arc": 617, "wealthier": 0.81081831738527677, "beautiful": 0.81863761169270166, "livelier": 0.69702047029557601, "depressing": 0.14591746113866469, "safer": 0.81206273310882393, "boring": 0.23885421167674889, "human": 8.8246663411458345e-05, "vehicle": 0.0061481051974825998, "construction": 0.057858912150065098, "nature": 0.66835140652126734, "sky": 0.0459126790364583, "object": 0.0020067850748696999, "PI": 0.67902775345604527, "NI": 0.095349961131797278, "length": 298.1023343, "source": 265, "target": 267, "direction": "bi-directional", "flow": 56.0, "flow_pct": 0.041373909317256617, "flow_rank": 508 }, "geometry": { "type": "LineString", "coordinates": [ [ 113.978482247717977, 22.546870924182638 ], [ 113.978779989112226, 22.546994546807515 ], [ 113.978982988333257, 22.547058077603108 ], [ 113.979539704440981, 22.547193824190419 ], [ 113.979803843573094, 22.547235880503042 ], [ 113.980163529830492, 22.547250345356669 ], [ 113.980884780603986, 22.5472206997024 ], [ 113.98109010820707, 22.547204556370886 ], [ 113.981245353486429, 22.547166684029929 ], [ 113.981300060965793, 22.547133002275078 ] ] } },
{ "type": "Feature", "properties": { "arc": 618, "wealthier": 0.60461895724535275, "beautiful": 0.42177581021254379, "livelier": 0.63321829631623061, "depressing": 0.52410940032497433, "safer": 0.50115910491736582, "boring": 0.39303575892863019, "human": 0.00051547862865299998, "vehicle": 0.0194547441270616, "construction": 0.081649921558521396, "nature": 0.17107673927589701, "sky": 0.44256648310908558, "object": 0.0068027355052806002, "PI": 0.38407700821693863, "NI": 0.34714790978874976, "length": 227.9311519, "source": 470, "target": 471, "direction": "bi-directional", "flow": 28.0, "flow_pct": 0.020686954658628309, "flow_rank": 622 }, "geometry": { "type": "LineString", "coordinates": [ [ 114.091157077089207, 22.54930646335913 ], [ 114.091185906548006, 22.548171318688226 ], [ 114.091182078502825, 22.547248489164133 ] ] } },
{ "type": "Feature", "properties": { "arc": 622, "wealthier": 0.54697738788664385, "beautiful": 0.42904952417830339, "livelier": 0.67489721996713581, "depressing": 0.52275198431996139, "safer": 0.48863263785068189, "boring": 0.37171232795565429, "human": 0.0030177661350795, "vehicle": 0.037691184452601799, "construction": 0.12892795744396379, "nature": 0.21414690925961441, "sky": 0.37678995586576919, "object": 0.0042716207958403002, "PI": 0.42374239095833349, "NI": 0.33829072274951666, "length": 726.1459378, "source": 599, "target": 590, "direction": "bi-directional", "flow": 138.0, "flow_pct": 0.10195713367466808, "flow_rank": 319 }, "geometry": { "type": "LineString", "coordinates": [ [ 114.143139156555378, 22.550295154843592 ], [ 114.141825606664511, 22.550119537065878 ], [ 114.139678447661169, 22.549881062995119 ], [ 114.138004214251453, 22.549742957754063 ], [ 114.136131295155508, 22.549512793671354 ] ] } },
{ "type": "Feature", "properties": { "arc": 624, "wealthier": 0.47149782058152528, "beautiful": 0.46008006460716389, "livelier": 0.44947361511523531, "depressing": 0.53432488639580744, "safer": 0.45248448700887151, "boring": 0.51696669370638892, "human": 0.00034968058268220002, "vehicle": 0.036199993557400098, "construction": 0.045214193838613997, "nature": 0.27513652377658421, "sky": 0.3732688338668258, "object": 0.0027198085078486002, "PI": 0.3477986099251506, "NI": 0.32732005432923866, "length": 229.7551604, "source": 439, "target": 440, "direction": "bi-directional", "flow": 101.0, "flow_pct": 0.074620800732909248, "flow_rank": 379 }, "geometry": { "type": "LineString", "coordinates": [ [ 114.076099133308702, 22.549095257707304 ], [ 114.076152109652767, 22.547021072987544 ] ] } },
{ "type": "Feature", "properties": { "arc": 625, "wealthier": 0.46879371939370551, "beautiful": 0.4556072831182541, "livelier": 0.70881896385656051, "depressing": 0.4551744378579603, "safer": 0.50466356418671809, "boring": 0.30539742289323152, "human": 0.0075945709690903003, "vehicle": 0.051383712074973303, "construction": 0.17855745373350199, "nature": 0.2442372350981741, "sky": 0.2638383634162671, "object": 0.0063918142607717002, "PI": 0.48979110583252455, "NI": 0.32223607193100606, "length": 821.1214046, "source": 439, "target": 457, "direction": "bi-directional", "flow": 23.0, "flow_pct": 0.016992855612444679, "flow_rank": 642 }, "geometry": { "type": "LineString", "coordinates": [ [ 114.076099133308702, 22.549095257707304 ], [ 114.077261684757943, 22.549109492454313 ], [ 114.078763973774116, 22.549150125844193 ], [ 114.08009256618584, 22.549153086169767 ], [ 114.081799229324105, 22.549195598797997 ], [ 114.084080542460427, 22.549219917103514 ] ] } },
{ "type": "Feature", "properties": { "arc": 629, "wealthier": 0.33793955098159573, "beautiful": 0.32881878561835498, "livelier": 0.45910999584282242, "depressing": 0.68280757638291245, "safer": 0.30440970350173369, "boring": 0.55590503359411669, "human": 0.00036366780598949999, "vehicle": 0.0104839183666087, "construction": 0.068789164225260394, "nature": 0.18158015498408561, "sky": 0.47412752222131788, "object": 0.0079815476029007001, "PI": 0.25318851065550035, "NI": 0.40974432542590544, "length": 221.0457632, "source": 332, "target": 326, "direction": "bi-directional", "flow": 86.0, "flow_pct": 0.063538503594358378, "flow_rank": 416 }, "geometry": { "type": "LineString", "coordinates": [ [ 114.036564772088695, 22.548698384401217 ], [ 114.03448991345023, 22.548178624902398 ] ] } },
{ "type": "Feature", "properties": { "arc": 631, "wealthier": 0.31057150668131822, "beautiful": 0.33383981487668002, "livelier": 0.46406050375289609, "depressing": 0.67212435570002482, "safer": 0.29794121195737189, "boring": 0.58578224827667669, "human": 0.0017250908745659, "vehicle": 0.021765391031901001, "construction": 0.11924305668583619, "nature": 0.20768914399323629, "sky": 0.3749159353750724, "object": 0.0057228936089409, "PI": 0.27294124850541651, "NI": 0.39656264035499683, "length": 209.7295107, "source": 400, "target": 401, "direction": "bi-directional", "flow": 15.0, "flow_pct": 0.011082297138550879, "flow_rank": 686 }, "geometry": { "type": "LineString", "coordinates": [ [ 114.057910062584014, 22.549348687880116 ], [ 114.057907096158004, 22.548767689125381 ], [ 114.057946987438427, 22.547455287648763 ] ] } },
{ "type": "Feature", "properties": { "arc": 632, "wealthier": 0.48041852070736518, "beautiful": 0.45996242926557218, "livelier": 0.83264469186158085, "depressing": 0.47148857688168178, "safer": 0.52705307546271463, "boring": 0.20068156300201179, "human": 0.0069066910516647996, "vehicle": 0.050196738470168298, "construction": 0.1694901784261067, "nature": 0.31608277275448748, "sky": 0.21710241408575151, "object": 0.0085846583048502009, "PI": 0.52989667436033805, "NI": 0.30345798710352057, "length": 368.1873989, "source": 566, "target": 561, "direction": "bi-directional", "flow": 236.0, "flow_pct": 0.17436147497986715, "flow_rank": 171 }, "geometry": { "type": "LineString", "coordinates": [ [ 114.129235097254707, 22.550732628736199 ], [ 114.128978701445945, 22.550605043054855 ], [ 114.128291195284504, 22.550348420345287 ], [ 114.125911913168281, 22.549502258068411 ] ] } },
{ "type": "Feature", "properties": { "arc": 633, "wealthier": 0.42819594848209208, "beautiful": 0.37419345711887381, "livelier": 0.57506018058145658, "depressing": 0.60707676326607851, "safer": 0.3791596038847071, "boring": 0.4977611904248761, "human": 0.001922861735026, "vehicle": 0.0113892237345377, "construction": 0.1704957008361816, "nature": 0.22601572672526041, "sky": 0.3221153259277344, "object": 0.010183238983154199, "PI": 0.34365531461373644, "NI": 0.39085106387644736, "length": 461.3098838, "source": 400, "target": 414, "direction": "bi-directional", "flow": 0.0, "flow_pct": 0.0, "flow_rank": 766 }, "geometry": { "type": "LineString", "coordinates": [ [ 114.057910062584014, 22.549348687880116 ], [ 114.058253256450342, 22.549440083591733 ], [ 114.058582912292209, 22.549473167047516 ], [ 114.059959502567921, 22.549512794660433 ], [ 114.060129529249878, 22.549491884919355 ], [ 114.060223328747213, 22.54944326425202 ], [ 114.060300250012247, 22.549337881236067 ], [ 114.060336183188682, 22.549168637125078 ], [ 114.060350925131658, 22.54828819945357 ], [ 114.060327058090209, 22.547922341052136 ], [ 114.060207895416568, 22.547495531760656 ] ] } },
{ "type": "Feature", "properties": { "arc": 634, "wealthier": 0.3412427865184951, "beautiful": 0.3035187359380398, "livelier": 0.74993638468004553, "depressing": 0.61628153876874181, "safer": 0.36143936159597839, "boring": 0.30362431899017212, "human": 0.0080780347188312996, "vehicle": 0.064783636728922497, "construction": 0.38338514963785808, "nature": 0.019419542948404901, "sky": 0.31823043823242192, "object": 0.0025228182474772002, "PI": 0.3723831614864343, "NI": 0.41875324043209422, "length": 426.7353157, "source": 581, "target": 566, "direction": "bi-directional", "flow": 0.0, "flow_pct": 0.0, "flow_rank": 766 }, "geometry": { "type": "LineString", "coordinates": [ [ 114.133194194303925, 22.550420506980224 ], [ 114.132287706363698, 22.550339342892009 ], [ 114.132039619504823, 22.550346499428848 ], [ 114.131839490181363, 22.550380873702981 ], [ 114.131655884139988, 22.550438754583677 ], [ 114.131520095931478, 22.550501075033612 ], [ 114.130944432235168, 22.550862071600235 ], [ 114.130802790869097, 22.550916925099521 ], [ 114.130665547153299, 22.550945234987491 ], [ 114.130470887374102, 22.550945554444201 ], [ 114.130100907641321, 22.550901452645359 ], [ 114.129235097254707, 22.550732628736199 ] ] } },
{ "type": "Feature", "properties": { "arc": 636, "wealthier": 0.52605416617696255, "beautiful": 0.48094629781794263, "livelier": 0.6826617423264657, "depressing": 0.4761998988589487, "safer": 0.50560556831110393, "boring": 0.29702283585946943, "human": 0.00085017794654480003, "vehicle": 0.0204638526553199, "construction": 0.063978967212495297, "nature": 0.30448513939267108, "sky": 0.35858622051420669, "object": 0.0094489143008277005, "PI": 0.4294281433059644, "NI": 0.30955087863858788, "length": 350.8586861, "source": 332, "target": 339, "direction": "bi-directional", "flow": 86.0, "flow_pct": 0.063538503594358378, "flow_rank": 416 }, "geometry": { "type": "LineString", "coordinates": [ [ 114.036564772088695, 22.548698384401217 ], [ 114.039858660305114, 22.549521597932749 ] ] } },
{ "type": "Feature", "properties": { "arc": 638, "wealthier": 0.42302283396679929, "beautiful": 0.37261118328359449, "livelier": 0.47939802454553848, "depressing": 0.6372376721573545, "safer": 0.38162972587517402, "boring": 0.62668093979374706, "human": 8.8177030048673151e-05, "vehicle": 0.027367712959410598, "construction": 0.059482362535264698, "nature": 0.21028502025301479, "sky": 0.4857033774966284, "object": 0.0058911641438802002, "PI": 0.29713717244966437, "NI": 0.41373944417885128, "length": 1112.578339, "source": 269, "target": 277, "direction": "bi-directional", "flow": 42.0, "flow_pct": 0.031030431987942461, "flow_rank": 559 }, "geometry": { "type": "LineString", "coordinates": [ [ 113.982385360912446, 22.548466639882331 ], [ 113.982697070741764, 22.548218708893213 ], [ 113.986703149363663, 22.544834280598838 ], [ 113.986974683254971, 22.544624611929905 ], [ 113.987262200929223, 22.544444749286715 ], [ 113.987501741299496, 22.544328589082181 ], [ 113.987765337906296, 22.544228702109592 ], [ 113.988018262121415, 22.544152813209667 ], [ 113.988246241363626, 22.544105629264596 ], [ 113.990415293656497, 22.543841751417407 ], [ 113.991459503456312, 22.543748579173311 ] ] } },
{ "type": "Feature", "properties": { "arc": 639, "wealthier": 0.64774809553054091, "beautiful": 0.6016312722657472, "livelier": 0.71369227046172246, "depressing": 0.35397970886554109, "safer": 0.62051199624371822, "boring": 0.33700204639849979, "human": 0.0021729324803207001, "vehicle": 0.030633175011837099, "construction": 0.13460639028838181, "nature": 0.24706158493504379, "sky": 0.3338391275116892, "object": 0.0073672785903467998, "PI": 0.50129118002425765, "NI": 0.30519334754939981, "length": 277.3407882, "source": 297, "target": 294, "direction": "bi-directional", "flow": 0.0, "flow_pct": 0.0, "flow_rank": 766 }, "geometry": { "type": "LineString", "coordinates": [ [ 114.011753374316143, 22.549126254664134 ], [ 114.009503816825472, 22.547745573903736 ] ] } },
{ "type": "Feature", "properties": { "arc": 640, "wealthier": 0.55709244299833383, "beautiful": 0.55535492220365801, "livelier": 0.61926841647034181, "depressing": 0.3952579902752143, "safer": 0.55374758494001108, "boring": 0.35250241909375057, "human": 0.0023331377241345998, "vehicle": 0.024212254418267101, "construction": 0.11969929271274141, "nature": 0.20384213659498421, "sky": 0.38113652335272891, "object": 0.0067813661363388998, "PI": 0.43818375911768936, "NI": 0.31535346545583948, "length": 681.2136776, "source": 297, "target": 302, "direction": "bi-directional", "flow": 0.0, "flow_pct": 0.0, "flow_rank": 766 }, "geometry": { "type": "LineString", "coordinates": [ [ 114.011753374316143, 22.549126254664134 ], [ 114.013784736756364, 22.5462632120861 ], [ 114.013981438913845, 22.545955624104131 ], [ 114.014126148269341, 22.545675100712902 ], [ 114.014225894981351, 22.545427083551999 ], [ 114.014624991181591, 22.5442267071092 ], [ 114.014777693927726, 22.543713135570194 ] ] } },
{ "type": "Feature", "properties": { "arc": 641, "wealthier": 0.46493294345645447, "beautiful": 0.42975466629318287, "livelier": 0.75365573172414013, "depressing": 0.46456257601569201, "safer": 0.50314657067615454, "boring": 0.2475819882018272, "human": 0.0094486685360179005, "vehicle": 0.0739112554811963, "construction": 0.24461058074352779, "nature": 0.15015426336550239, "sky": 0.30368786232144229, "object": 0.0054651896158853996, "PI": 0.49264395550631851, "NI": 0.35702093776988342, "length": 345.7585908, "source": 533, "target": 530, "direction": "bi-directional", "flow": 496.0, "flow_pct": 0.36645462538141571, "flow_rank": 73 }, "geometry": { "type": "LineString", "coordinates": [ [ 114.117239371182009, 22.551159915081733 ], [ 114.116977068078, 22.550797251800788 ], [ 114.116732932872125, 22.550394200193001 ], [ 114.116591172920536, 22.550076520991784 ], [ 114.116518012409287, 22.549796954527302 ], [ 114.116496465278047, 22.549461507750102 ], [ 114.116526178799731, 22.549167993690595 ], [ 114.116642457568133, 22.54868092376562 ], [ 114.116779094439892, 22.54823711092908 ] ] } },
{ "type": "Feature", "properties": { "arc": 642, "wealthier": 0.22187873450986809, "beautiful": 0.324517602718223, "livelier": 0.2390037202523479, "depressing": 0.74521555237814674, "safer": 0.22806479708195579, "boring": 0.75395894582576961, "human": 0.00030882093641490001, "vehicle": 0.016169230143229098, "construction": 0.0348358154296875, "nature": 0.2065285576714409, "sky": 0.48002276950412331, "object": 0.0042794545491535996, "PI": 0.1816945694716893, "NI": 0.42816333576409066, "length": 366.6292184, "source": 292, "target": 286, "direction": "bi-directional", "flow": 40.0, "flow_pct": 0.029552792369469009, "flow_rank": 567 }, "geometry": { "type": "LineString", "coordinates": [ [ 114.006729851533521, 22.549324846356797 ], [ 114.005596651643046, 22.548232714125135 ], [ 114.005171830912047, 22.547848608329613 ], [ 114.0047840361471, 22.54755273497496 ], [ 114.004088151538795, 22.547121274456906 ] ] } },
{ "type": "Feature", "properties": { "arc": 643, "wealthier": 0.4965345450179901, "beautiful": 0.49606561036255548, "livelier": 0.53500974614825936, "depressing": 0.46410918302654069, "safer": 0.49279512239583018, "boring": 0.51710812610081192, "human": 0.0017987145317925001, "vehicle": 0.027722803751627601, "construction": 0.049977959526909699, "nature": 0.24460055033365879, "sky": 0.3984852261013454, "object": 0.0067744361029729999, "PI": 0.39312947083972033, "NI": 0.34154546333916219, "length": 335.2143989, "source": 292, "target": 294, "direction": "bi-directional", "flow": 28.0, "flow_pct": 0.020686954658628309, "flow_rank": 622 }, "geometry": { "type": "LineString", "coordinates": [ [ 114.006729851533521, 22.549324846356797 ], [ 114.007844574607347, 22.548763240369471 ], [ 114.008457422317505, 22.548437761135514 ], [ 114.008926083144814, 22.548141156928541 ], [ 114.009503816825472, 22.547745573903736 ] ] } },
{ "type": "Feature", "properties": { "arc": 644, "wealthier": 0.80337013446825978, "beautiful": 0.65249063147253139, "livelier": 0.8821834680193813, "depressing": 0.28441517017025442, "safer": 0.7040519420645549, "boring": 0.19418343276388489, "human": 0.0041979330557363999, "vehicle": 0.039995264123987198, "construction": 0.0630104630081742, "nature": 0.39874225192599821, "sky": 0.2378272303828487, "object": 0.0046361993860314999, "PI": 0.64865443104560205, "NI": 0.20805619406516204, "length": 238.2094485, "source": 180, "target": 181, "direction": "bi-directional", "flow": 114.0, "flow_pct": 0.084225458252986676, "flow_rank": 363 }, "geometry": { "type": "LineString", "coordinates": [ [ 113.94488235208226, 22.548373654750531 ], [ 113.944862049330524, 22.5479448932727 ], [ 113.944896035399196, 22.546223245005116 ] ] } },
{ "type": "Feature", "properties": { "arc": 647, "wealthier": 0.40678192205366021, "beautiful": 0.37640721292763801, "livelier": 0.5962139513018907, "depressing": 0.56446119169165609, "safer": 0.39225972666578007, "boring": 0.4150690626601331, "human": 0.0015012599803783, "vehicle": 0.028980855588559701, "construction": 0.092448269879376405, "nature": 0.2107989346539533, "sky": 0.40100588621916589, "object": 0.0069830152723523997, "PI": 0.33757584737306118, "NI": 0.35847644852680965, "length": 470.4113219, "source": 351, "target": 339, "direction": "bi-directional", "flow": 96.0, "flow_pct": 0.070926701686725629, "flow_rank": 389 }, "geometry": { "type": "LineString", "coordinates": [ [ 114.044266883249065, 22.550652792305932 ], [ 114.039858660305114, 22.549521597932749 ] ] } },
{ "type": "Feature", "properties": { "arc": 648, "wealthier": 0.39387770434936198, "beautiful": 0.38277357478918023, "livelier": 0.40966487108684629, "depressing": 0.6397650745082234, "safer": 0.3337022607730486, "boring": 0.61111914436935244, "human": 0.00086330232166099996, "vehicle": 0.037670725867861798, "construction": 0.077206429981049998, "nature": 0.18587003435407359, "sky": 0.45057764507475351, "object": 0.0049907139369418999, "PI": 0.27579105889659361, "NI": 0.40959274538678692, "length": 377.7359712, "source": 351, "target": 352, "direction": "bi-directional", "flow": 104.0, "flow_pct": 0.076837260160619425, "flow_rank": 377 }, "geometry": { "type": "LineString", "coordinates": [ [ 114.044266883249065, 22.550652792305932 ], [ 114.044334702984472, 22.547242288316781 ] ] } },
{ "type": "Feature", "properties": { "arc": 649, "wealthier": 0.55728818369783362, "beautiful": 0.54260576192013155, "livelier": 0.55202114748916631, "depressing": 0.42010692020299911, "safer": 0.53455844673948827, "boring": 0.46866841469608778, "human": 0.0020126060203269, "vehicle": 0.0120201110839843, "construction": 0.097484447337962896, "nature": 0.25275618941695599, "sky": 0.34689309861924911, "object": 0.0088823106553819007, "PI": 0.42763865881042951, "NI": 0.32750769052591083, "length": 234.3724832, "source": 300, "target": 297, "direction": "bi-directional", "flow": 0.0, "flow_pct": 0.0, "flow_rank": 766 }, "geometry": { "type": "LineString", "coordinates": [ [ 114.01370034931945, 22.550221542908343 ], [ 114.01320548327385, 22.549991318568601 ], [ 114.011753374316143, 22.549126254664134 ] ] } },
{ "type": "Feature", "properties": { "arc": 650, "wealthier": 0.41254422018981929, "beautiful": 0.46220554910507228, "livelier": 0.47081230438860688, "depressing": 0.56637211029774737, "safer": 0.42872248206933589, "boring": 0.48476071199932302, "human": 0.00064016977945959995, "vehicle": 0.0067068735758462998, "construction": 0.033138147989908801, "nature": 0.3385294384426541, "sky": 0.42064083947075731, "object": 0.0091944164699977998, "PI": 0.35752213298950269, "NI": 0.35441683604689361, "length": 771.7351996, "source": 300, "target": 306, "direction": "bi-directional", "flow": 0.0, "flow_pct": 0.0, "flow_rank": 766 }, "geometry": { "type": "LineString", "coordinates": [ [ 114.01370034931945, 22.550221542908343 ], [ 114.016347793381215, 22.546441565854362 ], [ 114.016549874188399, 22.546126963456697 ], [ 114.016759275346914, 22.545710131376133 ], [ 114.016957024220574, 22.545188781165042 ], [ 114.017050693413708, 22.544887686241541 ], [ 114.01723735020957, 22.54414049689958 ] ] } },
{ "type": "Feature", "properties": { "arc": 651, "wealthier": 0.41500920772470751, "beautiful": 0.33136304912799619, "livelier": 0.44949423999793392, "depressing": 0.68386683944213911, "safer": 0.3653893218720845, "boring": 0.64538488853250497, "human": 0.0011414421929253, "vehicle": 0.0228506724039713, "construction": 0.1453154528582537, "nature": 0.064856564557110793, "sky": 0.4855471010561343, "object": 0.0067190240930627004, "PI": 0.25633370116322146, "NI": 0.454962736784216, "length": 272.5217838, "source": 469, "target": 470, "direction": "bi-directional", "flow": 49.0, "flow_pct": 0.036202170652599536, "flow_rank": 532 }, "geometry": { "type": "LineString", "coordinates": [ [ 114.091116329355643, 22.551767009504694 ], [ 114.091159690077475, 22.549802746788583 ], [ 114.091157077089207, 22.54930646335913 ] ] } },
{ "type": "Feature", "properties": { "arc": 652, "wealthier": 0.41134594974730387, "beautiful": 0.39000305724883422, "livelier": 0.55273779433138648, "depressing": 0.55031398415192712, "safer": 0.43360427748126151, "boring": 0.4841740326016063, "human": 0.0034470876057942001, "vehicle": 0.034871292114257803, "construction": 0.13637157621837789, "nature": 0.16965611775716141, "sky": 0.40663544791085382, "object": 0.0063845316569010003, "PI": 0.35384656679639681, "NI": 0.38449595405716819, "length": 860.7166363, "source": 469, "target": 487, "direction": "bi-directional", "flow": 59.0, "flow_pct": 0.043590368744966787, "flow_rank": 496 }, "geometry": { "type": "LineString", "coordinates": [ [ 114.091116329355643, 22.551767009504694 ], [ 114.095714322945781, 22.551826701743632 ], [ 114.097317353644684, 22.551869125913317 ], [ 114.098841435384159, 22.551870615203335 ], [ 114.099121016272079, 22.551883772054158 ], [ 114.099479871782947, 22.551927087114887 ] ] } },
{ "type": "Feature", "properties": { "arc": 653, "wealthier": 0.26898921950682791, "beautiful": 0.30529082195020429, "livelier": 0.31144706837679931, "depressing": 0.69666720780522129, "safer": 0.2699117657811429, "boring": 0.71968794844233319, "human": 0.0014926415902595999, "vehicle": 0.0389347076416015, "construction": 0.1832557254367404, "nature": 0.051733264216670197, "sky": 0.45660103691948772, "object": 0.0054733488294812999, "PI": 0.18384444891106608, "NI": 0.47886216877621285, "length": 484.2031528, "source": 487, "target": 488, "direction": "bi-directional", "flow": 10.0, "flow_pct": 0.0073881980923672522, "flow_rank": 720 }, "geometry": { "type": "LineString", "coordinates": [ [ 114.099479871782947, 22.551927087114887 ], [ 114.099522007793666, 22.549904363478774 ], [ 114.099547123397372, 22.54755506098758 ] ] } },
{ "type": "Feature", "properties": { "arc": 655, "wealthier": 0.44662591336719432, "beautiful": 0.4236539428952536, "livelier": 0.44958647271430358, "depressing": 0.55076037131881572, "safer": 0.41696818983153888, "boring": 0.49847064893026621, "human": 0.0039419516538962002, "vehicle": 0.038720693343724903, "construction": 0.093441547491611501, "nature": 0.1457100403614533, "sky": 0.45847296103453028, "object": 0.0099384601299579, "PI": 0.34356411035713252, "NI": 0.41194223837378535, "length": 332.8799989, "source": 462, "target": 469, "direction": "bi-directional", "flow": 37.0, "flow_pct": 0.027336332941758835, "flow_rank": 578 }, "geometry": { "type": "LineString", "coordinates": [ [ 114.087880413272828, 22.551720208998837 ], [ 114.091116329355643, 22.551767009504694 ] ] } },
{ "type": "Feature", "properties": { "arc": 656, "wealthier": 0.59617852416303541, "beautiful": 0.53150993020152459, "livelier": 0.69411445738077959, "depressing": 0.36978368280222129, "safer": 0.56846964430743741, "boring": 0.35240581463825849, "human": 0.0074982498631331997, "vehicle": 0.023313869129527699, "construction": 0.16059910167347299, "nature": 0.25831927675189392, "sky": 0.28219581372810132, "object": 0.0048551848440459002, "PI": 0.53656762707262085, "NI": 0.28428976407192086, "length": 270.0050742, "source": 456, "target": 457, "direction": "bi-directional", "flow": 23.0, "flow_pct": 0.016992855612444679, "flow_rank": 642 }, "geometry": { "type": "LineString", "coordinates": [ [ 114.084048577347403, 22.551657974547936 ], [ 114.084080542460427, 22.549219917103514 ] ] } },
{ "type": "Feature", "properties": { "arc": 657, "wealthier": 0.60196353192678764, "beautiful": 0.53510405039686004, "livelier": 0.66966871358364199, "depressing": 0.43729800173514721, "safer": 0.55950821720134269, "boring": 0.33798880475751431, "human": 0.0024355720071230999, "vehicle": 0.0270537582098269, "construction": 0.100016201243681, "nature": 0.2368372000899969, "sky": 0.3796140633377374, "object": 0.0095536475088082006, "PI": 0.46259580462580674, "NI": 0.33261235987579724, "length": 394.2151812, "source": 456, "target": 462, "direction": "bi-directional", "flow": 42.0, "flow_pct": 0.031030431987942461, "flow_rank": 559 }, "geometry": { "type": "LineString", "coordinates": [ [ 114.084048577347403, 22.551657974547936 ], [ 114.085890534248335, 22.551678400527827 ], [ 114.086773994898493, 22.55170786967085 ], [ 114.087880413272828, 22.551720208998837 ] ] } },
{ "type": "Feature", "properties": { "arc": 658, "wealthier": 0.25010008116503157, "beautiful": 0.29761357801714761, "livelier": 0.3620155652639297, "depressing": 0.67475435386042293, "safer": 0.27976856896251179, "boring": 0.67761388726442195, "human": 0.0029074350992837998, "vehicle": 0.026617165767785202, "construction": 0.16072943716338181, "nature": 0.078126098170424901, "sky": 0.46163015654592798, "object": 0.0054379665490351999, "PI": 0.21515271531658889, "NI": 0.4523319703542053, "length": 255.4261066, "source": 450, "target": 456, "direction": "bi-directional", "flow": 36.0, "flow_pct": 0.026597513132522111, "flow_rank": 582 }, "geometry": { "type": "LineString", "coordinates": [ [ 114.081565790272009, 22.551618635835599 ], [ 114.082463755770434, 22.5516210975908 ], [ 114.084048577347403, 22.551657974547936 ] ] } },
{ "type": "Feature", "properties": { "arc": 660, "wealthier": 0.6036690865806924, "beautiful": 0.5382927766764698, "livelier": 0.65603302621491399, "depressing": 0.41944563553887471, "safer": 0.56640650754338984, "boring": 0.39660226597493259, "human": 0.00076060141286540003, "vehicle": 0.040444527902910699, "construction": 0.042458872641286498, "nature": 0.3339002670780305, "sky": 0.29148128468503232, "object": 0.0041707766953335002, "PI": 0.46515988711279771, "NI": 0.27380268976795596, "length": 840.5935536, "source": 428, "target": 438, "direction": "bi-directional", "flow": 95.0, "flow_pct": 0.070187881877488895, "flow_rank": 393 }, "geometry": { "type": "LineString", "coordinates": [ [ 114.067911537055323, 22.551020935272227 ], [ 114.068953280072989, 22.551027149505121 ], [ 114.07160557244012, 22.55107977629681 ], [ 114.072089612676919, 22.55111832671998 ], [ 114.076056532310233, 22.551532178300604 ] ] } },
{ "type": "Feature", "properties": { "arc": 661, "wealthier": 0.41860350905725618, "beautiful": 0.367950885116408, "livelier": 0.38443250090664349, "depressing": 0.64742256961407307, "safer": 0.35552847028463008, "boring": 0.66412453021248885, "human": 0.00027708573774849998, "vehicle": 0.044015190818092999, "construction": 0.038261413574218701, "nature": 0.16851875998757099, "sky": 0.49112770774147729, "object": 0.0060584906375768998, "PI": 0.26443750123909726, "NI": 0.43002630426800553, "length": 269.9057274, "source": 438, "target": 439, "direction": "bi-directional", "flow": 84.0, "flow_pct": 0.062060863975884922, "flow_rank": 422 }, "geometry": { "type": "LineString", "coordinates": [ [ 114.076056532310233, 22.551532178300604 ], [ 114.076084947397064, 22.550569239680016 ], [ 114.076099133308702, 22.549095257707304 ] ] } },
{ "type": "Feature", "properties": { "arc": 662, "wealthier": 0.2361770429370936, "beautiful": 0.28905396322842181, "livelier": 0.38210222518705161, "depressing": 0.67921805309836192, "safer": 0.27372946421228511, "boring": 0.64468748358320282, "human": 0.0021656976229902001, "vehicle": 0.046637521273847897, "construction": 0.1052071391672327, "nature": 0.10007277778957201, "sky": 0.48730092808820208, "object": 0.006301078243532, "PI": 0.21012623024841284, "NI": 0.45639885853962808, "length": 566.7973173, "source": 438, "target": 450, "direction": "bi-directional", "flow": 16.0, "flow_pct": 0.011821116947787603, "flow_rank": 685 }, "geometry": { "type": "LineString", "coordinates": [ [ 114.076056532310233, 22.551532178300604 ], [ 114.077662226339243, 22.551571310993022 ], [ 114.079056142483211, 22.551574571923048 ], [ 114.080627544770053, 22.551617001539114 ], [ 114.081565790272009, 22.551618635835599 ] ] } },
{ "type": "Feature", "properties": { "arc": 664, "wealthier": 0.3532490868340365, "beautiful": 0.34389237907105119, "livelier": 0.31965410076484418, "depressing": 0.63064721700181103, "safer": 0.32033926150143982, "boring": 0.72425657881054273, "human": 0.0008643281226064, "vehicle": 0.040460773542815499, "construction": 0.10848856907264851, "nature": 0.098356882731119699, "sky": 0.48952633726830569, "object": 0.0037477530685124999, "PI": 0.21974132878106575, "NI": 0.4431604316187574, "length": 429.2731282, "source": 420, "target": 421, "direction": "bi-directional", "flow": 51.0, "flow_pct": 0.037679810271072985, "flow_rank": 528 }, "geometry": { "type": "LineString", "coordinates": [ [ 114.062724288896092, 22.551412445313467 ], [ 114.062767074994809, 22.549736265406544 ], [ 114.062799694237796, 22.547536641323823 ] ] } },
{ "type": "Feature", "properties": { "arc": 665, "wealthier": 0.44560744040979428, "beautiful": 0.36962256352652839, "livelier": 0.57298956309187388, "depressing": 0.64782285539835138, "safer": 0.34662904315162257, "boring": 0.47385303163709708, "human": 0.00081402460734039997, "vehicle": 0.0468982696533203, "construction": 0.052493222554524703, "nature": 0.25334618886311849, "sky": 0.3795901298522949, "object": 0.0066548983256022, "PI": 0.33266167835096505, "NI": 0.37626488212092996, "length": 535.3102254, "source": 420, "target": 428, "direction": "bi-directional", "flow": 80.0, "flow_pct": 0.059105584738938018, "flow_rank": 431 }, "geometry": { "type": "LineString", "coordinates": [ [ 114.062724288896092, 22.551412445313467 ], [ 114.067911537055323, 22.551020935272227 ] ] } },
{ "type": "Feature", "properties": { "arc": 666, "wealthier": 0.28011352240210702, "beautiful": 0.29142616369172092, "livelier": 0.46109183296331557, "depressing": 0.70961339368741794, "safer": 0.27102603553230581, "boring": 0.62711221261161321, "human": 0.0017113862214265, "vehicle": 0.0223664177788628, "construction": 0.1031375461154513, "nature": 0.23602725841380931, "sky": 0.36657502916124129, "object": 0.0075336032443576, "PI": 0.26144049996568991, "NI": 0.4145916858932816, "length": 218.9754336, "source": 399, "target": 400, "direction": "bi-directional", "flow": 10.0, "flow_pct": 0.0073881980923672522, "flow_rank": 720 }, "geometry": { "type": "LineString", "coordinates": [ [ 114.057870543097579, 22.551325770272697 ], [ 114.057910062584014, 22.549348687880116 ] ] } },
{ "type": "Feature", "properties": { "arc": 668, "wealthier": 0.4915308687059175, "beautiful": 0.32459039822438251, "livelier": 0.56957103388064834, "depressing": 0.68849646101994078, "safer": 0.37718894805365238, "boring": 0.57516485339267986, "human": 0.0010207494099934, "vehicle": 0.019987456003824799, "construction": 0.084505971272786404, "nature": 0.077808570861816403, "sky": 0.52021843592325845, "object": 0.0040713310241698997, "PI": 0.29554293192479264, "NI": 0.41511834564887118, "length": 499.3526409, "source": 399, "target": 420, "direction": "bi-directional", "flow": 82.0, "flow_pct": 0.060583224357411473, "flow_rank": 425 }, "geometry": { "type": "LineString", "coordinates": [ [ 114.057870543097579, 22.551325770272697 ], [ 114.060479858595926, 22.551388457984935 ], [ 114.062724288896092, 22.551412445313467 ] ] } },
{ "type": "Feature", "properties": { "arc": 670, "wealthier": 0.46255993893020247, "beautiful": 0.34508650686677111, "livelier": 0.46117098568297288, "depressing": 0.6905745638235169, "safer": 0.35874937408949581, "boring": 0.65815795344260553, "human": 0.0007392742015697, "vehicle": 0.011166113394277999, "construction": 0.051811571474428497, "nature": 0.1226093150951244, "sky": 0.5137305789523654, "object": 0.0035054948594835001, "PI": 0.27768418039613219, "NI": 0.40779982145160143, "length": 216.554086, "source": 392, "target": 399, "direction": "bi-directional", "flow": 72.0, "flow_pct": 0.053195026265044222, "flow_rank": 454 }, "geometry": { "type": "LineString", "coordinates": [ [ 114.055765213674846, 22.551314519616071 ], [ 114.057870543097579, 22.551325770272697 ] ] } },
{ "type": "Feature", "properties": { "arc": 671, "wealthier": 0.43375230496782291, "beautiful": 0.37485320333151467, "livelier": 0.48890844703916542, "depressing": 0.65808739291766072, "safer": 0.34781512306370821, "boring": 0.65785120952947707, "human": 0.0012567543689115, "vehicle": 0.0149592882321204, "construction": 0.042994087125048201, "nature": 0.16061509685751829, "sky": 0.4888835954077449, "object": 0.0043518867021725, "PI": 0.29777699925804418, "NI": 0.40007564375366272, "length": 701.694942, "source": 374, "target": 351, "direction": "bi-directional", "flow": 149.0, "flow_pct": 0.11008415157627208, "flow_rank": 299 }, "geometry": { "type": "LineString", "coordinates": [ [ 114.05106010008906, 22.551233674557238 ], [ 114.044266883249065, 22.550652792305932 ] ] } },
{ "type": "Feature", "properties": { "arc": 672, "wealthier": 0.40506342525447497, "beautiful": 0.36542590565653299, "livelier": 0.49565438815726071, "depressing": 0.62104013752495268, "safer": 0.32758056096137239, "boring": 0.52969156371634563, "human": 0.001806100209554, "vehicle": 0.046724637349446603, "construction": 0.038728912671406997, "nature": 0.30781292915344238, "sky": 0.3524476289749145, "object": 0.0042964220046997001, "PI": 0.33264357194367017, "NI": 0.35479208926268674, "length": 428.302282, "source": 374, "target": 375, "direction": "bi-directional", "flow": 76.0, "flow_pct": 0.056150305501991127, "flow_rank": 439 }, "geometry": { "type": "LineString", "coordinates": [ [ 114.05106010008906, 22.551233674557238 ], [ 114.051144627138726, 22.547366754808301 ] ] } },
{ "type": "Feature", "properties": { "arc": 673, "wealthier": 0.48572262369286567, "beautiful": 0.34167978435378632, "livelier": 0.47690497282386862, "depressing": 0.6492003266318308, "safer": 0.36776256696304188, "boring": 0.60844611977150054, "human": 0.0011701416551020999, "vehicle": 0.0095563520464980005, "construction": 0.0869147986696477, "nature": 0.10482175726639591, "sky": 0.50031377558122603, "object": 0.0070235603734065998, "PI": 0.2866942808780974, "NI": 0.41944422957501998, "length": 484.042713, "source": 374, "target": 392, "direction": "bi-directional", "flow": 77.0, "flow_pct": 0.056889125311227841, "flow_rank": 437 }, "geometry": { "type": "LineString", "coordinates": [ [ 114.05106010008906, 22.551233674557238 ], [ 114.055765213674846, 22.551314519616071 ] ] } },
{ "type": "Feature", "properties": { "arc": 674, "wealthier": 0.68247467994367039, "beautiful": 0.61900029027015946, "livelier": 0.66243647491092483, "depressing": 0.36882649506489312, "safer": 0.6327769539132192, "boring": 0.34286481738615548, "human": 0.00075697898864740001, "vehicle": 0.0319046974182128, "construction": 0.032338592741224498, "nature": 0.30910136964586038, "sky": 0.38422271940443248, "object": 0.0035372840033636999, "PI": 0.50035340958888186, "NI": 0.26732600506724585, "length": 703.79946, "source": 229, "target": 226, "direction": "bi-directional", "flow": 320.0, "flow_pct": 0.23642233895575207, "flow_rank": 116 }, "geometry": { "type": "LineString", "coordinates": [ [ 113.960724360744521, 22.549552203286627 ], [ 113.959758363369005, 22.543260310153926 ] ] } },
{ "type": "Feature", "properties": { "arc": 675, "wealthier": 0.6802681455733619, "beautiful": 0.59761439811451156, "livelier": 0.78931398276279108, "depressing": 0.34514043984387249, "safer": 0.65800400867899211, "boring": 0.29268537146891921, "human": 0.011974025907970601, "vehicle": 0.054995636712937099, "construction": 0.15016257876441591, "nature": 0.3190961746942429, "sky": 0.22209298270089289, "object": 0.0046951112293061002, "PI": 0.66926889080901508, "NI": 0.27163275622370026, "length": 1098.741414, "source": 229, "target": 239, "direction": "bi-directional", "flow": 0.0, "flow_pct": 0.0, "flow_rank": 766 }, "geometry": { "type": "LineString", "coordinates": [ [ 113.960724360744521, 22.549552203286627 ], [ 113.962955284654413, 22.54957202119278 ], [ 113.963114972489578, 22.549544118644167 ], [ 113.963212209158883, 22.549494429669231 ], [ 113.963275135564913, 22.549425600664545 ], [ 113.963319275977312, 22.549332740575899 ], [ 113.963364354534349, 22.549137513286752 ], [ 113.963639524899122, 22.547293550788911 ], [ 113.964063464124692, 22.545198143749172 ], [ 113.964106982482505, 22.544821215046749 ], [ 113.96409398146433, 22.544614039428058 ], [ 113.964055431871486, 22.544434557131158 ], [ 113.963849122127584, 22.543813529696983 ], [ 113.963347667114675, 22.542084181746819 ] ] } },
{ "type": "Feature", "properties": { "arc": 676, "wealthier": 0.40521738359723258, "beautiful": 0.42664555976794227, "livelier": 0.40757514492153479, "depressing": 0.60448326180035905, "safer": 0.3772879972810792, "boring": 0.67577001375635981, "human": 0.0001377692589393, "vehicle": 0.022726058959960899, "construction": 0.095278862195137204, "nature": 0.2069164667374048, "sky": 0.45552366207807488, "object": 0.0060458061022636003, "PI": 0.2891442570584935, "NI": 0.41722078417681319, "length": 319.848819, "source": 266, "target": 269, "direction": "bi-directional", "flow": 61.0, "flow_pct": 0.045068008363440243, "flow_rank": 487 }, "geometry": { "type": "LineString", "coordinates": [ [ 113.979824723567233, 22.550097400267234 ], [ 113.980342040819991, 22.549816352991293 ], [ 113.981015587929704, 22.54942635145812 ], [ 113.981609149933533, 22.549037385099126 ], [ 113.982246676107323, 22.548576948093448 ], [ 113.982385360912446, 22.548466639882331 ] ] } },
{ "type": "Feature", "properties": { "arc": 677, "wealthier": 0.55059217676485128, "beautiful": 0.49901684507668259, "livelier": 0.62768141052912063, "depressing": 0.46192654730913768, "safer": 0.52240316235745166, "boring": 0.44458241497858492, "human": 0.0012553078787667, "vehicle": 0.044831275939941399, "construction": 0.1164538065592447, "nature": 0.24354839324951169, "sky": 0.34551407042003818, "object": 0.0039000738234746999, "PI": 0.41911985180611766, "NI": 0.33036429740802392, "length": 364.2640748, "source": 560, "target": 561, "direction": "bi-directional", "flow": 297.0, "flow_pct": 0.21942948334330742, "flow_rank": 125 }, "geometry": { "type": "LineString", "coordinates": [ [ 114.125855173469162, 22.552791112752601 ], [ 114.125905928374522, 22.550815938259561 ], [ 114.125911913168281, 22.549502258068411 ] ] } },
{ "type": "Feature", "properties": { "arc": 678, "wealthier": 0.65810364649097552, "beautiful": 0.52431863655171973, "livelier": 0.57964577035496045, "depressing": 0.39356313999329229, "safer": 0.52139503412143906, "boring": 0.37931541466786178, "human": 0.00090397728814010003, "vehicle": 0.0092757013108994996, "construction": 0.038292249043782499, "nature": 0.3810189035203721, "sky": 0.33504401312934018, "object": 0.0085588561164008006, "PI": 0.46302084407940014, "NI": 0.28057448421849429, "length": 351.6430669, "source": 150, "target": 151, "direction": "bi-directional", "flow": 0.0, "flow_pct": 0.0, "flow_rank": 766 }, "geometry": { "type": "LineString", "coordinates": [ [ 113.937094308151615, 22.54932887399184 ], [ 113.937130572316676, 22.548391259652668 ], [ 113.937168770852907, 22.546154301937413 ] ] } },
{ "type": "Feature", "properties": { "arc": 679, "wealthier": 0.44241289705212122, "beautiful": 0.39504675490061131, "livelier": 0.4702730481716646, "depressing": 0.53270088411165073, "safer": 0.37635754513861991, "boring": 0.53677492944296434, "human": 0.0004403988520304, "vehicle": 0.0038692951202392001, "construction": 0.044153134028116797, "nature": 0.2313965956370036, "sky": 0.45331569512685138, "object": 0.0091643730799357004, "PI": 0.31174454303756322, "NI": 0.36774797077217597, "length": 415.322144, "source": 136, "target": 134, "direction": "bi-directional", "flow": 0.0, "flow_pct": 0.0, "flow_rank": 766 }, "geometry": { "type": "LineString", "coordinates": [ [ 113.933888419036407, 22.549280810619891 ], [ 113.933740650231044, 22.548627071713138 ], [ 113.93355439109645, 22.54764196750622 ], [ 113.933511078393437, 22.547328235331491 ], [ 113.933505051309297, 22.546363092092875 ], [ 113.933530406332807, 22.545562570540095 ] ] } },
{ "type": "Feature", "properties": { "arc": 680, "wealthier": 0.38311228398191027, "beautiful": 0.36928978389137002, "livelier": 0.34919169174683862, "depressing": 0.59765123489446315, "safer": 0.32707535695643369, "boring": 0.68924892515645109, "human": 0.000128564380464, "vehicle": 0.0037080673944382002, "construction": 0.032949129740397098, "nature": 0.29120831262497671, "sky": 0.47741690136137449, "object": 0.0052222751435778998, "PI": 0.27557701378492994, "NI": 0.38524900268891332, "length": 329.8316914, "source": 136, "target": 150, "direction": "bi-directional", "flow": 0.0, "flow_pct": 0.0, "flow_rank": 766 }, "geometry": { "type": "LineString", "coordinates": [ [ 113.933888419036407, 22.549280810619891 ], [ 113.936107881946086, 22.549333183332436 ], [ 113.937094308151615, 22.54932887399184 ] ] } },
{ "type": "Feature", "properties": { "arc": 681, "wealthier": 0.72909838106265534, "beautiful": 0.5761141185355616, "livelier": 0.7420930759188511, "depressing": 0.3079251294195563, "safer": 0.63342909296238137, "boring": 0.26212080789076142, "human": 0.00072946735456869995, "vehicle": 0.018838396259382599, "construction": 0.035929287181180998, "nature": 0.37533561856138931, "sky": 0.33264590244667203, "object": 0.0075065014409082999, "PI": 0.53235319858288233, "NI": 0.24359591835600555, "length": 389.7850553, "source": 123, "target": 121, "direction": "bi-directional", "flow": 0.0, "flow_pct": 0.0, "flow_rank": 766 }, "geometry": { "type": "LineString", "coordinates": [ [ 113.931268029528127, 22.549262357764153 ], [ 113.931142985733672, 22.548852917822771 ], [ 113.93101564584353, 22.548361909526765 ], [ 113.930918534795993, 22.54793168136618 ], [ 113.930884972412983, 22.547707616979732 ], [ 113.930871164081168, 22.546356360715542 ], [ 113.930876069133745, 22.546050650570724 ], [ 113.930878767484671, 22.545784284791253 ] ] } },
{ "type": "Feature", "properties": { "arc": 682, "wealthier": 0.56220003997587309, "beautiful": 0.53242877392791699, "livelier": 0.51126693457221584, "depressing": 0.4352776217478414, "safer": 0.49267642712206522, "boring": 0.44488406243408168, "human": 0.00030673633922229999, "vehicle": 0.0103355754505504, "construction": 0.022234483198686001, "nature": 0.33543829484419391, "sky": 0.43587216463955958, "object": 0.0045783303000710004, "PI": 0.41059348721969341, "NI": 0.29881634749316605, "length": 269.5526925, "source": 123, "target": 136, "direction": "bi-directional", "flow": 0.0, "flow_pct": 0.0, "flow_rank": 766 }, "geometry": { "type": "LineString", "coordinates": [ [ 113.931268029528127, 22.549262357764153 ], [ 113.933269321875343, 22.549266581674058 ], [ 113.933888419036407, 22.549280810619891 ] ] } },
{ "type": "Feature", "properties": { "arc": 683, "wealthier": 0.51183892755018079, "beautiful": 0.55760717598265375, "livelier": 0.49658396813184208, "depressing": 0.42937135317183589, "safer": 0.50375643263443892, "boring": 0.49932149642646151, "human": 0.0010039409001668001, "vehicle": 0.049570719401041602, "construction": 0.076989531517028795, "nature": 0.36935659249623609, "sky": 0.3036548296610514, "object": 0.0049008528391520003, "PI": 0.42285671799669894, "NI": 0.31932949844294317, "length": 416.5063684, "source": 114, "target": 105, "direction": "bi-directional", "flow": 275.0, "flow_pct": 0.20317544754009945, "flow_rank": 134 }, "geometry": { "type": "LineString", "coordinates": [ [ 113.928691718712201, 22.549267630631913 ], [ 113.928286632546104, 22.548206349212361 ], [ 113.927416388085547, 22.546330148360607 ], [ 113.927279760711784, 22.54596445983027 ], [ 113.927220793050964, 22.54576673124048 ] ] } },
{ "type": "Feature", "properties": { "arc": 685, "wealthier": 0.6639953211727565, "beautiful": 0.55140486453534565, "livelier": 0.71372481993945569, "depressing": 0.32741454603566761, "safer": 0.60147194212083577, "boring": 0.21141193615284001, "human": 0.0028782193622891002, "vehicle": 0.0165114629836309, "construction": 0.092548249259827603, "nature": 0.38020261128743488, "sky": 0.26980769445025732, "object": 0.0069563123914930004, "PI": 0.53374163619529214, "NI": 0.23417305069843539, "length": 692.423787, "source": 92, "target": 90, "direction": "bi-directional", "flow": 37.0, "flow_pct": 0.027336332941758835, "flow_rank": 578 }, "geometry": { "type": "LineString", "coordinates": [ [ 113.923088843632229, 22.549191785289256 ], [ 113.922519160528566, 22.545574374712434 ], [ 113.922455097030294, 22.544796813858696 ], [ 113.922377664977191, 22.542981154684604 ] ] } },
{ "type": "Feature", "properties": { "arc": 686, "wealthier": 0.7825803518176383, "beautiful": 0.59334454839385309, "livelier": 0.75603592614435566, "depressing": 0.2958269622154146, "safer": 0.6342616001348188, "boring": 0.26861158730564227, "human": 0.0024282932281494002, "vehicle": 0.030925671259562099, "construction": 0.045735253228081599, "nature": 0.40648518668280698, "sky": 0.2658609284294976, "object": 0.0056748655107286003, "PI": 0.57700435133262484, "NI": 0.2250190924609354, "length": 576.4421116, "source": 92, "target": 114, "direction": "bi-directional", "flow": 48.0, "flow_pct": 0.035463350843362815, "flow_rank": 538 }, "geometry": { "type": "LineString", "coordinates": [ [ 113.923088843632229, 22.549191785289256 ], [ 113.924217096359442, 22.549200571745445 ], [ 113.925347575589413, 22.549241665949708 ], [ 113.92652755062538, 22.549244604051925 ], [ 113.927225135899732, 22.549265651111739 ], [ 113.928691718712201, 22.549267630631913 ] ] } },
{ "type": "Feature", "properties": { "arc": 687, "wealthier": 0.5264523630247151, "beautiful": 0.42477884237562641, "livelier": 0.64977500396827981, "depressing": 0.50394991361425145, "safer": 0.46216847267313371, "boring": 0.38233343475257597, "human": 0.0010272471110025999, "vehicle": 0.026334940592447901, "construction": 0.1229153442382812, "nature": 0.2093785095214844, "sky": 0.40590850830078118, "object": 0.0046606190999348004, "PI": 0.38357318295551029, "NI": 0.3368604668498158, "length": 673.4736991, "source": 74, "target": 77, "direction": "bi-directional", "flow": 201.0, "flow_pct": 0.14850278165658176, "flow_rank": 207 }, "geometry": { "type": "LineString", "coordinates": [ [ 113.918452492848331, 22.549197821888889 ], [ 113.918640344108951, 22.547271095457941 ], [ 113.919079861331582, 22.543144150240192 ] ] } },
{ "type": "Feature", "properties": { "arc": 688, "wealthier": 0.72381818435241529, "beautiful": 0.6232309299152905, "livelier": 0.66595006639756915, "depressing": 0.2764511255042959, "safer": 0.63805094911575977, "boring": 0.32700193191392629, "human": 0.0023545310610815998, "vehicle": 0.016529900687081399, "construction": 0.037950379507882201, "nature": 0.46037419637044269, "sky": 0.211776506333124, "object": 0.0035373142787388, "PI": 0.56799954578018552, "NI": 0.19076472045741036, "length": 476.8947045, "source": 74, "target": 92, "direction": "bi-directional", "flow": 48.0, "flow_pct": 0.035463350843362815, "flow_rank": 538 }, "geometry": { "type": "LineString", "coordinates": [ [ 113.918452492848331, 22.549197821888889 ], [ 113.923088843632229, 22.549191785289256 ] ] } },
{ "type": "Feature", "properties": { "arc": 689, "wealthier": 0.33767981653531859, "beautiful": 0.27389671980814673, "livelier": 0.20588902882425239, "depressing": 0.7443910741698041, "safer": 0.24611185587136139, "boring": 0.84746934846535615, "human": 0.0002477736700148, "vehicle": 0.0067777179536364996, "construction": 0.1330691746303013, "nature": 0.074240306067088299, "sky": 0.53844845484173476, "object": 0.0066112942165798003, "PI": 0.15521944963599341, "NI": 0.49965351331152164, "length": 640.71671, "source": 31, "target": 24, "direction": "bi-directional", "flow": 0.0, "flow_pct": 0.0, "flow_rank": 766 }, "geometry": { "type": "LineString", "coordinates": [ [ 113.899964267757213, 22.548872273075446 ], [ 113.898950320006705, 22.54838979532796 ], [ 113.896797323786785, 22.546950728074709 ], [ 113.896355601212036, 22.546613717401922 ], [ 113.896067521271988, 22.546347655763118 ], [ 113.895625798697239, 22.545957431098383 ], [ 113.895020830823057, 22.545403132802839 ] ] } },
{ "type": "Feature", "properties": { "arc": 690, "wealthier": 0.44297013996437851, "beautiful": 0.39501358330882941, "livelier": 0.23643940398458979, "depressing": 0.60294262475702276, "safer": 0.34156726624998007, "boring": 0.82441473850325309, "human": 5.6878114357972737e-05, "vehicle": 0.0060537778414211998, "construction": 0.060508165604028899, "nature": 0.12369368626521179, "sky": 0.54818559304261805, "object": 0.0042785008748372003, "PI": 0.22849295855587792, "NI": 0.4343674560789208, "length": 679.4794276, "source": 31, "target": 37, "direction": "bi-directional", "flow": 49.0, "flow_pct": 0.036202170652599536, "flow_rank": 532 }, "geometry": { "type": "LineString", "coordinates": [ [ 113.899964267757213, 22.548872273075446 ], [ 113.901813505601353, 22.546808217029767 ], [ 113.902179578655762, 22.546416574264001 ], [ 113.902638710093726, 22.545973860938552 ], [ 113.903122733421085, 22.54556807940261 ], [ 113.903703557415, 22.545145235538797 ], [ 113.904623577592119, 22.544577227586029 ] ] } },
{ "type": "Feature", "properties": { "arc": 693, "wealthier": 0.30390799423407622, "beautiful": 0.2153158381396594, "livelier": 0.5476071161566749, "depressing": 0.73227317342952802, "safer": 0.2749072967363696, "boring": 0.55751896561907965, "human": 0.0020744687034970001, "vehicle": 0.034222693670363603, "construction": 0.19483707064674011, "nature": 0.062756720043363995, "sky": 0.4483849661690848, "object": 0.0064032872517903001, "PI": 0.23013604767445114, "NI": 0.46051682082420381, "length": 412.6646743, "source": 161, "target": 162, "direction": "bi-directional", "flow": 521.0, "flow_pct": 0.38492512061233386, "flow_rank": 65 }, "geometry": { "type": "LineString", "coordinates": [ [ 113.94054833451014, 22.549893763295689 ], [ 113.940616021857153, 22.546167789364052 ] ] } },
{ "type": "Feature", "properties": { "arc": 696, "wealthier": 0.82892656432469558, "beautiful": 0.67994140445761642, "livelier": 0.8433187950055131, "depressing": 0.2284923443290697, "safer": 0.74513468285367701, "boring": 0.1207158361888708, "human": 0.0041495337002519003, "vehicle": 0.023746490478515601, "construction": 0.094589095184768393, "nature": 0.47695439103720849, "sky": 0.15565637229145429, "object": 0.0073387588279833996, "PI": 0.67670343930517829, "NI": 0.17709025902030551, "length": 495.4097414, "source": 161, "target": 180, "direction": "bi-directional", "flow": 114.0, "flow_pct": 0.084225458252986676, "flow_rank": 363 }, "geometry": { "type": "LineString", "coordinates": [ [ 113.94054833451014, 22.549893763295689 ], [ 113.941066607533187, 22.549927746230811 ], [ 113.941709690522998, 22.549927375107238 ], [ 113.942010879930606, 22.549894337569189 ], [ 113.94229450633317, 22.549819935121956 ], [ 113.942570389041236, 22.54969918612117 ], [ 113.942798038101671, 22.549564810204178 ], [ 113.943036302258562, 22.549382478668903 ], [ 113.943518254846794, 22.548974904218074 ], [ 113.943817970010514, 22.548769806138544 ], [ 113.944078893360782, 22.548651415058323 ], [ 113.94455445420995, 22.548502156198513 ], [ 113.94488235208226, 22.548373654750531 ] ] } },
{ "type": "Feature", "properties": { "arc": 698, "wealthier": 0.63236648521820371, "beautiful": 0.53975045435601143, "livelier": 0.85138955282908957, "depressing": 0.3837818005338115, "safer": 0.61920720295248088, "boring": 0.20016600963947079, "human": 0.0060285235208178004, "vehicle": 0.033482627263144799, "construction": 0.13231437925308459, "nature": 0.38725426083519349, "sky": 0.1552928742908295, "object": 0.0065496232774522002, "PI": 0.59749238653571357, "NI": 0.23371666150039574, "length": 497.1479705, "source": 502, "target": 487, "direction": "bi-directional", "flow": 53.0, "flow_pct": 0.03915744988954644, "flow_rank": 517 }, "geometry": { "type": "LineString", "coordinates": [ [ 114.104141304226673, 22.553051843499972 ], [ 114.103848072059506, 22.55300975045931 ], [ 114.103640537858951, 22.55295885865597 ], [ 114.100679014812229, 22.552075778917533 ], [ 114.100423545311116, 22.552027902727794 ], [ 114.099888730875463, 22.55199206517646 ], [ 114.099479871782947, 22.551927087114887 ] ] } },
{ "type": "Feature", "properties": { "arc": 699, "wealthier": 0.52985022148055616, "beautiful": 0.46226303435294042, "livelier": 0.77440167350699085, "depressing": 0.48069001141310108, "safer": 0.50429698123795841, "boring": 0.24848805564961871, "human": 0.0045787811279295997, "vehicle": 0.031686560312906897, "construction": 0.24880094528198241, "nature": 0.28192952473958333, "sky": 0.19558617273966469, "object": 0.0079795519510904005, "PI": 0.48571245624186449, "NI": 0.31601175722333075, "length": 454.8725448, "source": 502, "target": 503, "direction": "bi-directional", "flow": 196.0, "flow_pct": 0.14480868261039814, "flow_rank": 218 }, "geometry": { "type": "LineString", "coordinates": [ [ 114.104141304226673, 22.553051843499972 ], [ 114.104351478125082, 22.552753497922822 ], [ 114.104642060312585, 22.552275411016311 ], [ 114.105077083961689, 22.551690276925644 ], [ 114.105176703420881, 22.551499749236086 ], [ 114.105233827900136, 22.551314925480536 ], [ 114.105256526929892, 22.551106818976383 ], [ 114.105236749042348, 22.550820853165114 ], [ 114.105029754109395, 22.549709585467298 ], [ 114.104916832217455, 22.549258203574276 ] ] } },
{ "type": "Feature", "properties": { "arc": 702, "wealthier": 0.45137921767769229, "beautiful": 0.36062793038021917, "livelier": 0.57149752174732504, "depressing": 0.6231870208544017, "safer": 0.3750290831348031, "boring": 0.52534585225926278, "human": 0.0022969496877569, "vehicle": 0.027021006533974001, "construction": 0.24346619321588889, "nature": 0.10176889519942429, "sky": 0.36592905144942428, "object": 0.0053096570466693999, "PI": 0.31738212125114251, "NI": 0.41611353994657291, "length": 539.6688675, "source": 197, "target": 199, "direction": "bi-directional", "flow": 0.0, "flow_pct": 0.0, "flow_rank": 766 }, "geometry": { "type": "LineString", "coordinates": [ [ 113.948916835621446, 22.550619511802669 ], [ 113.948964556320504, 22.548647271396774 ], [ 113.948968953630825, 22.54751965326528 ], [ 113.949021310679427, 22.545747288424032 ] ] } },
{ "type": "Feature", "properties": { "arc": 703, "wealthier": 0.534035557062564, "beautiful": 0.40870647752586731, "livelier": 0.8406953666753525, "depressing": 0.48881645545738289, "safer": 0.50009736680631245, "boring": 0.22659149139056581, "human": 0.0089241209484281995, "vehicle": 0.026830727713448601, "construction": 0.25343026660737539, "nature": 0.16675255185081839, "sky": 0.30728058587937118, "object": 0.0059606279645647003, "PI": 0.51471980786992733, "NI": 0.33007060625805634, "length": 998.8315323, "source": 502, "target": 510, "direction": "bi-directional", "flow": 0.0, "flow_pct": 0.0, "flow_rank": 766 }, "geometry": { "type": "LineString", "coordinates": [ [ 114.104141304226673, 22.553051843499972 ], [ 114.104585613922595, 22.553274893217782 ], [ 114.104997328857152, 22.553434461719107 ], [ 114.105326435587273, 22.553516076577115 ], [ 114.10556598386097, 22.553522765792977 ], [ 114.105743236281711, 22.553487872521924 ], [ 114.105910529437466, 22.553422044059289 ], [ 114.106435483561057, 22.553138927469874 ], [ 114.107143060324333, 22.552831970109413 ], [ 114.107228884607977, 22.552778082361375 ], [ 114.107303932343584, 22.552693837418609 ], [ 114.107343389329486, 22.552601095719947 ], [ 114.107371170630458, 22.552418418171346 ], [ 114.107388121383067, 22.551458542204678 ], [ 114.107429544559636, 22.551002758484941 ], [ 114.107682303830003, 22.549058009269114 ], [ 114.107976110951611, 22.54697076365623 ] ] } },
{ "type": "Feature", "properties": { "arc": 704, "wealthier": 0.69888785114562868, "beautiful": 0.54173166440651066, "livelier": 0.87866872618002834, "depressing": 0.37150434872709609, "safer": 0.65942715835886634, "boring": 0.18559913497786909, "human": 0.0076431345056604, "vehicle": 0.036459534256546501, "construction": 0.15737431137650101, "nature": 0.33238036544234661, "sky": 0.20324835953889059, "object": 0.0080037823429813994, "PI": 0.62835985787476145, "NI": 0.26128922134932209, "length": 902.0716061000001, "source": 526, "target": 512, "direction": "bi-directional", "flow": 22.0, "flow_pct": 0.016254035803207958, "flow_rank": 648 }, "geometry": { "type": "LineString", "coordinates": [ [ 114.115262050980263, 22.553741631765561 ], [ 114.114890324710672, 22.55346281096238 ], [ 114.11462339758296, 22.553211625478287 ], [ 114.114410100182113, 22.552924599783381 ], [ 114.114078481031243, 22.552394766208497 ], [ 114.113954703478143, 22.552142410833291 ], [ 114.113874977756979, 22.551901753580086 ], [ 114.113592508758359, 22.550537683977957 ], [ 114.113519526573072, 22.550304272671102 ], [ 114.113408509464477, 22.55012680276603 ], [ 114.113095893860702, 22.54978224704935 ], [ 114.112974073871882, 22.549623124048363 ], [ 114.112570153367912, 22.548876759696569 ], [ 114.1124099730702, 22.548642690696987 ], [ 114.112221019318923, 22.548452102310296 ], [ 114.111921202414891, 22.548220299397919 ], [ 114.111629845794425, 22.548016996513617 ], [ 114.111411562096265, 22.54790377422928 ], [ 114.111226854404578, 22.547837580767375 ], [ 114.11099959268347, 22.547787176962039 ], [ 114.110282608243793, 22.547718218818769 ] ] } },
{ "type": "Feature", "properties": { "arc": 705, "wealthier": 0.40703089239553852, "beautiful": 0.32218430459846897, "livelier": 0.73923666340334615, "depressing": 0.58832190083867542, "safer": 0.41255581993791479, "boring": 0.34800587654962722, "human": 0.0071968805222284004, "vehicle": 0.033513296218145402, "construction": 0.28743584950764978, "nature": 0.073942729404994398, "sky": 0.35532397315615699, "object": 0.0069554192679267997, "PI": 0.3965689634345208, "NI": 0.40469582805919652, "length": 350.9821294, "source": 526, "target": 533, "direction": "bi-directional", "flow": 47.0, "flow_pct": 0.034724531034126087, "flow_rank": 545 }, "geometry": { "type": "LineString", "coordinates": [ [ 114.115262050980263, 22.553741631765561 ], [ 114.115570076833137, 22.55328727066972 ], [ 114.116061036010677, 22.552680822255716 ], [ 114.117239371182009, 22.551159915081733 ] ] } },
{ "type": "Feature", "properties": { "arc": 706, "wealthier": 0.32046661291079948, "beautiful": 0.1931284298933085, "livelier": 0.42940463492304232, "depressing": 0.76212857720000626, "safer": 0.2641591444621722, "boring": 0.63821931362373618, "human": 0.00031089782714839999, "vehicle": 0.012999428643120601, "construction": 0.14222534497578929, "nature": 0.038027657402886203, "sky": 0.54075500700208889, "object": 0.0033131440480550002, "PI": 0.1755466011630267, "NI": 0.45418017995406917, "length": 569.0823093, "source": 216, "target": 219, "direction": "bi-directional", "flow": 443.0, "flow_pct": 0.32729717549186932, "flow_rank": 84 }, "geometry": { "type": "LineString", "coordinates": [ [ 113.953809018655292, 22.551150460085378 ], [ 113.954490609462894, 22.549858658421428 ], [ 113.954688757199236, 22.549437875754037 ], [ 113.954808594817933, 22.549069472160063 ], [ 113.954890895086749, 22.548623872673879 ], [ 113.954906396941155, 22.548109649690748 ], [ 113.954890998917662, 22.547897789877435 ], [ 113.95484865802328, 22.547621624923185 ], [ 113.954681982581818, 22.546939067095224 ], [ 113.954491083391517, 22.546263385815337 ] ] } },
{ "type": "Feature", "properties": { "arc": 712, "wealthier": 0.51613904710900427, "beautiful": 0.4885001236981662, "livelier": 0.7566018010821024, "depressing": 0.46718089959246861, "safer": 0.51750248456779124, "boring": 0.31930226017207869, "human": 0.0064929326375324998, "vehicle": 0.055965701738993297, "construction": 0.1967529455820719, "nature": 0.34743992487589509, "sky": 0.15432536602020261, "object": 0.0039089520772298001, "PI": 0.52760530766452096, "NI": 0.29081191651766169, "length": 461.5321485, "source": 571, "target": 566, "direction": "bi-directional", "flow": 178.0, "flow_pct": 0.13150992604413708, "flow_rank": 246 }, "geometry": { "type": "LineString", "coordinates": [ [ 114.130304652308894, 22.55464135142671 ], [ 114.130333810921002, 22.554206961557977 ], [ 114.130366492936375, 22.553192771499123 ], [ 114.130351593548994, 22.552835795414914 ], [ 114.130305338092128, 22.552594877057288 ], [ 114.130249030176586, 22.552433912752587 ], [ 114.130174271600424, 22.55228227097647 ], [ 114.129747028605067, 22.551646986285036 ], [ 114.129481248460749, 22.551147071013851 ], [ 114.129235097254707, 22.550732628736199 ] ] } },
{ "type": "Feature", "properties": { "arc": 713, "wealthier": 0.7775257039140856, "beautiful": 0.82007145626502054, "livelier": 0.69294928618911833, "depressing": 0.18936536240573459, "safer": 0.78391973829607819, "boring": 0.24010920710045761, "human": 0.00063751538594559998, "vehicle": 0.0083029905954996007, "construction": 0.052744325002034499, "nature": 0.64357118606567387, "sky": 0.083949247996012305, "object": 0.0038634141286213999, "PI": 0.66858469539909671, "NI": 0.12517650920574558, "length": 1016.130757, "source": 254, "target": 265, "direction": "bi-directional", "flow": 70.0, "flow_pct": 0.051717386646570766, "flow_rank": 459 }, "geometry": { "type": "LineString", "coordinates": [ [ 113.972387976547694, 22.551910474657632 ], [ 113.97223732378761, 22.550271422497239 ], [ 113.972222933945872, 22.549926943160035 ], [ 113.972253670073002, 22.549717239612452 ], [ 113.97231314001283, 22.54955569656067 ], [ 113.972407070205605, 22.549408389412182 ], [ 113.972555217026027, 22.549259735245144 ], [ 113.972814542116666, 22.54909537521597 ], [ 113.97404779035756, 22.54846693228939 ], [ 113.974264826994997, 22.548367569305817 ], [ 113.974419940836739, 22.548319180214428 ], [ 113.97463416588981, 22.548308982387059 ], [ 113.975280547221388, 22.548424061243807 ], [ 113.975610571074071, 22.54844528375834 ], [ 113.976715398720671, 22.548365427812197 ], [ 113.976946018125815, 22.548324239534274 ], [ 113.977156832757572, 22.548254824267584 ], [ 113.977311362410234, 22.548183127851221 ], [ 113.977451036270963, 22.548096433472711 ], [ 113.977598581435188, 22.547980792703139 ], [ 113.977744751264993, 22.547841207583712 ], [ 113.978214785616075, 22.547300098102912 ], [ 113.978324013773943, 22.547143660096499 ], [ 113.978482247717977, 22.546870924182638 ] ] } },
{ "type": "Feature", "properties": { "arc": 714, "wealthier": 0.24087314315669309, "beautiful": 0.28502665189312082, "livelier": 0.22135996549945411, "depressing": 0.75753281696169605, "safer": 0.21015775184893229, "boring": 0.73033507021899036, "human": 0.00055259313338840003, "vehicle": 0.034083586472731298, "construction": 0.048138789641551397, "nature": 0.11794946132562099, "sky": 0.52870823786808896, "object": 0.0069099328456780004, "PI": 0.15203134771398827, "NI": 0.47312524381080695, "length": 328.5335462, "source": 445, "target": 438, "direction": "bi-directional", "flow": 145.0, "flow_pct": 0.10712887233932517, "flow_rank": 306 }, "geometry": { "type": "LineString", "coordinates": [ [ 114.077957219714051, 22.553916500495632 ], [ 114.076056532310233, 22.551532178300604 ] ] } },
{ "type": "Feature", "properties": { "arc": 716, "wealthier": 0.53614645720120235, "beautiful": 0.43163305430366211, "livelier": 0.46468979459775961, "depressing": 0.56844447794004838, "safer": 0.45621072200441948, "boring": 0.58348539327798821, "human": 0.00091279347737630002, "vehicle": 0.035860252380371001, "construction": 0.080575434366861903, "nature": 0.1417409896850586, "sky": 0.47807731628417971, "object": 0.0055985132853189996, "PI": 0.3310896055662868, "NI": 0.40281884221094238, "length": 266.1922627, "source": 468, "target": 469, "direction": "bi-directional", "flow": 27.0, "flow_pct": 0.019948134849391581, "flow_rank": 624 }, "geometry": { "type": "LineString", "coordinates": [ [ 114.091070515857325, 22.554170439306482 ], [ 114.091116329355643, 22.551767009504694 ] ] } },
{ "type": "Feature", "properties": { "arc": 717, "wealthier": 0.66698190944801483, "beautiful": 0.56210583779998335, "livelier": 0.7272381291860085, "depressing": 0.35953372487817609, "safer": 0.60362851518957772, "boring": 0.28956132712234139, "human": 0.0037822723388670999, "vehicle": 0.023203936490145499, "construction": 0.0727041417902166, "nature": 0.41673960830226092, "sky": 0.22072242968010181, "object": 0.0063659205581202, "PI": 0.55982833905303153, "NI": 0.23510815134781873, "length": 366.9146192, "source": 445, "target": 449, "direction": "bi-directional", "flow": 0.0, "flow_pct": 0.0, "flow_rank": 766 }, "geometry": { "type": "LineString", "coordinates": [ [ 114.077957219714051, 22.553916500495632 ], [ 114.080916209615879, 22.553950756560454 ], [ 114.081146563443454, 22.553964351348778 ], [ 114.081519787076147, 22.554015193696674 ] ] } },
{ "type": "Feature", "properties": { "arc": 718, "wealthier": 0.46803386969712862, "beautiful": 0.48604899184009398, "livelier": 0.50095369238299681, "depressing": 0.51887833622458623, "safer": 0.46715969946732039, "boring": 0.52064481685641117, "human": 0.002498857902758, "vehicle": 0.023834517507842001, "construction": 0.1129035949707031, "nature": 0.249969482421875, "sky": 0.3797260631214488, "object": 0.0064241813890861003, "PI": 0.38543758663376798, "NI": 0.36232970027080652, "length": 265.4778466, "source": 449, "target": 450, "direction": "bi-directional", "flow": 10.0, "flow_pct": 0.0073881980923672522, "flow_rank": 720 }, "geometry": { "type": "LineString", "coordinates": [ [ 114.081519787076147, 22.554015193696674 ], [ 114.081511793540443, 22.553624986984719 ], [ 114.081527140264399, 22.552654424279975 ], [ 114.081565790272009, 22.551618635835599 ] ] } },
{ "type": "Feature", "properties": { "arc": 720, "wealthier": 0.86042956883573463, "beautiful": 0.78559364667973131, "livelier": 0.84249601925064255, "depressing": 0.15888886169018859, "safer": 0.86022513394348354, "boring": 0.15300369955440471, "human": 0.0017401604425339001, "vehicle": 0.015809808458600701, "construction": 0.077486583164759995, "nature": 0.49689354215349479, "sky": 0.11600853147960841, "object": 0.0074455397469655998, "PI": 0.69609301697008252, "NI": 0.14848517961087473, "length": 788.6719434, "source": 340, "target": 332, "direction": "bi-directional", "flow": 0.0, "flow_pct": 0.0, "flow_rank": 766 }, "geometry": { "type": "LineString", "coordinates": [ [ 114.039908616035063, 22.553369356937349 ], [ 114.039171267087042, 22.553221828994129 ], [ 114.038661761453952, 22.553086736034789 ], [ 114.038423331161681, 22.553002771117761 ], [ 114.036246726761334, 22.551901520091381 ], [ 114.036080186361261, 22.551799350317957 ], [ 114.035983241715101, 22.551699119855567 ], [ 114.035947527878207, 22.551621933983498 ], [ 114.035933305210051, 22.551541566833521 ], [ 114.035954878369395, 22.551318175730355 ], [ 114.036564772088695, 22.548698384401217 ] ] } },
{ "type": "Feature", "properties": { "arc": 721, "wealthier": 0.58167717469169444, "beautiful": 0.57236256005044805, "livelier": 0.79318827927990943, "depressing": 0.39617143023675411, "safer": 0.57427738751741197, "boring": 0.1458300138079123, "human": 0.0026217815922755, "vehicle": 0.036913067686791499, "construction": 0.1052112953335631, "nature": 0.29897962831983382, "sky": 0.28192501442105161, "object": 0.0062236785888670999, "PI": 0.5105081132467435, "NI": 0.25307916444193362, "length": 426.3054814, "source": 340, "target": 339, "direction": "bi-directional", "flow": 15.0, "flow_pct": 0.011082297138550879, "flow_rank": 686 }, "geometry": { "type": "LineString", "coordinates": [ [ 114.039908616035063, 22.553369356937349 ], [ 114.039868045564518, 22.552974048564838 ], [ 114.039858430151554, 22.552673952728416 ], [ 114.039858660305114, 22.549521597932749 ] ] } },
{ "type": "Feature", "properties": { "arc": 722, "wealthier": 0.1708600452345857, "beautiful": 0.26133333932759889, "livelier": 0.2797577067996927, "depressing": 0.76404791307098519, "safer": 0.18302232475359839, "boring": 0.75445798923868135, "human": 0.00081144594678690001, "vehicle": 0.019394818474264702, "construction": 0.1153263765222886, "nature": 0.1109048805984796, "sky": 0.46231034222771128, "object": 0.0048826629040287003, "PI": 0.14361934966316078, "NI": 0.45887902282809373, "length": 475.1904437, "source": 293, "target": 292, "direction": "bi-directional", "flow": 22.0, "flow_pct": 0.016254035803207958, "flow_rank": 648 }, "geometry": { "type": "LineString", "coordinates": [ [ 114.009345765599491, 22.552861672064179 ], [ 114.008876279254224, 22.552246312644638 ], [ 114.006729851533521, 22.549324846356797 ] ] } },
{ "type": "Feature", "properties": { "arc": 723, "wealthier": 0.57897018628412156, "beautiful": 0.55504252827959299, "livelier": 0.63176106359874085, "depressing": 0.41273568880068029, "safer": 0.56830519920186462, "boring": 0.38742605549226911, "human": 0.0016640460852420001, "vehicle": 0.021074208346280099, "construction": 0.062173785585345601, "nature": 0.38086703329375288, "sky": 0.32006682771624939, "object": 0.0047692385586824999, "PI": 0.48274920412487538, "NI": 0.27466712901804796, "length": 553.3153154, "source": 293, "target": 300, "direction": "bi-directional", "flow": 0.0, "flow_pct": 0.0, "flow_rank": 766 }, "geometry": { "type": "LineString", "coordinates": [ [ 114.009345765599491, 22.552861672064179 ], [ 114.010367058554479, 22.552550469375301 ], [ 114.011415108317465, 22.552203868827249 ], [ 114.011862678726644, 22.552014909295234 ], [ 114.012173000810961, 22.551844909629757 ], [ 114.012353868928031, 22.551727079272318 ], [ 114.012593321512085, 22.551544552701298 ], [ 114.012953052101466, 22.551201048794169 ], [ 114.013251093242374, 22.550851405421334 ], [ 114.01370034931945, 22.550221542908343 ] ] } },
{ "type": "Feature", "properties": { "arc": 726, "wealthier": 0.57561261440091371, "beautiful": 0.57412509518684762, "livelier": 0.72213255513159313, "depressing": 0.40045288338858909, "safer": 0.60056736430093227, "boring": 0.28138783147665619, "human": 0.00094639171253549999, "vehicle": 0.015698866410688898, "construction": 0.047013860760312998, "nature": 0.41930421193440748, "sky": 0.25261361671216559, "object": 0.0061028798421223001, "PI": 0.50943215000403497, "NI": 0.23447627289749992, "length": 599.5797374, "source": 322, "target": 326, "direction": "bi-directional", "flow": 39.0, "flow_pct": 0.028813972560232284, "flow_rank": 573 }, "geometry": { "type": "LineString", "coordinates": [ [ 114.033490067224093, 22.55351279224513 ], [ 114.03448991345023, 22.548178624902398 ] ] } },
{ "type": "Feature", "properties": { "arc": 728, "wealthier": 0.47955776267964229, "beautiful": 0.39114890328802793, "livelier": 0.60597991972498544, "depressing": 0.56563197242969054, "safer": 0.40816584229072111, "boring": 0.42112758006501799, "human": 0.0025298254830496002, "vehicle": 0.021793865022205101, "construction": 0.15248834519159221, "nature": 0.18230933234805149, "sky": 0.39449664524623329, "object": 0.0062645503452844996, "PI": 0.36350991590043774, "NI": 0.36774670232835732, "length": 586.7571981, "source": 600, "target": 599, "direction": "bi-directional", "flow": 43.0, "flow_pct": 0.031769251797179189, "flow_rank": 555 }, "geometry": { "type": "LineString", "coordinates": [ [ 114.143960847486227, 22.555538516558382 ], [ 114.143139156555378, 22.550295154843592 ] ] } },
{ "type": "Feature", "properties": { "arc": 731, "wealthier": 0.46395582105243022, "beautiful": 0.37119937896960598, "livelier": 0.48706141295548788, "depressing": 0.57580240551862338, "safer": 0.3817250201101961, "boring": 0.54403387881315202, "human": 0.001104264032273, "vehicle": 0.020572389875139499, "construction": 0.11398256392705999, "nature": 0.20506522769019719, "sky": 0.40342521667480469, "object": 0.0050167810349236999, "PI": 0.31704790656838228, "NI": 0.3727044487847686, "length": 352.0910403, "source": 268, "target": 266, "direction": "bi-directional", "flow": 20.0, "flow_pct": 0.014776396184734504, "flow_rank": 663 }, "geometry": { "type": "LineString", "coordinates": [ [ 113.981945160694394, 22.552592419344897 ], [ 113.98154528345745, 22.552165375153525 ], [ 113.979824723567233, 22.550097400267234 ] ] } },
{ "type": "Feature", "properties": { "arc": 732, "wealthier": 0.42394162546597491, "beautiful": 0.40654653698863408, "livelier": 0.29854308973328969, "depressing": 0.58830022138513893, "safer": 0.3658443543374722, "boring": 0.72070500464412268, "human": 5.6803911581806735e-05, "vehicle": 0.0248918971796145, "construction": 0.038428558700386098, "nature": 0.17157863748484639, "sky": 0.50370366545929313, "object": 0.0044408995529700004, "PI": 0.25559014698640509, "NI": 0.40887657128530014, "length": 1737.031873, "source": 268, "target": 282, "direction": "bi-directional", "flow": 7.0, "flow_pct": 0.0051717386646570771, "flow_rank": 739 }, "geometry": { "type": "LineString", "coordinates": [ [ 113.981945160694394, 22.552592419344897 ], [ 113.985333230849236, 22.550342765426876 ], [ 113.985805125642557, 22.550049401483257 ], [ 113.9862469976825, 22.549839743673232 ], [ 113.991833684691315, 22.54733026287742 ], [ 113.992151285154961, 22.547198454420133 ], [ 113.992413237894496, 22.547116429740253 ], [ 113.995986016782055, 22.54621075012744 ], [ 113.997062985188492, 22.545908100253623 ] ] } },
{ "type": "Feature", "properties": { "arc": 738, "wealthier": 0.27364736846765519, "beautiful": 0.2510060103139915, "livelier": 0.42759131098632619, "depressing": 0.69088875327874433, "safer": 0.25763314963951461, "boring": 0.6283800378264901, "human": 0.00043998226042709997, "vehicle": 0.025909341791624602, "construction": 0.13842958019625759, "nature": 0.085095846524802496, "sky": 0.49800700526083669, "object": 0.0045811642882643997, "PI": 0.19010179151964879, "NI": 0.44368353447975634, "length": 802.7742787, "source": 596, "target": 590, "direction": "bi-directional", "flow": 758.0, "flow_pct": 0.5600254154014378, "flow_rank": 18 }, "geometry": { "type": "LineString", "coordinates": [ [ 114.139601194614983, 22.555935862427766 ], [ 114.139461703591081, 22.555332821909797 ], [ 114.139203921941203, 22.554462422589062 ], [ 114.139079149938055, 22.554135327938464 ], [ 114.138912014692636, 22.553756852743618 ], [ 114.13862553573, 22.553186397067169 ], [ 114.138443324231233, 22.552880040606706 ], [ 114.138112415172316, 22.552386188509203 ], [ 114.137097812091696, 22.550964745399629 ], [ 114.136131295155508, 22.549512793671354 ] ] } },
{ "type": "Feature", "properties": { "arc": 739, "wealthier": 0.24447735438942669, "beautiful": 0.24732179979110949, "livelier": 0.3225766774592661, "depressing": 0.79399174879497847, "safer": 0.1879969765522802, "boring": 0.7288268267580611, "human": 0.0003569753546463, "vehicle": 0.023135302359597699, "construction": 0.047044084783185898, "nature": 0.10707848532158019, "sky": 0.53896713256835938, "object": 0.0022823936060855001, "PI": 0.15633568902188608, "NI": 0.44575675398821152, "length": 450.6378446, "source": 596, "target": 600, "direction": "bi-directional", "flow": 1343.0, "flow_pct": 0.99223500380492202, "flow_rank": 1 }, "geometry": { "type": "LineString", "coordinates": [ [ 114.139601194614983, 22.555935862427766 ], [ 114.140196933649662, 22.555861669347038 ], [ 114.141924214615486, 22.55569265303593 ], [ 114.143960847486227, 22.555538516558382 ] ] } },
{ "type": "Feature", "properties": { "arc": 740, "wealthier": 0.72019065878385813, "beautiful": 0.65081801078538293, "livelier": 0.79244824795747104, "depressing": 0.28966982287583121, "safer": 0.67772605441916722, "boring": 0.19128458879718871, "human": 0.0040737498890268996, "vehicle": 0.023620412807271899, "construction": 0.093003494570953596, "nature": 0.45767258152817247, "sky": 0.1424422986579664, "object": 0.0050815042823252003, "PI": 0.62502077088557695, "NI": 0.18262043541447257, "length": 1188.511755, "source": 449, "target": 468, "direction": "bi-directional", "flow": 0.0, "flow_pct": 0.0, "flow_rank": 766 }, "geometry": { "type": "LineString", "coordinates": [ [ 114.081519787076147, 22.554015193696674 ], [ 114.081905861070439, 22.553983458685455 ], [ 114.082485530066393, 22.553979710715204 ], [ 114.082768608974206, 22.554001726580591 ], [ 114.082994911399695, 22.554056819372384 ], [ 114.083164863831584, 22.554133547874518 ], [ 114.083338917927463, 22.554255440522706 ], [ 114.083900648622787, 22.554806117816607 ], [ 114.084065322493188, 22.554946493792563 ], [ 114.084195269464928, 22.555006976834882 ], [ 114.084307255544005, 22.555008570428377 ], [ 114.08443662500963, 22.554955944281094 ], [ 114.084628056473491, 22.554807570948057 ], [ 114.08634388944904, 22.553224390012577 ], [ 114.086481909679421, 22.553129851205981 ], [ 114.086618000607132, 22.553095542299499 ], [ 114.086750435940473, 22.55313026990056 ], [ 114.086893730084157, 22.553232355142001 ], [ 114.088080547069396, 22.554396370948815 ], [ 114.088203934386712, 22.554493318563782 ], [ 114.088331369305791, 22.554550842599237 ], [ 114.088425182470957, 22.55455609773945 ], [ 114.08853071650671, 22.554523775614879 ], [ 114.08864795649518, 22.554449636776294 ], [ 114.088970804659411, 22.554196483152946 ], [ 114.089102927262459, 22.554135905048078 ], [ 114.089252732869539, 22.554099138008535 ], [ 114.089587380587815, 22.554080245992306 ], [ 114.090518776892111, 22.554099799881882 ], [ 114.09073457978154, 22.554116152354098 ], [ 114.091070515857325, 22.554170439306482 ] ] } },
{ "type": "Feature", "properties": { "arc": 741, "wealthier": 0.37491962084298769, "beautiful": 0.35334109857836588, "livelier": 0.41495392794834601, "depressing": 0.64101027002679833, "safer": 0.32751520683621338, "boring": 0.63512795525093058, "human": 0.00027359856499560001, "vehicle": 0.044924253298912503, "construction": 0.051924552446530103, "nature": 0.15691896132480951, "sky": 0.49235047234429252, "object": 0.0036593543158636999, "PI": 0.25227076024266126, "NI": 0.41458459834777983, "length": 685.2106527, "source": 600, "target": 601, "direction": "bi-directional", "flow": 1263.0, "flow_pct": 0.93312941906598412, "flow_rank": 4 }, "geometry": { "type": "LineString", "coordinates": [ [ 114.143960847486227, 22.555538516558382 ], [ 114.145029617447165, 22.555437557245089 ], [ 114.145827171044317, 22.555432461284354 ], [ 114.146180330801187, 22.555447620082465 ], [ 114.146920091359888, 22.555554504632152 ], [ 114.150533660825857, 22.556238569344295 ] ] } },
{ "type": "Feature", "properties": { "arc": 743, "wealthier": 0.72809157016039583, "beautiful": 0.70490201798845831, "livelier": 0.61408235008247392, "depressing": 0.3163230375895057, "safer": 0.6902756165559335, "boring": 0.39193295464072381, "human": 0.00042294233273229998, "vehicle": 0.0188150161351913, "construction": 0.1027615865071614, "nature": 0.3966297247470954, "sky": 0.2255125779371995, "object": 0.0032639625744940999, "PI": 0.54248737355879628, "NI": 0.23419554289820696, "length": 361.0648034, "source": 231, "target": 229, "direction": "bi-directional", "flow": 276.0, "flow_pct": 0.20391426734933615, "flow_rank": 133 }, "geometry": { "type": "LineString", "coordinates": [ [ 113.961223772506784, 22.552779575189636 ], [ 113.960724360744521, 22.549552203286627 ] ] } },
{ "type": "Feature", "properties": { "arc": 744, "wealthier": 0.81573954366253354, "beautiful": 0.82770866044535651, "livelier": 0.74380085509397253, "depressing": 0.16667876238809079, "safer": 0.8414297990493399, "boring": 0.2454768756382619, "human": 0.0021172276249638001, "vehicle": 0.0139797917118778, "construction": 0.064727486504448803, "nature": 0.61872702704535609, "sky": 0.063364438657407401, "object": 0.0040088794849537004, "PI": 0.70895648733310823, "NI": 0.12525146504152437, "length": 1219.551259, "source": 231, "target": 254, "direction": "bi-directional", "flow": 46.0, "flow_pct": 0.033985711224889359, "flow_rank": 549 }, "geometry": { "type": "LineString", "coordinates": [ [ 113.961223772506784, 22.552779575189636 ], [ 113.96155999012899, 22.552632078205985 ], [ 113.961912147356259, 22.552532322314118 ], [ 113.962097556622581, 22.552454609797685 ], [ 113.96228507849402, 22.552333709109465 ], [ 113.962676052633725, 22.552017662381452 ], [ 113.96301449111975, 22.551824905015206 ], [ 113.963321804211375, 22.551716552089466 ], [ 113.963640724670569, 22.551665868809174 ], [ 113.964291771926, 22.551666285315289 ], [ 113.964620603061064, 22.551723101476512 ], [ 113.964922145347984, 22.551839217461268 ], [ 113.966326424834236, 22.55250906036396 ], [ 113.966556690435624, 22.552577318786234 ], [ 113.966823448645286, 22.552602735057384 ], [ 113.969490518574858, 22.55263818261243 ], [ 113.969999676873158, 22.552659749568043 ], [ 113.970267237928994, 22.552651986396477 ], [ 113.970434230646475, 22.55262184584041 ], [ 113.970620023538387, 22.552561350006883 ], [ 113.97147091855652, 22.552190150659545 ], [ 113.972387976547694, 22.551910474657632 ] ] } },
{ "type": "Feature", "properties": { "arc": 745, "wealthier": 0.36079204973585938, "beautiful": 0.24103374420091581, "livelier": 0.50852823650069678, "depressing": 0.6950521039773272, "safer": 0.3287606132756693, "boring": 0.62814409151763551, "human": 0.0014260609944661, "vehicle": 0.0252367166372445, "construction": 0.2088314936711238, "nature": 0.039031053200746103, "sky": 0.45095316569010407, "object": 0.0078452183650089997, "PI": 0.23237770904534019, "NI": 0.47359248702383189, "length": 315.9954217, "source": 160, "target": 161, "direction": "bi-directional", "flow": 627.0, "flow_pct": 0.46324002039142675, "flow_rank": 37 }, "geometry": { "type": "LineString", "coordinates": [ [ 113.940491682794217, 22.552746730140075 ], [ 113.940517920131555, 22.550833760006341 ], [ 113.94054833451014, 22.549893763295689 ] ] } },
{ "type": "Feature", "properties": { "arc": 747, "wealthier": 0.4728733996609818, "beautiful": 0.3109545961606332, "livelier": 0.54801238588269274, "depressing": 0.59911986917973392, "safer": 0.34424412895727252, "boring": 0.42799547423952411, "human": 0.00017870389498190001, "vehicle": 0.0014383854010166001, "construction": 0.014147000435071101, "nature": 0.29824785085824818, "sky": 0.4668038197052784, "object": 0.0064007685734675003, "PI": 0.32442973875263553, "NI": 0.33609532296844646, "length": 377.5588184, "source": 143, "target": 136, "direction": "bi-directional", "flow": 0.0, "flow_pct": 0.0, "flow_rank": 766 }, "geometry": { "type": "LineString", "coordinates": [ [ 113.934528643455891, 22.552637936296101 ], [ 113.93403199276942, 22.550096930855013 ], [ 113.933888419036407, 22.549280810619891 ] ] } },
{ "type": "Feature", "properties": { "arc": 748, "wealthier": 0.71079832022460487, "beautiful": 0.54178330671453734, "livelier": 0.66153249649061652, "depressing": 0.34254471500320888, "safer": 0.58457700026322124, "boring": 0.27861988133864879, "human": 0.00062309371100530001, "vehicle": 0.0073732799953884001, "construction": 0.0722935199737548, "nature": 0.32429697778489858, "sky": 0.34497721989949542, "object": 0.0060898992750378998, "PI": 0.48454111394942795, "NI": 0.25092149582476092, "length": 613.4858231, "source": 143, "target": 160, "direction": "bi-directional", "flow": 0.0, "flow_pct": 0.0, "flow_rank": 766 }, "geometry": { "type": "LineString", "coordinates": [ [ 113.934528643455891, 22.552637936296101 ], [ 113.934947165169334, 22.552656390316692 ], [ 113.936659312081957, 22.552671782417498 ], [ 113.940491682794217, 22.552746730140075 ] ] } },
{ "type": "Feature", "properties": { "arc": 749, "wealthier": 0.71345075652279544, "beautiful": 0.55583698383064661, "livelier": 0.71747618331762908, "depressing": 0.34675243943999889, "safer": 0.59820365836744993, "boring": 0.24493519371693309, "human": 0.00039857806581429999, "vehicle": 0.0105533888845732, "construction": 0.0372802271987452, "nature": 0.35036199743097468, "sky": 0.36306687557336059, "object": 0.0050458908081054002, "PI": 0.50455207619426412, "NI": 0.23539587865056691, "length": 624.9310761, "source": 143, "target": 123, "direction": "bi-directional", "flow": 0.0, "flow_pct": 0.0, "flow_rank": 766 }, "geometry": { "type": "LineString", "coordinates": [ [ 113.934528643455891, 22.552637936296101 ], [ 113.933101573812706, 22.552617503033005 ], [ 113.932429220618232, 22.552622925081359 ], [ 113.932211240821914, 22.552590990223422 ], [ 113.932085139461421, 22.552515493620124 ], [ 113.932001788402758, 22.552385690856948 ], [ 113.931931800972265, 22.55216044609617 ], [ 113.931398828430787, 22.54991780408449 ], [ 113.931268029528127, 22.549262357764153 ] ] } },
{ "type": "Feature", "properties": { "arc": 750, "wealthier": 0.37824657388947841, "beautiful": 0.32538681190304408, "livelier": 0.50935876373798405, "depressing": 0.6371052148261056, "safer": 0.3455008188082519, "boring": 0.5440309717457763, "human": 0.0013928943210177, "vehicle": 0.025254920676902399, "construction": 0.1279236475626627, "nature": 0.13564844484682431, "sky": 0.43741681840684682, "object": 0.0063222955774377004, "PI": 0.2779451209439962, "NI": 0.40910512792855908, "length": 481.7591662, "source": 565, "target": 560, "direction": "bi-directional", "flow": 202.0, "flow_pct": 0.1492416014658185, "flow_rank": 204 }, "geometry": { "type": "LineString", "coordinates": [ [ 114.128288089253459, 22.556508630912624 ], [ 114.125855173469162, 22.552791112752601 ] ] } },
{ "type": "Feature", "properties": { "arc": 751, "wealthier": 0.46366164126093212, "beautiful": 0.48194797669111439, "livelier": 0.59148680167725554, "depressing": 0.47231695960784709, "safer": 0.47050544616163259, "boring": 0.39744108527247091, "human": 0.0035113581904657998, "vehicle": 0.023862061677155599, "construction": 0.071536452681929902, "nature": 0.4129854838053385, "sky": 0.193248466209129, "object": 0.0068445558901185999, "PI": 0.45572617018409156, "NI": 0.27000896482758469, "length": 293.8949204, "source": 565, "target": 571, "direction": "bi-directional", "flow": 34.0, "flow_pct": 0.025119873514048659, "flow_rank": 594 }, "geometry": { "type": "LineString", "coordinates": [ [ 114.128288089253459, 22.556508630912624 ], [ 114.128683981771914, 22.556147966393745 ], [ 114.129973164919463, 22.555056507447688 ], [ 114.130148872449567, 22.554872933227159 ], [ 114.130304652308894, 22.55464135142671 ] ] } },
{ "type": "Feature", "properties": { "arc": 753, "wealthier": 0.67210965335990291, "beautiful": 0.59173821052944375, "livelier": 0.70787660254560125, "depressing": 0.37069839310772801, "safer": 0.58899551778013437, "boring": 0.26688601718091243, "human": 0.00076119105021150003, "vehicle": 0.0084805488586425001, "construction": 0.022289488050672698, "nature": 0.55177911122639978, "sky": 0.2027277946472168, "object": 0.0070037841796875, "PI": 0.55558733470512955, "NI": 0.20496040256956907, "length": 298.7817432, "source": 256, "target": 254, "direction": "bi-directional", "flow": 5.0, "flow_pct": 0.0036940990461836261, "flow_rank": 750 }, "geometry": { "type": "LineString", "coordinates": [ [ 113.974401894698971, 22.553853857408132 ], [ 113.972936093734489, 22.55247985700618 ], [ 113.972387976547694, 22.551910474657632 ] ] } },
{ "type": "Feature", "properties": { "arc": 754, "wealthier": 0.34823278767863097, "beautiful": 0.36565912780122728, "livelier": 0.38643430817397462, "depressing": 0.66423732619243736, "safer": 0.32514263213607492, "boring": 0.70221413422036227, "human": 0.00012529307398299999, "vehicle": 0.018255540694313399, "construction": 0.092433666360789299, "nature": 0.2122690266576307, "sky": 0.45898187571558458, "object": 0.0064021581890939001, "PI": 0.25593545475674145, "NI": 0.4316491860099872, "length": 698.8359043, "source": 256, "target": 266, "direction": "bi-directional", "flow": 41.0, "flow_pct": 0.030291612178705737, "flow_rank": 564 }, "geometry": { "type": "LineString", "coordinates": [ [ 113.974401894698971, 22.553853857408132 ], [ 113.976070397017395, 22.552415856627277 ], [ 113.976438136258707, 22.552126949734131 ], [ 113.977040557709117, 22.551687584414971 ], [ 113.977556445814983, 22.551350146426675 ], [ 113.978310716836788, 22.550905885960184 ], [ 113.979824723567233, 22.550097400267234 ] ] } },
{ "type": "Feature", "properties": { "arc": 755, "wealthier": 0.23275272834319041, "beautiful": 0.28390456299704159, "livelier": 0.37378220730257222, "depressing": 0.73592607729286053, "safer": 0.23227279309169949, "boring": 0.71779701505568916, "human": 0.00066585540771479999, "vehicle": 0.013495190938313801, "construction": 0.13980236053466791, "nature": 0.17855542500813801, "sky": 0.39085324605305988, "object": 0.0050298690795898002, "PI": 0.20050526229012153, "NI": 0.43212152055355596, "length": 235.4122662, "source": 327, "target": 322, "direction": "bi-directional", "flow": 34.0, "flow_pct": 0.025119873514048659, "flow_rank": 594 }, "geometry": { "type": "LineString", "coordinates": [ [ 114.035112309128564, 22.555012413958419 ], [ 114.033490067224093, 22.55351279224513 ] ] } },
{ "type": "Feature", "properties": { "arc": 756, "wealthier": 0.62779860217859496, "beautiful": 0.62689930028509577, "livelier": 0.7370677825343851, "depressing": 0.36857822411036179, "safer": 0.64698325902429388, "boring": 0.3103277762004229, "human": 0.0038624263945078998, "vehicle": 0.015552611578078499, "construction": 0.076462109883626297, "nature": 0.52228010268438441, "sky": 0.1071368626185825, "object": 0.0043178740001859998, "PI": 0.6018883018937774, "NI": 0.19223206212998989, "length": 502.8815374, "source": 584, "target": 571, "direction": "bi-directional", "flow": 174.0, "flow_pct": 0.1285546468071902, "flow_rank": 254 }, "geometry": { "type": "LineString", "coordinates": [ [ 114.133885210526287, 22.556888481822824 ], [ 114.132739765968736, 22.555199940399554 ], [ 114.132514442654255, 22.55494766765775 ], [ 114.132244905478174, 22.554734863445056 ], [ 114.132019426433772, 22.554612566629405 ], [ 114.131787980700167, 22.554523877508071 ], [ 114.131551012554226, 22.55446944068553 ], [ 114.131301086741729, 22.554442326864287 ], [ 114.131090595455859, 22.554444367421272 ], [ 114.130888791824049, 22.554470807548782 ], [ 114.130304652308894, 22.55464135142671 ] ] } },
{ "type": "Feature", "properties": { "arc": 757, "wealthier": 0.38556902829420348, "beautiful": 0.32361343558128669, "livelier": 0.73743259571383957, "depressing": 0.58941258660832585, "safer": 0.4114849280506242, "boring": 0.29346333039011441, "human": 0.0056395530700683004, "vehicle": 0.041616545783148801, "construction": 0.36834017435709637, "nature": 0.049255344602796701, "sky": 0.28755439652336962, "object": 0.0030693213144938002, "PI": 0.36670120480103341, "NI": 0.38509758431911817, "length": 1054.36976, "source": 584, "target": 581, "direction": "bi-directional", "flow": 0.0, "flow_pct": 0.0, "flow_rank": 766 }, "geometry": { "type": "LineString", "coordinates": [ [ 114.133885210526287, 22.556888481822824 ], [ 114.134584579020213, 22.556429484383838 ], [ 114.134884190464092, 22.556173577213851 ], [ 114.135645538997892, 22.555353385267821 ], [ 114.135787992766822, 22.555150857708149 ], [ 114.135885615165861, 22.554928966979858 ], [ 114.135927292873603, 22.554733682575485 ], [ 114.135940978266049, 22.554476335991666 ], [ 114.135923826718908, 22.551233644319559 ], [ 114.135903101631712, 22.551005806578129 ], [ 114.135869898017916, 22.550903388581247 ], [ 114.135815103454945, 22.550812260902443 ], [ 114.135715667423767, 22.550720325564022 ], [ 114.135574381187681, 22.550653571330169 ], [ 114.135400741861616, 22.55061579852649 ], [ 114.134944265003313, 22.55057890144106 ], [ 114.134779112564203, 22.550547242321304 ], [ 114.134576453282705, 22.550471104576449 ], [ 114.134114896142094, 22.550243116098329 ], [ 114.13400153624103, 22.550206291979858 ], [ 114.133913709564496, 22.550195058405862 ], [ 114.133793489292913, 22.550220687830876 ], [ 114.13359641658009, 22.55037853033669 ], [ 114.133435072038864, 22.550421359902384 ], [ 114.133194194303925, 22.550420506980224 ] ] } },
{ "type": "Feature", "properties": { "arc": 764, "wealthier": 0.44885310239061632, "beautiful": 0.37607683834611261, "livelier": 0.60051586690931424, "depressing": 0.60088509488394526, "safer": 0.410545777045767, "boring": 0.44482643749351819, "human": 0.0014589290426235001, "vehicle": 0.042211070205225999, "construction": 0.2319296249235519, "nature": 0.14871893988715279, "sky": 0.3671013417870107, "object": 0.0036976168854067999, "PI": 0.33275765111606043, "NI": 0.39582433355334296, "length": 840.069912, "source": 544, "target": 533, "direction": "bi-directional", "flow": 584.0, "flow_pct": 0.43147076859424754, "flow_rank": 46 }, "geometry": { "type": "LineString", "coordinates": [ [ 114.121821751856785, 22.557251113389146 ], [ 114.121333188847146, 22.557025610108397 ], [ 114.120793273191438, 22.556709944814813 ], [ 114.120474351154243, 22.556453997827496 ], [ 114.12022627956793, 22.556181704799794 ], [ 114.11990751132312, 22.555682470806488 ], [ 114.117668673903282, 22.551959664994072 ], [ 114.117446725952107, 22.551574819252096 ], [ 114.117239371182009, 22.551159915081733 ] ] } },
{ "type": "Feature", "properties": { "arc": 765, "wealthier": 0.50686835767849858, "beautiful": 0.42776377164629831, "livelier": 0.55941110571275332, "depressing": 0.56067840500877886, "safer": 0.44820103366251818, "boring": 0.53193798283492588, "human": 0.00062343809339730002, "vehicle": 0.025503979788886098, "construction": 0.17685127258300781, "nature": 0.22124825583563901, "sky": 0.35585225952996141, "object": 0.0032528241475423001, "PI": 0.35858189727597489, "NI": 0.36794346000902983, "length": 645.0090361, "source": 544, "target": 560, "direction": "bi-directional", "flow": 122.0, "flow_pct": 0.090136016726880486, "flow_rank": 344 }, "geometry": { "type": "LineString", "coordinates": [ [ 114.121821751856785, 22.557251113389146 ], [ 114.125855173469162, 22.552791112752601 ] ] } },
{ "type": "Feature", "properties": { "arc": 768, "wealthier": 0.80549776708366994, "beautiful": 0.65683916085293748, "livelier": 0.64604551568642965, "depressing": 0.31289341293625561, "safer": 0.67288450121167676, "boring": 0.34895442787557418, "human": 0.00051146083407930002, "vehicle": 0.0121626589033338, "construction": 0.1006497806972927, "nature": 0.31718624962700742, "sky": 0.2965944608052572, "object": 0.0046875476837158004, "PI": 0.53148261699550503, "NI": 0.24871381868977629, "length": 677.1177191, "source": 299, "target": 300, "direction": "bi-directional", "flow": 0.0, "flow_pct": 0.0, "flow_rank": 766 }, "geometry": { "type": "LineString", "coordinates": [ [ 114.012634602852302, 22.555357244370427 ], [ 114.012587707052376, 22.554874800694808 ], [ 114.012594775232742, 22.554497848686104 ], [ 114.012626987243195, 22.554243395820166 ], [ 114.01269179356116, 22.554098506051528 ], [ 114.012764698158023, 22.554007642625692 ], [ 114.012900304269053, 22.553884010945996 ], [ 114.014375514143623, 22.552713069559083 ], [ 114.014527658904726, 22.552541573930721 ], [ 114.014583440822776, 22.552437356396759 ], [ 114.014612938741649, 22.552343029084351 ], [ 114.014624570155846, 22.552244056698378 ], [ 114.014613162119616, 22.552108831924009 ], [ 114.014517642116331, 22.551822613388236 ], [ 114.013999719443177, 22.550682473654401 ], [ 114.013885516161722, 22.550486633307735 ], [ 114.01370034931945, 22.550221542908343 ] ] } },
{ "type": "Feature", "properties": { "arc": 769, "wealthier": 0.41036386070528352, "beautiful": 0.33944796497428331, "livelier": 0.41140438899677301, "depressing": 0.6411383301821123, "safer": 0.3242931199705002, "boring": 0.6511120184039596, "human": 0.0003017034286107, "vehicle": 0.015207290649414, "construction": 0.054907431969275798, "nature": 0.1733581347343249, "sky": 0.46868725312061787, "object": 0.0066816378862429001, "PI": 0.25908555762958552, "NI": 0.40846573814749126, "length": 318.2948798, "source": 299, "target": 304, "direction": "bi-directional", "flow": 21.0, "flow_pct": 0.015515215993971231, "flow_rank": 655 }, "geometry": { "type": "LineString", "coordinates": [ [ 114.012634602852302, 22.555357244370427 ], [ 114.015728462439398, 22.555419731099903 ] ] } },
{ "type": "Feature", "properties": { "arc": 770, "wealthier": 0.45367856582473542, "beautiful": 0.36030050013881681, "livelier": 0.39841200825501638, "depressing": 0.64307257161824882, "safer": 0.3751133861294334, "boring": 0.63560435002422089, "human": 0.0001124038177282, "vehicle": 0.0225145897897733, "construction": 0.057914746861879501, "nature": 0.1891664907234866, "sky": 0.44304794519126012, "object": 0.0043024595091943002, "PI": 0.27831258002204801, "NI": 0.39087312145371805, "length": 1333.420976, "source": 304, "target": 311, "direction": "bi-directional", "flow": 5.0, "flow_pct": 0.0036940990461836261, "flow_rank": 750 }, "geometry": { "type": "LineString", "coordinates": [ [ 114.015728462439398, 22.555419731099903 ], [ 114.016119240925477, 22.554587823154971 ], [ 114.016387010738512, 22.554130697516467 ], [ 114.020339461028271, 22.54850097332136 ], [ 114.020710756950237, 22.547947163724146 ], [ 114.020919421292078, 22.547609151308535 ], [ 114.021201657223315, 22.547082388071491 ], [ 114.021495197923613, 22.546412014557351 ], [ 114.021714352113719, 22.545757200392977 ], [ 114.021943591201477, 22.544931891348856 ] ] } },
{ "type": "Feature", "properties": { "arc": 772, "wealthier": 0.22018292969498451, "beautiful": 0.27735135855646698, "livelier": 0.33771377869571367, "depressing": 0.75517401106464843, "safer": 0.21611252024582561, "boring": 0.72556564208554797, "human": 0.00078471501668290003, "vehicle": 0.018991364373101099, "construction": 0.12988885243733719, "nature": 0.1240124702453613, "sky": 0.43855863147311741, "object": 0.0058356920878092, "PI": 0.17513099994969042, "NI": 0.45586093193340355, "length": 323.8061112, "source": 296, "target": 293, "direction": "bi-directional", "flow": 21.0, "flow_pct": 0.015515215993971231, "flow_rank": 655 }, "geometry": { "type": "LineString", "coordinates": [ [ 114.010703445519482, 22.555410212027461 ], [ 114.010298915406466, 22.55514549829801 ], [ 114.010185220109221, 22.555027327523845 ], [ 114.010082063325456, 22.554868578370606 ], [ 114.009955368343071, 22.554564653409045 ], [ 114.009345765599491, 22.552861672064179 ] ] } },
{ "type": "Feature", "properties": { "arc": 773, "wealthier": 0.22440048240892099, "beautiful": 0.28073555920115789, "livelier": 0.31127341707670569, "depressing": 0.7340876720306877, "safer": 0.2214224995250563, "boring": 0.71186159075606148, "human": 0.0004386266072591, "vehicle": 0.0062009175618489001, "construction": 0.080166625976562406, "nature": 0.16437066396077471, "sky": 0.45133781433105458, "object": 0.0075571695963540996, "PI": 0.17799464399367693, "NI": 0.43815045041165296, "length": 199.0738444, "source": 296, "target": 299, "direction": "bi-directional", "flow": 21.0, "flow_pct": 0.015515215993971231, "flow_rank": 655 }, "geometry": { "type": "LineString", "coordinates": [ [ 114.010703445519482, 22.555410212027461 ], [ 114.01108888871272, 22.55536112779102 ], [ 114.011367245254092, 22.555343736853374 ], [ 114.012634602852302, 22.555357244370427 ] ] } },
{ "type": "Feature", "properties": { "arc": 774, "wealthier": 0.2396921706758165, "beautiful": 0.28963967805660401, "livelier": 0.36970612930110169, "depressing": 0.716157527671621, "safer": 0.2406132044395215, "boring": 0.68341120647420095, "human": 0.00064026682000410001, "vehicle": 0.0143520622922663, "construction": 0.1204554909153988, "nature": 0.17370889897932079, "sky": 0.42287906847502049, "object": 0.0033774459571168998, "PI": 0.20188956946640479, "NI": 0.41561977159258645, "length": 366.686282, "source": 335, "target": 327, "direction": "bi-directional", "flow": 32.0, "flow_pct": 0.023642233895575206, "flow_rank": 606 }, "geometry": { "type": "LineString", "coordinates": [ [ 114.038367291607813, 22.556086587958507 ], [ 114.037896016029123, 22.55605803857161 ], [ 114.037037264228545, 22.555972406312854 ], [ 114.036752511258584, 22.555924643350728 ], [ 114.036421257358413, 22.555832951780804 ], [ 114.036057505538608, 22.55569201709244 ], [ 114.035748062481716, 22.555522779594391 ], [ 114.035537468665481, 22.555371416025412 ], [ 114.035112309128564, 22.555012413958419 ] ] } },
{ "type": "Feature", "properties": { "arc": 775, "wealthier": 0.39243873834403142, "beautiful": 0.39443970420542318, "livelier": 0.66420483610460013, "depressing": 0.55540748662030581, "safer": 0.40741235830418149, "boring": 0.34201821914900948, "human": 0.0030738115310668, "vehicle": 0.021153291066487601, "construction": 0.2123229503631591, "nature": 0.1661685705184936, "sky": 0.3197803099950155, "object": 0.0096054474512735008, "PI": 0.36297973785325865, "NI": 0.37062495530055378, "length": 348.3707942, "source": 335, "target": 340, "direction": "bi-directional", "flow": 15.0, "flow_pct": 0.011082297138550879, "flow_rank": 686 }, "geometry": { "type": "LineString", "coordinates": [ [ 114.038367291607813, 22.556086587958507 ], [ 114.038813928247421, 22.555545655382836 ], [ 114.039571191985317, 22.554542409504958 ], [ 114.039748778598636, 22.554279461115389 ], [ 114.039816619963972, 22.554130605994857 ], [ 114.039846753351327, 22.554005301239187 ], [ 114.039908616035063, 22.553369356937349 ] ] } },
{ "type": "Feature", "properties": { "arc": 777, "wealthier": 0.24955457851440119, "beautiful": 0.26622693465861619, "livelier": 0.37995792930813499, "depressing": 0.74524909920914117, "safer": 0.22457320220084739, "boring": 0.67563228332380865, "human": 0.0012546597105083999, "vehicle": 0.016757473801121501, "construction": 0.14733233596339371, "nature": 0.1397559715039802, "sky": 0.42263765046090779, "object": 0.0041006261652166004, "PI": 0.1977423361133214, "NI": 0.43433706430831626, "length": 577.7597597, "source": 349, "target": 335, "direction": "bi-directional", "flow": 88.0, "flow_pct": 0.065016143212831834, "flow_rank": 406 }, "geometry": { "type": "LineString", "coordinates": [ [ 114.043938458743924, 22.556745394515971 ], [ 114.043426346442075, 22.556664278265767 ], [ 114.03915406966621, 22.556203107279007 ], [ 114.038367291607813, 22.556086587958507 ] ] } },
{ "type": "Feature", "properties": { "arc": 778, "wealthier": 0.49740814540996681, "beautiful": 0.44702940425451959, "livelier": 0.41478183441067878, "depressing": 0.56864542286461761, "safer": 0.42702164184793351, "boring": 0.57871532484267951, "human": 0.00062485683111490001, "vehicle": 0.016567748269916999, "construction": 0.033958058298369898, "nature": 0.27396611814145688, "sky": 0.41146304283613028, "object": 0.0057753339225862996, "PI": 0.341923788291352, "NI": 0.35549699125153372, "length": 678.3607857, "source": 349, "target": 351, "direction": "bi-directional", "flow": 251.0, "flow_pct": 0.18544377211841803, "flow_rank": 150 }, "geometry": { "type": "LineString", "coordinates": [ [ 114.043938458743924, 22.556745394515971 ], [ 114.044132097811143, 22.556214365222498 ], [ 114.044174592044385, 22.55593686499153 ], [ 114.044197426762267, 22.55530234672565 ], [ 114.044266883249065, 22.550652792305932 ] ] } },
{ "type": "Feature", "properties": { "arc": 779, "wealthier": 0.62642434947766523, "beautiful": 0.55987716733962012, "livelier": 0.61461204664159608, "depressing": 0.39339118309250742, "safer": 0.56492416579078342, "boring": 0.35910686621714588, "human": 0.00036084824714099998, "vehicle": 0.0138542617576709, "construction": 0.054386221844217, "nature": 0.28604606960130768, "sky": 0.41109665580417798, "object": 0.0044667340707087002, "PI": 0.44779101949362682, "NI": 0.28160697212376662, "length": 984.8914841, "source": 285, "target": 286, "direction": "bi-directional", "flow": 12.0, "flow_pct": 0.0088658377108407037, "flow_rank": 701 }, "geometry": { "type": "LineString", "coordinates": [ [ 114.003891060381534, 22.556013043093376 ], [ 114.00396907869667, 22.553470708257638 ], [ 114.004043798475124, 22.548486255763329 ], [ 114.004088151538795, 22.547121274456906 ] ] } },
{ "type": "Feature", "properties": { "arc": 782, "wealthier": 0.31540525255545049, "beautiful": 0.27210054719538379, "livelier": 0.37447732328477229, "depressing": 0.72913981677599982, "safer": 0.2715720552432328, "boring": 0.69931269252594497, "human": 0.00063442048572349996, "vehicle": 0.0162498042696998, "construction": 0.061877965927124003, "nature": 0.14336249941871279, "sky": 0.48681975546337303, "object": 0.0056811060224260003, "PI": 0.21041204437805217, "NI": 0.4348547771854161, "length": 1419.341492, "source": 317, "target": 304, "direction": "bi-directional", "flow": 33.0, "flow_pct": 0.024381053704811934, "flow_rank": 598 }, "geometry": { "type": "LineString", "coordinates": [ [ 114.02941931721864, 22.55657306245504 ], [ 114.024919635821561, 22.555719035484497 ], [ 114.024360236364672, 22.555638799248605 ], [ 114.023957680044873, 22.555600097829089 ], [ 114.023624550694592, 22.555576679419858 ], [ 114.023234217689165, 22.555569984920478 ], [ 114.021991834290603, 22.555571476392132 ], [ 114.021344129608636, 22.555592528946988 ], [ 114.020840216610623, 22.555591694908735 ], [ 114.018862227125993, 22.555465920947082 ], [ 114.018202053946695, 22.555437680551503 ], [ 114.015728462439398, 22.555419731099903 ] ] } },
{ "type": "Feature", "properties": { "arc": 783, "wealthier": 0.45540800168608842, "beautiful": 0.42656174556778281, "livelier": 0.52250867404029988, "depressing": 0.59267039290103796, "safer": 0.42171422991853141, "boring": 0.50366443329669675, "human": 0.00034786860148109999, "vehicle": 0.027049891153971301, "construction": 0.044615141550699802, "nature": 0.40106274286905919, "sky": 0.25817333857218422, "object": 0.002665106455485, "PI": 0.37917803025174052, "NI": 0.29662343112886236, "length": 538.6591897, "source": 317, "target": 322, "direction": "bi-directional", "flow": 29.0, "flow_pct": 0.021425774467865033, "flow_rank": 616 }, "geometry": { "type": "LineString", "coordinates": [ [ 114.02941931721864, 22.55657306245504 ], [ 114.033490067224093, 22.55351279224513 ] ] } },
{ "type": "Feature", "properties": { "arc": 784, "wealthier": 0.65659114037103972, "beautiful": 0.53798255925441796, "livelier": 0.81635884708861317, "depressing": 0.41750407394536021, "safer": 0.63454123132510454, "boring": 0.31273522682954119, "human": 0.0043190850151909, "vehicle": 0.034056875440809403, "construction": 0.085913870069715695, "nature": 0.38452000088161892, "sky": 0.21508704291449651, "object": 0.0072086122300888998, "PI": 0.57492345078464113, "NI": 0.26552623811329873, "length": 226.1286719, "source": 587, "target": 584, "direction": "bi-directional", "flow": 168.0, "flow_pct": 0.12412172795176984, "flow_rank": 262 }, "geometry": { "type": "LineString", "coordinates": [ [ 114.135072764744152, 22.558606975916287 ], [ 114.133885210526287, 22.556888481822824 ] ] } },
{ "type": "Feature", "properties": { "arc": 785, "wealthier": 0.36316682803839218, "beautiful": 0.34671497418125841, "livelier": 0.46604083926230899, "depressing": 0.63922885288011655, "safer": 0.32538679384815972, "boring": 0.58221834806099249, "human": 0.00049906601140519997, "vehicle": 0.016508502724729899, "construction": 0.068724691131968496, "nature": 0.18621804979112419, "sky": 0.47030418301806032, "object": 0.0047054761721764, "PI": 0.26875450544163476, "NI": 0.38985066233637022, "length": 581.1070452, "source": 587, "target": 596, "direction": "bi-directional", "flow": 562.0, "flow_pct": 0.4152167327910396, "flow_rank": 51 }, "geometry": { "type": "LineString", "coordinates": [ [ 114.135072764744152, 22.558606975916287 ], [ 114.135828766093937, 22.557810962935648 ], [ 114.13623693725178, 22.557421368321236 ], [ 114.136914345740095, 22.556696702445585 ], [ 114.137094148110393, 22.556540117871741 ], [ 114.137298805737444, 22.556402036548725 ], [ 114.137498236369893, 22.556295656854378 ], [ 114.137750954530702, 22.556184667957297 ], [ 114.137959788049386, 22.556112125226818 ], [ 114.138177796339662, 22.556057249241647 ], [ 114.138496854901547, 22.556009675882251 ], [ 114.139065766896138, 22.555958974280024 ], [ 114.139601194614983, 22.555935862427766 ] ] } },
{ "type": "Feature", "properties": { "arc": 787, "wealthier": 0.32957372131975798, "beautiful": 0.1933526560209238, "livelier": 0.47548372401148198, "depressing": 0.73648672623412292, "safer": 0.2429137507698082, "boring": 0.67231373959176932, "human": 0.0012696006081321001, "vehicle": 0.030046116222034801, "construction": 0.1103914434259588, "nature": 0.071883403893672995, "sky": 0.51017738111091382, "object": 0.0120221918279474, "PI": 0.20307644919171228, "NI": 0.50230463540751213, "length": 280.4437372, "source": 159, "target": 160, "direction": "bi-directional", "flow": 643.0, "flow_pct": 0.47506113733921435, "flow_rank": 32 }, "geometry": { "type": "LineString", "coordinates": [ [ 113.940444982116489, 22.555278860432814 ], [ 113.940491682794217, 22.552746730140075 ] ] } },
{ "type": "Feature", "properties": { "arc": 788, "wealthier": 0.4561415539628948, "beautiful": 0.39744690854846959, "livelier": 0.46046694556357881, "depressing": 0.52978426325564165, "safer": 0.40178778859038389, "boring": 0.54046706653218812, "human": 0.00063177255483770004, "vehicle": 0.039569267859825702, "construction": 0.037505736717811003, "nature": 0.19769221085768479, "sky": 0.48423070173997151, "object": 0.0040051142374673996, "PI": 0.31103672767366297, "NI": 0.36900964548109755, "length": 653.5763416, "source": 113, "target": 114, "direction": "bi-directional", "flow": 333.0, "flow_pct": 0.24602699647582951, "flow_rank": 114 }, "geometry": { "type": "LineString", "coordinates": [ [ 113.928603859482863, 22.555163385781338 ], [ 113.928709332722434, 22.551360567789775 ], [ 113.928773443616919, 22.550494521692173 ], [ 113.928766146831293, 22.550090740310793 ], [ 113.928691718712201, 22.549267630631913 ] ] } },
{ "type": "Feature", "properties": { "arc": 790, "wealthier": 0.51838324852143314, "beautiful": 0.47619604933655041, "livelier": 0.3935871292675549, "depressing": 0.50610456734397002, "safer": 0.45163992941659548, "boring": 0.60366667930698759, "human": 2.3275181867074277e-05, "vehicle": 0.020448767620584202, "construction": 0.0155924368595731, "nature": 0.24079015980596119, "sky": 0.47965373163637909, "object": 0.003505181575167, "PI": 0.33521873818980646, "NI": 0.35039563829362536, "length": 597.5205168, "source": 113, "target": 142, "direction": "bi-directional", "flow": 173.0, "flow_pct": 0.12781582699795346, "flow_rank": 255 }, "geometry": { "type": "LineString", "coordinates": [ [ 113.928603859482863, 22.555163385781338 ], [ 113.929735361661145, 22.55516063883983 ], [ 113.931106989557492, 22.55518694128688 ], [ 113.934409495943797, 22.555326069674344 ] ] } },
{ "type": "Feature", "properties": { "arc": 792, "wealthier": 0.35734209372643477, "beautiful": 0.39708115057214211, "livelier": 0.40956707145032678, "depressing": 0.61499799365723495, "safer": 0.34013805069450431, "boring": 0.46335752865323748, "human": 7.6452891031901046e-05, "vehicle": 0.039200067520141602, "construction": 0.018484354019165001, "nature": 0.2007146676381428, "sky": 0.48062109947204579, "object": 0.0022503534952799001, "PI": 0.26695303286120964, "NI": 0.35283499996319384, "length": 185.0037557, "source": 289, "target": 285, "direction": "bi-directional", "flow": 188.0, "flow_pct": 0.13889812413650435, "flow_rank": 228 }, "geometry": { "type": "LineString", "coordinates": [ [ 114.005544615444038, 22.556668758284914 ], [ 114.004814974557192, 22.556353544497696 ], [ 114.003891060381534, 22.556013043093376 ] ] } },
{ "type": "Feature", "properties": { "arc": 795, "wealthier": 0.46239689634853509, "beautiful": 0.42376333173928638, "livelier": 0.40887349801901451, "depressing": 0.56158080465456417, "safer": 0.40075330024206729, "boring": 0.54388044238938038, "human": 0.0001547495524088, "vehicle": 0.040311203002929598, "construction": 0.050947494506835903, "nature": 0.18813316345214839, "sky": 0.46040710449218758, "object": 0.0048623402913411003, "PI": 0.2983816037230746, "NI": 0.37893393589089303, "length": 621.9439458000001, "source": 142, "target": 159, "direction": "bi-directional", "flow": 167.0, "flow_pct": 0.12338290814253312, "flow_rank": 265 }, "geometry": { "type": "LineString", "coordinates": [ [ 113.934409495943797, 22.555326069674344 ], [ 113.938048033565138, 22.555462584698777 ], [ 113.938357848601044, 22.555448228154152 ], [ 113.940444982116489, 22.555278860432814 ] ] } },
{ "type": "Feature", "properties": { "arc": 796, "wealthier": 0.46212083248588232, "beautiful": 0.41208542500698059, "livelier": 0.61296329629685109, "depressing": 0.53929555655007455, "safer": 0.43743808291686842, "boring": 0.416163520265245, "human": 0.0017496479882134, "vehicle": 0.021554152170816999, "construction": 0.20939000447591141, "nature": 0.21831674045986599, "sky": 0.3285853597852918, "object": 0.0065637959374320997, "PI": 0.36993255083004545, "NI": 0.36398430306549717, "length": 568.5993465, "source": 527, "target": 526, "direction": "bi-directional", "flow": 76.0, "flow_pct": 0.056150305501991127, "flow_rank": 439 }, "geometry": { "type": "LineString", "coordinates": [ [ 114.11532647033016, 22.558808096306411 ], [ 114.115505408372726, 22.558275831545405 ], [ 114.115604186488142, 22.557876282603026 ], [ 114.11566455729384, 22.557427120675431 ], [ 114.115674972271748, 22.557004613230617 ], [ 114.115619794051753, 22.556271206317984 ], [ 114.115419253019013, 22.554366461314967 ], [ 114.115361814404892, 22.55405440910004 ], [ 114.115262050980263, 22.553741631765561 ] ] } },
{ "type": "Feature", "properties": { "arc": 797, "wealthier": 0.34316826016213769, "beautiful": 0.34084491380320819, "livelier": 0.28641556591450162, "depressing": 0.64352610173371494, "safer": 0.31110013885502508, "boring": 0.74658731713063731, "human": 0.0011218176947699, "vehicle": 0.025617090861002601, "construction": 0.095832739935980807, "nature": 0.10087445576985669, "sky": 0.51272027757432725, "object": 0.0062474992540147, "PI": 0.21323574018934963, "NI": 0.45605407550805332, "length": 359.9966128, "source": 515, "target": 527, "direction": "bi-directional", "flow": 250.0, "flow_pct": 0.1847049523091813, "flow_rank": 155 }, "geometry": { "type": "LineString", "coordinates": [ [ 114.11183683356181, 22.558677447539544 ], [ 114.112040705424221, 22.558733565788469 ], [ 114.112295507613723, 22.55875665512151 ], [ 114.11532647033016, 22.558808096306411 ] ] } },
{ "type": "Feature", "properties": { "arc": 798, "wealthier": 0.3017718507417923, "beautiful": 0.30364755971715979, "livelier": 0.14235151870622639, "depressing": 0.67147416394440984, "safer": 0.26303309305599432, "boring": 0.8654066869246283, "human": 0.00045543246799039999, "vehicle": 0.0220293115686487, "construction": 0.074582382484718601, "nature": 0.074948028281882906, "sky": 0.56161061039677374, "object": 0.0042787481237340002, "PI": 0.1478458595005111, "NI": 0.47399771973170096, "length": 441.3829806, "source": 509, "target": 515, "direction": "bi-directional", "flow": 240.0, "flow_pct": 0.17731675421681406, "flow_rank": 165 }, "geometry": { "type": "LineString", "coordinates": [ [ 114.107547342797858, 22.558684330071593 ], [ 114.109518732775797, 22.558721959846213 ], [ 114.110837926010618, 22.558722727296946 ], [ 114.11111759300826, 22.558720434126599 ], [ 114.11183683356181, 22.558677447539544 ] ] } },
{ "type": "Feature", "properties": { "arc": 799, "wealthier": 0.48216365719830889, "beautiful": 0.39716107264030698, "livelier": 0.66369109688954186, "depressing": 0.54216598154749973, "safer": 0.44012478661769561, "boring": 0.42147732258763732, "human": 0.0077460317900686004, "vehicle": 0.042688427549419899, "construction": 0.22328188925078421, "nature": 0.13293829831210041, "sky": 0.35855706532796228, "object": 0.0080458323160807008, "PI": 0.43537415129613283, "NI": 0.40271874287640136, "length": 617.6694133, "source": 501, "target": 502, "direction": "bi-directional", "flow": 199.0, "flow_pct": 0.14702514203810835, "flow_rank": 211 }, "geometry": { "type": "LineString", "coordinates": [ [ 114.104079223099561, 22.558628759841358 ], [ 114.104118978111558, 22.555530891171145 ], [ 114.10416010638437, 22.553880452470622 ], [ 114.104141304226673, 22.553051843499972 ] ] } },
{ "type": "Feature", "properties": { "arc": 800, "wealthier": 0.37971192204931531, "beautiful": 0.36122452112699588, "livelier": 0.31261904014808972, "depressing": 0.62568855962196968, "safer": 0.32477225999691361, "boring": 0.65422536229981665, "human": 0.0012358256748743999, "vehicle": 0.02072084517706, "construction": 0.078319004603794595, "nature": 0.15674273173014319, "sky": 0.47068100883847191, "object": 0.0039454868861607002, "PI": 0.24628689737773737, "NI": 0.40171855616944963, "length": 356.7589407, "source": 501, "target": 509, "direction": "bi-directional", "flow": 234.0, "flow_pct": 0.17288383536139371, "flow_rank": 173 }, "geometry": { "type": "LineString", "coordinates": [ [ 114.104079223099561, 22.558628759841358 ], [ 114.107547342797858, 22.558684330071593 ] ] } },
{ "type": "Feature", "properties": { "arc": 801, "wealthier": 0.29043436845676152, "beautiful": 0.30297906493922921, "livelier": 0.3716508988190434, "depressing": 0.71239896692396543, "safer": 0.27749688762421471, "boring": 0.67224667765123014, "human": 0.0016434110444166999, "vehicle": 0.053082455163714501, "construction": 0.1803477934037131, "nature": 0.073050619541913595, "sky": 0.43887785111350569, "object": 0.0054736740287692999, "PI": 0.20742453356828383, "NI": 0.47793383715308391, "length": 733.6267553, "source": 486, "target": 487, "direction": "bi-directional", "flow": 5.0, "flow_pct": 0.0036940990461836261, "flow_rank": 750 }, "geometry": { "type": "LineString", "coordinates": [ [ 114.099366337212487, 22.55855077386008 ], [ 114.099366445443891, 22.55759181594555 ], [ 114.099407119326045, 22.555968155237213 ], [ 114.099413181968146, 22.5549905864385 ], [ 114.099475508571956, 22.552739340210831 ], [ 114.099479871782947, 22.551927087114887 ] ] } },
{ "type": "Feature", "properties": { "arc": 802, "wealthier": 0.3426252781803652, "beautiful": 0.28947839973987349, "livelier": 0.38221440904178211, "depressing": 0.69489182523058868, "safer": 0.31037985112208011, "boring": 0.69700260066032849, "human": 0.0010116577148437001, "vehicle": 0.0465606053670247, "construction": 0.13391914367675781, "nature": 0.104596201578776, "sky": 0.457882563273112, "object": 0.0050084431966145003, "PI": 0.22164720662778428, "NI": 0.46170054134355559, "length": 243.3275479, "source": 486, "target": 495, "direction": "bi-directional", "flow": 157.0, "flow_pct": 0.11599471005016586, "flow_rank": 277 }, "geometry": { "type": "LineString", "coordinates": [ [ 114.099366337212487, 22.55855077386008 ], [ 114.101731670094892, 22.558593619109242 ] ] } },
{ "type": "Feature", "properties": { "arc": 803, "wealthier": 0.42145266773569712, "beautiful": 0.36963573063280941, "livelier": 0.46913255610416282, "depressing": 0.61491294674086083, "safer": 0.39062645385685568, "boring": 0.54542484038187489, "human": 0.0012943267822265001, "vehicle": 0.0555140177408854, "construction": 0.1022831598917643, "nature": 0.16884568532307939, "sky": 0.41960010528564451, "object": 0.0056109110514322002, "PI": 0.30072512188690309, "NI": 0.40996990341091005, "length": 241.5174378, "source": 495, "target": 501, "direction": "bi-directional", "flow": 249.0, "flow_pct": 0.18396613249994459, "flow_rank": 156 }, "geometry": { "type": "LineString", "coordinates": [ [ 114.101731670094892, 22.558593619109242 ], [ 114.10224245488736, 22.55860827652857 ], [ 114.10358151789525, 22.558610567455872 ], [ 114.104079223099561, 22.558628759841358 ] ] } },
{ "type": "Feature", "properties": { "arc": 805, "wealthier": 0.2700764252203316, "beautiful": 0.26903832142847989, "livelier": 0.30492249332579507, "depressing": 0.72315338686052544, "safer": 0.2495264786421191, "boring": 0.71425345025137754, "human": 0.00020931706284030001, "vehicle": 0.026735768173680102, "construction": 0.12651628436464249, "nature": 0.11525489344741351, "sky": 0.47925515608354041, "object": 0.0038296092640269, "PI": 0.17218937232184506, "NI": 0.45164660277907132, "length": 596.7287356, "source": 448, "target": 445, "direction": "bi-directional", "flow": 126.0, "flow_pct": 0.093091295963827383, "flow_rank": 337 }, "geometry": { "type": "LineString", "coordinates": [ [ 114.081420685977704, 22.558239300794536 ], [ 114.080965993971688, 22.557699958110156 ], [ 114.077957219714051, 22.553916500495632 ] ] } },
{ "type": "Feature", "properties": { "arc": 806, "wealthier": 0.75148297651058427, "beautiful": 0.64240250723544701, "livelier": 0.7550560742112149, "depressing": 0.29782022003292469, "safer": 0.699270001753726, "boring": 0.22187117485279589, "human": 0.0013919406467013001, "vehicle": 0.014119960643627, "construction": 0.1407142215304904, "nature": 0.4034866403650354, "sky": 0.2007613005461516, "object": 0.0041632475676359002, "PI": 0.57788825814685418, "NI": 0.20843465494207467, "length": 467.8947895, "source": 448, "target": 449, "direction": "bi-directional", "flow": 10.0, "flow_pct": 0.0073881980923672522, "flow_rank": 720 }, "geometry": { "type": "LineString", "coordinates": [ [ 114.081420685977704, 22.558239300794536 ], [ 114.081482032342961, 22.554970473918402 ], [ 114.081519787076147, 22.554015193696674 ] ] } },
{ "type": "Feature", "properties": { "arc": 807, "wealthier": 0.56886488751531783, "beautiful": 0.4188652421027752, "livelier": 0.58600383106782528, "depressing": 0.53474039427055697, "safer": 0.50347279869907646, "boring": 0.49946162848765518, "human": 0.00079328042489509995, "vehicle": 0.015861970406991398, "construction": 0.088016050833242904, "nature": 0.1469588809543185, "sky": 0.4664120144314236, "object": 0.0062155193752711996, "PI": 0.36597999277779247, "NI": 0.37020866143044295, "length": 471.3553952, "source": 467, "target": 468, "direction": "bi-directional", "flow": 27.0, "flow_pct": 0.019948134849391581, "flow_rank": 624 }, "geometry": { "type": "LineString", "coordinates": [ [ 114.091000346033184, 22.558426173013387 ], [ 114.091030207777465, 22.556336351916748 ], [ 114.091070628460471, 22.555120881040484 ], [ 114.091070515857325, 22.554170439306482 ] ] } },
{ "type": "Feature", "properties": { "arc": 808, "wealthier": 0.27900682901190521, "beautiful": 0.28056969102538171, "livelier": 0.32878155209015458, "depressing": 0.74179046647332514, "safer": 0.2358498999119637, "boring": 0.68113299429218144, "human": 0.00052290416899179997, "vehicle": 0.0253004891531807, "construction": 0.090283620925176694, "nature": 0.1489339374360584, "sky": 0.462122090657552, "object": 0.0043651035853793999, "PI": 0.19057633270659233, "NI": 0.43497021564737709, "length": 860.640429, "source": 467, "target": 486, "direction": "bi-directional", "flow": 116.0, "flow_pct": 0.085703097871460132, "flow_rank": 356 }, "geometry": { "type": "LineString", "coordinates": [ [ 114.091000346033184, 22.558426173013387 ], [ 114.091443838835858, 22.558446336265412 ], [ 114.092416849449094, 22.558451496418552 ], [ 114.092920964078502, 22.558469831917712 ], [ 114.094159634907513, 22.558472948569548 ], [ 114.097719212131182, 22.558538380756151 ], [ 114.099366337212487, 22.55855077386008 ] ] } },
{ "type": "Feature", "properties": { "arc": 809, "wealthier": 0.35176830535436482, "beautiful": 0.28590297576724938, "livelier": 0.35962804646725149, "depressing": 0.73738184231628001, "safer": 0.28504726451373891, "boring": 0.67658261461086389, "human": 0.00081215652765010001, "vehicle": 0.024248216666427298, "construction": 0.12164703069948681, "nature": 0.092659520167930401, "sky": 0.50433882545022424, "object": 0.0068424262252508002, "PI": 0.20830117676071599, "NI": 0.46946538647353037, "length": 985.6629663, "source": 448, "target": 467, "direction": "bi-directional", "flow": 165.0, "flow_pct": 0.12190526852405967, "flow_rank": 267 }, "geometry": { "type": "LineString", "coordinates": [ [ 114.081420685977704, 22.558239300794536 ], [ 114.082100774034217, 22.558287123112066 ], [ 114.086200966476724, 22.558347972158323 ], [ 114.08675815991873, 22.558367389199351 ], [ 114.090460330582772, 22.558405226406986 ], [ 114.091000346033184, 22.558426173013387 ] ] } },
{ "type": "Feature", "properties": { "arc": 810, "wealthier": 0.49262631948606339, "beautiful": 0.42546464778348908, "livelier": 0.42022442159905821, "depressing": 0.56305551877607507, "safer": 0.41026590748657438, "boring": 0.59693816615828965, "human": 7.8529439946656599e-05, "vehicle": 0.031566455800046099, "construction": 0.063282218030703899, "nature": 0.16517555072743409, "sky": 0.46688254161547582, "object": 0.0032688469015141001, "PI": 0.3011055905694956, "NI": 0.37819025008876234, "length": 790.7394923000001, "source": 195, "target": 159, "direction": "bi-directional", "flow": 633.0, "flow_pct": 0.46767293924684711, "flow_rank": 35 }, "geometry": { "type": "LineString", "coordinates": [ [ 113.948053602172294, 22.555802032885993 ], [ 113.946742146494444, 22.555540624291087 ], [ 113.94519641628878, 22.555242338241495 ], [ 113.944456276245873, 22.555145653776986 ], [ 113.943973147423847, 22.55510753226616 ], [ 113.94343877020323, 22.555092485293923 ], [ 113.942956741354124, 22.555105583655006 ], [ 113.940444982116489, 22.555278860432814 ] ] } },
{ "type": "Feature", "properties": { "arc": 812, "wealthier": 0.38031320358603637, "beautiful": 0.3759363440923838, "livelier": 0.32691974208830432, "depressing": 0.62251776903840761, "safer": 0.3426494258754384, "boring": 0.69651290458500859, "human": 0.00041399637858070002, "vehicle": 0.0244310251871744, "construction": 0.032228825887044198, "nature": 0.2182907358805338, "sky": 0.4807667541503905, "object": 0.0047087605794269996, "PI": 0.26002357889802885, "NI": 0.40380605694061417, "length": 780.5369047, "source": 427, "target": 428, "direction": "bi-directional", "flow": 26.0, "flow_pct": 0.019209315040154856, "flow_rank": 631 }, "geometry": { "type": "LineString", "coordinates": [ [ 114.067774666662302, 22.558068300505546 ], [ 114.067911537055323, 22.551020935272227 ] ] } },
{ "type": "Feature", "properties": { "arc": 813, "wealthier": 0.36725440392228698, "beautiful": 0.32949884879686431, "livelier": 0.34690706816681599, "depressing": 0.70124151203368001, "safer": 0.30043882548109768, "boring": 0.6650076646113865, "human": 0.00054824499436359996, "vehicle": 0.021998582062897801, "construction": 0.078513074804235403, "nature": 0.13551430643340681, "sky": 0.49979722058331522, "object": 0.0050345997751494002, "PI": 0.22668878814368162, "NI": 0.43299684719605375, "length": 1403.890605, "source": 427, "target": 448, "direction": "bi-directional", "flow": 201.0, "flow_pct": 0.14850278165658176, "flow_rank": 207 }, "geometry": { "type": "LineString", "coordinates": [ [ 114.067774666662302, 22.558068300505546 ], [ 114.069694532957399, 22.558104514751864 ], [ 114.070671312353909, 22.558108109214832 ], [ 114.071229146910582, 22.558127201349595 ], [ 114.072209679947051, 22.558130970096453 ], [ 114.072798959240203, 22.558150401799786 ], [ 114.073768227934679, 22.558153875544594 ], [ 114.074346865074304, 22.558173179666696 ], [ 114.075348402451468, 22.558177197333812 ], [ 114.076598556866756, 22.558218016611846 ], [ 114.079176100256873, 22.558245065171228 ], [ 114.079840008323359, 22.558265514250635 ], [ 114.080782782325556, 22.558264807724775 ], [ 114.081420685977704, 22.558239300794536 ] ] } },
{ "type": "Feature", "properties": { "arc": 816, "wealthier": 0.31812433682588448, "beautiful": 0.24974168210442721, "livelier": 0.46142952246888153, "depressing": 0.70582562421243855, "safer": 0.27377058874685928, "boring": 0.65523743671819479, "human": 0.0013550519943236999, "vehicle": 0.042261521021525, "construction": 0.2349741856257121, "nature": 0.1108459631601969, "sky": 0.40905050436655682, "object": 0.0062477986017861996, "PI": 0.22499736824478525, "NI": 0.47998498785828653, "length": 404.9567839, "source": 559, "target": 544, "direction": "bi-directional", "flow": 559.0, "flow_pct": 0.41300027336332945, "flow_rank": 53 }, "geometry": { "type": "LineString", "coordinates": [ [ 114.125165438367347, 22.559180409623039 ], [ 114.122758578958127, 22.55782659179437 ], [ 114.122218576040609, 22.557507432573392 ], [ 114.121821751856785, 22.557251113389146 ] ] } },
{ "type": "Feature", "properties": { "arc": 817, "wealthier": 0.61061140331737818, "beautiful": 0.60572762395577029, "livelier": 0.70388606859126213, "depressing": 0.35040971716007763, "safer": 0.64429668409808794, "boring": 0.29021981584908518, "human": 0.0041650136311848001, "vehicle": 0.034638038048377402, "construction": 0.085194661067082303, "nature": 0.39036824153019822, "sky": 0.2056044554099058, "object": 0.0061187255076873004, "PI": 0.55882169782123436, "NI": 0.24032256044362896, "length": 436.7331821, "source": 559, "target": 565, "direction": "bi-directional", "flow": 33.0, "flow_pct": 0.024381053704811934, "flow_rank": 598 }, "geometry": { "type": "LineString", "coordinates": [ [ 114.125165438367347, 22.559180409623039 ], [ 114.127593758847141, 22.557137277893233 ], [ 114.128288089253459, 22.556508630912624 ] ] } },
{ "type": "Feature", "properties": { "arc": 819, "wealthier": 0.56513862309305563, "beautiful": 0.47588365213413181, "livelier": 0.4705286022336182, "depressing": 0.50933767245389605, "safer": 0.47379198255996308, "boring": 0.57630931572576172, "human": 6.7653078021425188e-05, "vehicle": 0.047485033671061203, "construction": 0.0145807844219785, "nature": 0.20244043523615049, "sky": 0.49487047484426788, "object": 0.0026163043397844999, "PI": 0.35306868422574106, "NI": 0.36445798686058023, "length": 581.3970084, "source": 91, "target": 113, "direction": "bi-directional", "flow": 155.0, "flow_pct": 0.1145170704316924, "flow_rank": 282 }, "geometry": { "type": "LineString", "coordinates": [ [ 113.922960332627625, 22.555460290974601 ], [ 113.928603859482863, 22.555163385781338 ] ] } },
{ "type": "Feature", "properties": { "arc": 820, "wealthier": 0.31389911781791752, "beautiful": 0.30667597872257463, "livelier": 0.21617422476451681, "depressing": 0.68200496572377545, "safer": 0.2779235654621709, "boring": 0.82830670539792128, "human": 0.00038476637852040001, "vehicle": 0.030735887127157999, "construction": 0.083441016114788297, "nature": 0.1024569994137611, "sky": 0.52591491039888361, "object": 0.0052412763053987996, "PI": 0.1734599343551865, "NI": 0.47466389922630453, "length": 765.4948193, "source": 419, "target": 420, "direction": "bi-directional", "flow": 64.0, "flow_pct": 0.047284467791150413, "flow_rank": 475 }, "geometry": { "type": "LineString", "coordinates": [ [ 114.062619986675173, 22.558324251253172 ], [ 114.06261481120319, 22.557788802267513 ], [ 114.062676601259753, 22.554878881144784 ], [ 114.062724288896092, 22.551412445313467 ] ] } },
{ "type": "Feature", "properties": { "arc": 821, "wealthier": 0.34911232787718938, "beautiful": 0.2805501177569889, "livelier": 0.36794643967090129, "depressing": 0.73469153909925389, "safer": 0.26601454132175001, "boring": 0.69702729051736323, "human": 0.00051758254783739995, "vehicle": 0.014869994011478101, "construction": 0.1217466990152994, "nature": 0.13440599303314649, "sky": 0.46494663625523669, "object": 0.0043200064396512004, "PI": 0.21191150183635987, "NI": 0.43951112559453098, "length": 534.2901945, "source": 419, "target": 427, "direction": "bi-directional", "flow": 202.0, "flow_pct": 0.1492416014658185, "flow_rank": 204 }, "geometry": { "type": "LineString", "coordinates": [ [ 114.062619986675173, 22.558324251253172 ], [ 114.063284611162388, 22.558130293157287 ], [ 114.063648602173558, 22.558067864012209 ], [ 114.063938512313356, 22.558041106769711 ], [ 114.065240646388204, 22.558038087559293 ], [ 114.065984989320341, 22.558059582194264 ], [ 114.067774666662302, 22.558068300505546 ] ] } },
{ "type": "Feature", "properties": { "arc": 822, "wealthier": 0.46165435969564728, "beautiful": 0.4098165530958402, "livelier": 0.40626514852871631, "depressing": 0.5501131105733249, "safer": 0.40520688512527059, "boring": 0.616983778001017, "human": 8.1120115337949812e-05, "vehicle": 0.075607386502352603, "construction": 0.0231087713530569, "nature": 0.17461216088497269, "sky": 0.48811886527321541, "object": 0.0027987740256569002, "PI": 0.29159929645739818, "NI": 0.40165090791423103, "length": 507.4551235, "source": 195, "target": 215, "direction": "bi-directional", "flow": 664.0, "flow_pct": 0.49057635333318556, "flow_rank": 28 }, "geometry": { "type": "LineString", "coordinates": [ [ 113.948053602172294, 22.555802032885993 ], [ 113.949975148957435, 22.556110840627138 ], [ 113.950304907577802, 22.556148861444242 ], [ 113.951837090030551, 22.556258418497301 ], [ 113.952950936042811, 22.556296623833511 ] ] } },
{ "type": "Feature", "properties": { "arc": 823, "wealthier": 0.3539886677166289, "beautiful": 0.26991487322635338, "livelier": 0.38241455044913819, "depressing": 0.68419723685528522, "safer": 0.28537080318215108, "boring": 0.65562813344107052, "human": 0.00016941940575310001, "vehicle": 0.027581599720737301, "construction": 0.1057129575495134, "nature": 0.086443215085748995, "sky": 0.51319162469161184, "object": 0.0052867688630756004, "PI": 0.20052681399454594, "NI": 0.44637576190477884, "length": 578.8385309, "source": 215, "target": 216, "direction": "bi-directional", "flow": 540.0, "flow_pct": 0.3989626969878316, "flow_rank": 60 }, "geometry": { "type": "LineString", "coordinates": [ [ 113.952950936042811, 22.556296623833511 ], [ 113.952997347694449, 22.555472278021881 ], [ 113.95309021774375, 22.554554971309752 ], [ 113.953405742726247, 22.552490604565321 ], [ 113.953494306554205, 22.552043485517181 ], [ 113.953624464252499, 22.551606560534246 ], [ 113.953809018655292, 22.551150460085378 ] ] } },
{ "type": "Feature", "properties": { "arc": 825, "wealthier": 0.4344124813629866, "beautiful": 0.31465882580661841, "livelier": 0.49897712812077899, "depressing": 0.59303165247223144, "safer": 0.36354940758744919, "boring": 0.54778107422282518, "human": 0.0012234663351988, "vehicle": 0.0140499701866736, "construction": 0.098945935567220006, "nature": 0.15650313939803681, "sky": 0.4748807809291743, "object": 0.0059820810953776001, "PI": 0.28990607015686454, "NI": 0.39241464029641254, "length": 718.9263009, "source": 72, "target": 74, "direction": "bi-directional", "flow": 75.0, "flow_pct": 0.055411485692754399, "flow_rank": 445 }, "geometry": { "type": "LineString", "coordinates": [ [ 113.918362377110299, 22.555689098644706 ], [ 113.918359056682846, 22.554228913988595 ], [ 113.918445511078545, 22.55044529429377 ], [ 113.918452492848331, 22.549197821888889 ] ] } },
{ "type": "Feature", "properties": { "arc": 826, "wealthier": 0.30545526037702492, "beautiful": 0.399569344049507, "livelier": 0.25586657443642452, "depressing": 0.79598258120745158, "safer": 0.20383426589557899, "boring": 0.56064944929651062, "human": 2.5992299996170346e-05, "vehicle": 0.0255209604899088, "construction": 0.0439910888671875, "nature": 0.1852842592725566, "sky": 0.4765344507553998, "object": 0.0026855094760071998, "PI": 0.20045005618666956, "NI": 0.40256631930552533, "length": 473.6123364, "source": 72, "target": 91, "direction": "bi-directional", "flow": 155.0, "flow_pct": 0.1145170704316924, "flow_rank": 282 }, "geometry": { "type": "LineString", "coordinates": [ [ 113.918362377110299, 22.555689098644706 ], [ 113.922231079667114, 22.555485974423544 ], [ 113.922960332627625, 22.555460290974601 ] ] } },
{ "type": "Feature", "properties": { "arc": 828, "wealthier": 0.43594551680748589, "beautiful": 0.39209836586429869, "livelier": 0.47592938612035152, "depressing": 0.60735172074832611, "safer": 0.38139205063044268, "boring": 0.59852111799806673, "human": 0.00072924296061189998, "vehicle": 0.027029128301711301, "construction": 0.1477938152494884, "nature": 0.20266790238637769, "sky": 0.39362114194839709, "object": 0.0070632752918061001, "PI": 0.30849407969199139, "NI": 0.41344873768485807, "length": 507.4883628, "source": 541, "target": 527, "direction": "bi-directional", "flow": 144.0, "flow_pct": 0.10639005253008844, "flow_rank": 309 }, "geometry": { "type": "LineString", "coordinates": [ [ 114.12005063239873, 22.559641825508276 ], [ 114.119647161242469, 22.559372896784968 ], [ 114.119169784155048, 22.559120972068751 ], [ 114.118825523805199, 22.558988112120346 ], [ 114.118443396032418, 22.558895741818784 ], [ 114.118082657195657, 22.558852532457415 ], [ 114.117280997550381, 22.558817846490918 ], [ 114.11532647033016, 22.558808096306411 ] ] } },
{ "type": "Feature", "properties": { "arc": 829, "wealthier": 0.4917997644783203, "beautiful": 0.44618275318066042, "livelier": 0.4580809027748588, "depressing": 0.50190461359192373, "safer": 0.45103419412160373, "boring": 0.57141928636894734, "human": 5.9899829682849696e-05, "vehicle": 0.0063703173682802998, "construction": 0.1708961668468657, "nature": 0.26406492505754742, "sky": 0.3618219466436477, "object": 0.0045548847743443, "PI": 0.34374184472711428, "NI": 0.35781615038014641, "length": 323.3951011, "source": 541, "target": 544, "direction": "bi-directional", "flow": 419.0, "flow_pct": 0.3095655000701879, "flow_rank": 92 }, "geometry": { "type": "LineString", "coordinates": [ [ 114.12005063239873, 22.559641825508276 ], [ 114.120365345604156, 22.558989438128922 ], [ 114.120517676645747, 22.558749662535309 ], [ 114.121343883764609, 22.557777022360099 ], [ 114.121821751856785, 22.557251113389146 ] ] } },
{ "type": "Feature", "properties": { "arc": 830, "wealthier": 0.3938248290251582, "beautiful": 0.33917528688533211, "livelier": 0.38713307707047029, "depressing": 0.63140812814091452, "safer": 0.32249959384044341, "boring": 0.6541992571584726, "human": 0.00044938629748770002, "vehicle": 0.096941611346076498, "construction": 0.026651793835209801, "nature": 0.1260882919909907, "sky": 0.51961964251948345, "object": 0.0041385351442823001, "PI": 0.24114759579873798, "NI": 0.45659495265212113, "length": 913.8742872, "source": 232, "target": 215, "direction": "bi-directional", "flow": 188.0, "flow_pct": 0.13889812413650435, "flow_rank": 228 }, "geometry": { "type": "LineString", "coordinates": [ [ 113.961819875401716, 22.556729789689914 ], [ 113.960935308557282, 22.556623763614592 ], [ 113.960172228117003, 22.556560212921994 ], [ 113.959132452239814, 22.556536840281897 ], [ 113.95386859592179, 22.556342352622138 ], [ 113.952950936042811, 22.556296623833511 ] ] } },
{ "type": "Feature", "properties": { "arc": 831, "wealthier": 0.63427367818481106, "beautiful": 0.47528367238434022, "livelier": 0.53634164799559036, "depressing": 0.48689593795715469, "safer": 0.49216388489907698, "boring": 0.49122954041664468, "human": 0.00040380160013830002, "vehicle": 0.0141808191935221, "construction": 0.02849809328715, "nature": 0.2779876788457234, "sky": 0.43021118640899642, "object": 0.0023813247680664002, "PI": 0.40415040975426492, "NI": 0.30625336883622506, "length": 441.7141704, "source": 232, "target": 231, "direction": "bi-directional", "flow": 220.0, "flow_pct": 0.16254035803207956, "flow_rank": 186 }, "geometry": { "type": "LineString", "coordinates": [ [ 113.961819875401716, 22.556729789689914 ], [ 113.961223772506784, 22.552779575189636 ] ] } },
{ "type": "Feature", "properties": { "arc": 832, "wealthier": 0.58030277980820799, "beautiful": 0.35707004774771278, "livelier": 0.65799800400953379, "depressing": 0.56965921519241525, "safer": 0.4539767397877526, "boring": 0.43734881541103099, "human": 0.0001203971996641, "vehicle": 0.0105210689076206, "construction": 0.054210261294716199, "nature": 0.2809109269526967, "sky": 0.4197735702782347, "object": 0.0036921250192742, "PI": 0.38699216673446063, "NI": 0.32256152779064057, "length": 544.552194, "source": 252, "target": 256, "direction": "bi-directional", "flow": 36.0, "flow_pct": 0.026597513132522111, "flow_rank": 582 }, "geometry": { "type": "LineString", "coordinates": [ [ 113.970573504887199, 22.557249147831936 ], [ 113.971272905606412, 22.556576033204692 ], [ 113.974401894698971, 22.553853857408132 ] ] } },
{ "type": "Feature", "properties": { "arc": 833, "wealthier": 0.45956846984717098, "beautiful": 0.41491633808110012, "livelier": 0.42591569909839988, "depressing": 0.5533132598056717, "safer": 0.37443689353440979, "boring": 0.59070755896799765, "human": 9.9182128906250041e-05, "vehicle": 0.029381910959879499, "construction": 0.040970007578531899, "nature": 0.21840115955897729, "sky": 0.44922238304501488, "object": 0.0033770515805198998, "PI": 0.30190052360360503, "NI": 0.36229293225091902, "length": 605.9883133, "source": 252, "target": 258, "direction": "bi-directional", "flow": 195.0, "flow_pct": 0.14406986280116144, "flow_rank": 223 }, "geometry": { "type": "LineString", "coordinates": [ [ 113.970573504887199, 22.557249147831936 ], [ 113.971486492548252, 22.557071523464682 ], [ 113.973101057964428, 22.556646914604773 ], [ 113.973376956790275, 22.556603114145524 ], [ 113.973778091416776, 22.55656200129031 ], [ 113.974489619419984, 22.556552607037439 ], [ 113.97492881020159, 22.556583615806179 ], [ 113.975485560592944, 22.556672284606471 ], [ 113.976342108773736, 22.55686165213077 ] ] } },
{ "type": "Feature", "properties": { "arc": 834, "wealthier": 0.4364575079552202, "beautiful": 0.51368096329965718, "livelier": 0.66333664104452184, "depressing": 0.46284273347794153, "safer": 0.4864665220325064, "boring": 0.32670974000546288, "human": 0.0032984945509167999, "vehicle": 0.0265348222520616, "construction": 0.096786287095811593, "nature": 0.36714659796820742, "sky": 0.22185712390475801, "object": 0.010576407114664701, "PI": 0.45946961681610249, "NI": 0.2965912565689065, "length": 291.0321827, "source": 319, "target": 317, "direction": "bi-directional", "flow": 34.0, "flow_pct": 0.025119873514048659, "flow_rank": 594 }, "geometry": { "type": "LineString", "coordinates": [ [ 114.03131976004228, 22.558520187775549 ], [ 114.02941931721864, 22.55657306245504 ] ] } },
{ "type": "Feature", "properties": { "arc": 835, "wealthier": 0.51624184366597137, "beautiful": 0.53219529369423102, "livelier": 0.68712373772559387, "depressing": 0.41220915819992898, "safer": 0.52041252170227337, "boring": 0.29777574912855009, "human": 0.0028481660065827002, "vehicle": 0.011967694317853, "construction": 0.13784525129530159, "nature": 0.23357670395462601, "sky": 0.3335870460227684, "object": 0.0109887652926974, "PI": 0.44817205053741976, "NI": 0.31821553122388185, "length": 550.5001257, "source": 319, "target": 327, "direction": "bi-directional", "flow": 22.0, "flow_pct": 0.016254035803207958, "flow_rank": 648 }, "geometry": { "type": "LineString", "coordinates": [ [ 114.03131976004228, 22.558520187775549 ], [ 114.035112309128564, 22.555012413958419 ] ] } },
{ "type": "Feature", "properties": { "arc": 838, "wealthier": 0.33691257806327879, "beautiful": 0.34769028589664419, "livelier": 0.26359602649292879, "depressing": 0.66522456081357495, "safer": 0.2851373935388013, "boring": 0.76075003067763758, "human": 8.6103166852678577e-05, "vehicle": 0.079513610355437706, "construction": 0.022680706448025102, "nature": 0.12562685164194251, "sky": 0.53490968734499, "object": 0.0024027445959665999, "PI": 0.19761310720638872, "NI": 0.46104781451078813, "length": 504.9387751, "source": 232, "target": 245, "direction": "bi-directional", "flow": 316.0, "flow_pct": 0.23346705971880516, "flow_rank": 117 }, "geometry": { "type": "LineString", "coordinates": [ [ 113.961819875401716, 22.556729789689914 ], [ 113.962970223398557, 22.556917625067246 ], [ 113.964273303794783, 22.557210531999168 ], [ 113.964852861107531, 22.557321077636452 ], [ 113.965849940906594, 22.557460086838198 ], [ 113.966646272924834, 22.557537595257806 ] ] } },
{ "type": "Feature", "properties": { "arc": 839, "wealthier": 0.39516930105885212, "beautiful": 0.31079816883016809, "livelier": 0.53424408641231258, "depressing": 0.67028419197928857, "safer": 0.3216179874715952, "boring": 0.49255676596561798, "human": 0.00029703088708819998, "vehicle": 0.022385090321033901, "construction": 0.1708005441201699, "nature": 0.094705392648507802, "sky": 0.44888087435885582, "object": 0.0057586979221653, "PI": 0.25481039823092705, "NI": 0.41758681695497923, "length": 896.0698339, "source": 603, "target": 601, "direction": "bi-directional", "flow": 1256.0, "flow_pct": 0.92795768040132687, "flow_rank": 5 }, "geometry": { "type": "LineString", "coordinates": [ [ 114.157471742508761, 22.561027821742798 ], [ 114.156600656469806, 22.560405656971042 ], [ 114.154667651333483, 22.558870968374553 ], [ 114.153145782307163, 22.557632643851186 ], [ 114.152247067851903, 22.556963443622582 ], [ 114.15188979243311, 22.556741748408911 ], [ 114.151435653578289, 22.556517686095905 ], [ 114.151159766397214, 22.55641838269386 ], [ 114.150533660825857, 22.556238569344295 ] ] } },
{ "type": "Feature", "properties": { "arc": 840, "wealthier": 0.39820536826779468, "beautiful": 0.37267435796896259, "livelier": 0.41279803703024082, "depressing": 0.59760887379777861, "safer": 0.3547783779924516, "boring": 0.60282200865145452, "human": 8.3075629340277781e-05, "vehicle": 0.049396267643681199, "construction": 0.083510893362539695, "nature": 0.16416200002034501, "sky": 0.45804829067654068, "object": 0.0026901033189560999, "PI": 0.26361427219777778, "NI": 0.39916770708167143, "length": 406.6917173, "source": 245, "target": 252, "direction": "bi-directional", "flow": 231.0, "flow_pct": 0.17066737593368353, "flow_rank": 177 }, "geometry": { "type": "LineString", "coordinates": [ [ 113.966646272924834, 22.557537595257806 ], [ 113.967682635560465, 22.557558689578631 ], [ 113.968598351898379, 22.557530622243402 ], [ 113.969284385911152, 22.557465196782413 ], [ 113.969981087206008, 22.557373596699296 ], [ 113.970335036877671, 22.557311722181797 ], [ 113.970573504887199, 22.557249147831936 ] ] } },
{ "type": "Feature", "properties": { "arc": 843, "wealthier": 0.49199867890406612, "beautiful": 0.41566174064248063, "livelier": 0.477350523754075, "depressing": 0.54131847803200928, "safer": 0.41130649274159692, "boring": 0.4984979196799445, "human": 0.00012443683765549999, "vehicle": 0.040502724824128297, "construction": 0.064488516913519894, "nature": 0.1582298985234013, "sky": 0.44681757467764399, "object": 0.0032662992124204001, "PI": 0.30931536460473635, "NI": 0.35833639505538578, "length": 468.5114029, "source": 295, "target": 289, "direction": "bi-directional", "flow": 188.0, "flow_pct": 0.13889812413650435, "flow_rank": 228 }, "geometry": { "type": "LineString", "coordinates": [ [ 114.009679221427689, 22.558444259016657 ], [ 114.005544615444038, 22.556668758284914 ] ] } },
{ "type": "Feature", "properties": { "arc": 847, "wealthier": 0.53524717097219765, "beautiful": 0.43874156118638208, "livelier": 0.59461963323495004, "depressing": 0.53236206795476548, "safer": 0.4929150324413461, "boring": 0.48531874487500631, "human": 0.0001710255940755, "vehicle": 0.0141884485880533, "construction": 0.085899670918782506, "nature": 0.2941514121161567, "sky": 0.37706120808919269, "object": 0.0046376122368705997, "PI": 0.39267170756410713, "NI": 0.33114564794243345, "length": 143.8841586, "source": 539, "target": 541, "direction": "bi-directional", "flow": 285.0, "flow_pct": 0.21056364563246671, "flow_rank": 130 }, "geometry": { "type": "LineString", "coordinates": [ [ 114.119557546195779, 22.560857092341365 ], [ 114.119890227399168, 22.560092216340134 ], [ 114.12005063239873, 22.559641825508276 ] ] } },
{ "type": "Feature", "properties": { "arc": 850, "wealthier": 0.53243075269650664, "beautiful": 0.43893462675495881, "livelier": 0.63043748120859122, "depressing": 0.52122481225211237, "safer": 0.4625652173695482, "boring": 0.4438891764538942, "human": 0.00039556291368269999, "vehicle": 0.056834803687201597, "construction": 0.050385740068223703, "nature": 0.27155876159667969, "sky": 0.37464602788289381, "object": 0.0046478907267252, "PI": 0.39114101545674057, "NI": 0.34101968218551154, "length": 311.7243326, "source": 463, "target": 467, "direction": "bi-directional", "flow": 37.0, "flow_pct": 0.027336332941758835, "flow_rank": 578 }, "geometry": { "type": "LineString", "coordinates": [ [ 114.089692597791171, 22.560965616947211 ], [ 114.091000346033184, 22.558426173013387 ] ] } },
{ "type": "Feature", "properties": { "arc": 851, "wealthier": 0.50998678956887877, "beautiful": 0.49457514283045351, "livelier": 0.60239382772621364, "depressing": 0.44613265014812808, "safer": 0.50439087489249501, "boring": 0.35656759357664231, "human": 0.001164436340332, "vehicle": 0.034437666998969101, "construction": 0.079162512885199599, "nature": 0.30988133748372382, "sky": 0.3179789225260416, "object": 0.0046705245971678999, "PI": 0.41864743732472554, "NI": 0.28943390862487989, "length": 761.5362693, "source": 576, "target": 559, "direction": "bi-directional", "flow": 661.0, "flow_pct": 0.48835989390547535, "flow_rank": 31 }, "geometry": { "type": "LineString", "coordinates": [ [ 114.131863680235185, 22.561976005434641 ], [ 114.130752511718839, 22.561687844635404 ], [ 114.128776751178364, 22.561140604906058 ], [ 114.128482700551828, 22.56104163308952 ], [ 114.128262705691824, 22.56093341655199 ], [ 114.127516148430175, 22.560499162357292 ], [ 114.125165438367347, 22.559180409623039 ] ] } },
{ "type": "Feature", "properties": { "arc": 852, "wealthier": 0.44762161481372981, "beautiful": 0.41517590179333752, "livelier": 0.5452639868287209, "depressing": 0.54124631899994935, "safer": 0.44723460952840483, "boring": 0.4449028469271572, "human": 0.00083006345308739998, "vehicle": 0.0106165470221103, "construction": 0.038834889729817697, "nature": 0.2105815104949168, "sky": 0.45132392492049778, "object": 0.0083277775691104998, "PI": 0.34293103557792759, "NI": 0.35073759315666814, "length": 708.3917514, "source": 576, "target": 565, "direction": "bi-directional", "flow": 185.0, "flow_pct": 0.13668166470879417, "flow_rank": 237 }, "geometry": { "type": "LineString", "coordinates": [ [ 114.131863680235185, 22.561976005434641 ], [ 114.131277030351413, 22.561097767845634 ], [ 114.128288089253459, 22.556508630912624 ] ] } },
{ "type": "Feature", "properties": { "arc": 853, "wealthier": 0.38227960419711682, "beautiful": 0.37835603927003258, "livelier": 0.53167931935417057, "depressing": 0.59665965117870245, "safer": 0.37224466554701308, "boring": 0.48722006334335322, "human": 0.00079129536946609999, "vehicle": 0.018578084309895802, "construction": 0.0557951291402181, "nature": 0.22525208791097009, "sky": 0.44233462015787761, "object": 0.0063310305277505998, "PI": 0.31230048164431656, "NI": 0.36493866689507976, "length": 498.2482654, "source": 576, "target": 587, "direction": "bi-directional", "flow": 301.0, "flow_pct": 0.22238476258025433, "flow_rank": 122 }, "geometry": { "type": "LineString", "coordinates": [ [ 114.131863680235185, 22.561976005434641 ], [ 114.13215118924235, 22.561714814504928 ], [ 114.132421700620156, 22.561437055361893 ], [ 114.135072764744152, 22.558606975916287 ] ] } },
{ "type": "Feature", "properties": { "arc": 855, "wealthier": 0.34547526618763191, "beautiful": 0.31464250270901051, "livelier": 0.49716646597582881, "depressing": 0.65423253731915532, "safer": 0.32350541939071598, "boring": 0.47913481497026927, "human": 0.00013037522633869999, "vehicle": 0.0256494681040445, "construction": 0.038501501083374003, "nature": 0.18789247671763101, "sky": 0.4964278936386109, "object": 0.0047642389933267998, "PI": 0.26119695528725234, "NI": 0.3789382957021814, "length": 449.1624302, "source": 606, "target": 603, "direction": "bi-directional", "flow": 672.0, "flow_pct": 0.49648691180707938, "flow_rank": 26 }, "geometry": { "type": "LineString", "coordinates": [ [ 114.161470819732855, 22.562634121294931 ], [ 114.160607712338731, 22.56238607692308 ], [ 114.159820587332035, 22.562098474652625 ], [ 114.158449268370802, 22.561516287301902 ], [ 114.157471742508761, 22.561027821742798 ] ] } },
{ "type": "Feature", "properties": { "arc": 858, "wealthier": 0.58394408933046815, "beautiful": 0.44858755624048641, "livelier": 0.80653101293664775, "depressing": 0.45394268919853498, "safer": 0.56676864608435595, "boring": 0.25522800693527947, "human": 0.0044114854600693998, "vehicle": 0.044650554656982401, "construction": 0.1097062958611382, "nature": 0.25461604860093862, "sky": 0.3195876015557183, "object": 0.0073844591776528997, "PI": 0.50066485840238639, "NI": 0.30738140838833156, "length": 332.2882049, "source": 500, "target": 501, "direction": "bi-directional", "flow": 134.0, "flow_pct": 0.099001854437721179, "flow_rank": 322 }, "geometry": { "type": "LineString", "coordinates": [ [ 114.104025605796238, 22.561629019181186 ], [ 114.104079223099561, 22.558628759841358 ] ] } },
{ "type": "Feature", "properties": { "arc": 859, "wealthier": 0.4383847719739899, "beautiful": 0.36370613899794102, "livelier": 0.44133693595859708, "depressing": 0.68396375519059904, "safer": 0.35286368093768861, "boring": 0.55758784975005937, "human": 0.00022585429842500001, "vehicle": 0.020169742523677699, "construction": 0.13649185120113311, "nature": 0.1169219395470997, "sky": 0.47597338661314947, "object": 0.0053918929327100998, "PI": 0.26415035225965267, "NI": 0.42400845866413706, "length": 1042.252443, "source": 619, "target": 620, "direction": "bi-directional", "flow": 62.0, "flow_pct": 0.045806828172676964, "flow_rank": 481 }, "geometry": { "type": "LineString", "coordinates": [ [ 114.17255112078378, 22.562850920011606 ], [ 114.173465363889633, 22.562635582595501 ], [ 114.173914674943106, 22.562497218061935 ], [ 114.174423815753855, 22.562281001462381 ], [ 114.17493886653142, 22.562008478215155 ], [ 114.17542812762234, 22.561684314577114 ], [ 114.177674119330959, 22.560031318298591 ], [ 114.178915382498658, 22.559174534317407 ], [ 114.180628760816404, 22.557914202463863 ], [ 114.180881204974469, 22.557808073101647 ], [ 114.180961627291069, 22.557773709623763 ] ] } },
{ "type": "Feature", "properties": { "arc": 860, "wealthier": 0.1642449414324281, "beautiful": 0.23187756051981109, "livelier": 0.19667293238649619, "depressing": 0.79288626358477787, "safer": 0.18126678371879271, "boring": 0.80903722655167565, "human": 0.0014497805864383, "vehicle": 0.034155478844275798, "construction": 0.1286617670303736, "nature": 0.079940257928310304, "sky": 0.47905838795197309, "object": 0.0061645996876251996, "PI": 0.12081247959505265, "NI": 0.5012738088577392, "length": 332.0207742, "source": 484, "target": 486, "direction": "bi-directional", "flow": 56.0, "flow_pct": 0.041373909317256617, "flow_rank": 508 }, "geometry": { "type": "LineString", "coordinates": [ [ 114.099307350657782, 22.561548454142457 ], [ 114.099338600240628, 22.560518054220307 ], [ 114.099366337212487, 22.55855077386008 ] ] } },
{ "type": "Feature", "properties": { "arc": 861, "wealthier": 0.26543659869805603, "beautiful": 0.24014152655022841, "livelier": 0.55147531995952737, "depressing": 0.70026472214566882, "safer": 0.2816974920352292, "boring": 0.52768712659428829, "human": 0.0036251761696555001, "vehicle": 0.040066805752840898, "construction": 0.2146389123165246, "nature": 0.051323688391483102, "sky": 0.43303183353308478, "object": 0.0089482972116181007, "PI": 0.24670775303401848, "NI": 0.47141421135787082, "length": 241.773629, "source": 494, "target": 500, "direction": "bi-directional", "flow": 0.0, "flow_pct": 0.0, "flow_rank": 766 }, "geometry": { "type": "LineString", "coordinates": [ [ 114.101675598162458, 22.561581082020652 ], [ 114.103026872245735, 22.561620907600496 ], [ 114.104025605796238, 22.561629019181186 ] ] } },
{ "type": "Feature", "properties": { "arc": 862, "wealthier": 0.23413108263847329, "beautiful": 0.2178745417928917, "livelier": 0.51462525651798474, "depressing": 0.72449721687093316, "safer": 0.25564654430305511, "boring": 0.60061123823507723, "human": 0.0029860409823329998, "vehicle": 0.036512085885712503, "construction": 0.21555548003225611, "nature": 0.036803505637428902, "sky": 0.44379974134040601, "object": 0.0090497334798177002, "PI": 0.21372903637722127, "NI": 0.48990998605468672, "length": 243.6482628, "source": 484, "target": 494, "direction": "bi-directional", "flow": 0.0, "flow_pct": 0.0, "flow_rank": 766 }, "geometry": { "type": "LineString", "coordinates": [ [ 114.099307350657782, 22.561548454142457 ], [ 114.100006758953398, 22.561577529399944 ], [ 114.101675598162458, 22.561581082020652 ] ] } },
{ "type": "Feature", "properties": { "arc": 863, "wealthier": 0.68898125004773803, "beautiful": 0.55997287367596515, "livelier": 0.87664749324298819, "depressing": 0.35079155849299071, "safer": 0.65300821018265365, "boring": 0.1465531039676731, "human": 0.0044376232005931002, "vehicle": 0.036020632143373803, "construction": 0.1108136000456633, "nature": 0.3592372470431856, "sky": 0.2339079821551287, "object": 0.0061583342375578004, "PI": 0.59475338971809055, "NI": 0.23248727326522725, "length": 479.1890659, "source": 478, "target": 484, "direction": "bi-directional", "flow": 0.0, "flow_pct": 0.0, "flow_rank": 766 }, "geometry": { "type": "LineString", "coordinates": [ [ 114.094649111954467, 22.561479582884804 ], [ 114.097195793258948, 22.561530861698138 ], [ 114.098739843180951, 22.561533264817065 ], [ 114.099307350657782, 22.561548454142457 ] ] } },
{ "type": "Feature", "properties": { "arc": 864, "wealthier": 0.68078101775526145, "beautiful": 0.52568553178434152, "livelier": 0.86035729804730154, "depressing": 0.40355609239460111, "safer": 0.64758491814330021, "boring": 0.232938919369684, "human": 0.0034018622504340002, "vehicle": 0.039399570888943101, "construction": 0.1119567023383246, "nature": 0.3846631579928928, "sky": 0.22118939293755421, "object": 0.0028955671522352001, "PI": 0.57611236761694251, "NI": 0.23673779757108523, "length": 122.7114137, "source": 466, "target": 463, "direction": "bi-directional", "flow": 17.0, "flow_pct": 0.012559936757024329, "flow_rank": 677 }, "geometry": { "type": "LineString", "coordinates": [ [ 114.090776802723028, 22.561425073364791 ], [ 114.090261651478713, 22.56117759369792 ], [ 114.089692597791171, 22.560965616947211 ] ] } },
{ "type": "Feature", "properties": { "arc": 865, "wealthier": 0.71024138699120298, "beautiful": 0.58701414757096815, "livelier": 0.78633517235745765, "depressing": 0.33973474077512422, "safer": 0.65658435088541323, "boring": 0.25657078590622517, "human": 0.0026170015335082999, "vehicle": 0.028715054194132401, "construction": 0.064295887947082506, "nature": 0.40232288837432861, "sky": 0.230268637339274, "object": 0.0068223476409911997, "PI": 0.57430812601178316, "NI": 0.23244230747726746, "length": 398.3156074, "source": 466, "target": 478, "direction": "bi-directional", "flow": 5.0, "flow_pct": 0.0036940990461836261, "flow_rank": 750 }, "geometry": { "type": "LineString", "coordinates": [ [ 114.090776802723028, 22.561425073364791 ], [ 114.094649111954467, 22.561479582884804 ] ] } },
{ "type": "Feature", "properties": { "arc": 866, "wealthier": 0.32570949227524909, "beautiful": 0.37894711893945737, "livelier": 0.40992761678090089, "depressing": 0.61414995582975285, "safer": 0.34153507019545482, "boring": 0.54489440594832328, "human": 0.00014919704861110001, "vehicle": 0.011057429843478701, "construction": 0.059331787957085498, "nature": 0.1623485353257921, "sky": 0.5095106760660808, "object": 0.0053099526299369999, "PI": 0.24968762537049941, "NI": 0.38618170174775357, "length": 165.0149079, "source": 617, "target": 619, "direction": "bi-directional", "flow": 131.0, "flow_pct": 0.096785395010011016, "flow_rank": 330 }, "geometry": { "type": "LineString", "coordinates": [ [ 114.170947608202823, 22.562847622097941 ], [ 114.171784878544742, 22.56287442775788 ], [ 114.17255112078378, 22.562850920011606 ] ] } },
{ "type": "Feature", "properties": { "arc": 867, "wealthier": 0.47972918467456221, "beautiful": 0.42477730290333959, "livelier": 0.47947894571447358, "depressing": 0.5528382108507427, "safer": 0.4106204362715884, "boring": 0.48479023839090701, "human": 9.72747802734375e-05, "vehicle": 0.013382938173082099, "construction": 0.066169261932373005, "nature": 0.21930983331468371, "sky": 0.44506210751003689, "object": 0.0027541584438747001, "PI": 0.32412039830217088, "NI": 0.33507294321400977, "length": 664.9481518, "source": 611, "target": 617, "direction": "bi-directional", "flow": 139.0, "flow_pct": 0.10269595348390481, "flow_rank": 318 }, "geometry": { "type": "LineString", "coordinates": [ [ 114.164483218496343, 22.562750297013114 ], [ 114.170947608202823, 22.562847622097941 ] ] } },
{ "type": "Feature", "properties": { "arc": 868, "wealthier": 0.44873157798812391, "beautiful": 0.40428096602593427, "livelier": 0.47928305449306269, "depressing": 0.57356927687227477, "safer": 0.39249071559532761, "boring": 0.46028534145013761, "human": 0.0001526333036876, "vehicle": 0.015622729346865699, "construction": 0.0343059812273298, "nature": 0.220183009193057, "sky": 0.4763064611525763, "object": 0.0031207856677826998, "PI": 0.3126568572619795, "NI": 0.33670638303713668, "length": 310.3483042, "source": 606, "target": 611, "direction": "bi-directional", "flow": 683.0, "flow_pct": 0.50461392970868335, "flow_rank": 24 }, "geometry": { "type": "LineString", "coordinates": [ [ 114.161470819732855, 22.562634121294931 ], [ 114.162277981496871, 22.562711667549962 ], [ 114.162824720446849, 22.562737948310129 ], [ 114.164483218496343, 22.562750297013114 ] ] } },
{ "type": "Feature", "properties": { "arc": 869, "wealthier": 0.44290278645282177, "beautiful": 0.4021545673002852, "livelier": 0.41261034160074361, "depressing": 0.56371871515637684, "safer": 0.35743906078947008, "boring": 0.56124657219190011, "human": 0.0001729329427083, "vehicle": 0.036546223958333297, "construction": 0.099192911783854101, "nature": 0.10599372863769529, "sky": 0.47460512797037768, "object": 0.0034509023030598, "PI": 0.26388682670738178, "NI": 0.39054843712541465, "length": 579.7884195, "source": 303, "target": 295, "direction": "bi-directional", "flow": 188.0, "flow_pct": 0.13889812413650435, "flow_rank": 228 }, "geometry": { "type": "LineString", "coordinates": [ [ 114.014994256594605, 22.560114108369508 ], [ 114.014378273291143, 22.560014197258411 ], [ 114.01359282726186, 22.559856594792638 ], [ 114.012963189040761, 22.559700597870737 ], [ 114.01233480997719, 22.559518066910858 ], [ 114.011763748515079, 22.559324125386006 ], [ 114.011270324936405, 22.559135444273906 ], [ 114.009679221427689, 22.558444259016657 ] ] } },
{ "type": "Feature", "properties": { "arc": 870, "wealthier": 0.50335782777605464, "beautiful": 0.40156582222550169, "livelier": 0.37365100276187718, "depressing": 0.61492300702459124, "safer": 0.41134269588485889, "boring": 0.62948484455040876, "human": 0.00011210971408419999, "vehicle": 0.0179954811378761, "construction": 0.13313862129494, "nature": 0.1182863447401258, "sky": 0.4656671594690393, "object": 0.007059061968768, "PI": 0.27832652911464023, "NI": 0.4287301088795572, "length": 525.3070967, "source": 303, "target": 304, "direction": "bi-directional", "flow": 0.0, "flow_pct": 0.0, "flow_rank": 766 }, "geometry": { "type": "LineString", "coordinates": [ [ 114.014994256594605, 22.560114108369508 ], [ 114.015470008439024, 22.55700115902652 ], [ 114.015728462439398, 22.555419731099903 ] ] } },
{ "type": "Feature", "properties": { "arc": 872, "wealthier": 0.42998132827709501, "beautiful": 0.43558683832909201, "livelier": 0.61269924807702048, "depressing": 0.51402153358023395, "safer": 0.42845082111109267, "boring": 0.41815409122828467, "human": 0.0058043064215244, "vehicle": 0.0550497495211087, "construction": 0.1233758192795973, "nature": 0.24879235487717849, "sky": 0.32271864475348061, "object": 0.0051084176087989996, "PI": 0.42596701716361557, "NI": 0.34599247364229441, "length": 329.3460964, "source": 557, "target": 559, "direction": "bi-directional", "flow": 121.0, "flow_pct": 0.089397196917643765, "flow_rank": 349 }, "geometry": { "type": "LineString", "coordinates": [ [ 114.124821693627197, 22.56213732801444 ], [ 114.125165438367347, 22.559180409623039 ] ] } },
{ "type": "Feature", "properties": { "arc": 876, "wealthier": 0.6809158698776796, "beautiful": 0.50737541961310606, "livelier": 0.67113754878332432, "depressing": 0.4252762189516428, "safer": 0.57344569048873462, "boring": 0.2859466221716081, "human": 0.00027974446614579998, "vehicle": 0.037850909762912298, "construction": 0.032198376125759501, "nature": 0.25104444998281977, "sky": 0.42420853508843309, "object": 0.0048816822193287002, "PI": 0.4501993725520681, "NI": 0.29109926664544439, "length": 224.1998606, "source": 243, "target": 245, "direction": "bi-directional", "flow": 134.0, "flow_pct": 0.099001854437721179, "flow_rank": 322 }, "geometry": { "type": "LineString", "coordinates": [ [ 113.966074056759737, 22.559491192002408 ], [ 113.966646272924834, 22.557537595257806 ] ] } },
{ "type": "Feature", "properties": { "arc": 877, "wealthier": 0.4163676169282704, "beautiful": 0.51062748009085246, "livelier": 0.56900621993654898, "depressing": 0.46639751963760279, "safer": 0.4619322296783403, "boring": 0.40641866811268218, "human": 0.0020712650183474998, "vehicle": 0.017473972204959699, "construction": 0.078609928940281695, "nature": 0.36538176103071729, "sky": 0.25564667672821961, "object": 0.011337742660984799, "PI": 0.41685464253865528, "NI": 0.3126675647503856, "length": 354.6034383, "source": 323, "target": 319, "direction": "bi-directional", "flow": 56.0, "flow_pct": 0.041373909317256617, "flow_rank": 508 }, "geometry": { "type": "LineString", "coordinates": [ [ 114.033627877687337, 22.560898911702939 ], [ 114.03131976004228, 22.558520187775549 ] ] } },
{ "type": "Feature", "properties": { "arc": 878, "wealthier": 0.52780769694105756, "beautiful": 0.5323448875884611, "livelier": 0.70355177461476381, "depressing": 0.42654748104772761, "safer": 0.54798833107728706, "boring": 0.32635035609393909, "human": 0.0031139161851671, "vehicle": 0.037956767612033399, "construction": 0.13363431294759109, "nature": 0.2850012037489148, "sky": 0.27637428707546657, "object": 0.0069919586181640004, "PI": 0.47440059054851402, "NI": 0.30343989819635092, "length": 728.2140307, "source": 323, "target": 335, "direction": "bi-directional", "flow": 76.0, "flow_pct": 0.056150305501991127, "flow_rank": 439 }, "geometry": { "type": "LineString", "coordinates": [ [ 114.033627877687337, 22.560898911702939 ], [ 114.034008703416291, 22.560466924677609 ], [ 114.034184932612234, 22.56029970058318 ], [ 114.036331154703575, 22.558645256357277 ], [ 114.036723409563578, 22.55831137800844 ], [ 114.036928651688243, 22.558063327534715 ], [ 114.037904345057228, 22.5567468667107 ], [ 114.038367291607813, 22.556086587958507 ] ] } },
{ "type": "Feature", "properties": { "arc": 882, "wealthier": 0.36679979637359827, "beautiful": 0.4091315244390647, "livelier": 0.35625267967528068, "depressing": 0.62591017761251555, "safer": 0.32533123878799808, "boring": 0.57731618769512971, "human": 8.7893106103912596e-05, "vehicle": 0.037713461775120603, "construction": 0.031688535116552299, "nature": 0.1280043687277693, "sky": 0.54190300732124153, "object": 0.0054239257564388998, "PI": 0.23985084262364786, "NI": 0.41424184632166677, "length": 1034.914775, "source": 303, "target": 314, "direction": "bi-directional", "flow": 188.0, "flow_pct": 0.13889812413650435, "flow_rank": 228 }, "geometry": { "type": "LineString", "coordinates": [ [ 114.014994256594605, 22.560114108369508 ], [ 114.016181555523886, 22.560203892168509 ], [ 114.016724897581142, 22.560230244375866 ], [ 114.017526502357441, 22.560228393276404 ], [ 114.018289465215801, 22.56018989789148 ], [ 114.019342328620667, 22.560161701614007 ], [ 114.020352407251096, 22.560176861678187 ], [ 114.021071802115401, 22.560213911933999 ], [ 114.022054550495753, 22.560315558169968 ], [ 114.023249196223631, 22.560499781525134 ], [ 114.024982340242801, 22.560865766442291 ] ] } },
{ "type": "Feature", "properties": { "arc": 883, "wealthier": 0.45311599816555159, "beautiful": 0.47351994507154521, "livelier": 0.55201527343917323, "depressing": 0.51495982458983669, "safer": 0.46442401436983821, "boring": 0.46071175240285289, "human": 0.00075731521997690003, "vehicle": 0.0165858880067483, "construction": 0.097209857060359006, "nature": 0.27299497066399991, "sky": 0.37000137720352561, "object": 0.0064449310302734002, "PI": 0.37373748080232971, "NI": 0.33813413644110651, "length": 668.702944, "source": 314, "target": 317, "direction": "bi-directional", "flow": 0.0, "flow_pct": 0.0, "flow_rank": 766 }, "geometry": { "type": "LineString", "coordinates": [ [ 114.024982340242801, 22.560865766442291 ], [ 114.025267359947847, 22.560278817324992 ], [ 114.025544704532081, 22.559817589233344 ], [ 114.025844790106945, 22.559419915999001 ], [ 114.026203923455057, 22.559037285699677 ], [ 114.026458840994422, 22.558809886534775 ], [ 114.026784516372388, 22.558548721428856 ], [ 114.027855087991668, 22.557764247009462 ], [ 114.02941931721864, 22.55657306245504 ] ] } },
{ "type": "Feature", "properties": { "arc": 886, "wealthier": 0.096037706544886803, "beautiful": 0.1308639405525284, "livelier": 0.12917869788190109, "depressing": 0.83660864154290782, "safer": 0.071693631276268197, "boring": 0.94821653254007798, "human": 0.0002440497988746, "vehicle": 0.039914857773553698, "construction": 0.0337941305977957, "nature": 0.085868426731654596, "sky": 0.58560089837937135, "object": 0.0036180587041945, "PI": 0.044337940885298389, "NI": 0.52106421525909141, "length": 383.1645819, "source": 214, "target": 215, "direction": "bi-directional", "flow": 1038.0, "flow_pct": 0.76689496198772078, "flow_rank": 12 }, "geometry": { "type": "LineString", "coordinates": [ [ 113.95289649940969, 22.559754974639638 ], [ 113.952873932256793, 22.559105221853926 ], [ 113.952874326401584, 22.558084756491894 ], [ 113.952950936042811, 22.556296623833511 ] ] } },
{ "type": "Feature", "properties": { "arc": 887, "wealthier": 0.68823957452560136, "beautiful": 0.4893503273217914, "livelier": 0.63613188629344053, "depressing": 0.46675208750944919, "safer": 0.53837675623908343, "boring": 0.42700400028143348, "human": 0.0004240217662992, "vehicle": 0.019823119753883001, "construction": 0.0512391953241257, "nature": 0.24048805236816401, "sky": 0.44662057785760789, "object": 0.0096465519496372002, "PI": 0.43443835000253195, "NI": 0.3515547714327496, "length": 364.7689703, "source": 235, "target": 232, "direction": "bi-directional", "flow": 92.0, "flow_pct": 0.067971422449778718, "flow_rank": 398 }, "geometry": { "type": "LineString", "coordinates": [ [ 113.962328662127135, 22.559989701829604 ], [ 113.961819875401716, 22.556729789689914 ] ] } },
{ "type": "Feature", "properties": { "arc": 888, "wealthier": 0.65879517042133107, "beautiful": 0.41668795109052248, "livelier": 0.5888679531801202, "depressing": 0.4597015854570623, "safer": 0.48150822635579987, "boring": 0.293249427347062, "human": 0.00095903873443600003, "vehicle": 0.0303016503651936, "construction": 0.028449694315592401, "nature": 0.20855124791463209, "sky": 0.45873971780141198, "object": 0.0057933727900187004, "PI": 0.39553522481101311, "NI": 0.30695575402458336, "length": 389.1567432, "source": 235, "target": 243, "direction": "bi-directional", "flow": 27.0, "flow_pct": 0.019948134849391581, "flow_rank": 624 }, "geometry": { "type": "LineString", "coordinates": [ [ 113.962328662127135, 22.559989701829604 ], [ 113.966074056759737, 22.559491192002408 ] ] } },
{ "type": "Feature", "properties": { "arc": 889, "wealthier": 0.81411481895325721, "beautiful": 0.60918773756766498, "livelier": 0.81144307069520327, "depressing": 0.26075876044917351, "safer": 0.70732657474401894, "boring": 0.1145996847171051, "human": 0.00083695517645939995, "vehicle": 0.029982487360636301, "construction": 0.062668402989705399, "nature": 0.49649855825636119, "sky": 0.13557150628831649, "object": 0.0042666329277885997, "PI": 0.61126366741946969, "NI": 0.1518821900817717, "length": 612.9247476, "source": 214, "target": 193, "direction": "bi-directional", "flow": 295.0, "flow_pct": 0.21795184372483395, "flow_rank": 126 }, "geometry": { "type": "LineString", "coordinates": [ [ 113.95289649940969, 22.559754974639638 ], [ 113.952544729898932, 22.559786437187192 ], [ 113.952200693071546, 22.55979765064329 ], [ 113.951449072818278, 22.55979755913517 ], [ 113.951151515477534, 22.5597769180584 ], [ 113.947052967235209, 22.558876574434354 ] ] } },
{ "type": "Feature", "properties": { "arc": 890, "wealthier": 0.56446889886639851, "beautiful": 0.45190130158034442, "livelier": 0.53274173270919156, "depressing": 0.49650317486593998, "safer": 0.46575077184254371, "boring": 0.4711521672136984, "human": 0.0003148538094979, "vehicle": 0.019953480473271099, "construction": 0.1357760723726249, "nature": 0.23730127311047219, "sky": 0.3823108673095702, "object": 0.0051156503182870003, "PI": 0.37106683068980106, "NI": 0.34686733484051263, "length": 844.7697596, "source": 271, "target": 258, "direction": "bi-directional", "flow": 163.0, "flow_pct": 0.12042762890558621, "flow_rank": 270 }, "geometry": { "type": "LineString", "coordinates": [ [ 113.983441990538566, 22.560479898183456 ], [ 113.982283267215351, 22.559458135701892 ], [ 113.980710514132397, 22.558431220453592 ], [ 113.976906554649034, 22.556968594384941 ], [ 113.976342108773736, 22.55686165213077 ] ] } },
{ "type": "Feature", "properties": { "arc": 891, "wealthier": 0.44157134379902713, "beautiful": 0.33858591789204717, "livelier": 0.38722491183804741, "depressing": 0.60902714935932134, "safer": 0.33863463361296819, "boring": 0.65394281931965215, "human": 0.00018402625774510001, "vehicle": 0.014361896734128, "construction": 0.088450925103549294, "nature": 0.18374451823618221, "sky": 0.46617755670657107, "object": 0.0052449456576642997, "PI": 0.26324090164527686, "NI": 0.4039267151983193, "length": 901.7462749, "source": 271, "target": 268, "direction": "bi-directional", "flow": 75.0, "flow_pct": 0.055411485692754399, "flow_rank": 445 }, "geometry": { "type": "LineString", "coordinates": [ [ 113.983441990538566, 22.560479898183456 ], [ 113.983029915777848, 22.55607719222154 ], [ 113.982901206151894, 22.554547253452991 ], [ 113.98281886955381, 22.554052734726877 ], [ 113.982684879046914, 22.553662217245922 ], [ 113.982470325239916, 22.553245008795088 ], [ 113.982248021774922, 22.552923799513788 ], [ 113.981945160694394, 22.552592419344897 ] ] } },
{ "type": "Feature", "properties": { "arc": 892, "wealthier": 0.34630611468833927, "beautiful": 0.34933886064962788, "livelier": 0.32229116683044218, "depressing": 0.66387540234518505, "safer": 0.29854212148207548, "boring": 0.67704417641857939, "human": 9.6481837583391858e-05, "vehicle": 0.0264924510141437, "construction": 0.041962898625863103, "nature": 0.15183071607954049, "sky": 0.5095005321145506, "object": 0.0033198153035024001, "PI": 0.21998917395577033, "NI": 0.41202474090800578, "length": 2201.468558, "source": 271, "target": 285, "direction": "bi-directional", "flow": 200.0, "flow_pct": 0.14776396184734505, "flow_rank": 210 }, "geometry": { "type": "LineString", "coordinates": [ [ 113.983441990538566, 22.560479898183456 ], [ 113.988701173867184, 22.559018920360511 ], [ 113.989600250742328, 22.558804988076087 ], [ 113.990343908100442, 22.5585796393331 ], [ 113.990916950555288, 22.558344172388612 ], [ 113.992117511898684, 22.55778799612537 ], [ 113.992929284298569, 22.557390007537702 ], [ 113.994266827501477, 22.556764153950237 ], [ 113.995155395281174, 22.556371216954666 ], [ 113.995703855189532, 22.556165829035603 ], [ 113.996311281073147, 22.555999772870663 ], [ 113.996790216986454, 22.555906337005091 ], [ 113.997328570168975, 22.555830225733665 ], [ 113.997907248062305, 22.555781920666774 ], [ 113.998284293213345, 22.555775624121473 ], [ 114.002498311729724, 22.555849533857518 ], [ 114.003069449915316, 22.555892500040709 ], [ 114.003891060381534, 22.556013043093376 ] ] } },
{ "type": "Feature", "properties": { "arc": 893, "wealthier": 0.53287656837594077, "beautiful": 0.35825905197946117, "livelier": 0.53385980633833097, "depressing": 0.52173302425414159, "safer": 0.43187504447936309, "boring": 0.51374593255079715, "human": 0.00056720309787319995, "vehicle": 0.018595419989691799, "construction": 0.040966288248697899, "nature": 0.20644302368164061, "sky": 0.47951138814290373, "object": 0.0038592868381076002, "PI": 0.33796574847323363, "NI": 0.34639939499190203, "length": 404.6303974, "source": 78, "target": 72, "direction": "bi-directional", "flow": 58.0, "flow_pct": 0.042851548935730066, "flow_rank": 499 }, "geometry": { "type": "LineString", "coordinates": [ [ 113.919122385121639, 22.559274051874954 ], [ 113.918555192447087, 22.55667708192632 ], [ 113.918362377110299, 22.555689098644706 ] ] } },
{ "type": "Feature", "properties": { "arc": 897, "wealthier": 0.75192308629752014, "beautiful": 0.61059270448201663, "livelier": 0.75717145084581827, "depressing": 0.28505033092839799, "safer": 0.67032456539345975, "boring": 0.15802490561587201, "human": 0.00083735148111970003, "vehicle": 0.017685038248697899, "construction": 0.033258336385091097, "nature": 0.38972628275553378, "sky": 0.30029510498046869, "object": 0.0082609049479166006, "PI": 0.55701255941985095, "NI": 0.2151087564452118, "length": 660.0574409, "source": 141, "target": 166, "direction": "bi-directional", "flow": 123.0, "flow_pct": 0.090874836536117207, "flow_rank": 342 }, "geometry": { "type": "LineString", "coordinates": [ [ 113.934320339993775, 22.559793300392414 ], [ 113.934826826477618, 22.559817719053214 ], [ 113.937097594244349, 22.559844706097461 ], [ 113.937665089141021, 22.559863969828015 ], [ 113.938668424176626, 22.559867381284349 ], [ 113.939226754598678, 22.559886457453288 ], [ 113.940148617905734, 22.559889507902078 ], [ 113.940734379149376, 22.559933070305409 ] ] } },
{ "type": "Feature", "properties": { "arc": 898, "wealthier": 0.41985903067102021, "beautiful": 0.28383296118403351, "livelier": 0.45579971807660741, "depressing": 0.67594666692062044, "safer": 0.34282121268975058, "boring": 0.64812479301715942, "human": 0.0013002819485133999, "vehicle": 0.0216375633522316, "construction": 0.1413785086737738, "nature": 0.058760890254267902, "sky": 0.50278324551052522, "object": 0.010697364807128899, "PI": 0.2461475213993545, "NI": 0.48081152556437612, "length": 516.2742421, "source": 166, "target": 159, "direction": "bi-directional", "flow": 115.0, "flow_pct": 0.084964278062223397, "flow_rank": 359 }, "geometry": { "type": "LineString", "coordinates": [ [ 113.940734379149376, 22.559933070305409 ], [ 113.940594180639465, 22.55774795725484 ], [ 113.940485617034383, 22.555755105130572 ], [ 113.940444982116489, 22.555278860432814 ] ] } },
{ "type": "Feature", "properties": { "arc": 899, "wealthier": 0.8827206129132088, "beautiful": 0.67467931524475866, "livelier": 0.91754261468871079, "depressing": 0.20488599681051131, "safer": 0.78004642841339067, "boring": 0.059331237847674002, "human": 0.0032362620035807001, "vehicle": 0.025164180331759899, "construction": 0.056262906392415303, "nature": 0.47480428483751069, "sky": 0.16531145307752809, "object": 0.0043531417846678997, "PI": 0.69349224388119868, "NI": 0.13513238856153648, "length": 679.0305256, "source": 166, "target": 193, "direction": "bi-directional", "flow": 213.0, "flow_pct": 0.15736861936742247, "flow_rank": 195 }, "geometry": { "type": "LineString", "coordinates": [ [ 113.940734379149376, 22.559933070305409 ], [ 113.941386747446657, 22.559919515986813 ], [ 113.941526748776056, 22.559899889147047 ], [ 113.941677924177768, 22.559857063440774 ], [ 113.942011148476567, 22.559702879046103 ], [ 113.943321743783244, 22.558994442941362 ], [ 113.943529053212842, 22.558905713729089 ], [ 113.94372145975413, 22.558854742020426 ], [ 113.944050994570915, 22.558833460255652 ], [ 113.945236282242789, 22.558837522569448 ], [ 113.947052967235209, 22.558876574434354 ] ] } },
{ "type": "Feature", "properties": { "arc": 900, "wealthier": 0.34940744545644348, "beautiful": 0.35086274793309119, "livelier": 0.35388702008441369, "depressing": 0.57494135439665039, "safer": 0.34503098668732107, "boring": 0.57194988027193217, "human": 7.7799746864720424e-05, "vehicle": 0.034091179830986099, "construction": 0.016860694216008699, "nature": 0.1803235505756578, "sky": 0.5162069755688049, "object": 0.0038547181246573001, "PI": 0.24187649248323265, "NI": 0.37994677156317097, "length": 508.2223015, "source": 119, "target": 113, "direction": "bi-directional", "flow": 315.0, "flow_pct": 0.23272823990956845, "flow_rank": 118 }, "geometry": { "type": "LineString", "coordinates": [ [ 113.929162843816513, 22.55972334155615 ], [ 113.928603859482863, 22.555163385781338 ] ] } },
{ "type": "Feature", "properties": { "arc": 901, "wealthier": 0.84934339723955465, "beautiful": 0.67541011912900406, "livelier": 0.74597192220686237, "depressing": 0.2350377281808925, "safer": 0.74447591365605481, "boring": 0.212964593088913, "human": 0.00060862586611789996, "vehicle": 0.057166175236777597, "construction": 0.020181746709914399, "nature": 0.34295085119822671, "sky": 0.32676378885904939, "object": 0.0076501028878348002, "PI": 0.58205817051941089, "NI": 0.24397801661831908, "length": 530.5592544, "source": 119, "target": 141, "direction": "bi-directional", "flow": 149.0, "flow_pct": 0.11008415157627208, "flow_rank": 299 }, "geometry": { "type": "LineString", "coordinates": [ [ 113.929162843816513, 22.55972334155615 ], [ 113.930294066804422, 22.559730488968789 ], [ 113.93210156926007, 22.559773050949261 ], [ 113.933798837761444, 22.559775088315206 ], [ 113.934320339993775, 22.559793300392414 ] ] } },
{ "type": "Feature", "properties": { "arc": 903, "wealthier": 0.2653683995073825, "beautiful": 0.26394378019440617, "livelier": 0.25062025423373557, "depressing": 0.72810544563269375, "safer": 0.2318625217920639, "boring": 0.77949396939091464, "human": 0.00032825095980769999, "vehicle": 0.0149634866153492, "construction": 0.21400773291494329, "nature": 0.066195394478592198, "sky": 0.44696044921875, "object": 0.0036987229889514001, "PI": 0.1460209025305679, "NI": 0.4739980127834405, "length": 460.8059234, "source": 418, "target": 419, "direction": "bi-directional", "flow": 84.0, "flow_pct": 0.062060863975884922, "flow_rank": 422 }, "geometry": { "type": "LineString", "coordinates": [ [ 114.06253172683293, 22.562484673787093 ], [ 114.062619986675173, 22.558324251253172 ] ] } },
{ "type": "Feature", "properties": { "arc": 904, "wealthier": 0.43411619558802678, "beautiful": 0.39068384845756909, "livelier": 0.40605657814433682, "depressing": 0.60914253861594325, "safer": 0.37116116088483331, "boring": 0.62137341360936016, "human": 0.0001933044857449, "vehicle": 0.0063741736941866998, "construction": 0.1110609372456868, "nature": 0.23224666383531359, "sky": 0.38624156845940488, "object": 0.0035199589199489999, "PI": 0.2931766020265118, "NI": 0.36714919545486713, "length": 659.7196672, "source": 402, "target": 419, "direction": "bi-directional", "flow": 182.0, "flow_pct": 0.13446520528108399, "flow_rank": 239 }, "geometry": { "type": "LineString", "coordinates": [ [ 114.05797404118718, 22.562413660020187 ], [ 114.061286493499708, 22.559267798045436 ], [ 114.061523650389759, 22.559084952562035 ], [ 114.062619986675173, 22.558324251253172 ] ] } },
{ "type": "Feature", "properties": { "arc": 905, "wealthier": 0.4164626433434529, "beautiful": 0.37249532357219572, "livelier": 0.51401042987466516, "depressing": 0.60697966388426283, "safer": 0.3331077271221527, "boring": 0.49508703677371207, "human": 0.00074430612417360003, "vehicle": 0.0138326791616586, "construction": 0.1096357198861929, "nature": 0.21172728905310989, "sky": 0.43182920798277241, "object": 0.0096138685177534003, "PI": 0.30300055692577954, "NI": 0.39923136158709571, "length": 352.5080927, "source": 602, "target": 603, "direction": "bi-directional", "flow": 548.0, "flow_pct": 0.40487325546172542, "flow_rank": 57 }, "geometry": { "type": "LineString", "coordinates": [ [ 114.15741232369767, 22.564210512295997 ], [ 114.157434350343621, 22.562333219796546 ], [ 114.157471742508761, 22.561027821742798 ] ] } },
{ "type": "Feature", "properties": { "arc": 908, "wealthier": 0.44957283873055442, "beautiful": 0.39979874913129049, "livelier": 0.67085367827552222, "depressing": 0.52281349741913197, "safer": 0.43039039545051871, "boring": 0.35712724460607898, "human": 0.0021404160393607998, "vehicle": 0.042407141791449603, "construction": 0.26108858320448131, "nature": 0.12756405936347109, "sky": 0.32715050379435218, "object": 0.0042418373955619999, "PI": 0.35773108856719049, "NI": 0.36810687332805081, "length": 305.0713071, "source": 607, "target": 610, "direction": "bi-directional", "flow": 0.0, "flow_pct": 0.0, "flow_rank": 766 }, "geometry": { "type": "LineString", "coordinates": [ [ 114.161494002179595, 22.564284444136391 ], [ 114.164460098853525, 22.564309211164094 ] ] } },
{ "type": "Feature", "properties": { "arc": 909, "wealthier": 0.40857709582849061, "beautiful": 0.39803570392376247, "livelier": 0.61494727638047764, "depressing": 0.53982216571519259, "safer": 0.39806778867560538, "boring": 0.38538588493542919, "human": 0.0010017694211473, "vehicle": 0.036882437911688097, "construction": 0.19335866441913671, "nature": 0.16111725451899511, "sky": 0.36530438591452208, "object": 0.0053110309675628003, "PI": 0.32781490931513979, "NI": 0.36721725169586228, "length": 419.9135504, "source": 602, "target": 607, "direction": "bi-directional", "flow": 368.0, "flow_pct": 0.27188568979911487, "flow_rank": 106 }, "geometry": { "type": "LineString", "coordinates": [ [ 114.15741232369767, 22.564210512295997 ], [ 114.158698297159233, 22.56424897760937 ], [ 114.160905135733131, 22.564263584949551 ], [ 114.161494002179595, 22.564284444136391 ] ] } },
{ "type": "Feature", "properties": { "arc": 910, "wealthier": 0.38856099734848581, "beautiful": 0.40807092381671128, "livelier": 0.42314294564878679, "depressing": 0.61916751723222951, "safer": 0.35733311535641737, "boring": 0.61472668128000174, "human": 0.00068640708923329999, "vehicle": 0.019284288088480601, "construction": 0.047800143559773703, "nature": 0.28858868281046551, "sky": 0.3752420345942179, "object": 0.0029358069101969001, "PI": 0.30975565232647573, "NI": 0.35020889372819486, "length": 379.1787147, "source": 402, "target": 389, "direction": "bi-directional", "flow": 212.0, "flow_pct": 0.15662979955818576, "flow_rank": 196 }, "geometry": { "type": "LineString", "coordinates": [ [ 114.05797404118718, 22.562413660020187 ], [ 114.05644743501756, 22.56239889632954 ], [ 114.05587684612631, 22.562379383408398 ], [ 114.054287824042717, 22.562370681289867 ] ] } },
{ "type": "Feature", "properties": { "arc": 916, "wealthier": 0.62237377496698931, "beautiful": 0.55412070903266908, "livelier": 0.54027149492759163, "depressing": 0.428688599115436, "safer": 0.53622053802228087, "boring": 0.45870499371975748, "human": 6.6015455457899312e-05, "vehicle": 0.033623949686686097, "construction": 0.049439154730902699, "nature": 0.2104558096991645, "sky": 0.44773002200656459, "object": 0.003501362270779, "PI": 0.40393857147064621, "NI": 0.32264434347432341, "length": 805.6169693000001, "source": 321, "target": 314, "direction": "bi-directional", "flow": 203.0, "flow_pct": 0.14998042127505523, "flow_rank": 203 }, "geometry": { "type": "LineString", "coordinates": [ [ 114.032684898935258, 22.562187021917154 ], [ 114.029826227953407, 22.561710057485801 ], [ 114.024982340242801, 22.560865766442291 ] ] } },
{ "type": "Feature", "properties": { "arc": 917, "wealthier": 0.3134531870329797, "beautiful": 0.4126219241111137, "livelier": 0.47318649964524911, "depressing": 0.5987223999235558, "safer": 0.3476448171354844, "boring": 0.54360083881493082, "human": 0.0030351366315569, "vehicle": 0.0156180972144717, "construction": 0.11768522716703871, "nature": 0.18288339887346541, "sky": 0.39907909574962791, "object": 0.0088626316615512991, "PI": 0.30879803147114798, "NI": 0.39657287912360556, "length": 172.5808001, "source": 321, "target": 323, "direction": "bi-directional", "flow": 83.0, "flow_pct": 0.061322044166648194, "flow_rank": 424 }, "geometry": { "type": "LineString", "coordinates": [ [ 114.032684898935258, 22.562187021917154 ], [ 114.033306555474269, 22.561380803097293 ], [ 114.033627877687337, 22.560898911702939 ] ] } },
{ "type": "Feature", "properties": { "arc": 918, "wealthier": 0.5345905582285001, "beautiful": 0.45358384669354967, "livelier": 0.49093110118170918, "depressing": 0.59600612156519939, "safer": 0.39251736645147911, "boring": 0.40736120089817779, "human": 0.00043187822614390001, "vehicle": 0.0131700606573195, "construction": 0.060591379801432199, "nature": 0.21280642918178011, "sky": 0.45914050510951449, "object": 0.0047110602969215, "PI": 0.34075476966084944, "NI": 0.34313915143779933, "length": 175.4221633, "source": 244, "target": 243, "direction": "bi-directional", "flow": 93.0, "flow_pct": 0.068710242259015453, "flow_rank": 395 }, "geometry": { "type": "LineString", "coordinates": [ [ 113.96648972561151, 22.561027547901737 ], [ 113.966074056759737, 22.559491192002408 ] ] } },
{ "type": "Feature", "properties": { "arc": 919, "wealthier": 0.63616301144394216, "beautiful": 0.50961994706915437, "livelier": 0.87990711589325987, "depressing": 0.38005747469396051, "safer": 0.60845594521465129, "boring": 0.24820218886995821, "human": 0.0098718007405597993, "vehicle": 0.046281337738037102, "construction": 0.17695713043212891, "nature": 0.24579882621765139, "sky": 0.25496435165405268, "object": 0.0063692728678385003, "PI": 0.60938569927044572, "NI": 0.29169120947950167, "length": 212.6776403, "source": 556, "target": 557, "direction": "bi-directional", "flow": 141.0, "flow_pct": 0.10417359310237825, "flow_rank": 314 }, "geometry": { "type": "LineString", "coordinates": [ [ 114.124632919431136, 22.564049093700124 ], [ 114.12466288416897, 22.563474632016515 ], [ 114.124821693627197, 22.56213732801444 ] ] } },
{ "type": "Feature", "properties": { "arc": 921, "wealthier": 0.30344793176888951, "beautiful": 0.36887515069931309, "livelier": 0.39430328172201962, "depressing": 0.67302425033633939, "safer": 0.30805855017920158, "boring": 0.62745400760220682, "human": 0.0004134084664139, "vehicle": 0.0082906585892819993, "construction": 0.030253778096118001, "nature": 0.28798341439440361, "sky": 0.4017052245295904, "object": 0.0036630817488127999, "PI": 0.26991438816511087, "NI": 0.36021154189799093, "length": 1322.827963, "source": 389, "target": 349, "direction": "bi-directional", "flow": 210.0, "flow_pct": 0.15515215993971229, "flow_rank": 198 }, "geometry": { "type": "LineString", "coordinates": [ [ 114.054287824042717, 22.562370681289867 ], [ 114.05144850127553, 22.562746403743695 ], [ 114.051211591054553, 22.562749806663774 ], [ 114.051106406398929, 22.562727993621298 ], [ 114.05099749713041, 22.562681102180161 ], [ 114.050705768889387, 22.562473240269835 ], [ 114.047711677635164, 22.560035689735702 ], [ 114.046830716350485, 22.559334982836937 ], [ 114.044358914522505, 22.557181433150113 ], [ 114.044164792035559, 22.5569961972448 ], [ 114.043938458743924, 22.556745394515971 ] ] } },
{ "type": "Feature", "properties": { "arc": 924, "wealthier": 0.58008745363335579, "beautiful": 0.5136802664775485, "livelier": 0.73580818702167394, "depressing": 0.4301939511702455, "safer": 0.5503149773061673, "boring": 0.2816766974722803, "human": 0.0047860868049390002, "vehicle": 0.024404265663840501, "construction": 0.11210129477760999, "nature": 0.40816645188765088, "sky": 0.16768730047977329, "object": 0.0048357067686137997, "PI": 0.53868392381323682, "NI": 0.23625896037582203, "length": 757.2228939, "source": 595, "target": 587, "direction": "bi-directional", "flow": 111.0, "flow_pct": 0.082008998825276513, "flow_rank": 369 }, "geometry": { "type": "LineString", "coordinates": [ [ 114.139001504355662, 22.564389857413634 ], [ 114.137950447913951, 22.562826402094171 ], [ 114.13568891067986, 22.559532841710631 ], [ 114.135072764744152, 22.558606975916287 ] ] } },
{ "type": "Feature", "properties": { "arc": 925, "wealthier": 0.27022425784344678, "beautiful": 0.25199572545090548, "livelier": 0.35169035689450251, "depressing": 0.71834340153392062, "safer": 0.2392095876477747, "boring": 0.69751684364830502, "human": 0.00018728622282390001, "vehicle": 0.032016002770626099, "construction": 0.073568575309984605, "nature": 0.1085540309096827, "sky": 0.53442222903473202, "object": 0.0055057255908696002, "PI": 0.17441458665420087, "NI": 0.45997620391740551, "length": 1010.652872, "source": 595, "target": 596, "direction": "bi-directional", "flow": 35.0, "flow_pct": 0.025858693323285383, "flow_rank": 590 }, "geometry": { "type": "LineString", "coordinates": [ [ 114.139001504355662, 22.564389857413634 ], [ 114.140163725863616, 22.563114811039721 ], [ 114.140472730994034, 22.562694860221164 ], [ 114.140610842853746, 22.562448272525067 ], [ 114.140725632702811, 22.562162476768318 ], [ 114.140797513219084, 22.561884139986734 ], [ 114.140843071221497, 22.561557090864536 ], [ 114.140844827977233, 22.561187353123376 ], [ 114.14079034090075, 22.560813494458564 ], [ 114.140395893615363, 22.559279676047336 ], [ 114.139601194614983, 22.555935862427766 ] ] } },
{ "type": "Feature", "properties": { "arc": 926, "wealthier": 0.45918421048167229, "beautiful": 0.46647301299697869, "livelier": 0.46419918676216371, "depressing": 0.56161877599747412, "safer": 0.39307974609164509, "boring": 0.47417560014948668, "human": 0.00021353827582459999, "vehicle": 0.050351630316840201, "construction": 0.069471613566080698, "nature": 0.159227540757921, "sky": 0.46558871799045137, "object": 0.0040603637695312, "PI": 0.30873086312300108, "NI": 0.37659351161622684, "length": 362.2307108, "source": 331, "target": 321, "direction": "bi-directional", "flow": 179.0, "flow_pct": 0.13224874585337382, "flow_rank": 244 }, "geometry": { "type": "LineString", "coordinates": [ [ 114.036145852623989, 22.562792429410159 ], [ 114.03486774057103, 22.562582683278283 ], [ 114.032684898935258, 22.562187021917154 ] ] } },
{ "type": "Feature", "properties": { "arc": 931, "wealthier": 0.49926205794362372, "beautiful": 0.44504546222427821, "livelier": 0.49260790281573608, "depressing": 0.55102766344098641, "safer": 0.4207927739949649, "boring": 0.4184842290764858, "human": 0.00077589352925610004, "vehicle": 0.045753359794616699, "construction": 0.084785064061482701, "nature": 0.14122378826141349, "sky": 0.46669538815816242, "object": 0.0050585269927978004, "PI": 0.32463171307926308, "NI": 0.37284574334640608, "length": 410.5290445, "source": 331, "target": 341, "direction": "bi-directional", "flow": 132.0, "flow_pct": 0.097524214819247737, "flow_rank": 328 }, "geometry": { "type": "LineString", "coordinates": [ [ 114.036145852623989, 22.562792429410159 ], [ 114.037789809332097, 22.563079364440288 ], [ 114.040063866062766, 22.563500476253896 ] ] } },
{ "type": "Feature", "properties": { "arc": 932, "wealthier": 0.48632042083304072, "beautiful": 0.41311152507718141, "livelier": 0.3966751758490335, "depressing": 0.56778544995229618, "safer": 0.38275559674269871, "boring": 0.6109701452120927, "human": 0.00065942989882599996, "vehicle": 0.021928130939442601, "construction": 0.059049729377992598, "nature": 0.19987003777616771, "sky": 0.46669586755896131, "object": 0.0041556409610214997, "PI": 0.30440539647236042, "NI": 0.3784247789706805, "length": 847.8782363, "source": 341, "target": 349, "direction": "bi-directional", "flow": 165.0, "flow_pct": 0.12190526852405967, "flow_rank": 267 }, "geometry": { "type": "LineString", "coordinates": [ [ 114.040063866062766, 22.563500476253896 ], [ 114.043472941701594, 22.557435099407684 ], [ 114.043634878710009, 22.557169062688676 ], [ 114.043938458743924, 22.556745394515971 ] ] } },
{ "type": "Feature", "properties": { "arc": 933, "wealthier": 0.61279870050362628, "beautiful": 0.45020882381622351, "livelier": 0.78228771755278503, "depressing": 0.44563096857069268, "safer": 0.55121102217081275, "boring": 0.21999781458644541, "human": 0.0048003074450369996, "vehicle": 0.022874978872445901, "construction": 0.16682580801156849, "nature": 0.25078993577223557, "sky": 0.29231399144881809, "object": 0.0061818147316956996, "PI": 0.50254792159293793, "NI": 0.28735641209005675, "length": 349.8305118, "source": 499, "target": 500, "direction": "bi-directional", "flow": 134.0, "flow_pct": 0.099001854437721179, "flow_rank": 322 }, "geometry": { "type": "LineString", "coordinates": [ [ 114.103964186042788, 22.564787506883288 ], [ 114.104021315106863, 22.562385837847248 ], [ 114.104025605796238, 22.561629019181186 ] ] } },
{ "type": "Feature", "properties": { "arc": 934, "wealthier": 0.69255856145443895, "beautiful": 0.52209209177568305, "livelier": 0.75366328380421821, "depressing": 0.37457279792102371, "safer": 0.59956591373920043, "boring": 0.2588583758155299, "human": 0.0018170674641927, "vehicle": 0.040819274054633203, "construction": 0.1717758708530002, "nature": 0.2045608626471625, "sky": 0.31639655431111652, "object": 0.011995262569851299, "PI": 0.48332621529371034, "NI": 0.33806693567859775, "length": 350.7614228, "source": 493, "target": 494, "direction": "bi-directional", "flow": 0.0, "flow_pct": 0.0, "flow_rank": 766 }, "geometry": { "type": "LineString", "coordinates": [ [ 114.101611188141959, 22.564747887129901 ], [ 114.101645754099721, 22.563731648468401 ], [ 114.101675598162458, 22.561581082020652 ] ] } },
{ "type": "Feature", "properties": { "arc": 935, "wealthier": 0.24180727466426949, "beautiful": 0.19416458573294401, "livelier": 0.57255332463267883, "depressing": 0.75519431578710117, "safer": 0.24217682935843071, "boring": 0.478389537780048, "human": 0.0048197428385416, "vehicle": 0.060492197672525998, "construction": 0.20355040232340491, "nature": 0.030761909484863199, "sky": 0.45266520182291681, "object": 0.0098604202270506994, "PI": 0.24126646386289907, "NI": 0.49508522705529767, "length": 242.0415559, "source": 493, "target": 499, "direction": "bi-directional", "flow": 54.0, "flow_pct": 0.039896269698783161, "flow_rank": 515 }, "geometry": { "type": "LineString", "coordinates": [ [ 114.101611188141959, 22.564747887129901 ], [ 114.103964186042788, 22.564787506883288 ] ] } },
{ "type": "Feature", "properties": { "arc": 936, "wealthier": 0.19136822916213719, "beautiful": 0.21140933465125039, "livelier": 0.22298282818722601, "depressing": 0.7687390796295217, "safer": 0.1726714983664448, "boring": 0.80522679775072648, "human": 0.001233418782552, "vehicle": 0.045967208014594099, "construction": 0.088353686862521694, "nature": 0.086893558502197196, "sky": 0.51200845506456161, "object": 0.0093550682067871007, "PI": 0.12437740434653359, "NI": 0.52033850632853651, "length": 350.7178588, "source": 483, "target": 484, "direction": "bi-directional", "flow": 60.0, "flow_pct": 0.044329188554203515, "flow_rank": 491 }, "geometry": { "type": "LineString", "coordinates": [ [ 114.099244234014876, 22.564715008883518 ], [ 114.099307350657782, 22.561548454142457 ] ] } },
{ "type": "Feature", "properties": { "arc": 937, "wealthier": 0.33280716978675468, "beautiful": 0.29625601875306051, "livelier": 0.46727837103704861, "depressing": 0.66730883231321403, "safer": 0.33006130742931722, "boring": 0.52295130941565549, "human": 0.0029214859008788998, "vehicle": 0.034995905558268203, "construction": 0.1962721506754557, "nature": 0.046453094482421797, "sky": 0.46160163879394528, "object": 0.0096396764119465999, "PI": 0.25072736800337614, "NI": 0.46701386967923431, "length": 243.4644506, "source": 483, "target": 493, "direction": "bi-directional", "flow": 22.0, "flow_pct": 0.016254035803207958, "flow_rank": 648 }, "geometry": { "type": "LineString", "coordinates": [ [ 114.099244234014876, 22.564715008883518 ], [ 114.101611188141959, 22.564747887129901 ] ] } },
{ "type": "Feature", "properties": { "arc": 940, "wealthier": 0.72987025721481702, "beautiful": 0.61496977496314176, "livelier": 0.7551437741043221, "depressing": 0.33672008634309919, "safer": 0.67008171037948672, "boring": 0.3168817097438919, "human": 0.0030686060587564999, "vehicle": 0.024374008178710899, "construction": 0.1182824770609537, "nature": 0.40580153465270991, "sky": 0.15707604090372709, "object": 0.0042993227640787, "PI": 0.58576379517404498, "NI": 0.22125098893868553, "length": 349.4222205, "source": 465, "target": 466, "direction": "bi-directional", "flow": 0.0, "flow_pct": 0.0, "flow_rank": 766 }, "geometry": { "type": "LineString", "coordinates": [ [ 114.090692347721586, 22.56457940447871 ], [ 114.090734717108177, 22.562536265414519 ], [ 114.090776802723028, 22.561425073364791 ] ] } },
{ "type": "Feature", "properties": { "arc": 941, "wealthier": 0.67986765722914444, "beautiful": 0.53284224518459378, "livelier": 0.87905827306469952, "depressing": 0.37206167654785338, "safer": 0.62416276118439629, "boring": 0.1544823869200378, "human": 0.0026670694351195998, "vehicle": 0.0175104935963948, "construction": 0.15035597483317051, "nature": 0.3117022116978963, "sky": 0.26107780138651537, "object": 0.0072196324666341004, "PI": 0.54933888561197908, "NI": 0.25091761045667582, "length": 399.4085793, "source": 465, "target": 477, "direction": "bi-directional", "flow": 11.0, "flow_pct": 0.0081270179016039792, "flow_rank": 708 }, "geometry": { "type": "LineString", "coordinates": [ [ 114.090692347721586, 22.56457940447871 ], [ 114.09332161664355, 22.564618737343977 ], [ 114.0945748259347, 22.564656227732272 ] ] } },
{ "type": "Feature", "properties": { "arc": 943, "wealthier": 0.67851325651856909, "beautiful": 0.56215791470340015, "livelier": 0.79172085922796553, "depressing": 0.35928288179914131, "safer": 0.63911344805768233, "boring": 0.23902330364300281, "human": 0.0046926816304524001, "vehicle": 0.0255637168884277, "construction": 0.11395088831583659, "nature": 0.37411692937215169, "sky": 0.21931794484456379, "object": 0.0059629440307617, "PI": 0.58135148042381934, "NI": 0.23841904256930282, "length": 480.3170001, "source": 483, "target": 477, "direction": "bi-directional", "flow": 11.0, "flow_pct": 0.0081270179016039792, "flow_rank": 708 }, "geometry": { "type": "LineString", "coordinates": [ [ 114.099244234014876, 22.564715008883518 ], [ 114.098028737340172, 22.564686758712138 ], [ 114.096567750674268, 22.564684229212048 ], [ 114.095827932137738, 22.564663661773167 ], [ 114.0945748259347, 22.564656227732272 ] ] } },
{ "type": "Feature", "properties": { "arc": 944, "wealthier": 0.55679561724726656, "beautiful": 0.41281339938925898, "livelier": 0.59509492087952232, "depressing": 0.56381011959821814, "safer": 0.47650509243210609, "boring": 0.50229573854704068, "human": 0.0003767410914103, "vehicle": 0.030212243398030601, "construction": 0.1139382521311442, "nature": 0.16534956296284989, "sky": 0.45920399824778241, "object": 0.0038973093032835999, "PI": 0.35921371966396437, "NI": 0.37880309285996105, "length": 438.2413153, "source": 461, "target": 463, "direction": "bi-directional", "flow": 25.0, "flow_pct": 0.018470495230918132, "flow_rank": 636 }, "geometry": { "type": "LineString", "coordinates": [ [ 114.087858945636114, 22.564537896551752 ], [ 114.089692597791171, 22.560965616947211 ] ] } },
{ "type": "Feature", "properties": { "arc": 945, "wealthier": 0.4697282847329286, "beautiful": 0.38551798365828749, "livelier": 0.62458839188953741, "depressing": 0.59679281587410704, "safer": 0.42272122494000691, "boring": 0.40609416973031037, "human": 0.0013399653964572, "vehicle": 0.016635894775390601, "construction": 0.20741658740573449, "nature": 0.1240602069430881, "sky": 0.4353061781989202, "object": 0.0057712131076387996, "PI": 0.33726281464274416, "NI": 0.39300491592600828, "length": 291.4472203, "source": 461, "target": 465, "direction": "bi-directional", "flow": 11.0, "flow_pct": 0.0081270179016039792, "flow_rank": 708 }, "geometry": { "type": "LineString", "coordinates": [ [ 114.087858945636114, 22.564537896551752 ], [ 114.090692347721586, 22.56457940447871 ] ] } },
{ "type": "Feature", "properties": { "arc": 948, "wealthier": 0.37715986994406903, "beautiful": 0.37593924248572907, "livelier": 0.51006922521169562, "depressing": 0.70941730062942343, "safer": 0.30647359485278591, "boring": 0.40881369695710801, "human": 0.0023175875345864999, "vehicle": 0.011818011601765901, "construction": 0.089956919352213505, "nature": 0.11807640393575029, "sky": 0.5010927518208822, "object": 0.0074199040730793999, "PI": 0.28786429113873635, "NI": 0.40056732960931624, "length": 203.565763, "source": 247, "target": 244, "direction": "bi-directional", "flow": 93.0, "flow_pct": 0.068710242259015453, "flow_rank": 395 }, "geometry": { "type": "LineString", "coordinates": [ [ 113.966924626503157, 22.562820479597654 ], [ 113.96681494964588, 22.562289022613502 ], [ 113.96648972561151, 22.561027547901737 ] ] } },
{ "type": "Feature", "properties": { "arc": 950, "wealthier": 0.52190077617959729, "beautiful": 0.51509858835374889, "livelier": 0.56650067616113642, "depressing": 0.48010231526362701, "safer": 0.50848910022970784, "boring": 0.45669034775494971, "human": 0.0015906682090153, "vehicle": 0.024878395928276901, "construction": 0.094101587931315095, "nature": 0.26110122317359569, "sky": 0.36403068663581972, "object": 0.0053415752592539997, "PI": 0.41143418035789153, "NI": 0.32780672971651348, "length": 552.6346527, "source": 537, "target": 539, "direction": "bi-directional", "flow": 285.0, "flow_pct": 0.21056364563246671, "flow_rank": 130 }, "geometry": { "type": "LineString", "coordinates": [ [ 114.11823761894513, 22.56567127041599 ], [ 114.118648518924829, 22.563328120441529 ], [ 114.118736790536573, 22.562908760484028 ], [ 114.11890916113083, 22.562424447264725 ], [ 114.119557546195779, 22.560857092341365 ] ] } },
{ "type": "Feature", "properties": { "arc": 954, "wealthier": 0.47727432621082588, "beautiful": 0.370114696136355, "livelier": 0.54983528832013318, "depressing": 0.53811417495016967, "safer": 0.43056490141283948, "boring": 0.4746045693416947, "human": 0.00069240495270369998, "vehicle": 0.014300140680051299, "construction": 0.045497819489123702, "nature": 0.25385448979396441, "sky": 0.42906787348728548, "object": 0.0076939825918160001, "PI": 0.34682067534662725, "NI": 0.35025443831784742, "length": 397.6356283, "source": 73, "target": 78, "direction": "bi-directional", "flow": 47.0, "flow_pct": 0.034724531034126087, "flow_rank": 545 }, "geometry": { "type": "LineString", "coordinates": [ [ 113.918416040646392, 22.562167352329311 ], [ 113.919351500358843, 22.561787678575488 ], [ 113.919501646856133, 22.561680936319824 ], [ 113.919575656535358, 22.561546843886607 ], [ 113.919584727165002, 22.561398588468556 ], [ 113.919557366015681, 22.561220857403395 ], [ 113.919122385121639, 22.559274051874954 ] ] } },
{ "type": "Feature", "properties": { "arc": 955, "wealthier": 0.43367309640091178, "beautiful": 0.42706670704445288, "livelier": 0.44953164108959259, "depressing": 0.5642605177441663, "safer": 0.37154963266706531, "boring": 0.54459223197101936, "human": 0.0014961957931518, "vehicle": 0.012919068336486801, "construction": 0.15621014436086009, "nature": 0.15649958451588949, "sky": 0.42382621765136719, "object": 0.0061804056167602001, "PI": 0.30590329030953328, "NI": 0.39146600312923568, "length": 445.8294106, "source": 616, "target": 617, "direction": "bi-directional", "flow": 20.0, "flow_pct": 0.014776396184734504, "flow_rank": 663 }, "geometry": { "type": "LineString", "coordinates": [ [ 114.170858048154017, 22.566872747683064 ], [ 114.170947608202823, 22.562847622097941 ] ] } },
{ "type": "Feature", "properties": { "arc": 956, "wealthier": 0.45578553127920091, "beautiful": 0.42466703005358891, "livelier": 0.397498917873082, "depressing": 0.59481739057999861, "safer": 0.36494667925153612, "boring": 0.51842910938920506, "human": 0.00044727325439450002, "vehicle": 0.032055466263382501, "construction": 0.024139086405436199, "nature": 0.1488001434891312, "sky": 0.53534578394006793, "object": 0.0053977966308593004, "PI": 0.28285919003615895, "NI": 0.38968260015999406, "length": 447.5877617, "source": 350, "target": 341, "direction": "bi-directional", "flow": 149.0, "flow_pct": 0.11008415157627208, "flow_rank": 299 }, "geometry": { "type": "LineString", "coordinates": [ [ 114.044236354136785, 22.56461039381043 ], [ 114.041512045661506, 22.563743895134809 ], [ 114.040862401556552, 22.563615609785899 ], [ 114.040063866062766, 22.563500476253896 ] ] } },
{ "type": "Feature", "properties": { "arc": 957, "wealthier": 0.67866438463933798, "beautiful": 0.53889240628281809, "livelier": 0.68576083001537225, "depressing": 0.4267928459862716, "safer": 0.57262657299540087, "boring": 0.3154198790233676, "human": 0.0023623307545978999, "vehicle": 0.0104594230651855, "construction": 0.096873760223388602, "nature": 0.26384902000427241, "sky": 0.34716137250264478, "object": 0.0098833243052163997, "PI": 0.48790094045551297, "NI": 0.30661196444882211, "length": 169.6605367, "source": 616, "target": 618, "direction": "bi-directional", "flow": 0.0, "flow_pct": 0.0, "flow_rank": 766 }, "geometry": { "type": "LineString", "coordinates": [ [ 114.170858048154017, 22.566872747683064 ], [ 114.172056274331737, 22.566903528594615 ], [ 114.172506034467375, 22.566934066280325 ] ] } },
{ "type": "Feature", "properties": { "arc": 958, "wealthier": 0.55669789654742863, "beautiful": 0.48251004759252419, "livelier": 0.52339702429217427, "depressing": 0.58232714460482504, "safer": 0.4253390163484479, "boring": 0.35898746077467858, "human": 0.00086132685343419998, "vehicle": 0.0065555572509765, "construction": 0.14960728751288521, "nature": 0.28209384282430011, "sky": 0.3350262112087673, "object": 0.0066658655802407998, "PI": 0.38474671124823329, "NI": 0.33380187656307569, "length": 452.1971359, "source": 618, "target": 619, "direction": "bi-directional", "flow": 0.0, "flow_pct": 0.0, "flow_rank": 766 }, "geometry": { "type": "LineString", "coordinates": [ [ 114.172506034467375, 22.566934066280325 ], [ 114.172552096844385, 22.564250703132373 ], [ 114.17255112078378, 22.562850920011606 ] ] } },
{ "type": "Feature", "properties": { "arc": 960, "wealthier": 0.57315588079324886, "beautiful": 0.50655314387675088, "livelier": 0.66637080764052337, "depressing": 0.41918166699794029, "safer": 0.54159192750247021, "boring": 0.33523464064449832, "human": 0.0023654488956227002, "vehicle": 0.034662994683957497, "construction": 0.14201811248180909, "nature": 0.22801806879978551, "sky": 0.35164350621840529, "object": 0.0090808120428346999, "PI": 0.44543471453315781, "NI": 0.33742296591810211, "length": 573.1765415, "source": 609, "target": 607, "direction": "bi-directional", "flow": 205.0, "flow_pct": 0.15145806089352867, "flow_rank": 202 }, "geometry": { "type": "LineString", "coordinates": [ [ 114.164408659842906, 22.566801308336249 ], [ 114.164006992106096, 22.566769376135049 ], [ 114.163072349662002, 22.566743182616506 ], [ 114.161766515114365, 22.566754483793627 ], [ 114.161559916555504, 22.566726020118985 ], [ 114.161453189758134, 22.566667228071708 ], [ 114.161379130926306, 22.566551284081083 ], [ 114.16135786537869, 22.566455920702406 ], [ 114.161351397398434, 22.566303410891521 ], [ 114.161403888499862, 22.564869019321801 ], [ 114.161427910384432, 22.564629839543802 ], [ 114.161494002179595, 22.564284444136391 ] ] } },
{ "type": "Feature", "properties": { "arc": 961, "wealthier": 0.59494346041448387, "beautiful": 0.52183413695998315, "livelier": 0.72417880903924048, "depressing": 0.36991534183367658, "safer": 0.56049902440311627, "boring": 0.23201286214407099, "human": 0.0054165522257486002, "vehicle": 0.037241109212239498, "construction": 0.12679131825764969, "nature": 0.20941740671793621, "sky": 0.3498502095540364, "object": 0.0113770802815755, "PI": 0.50048570466341613, "NI": 0.32077599117108652, "length": 276.0372237, "source": 609, "target": 610, "direction": "bi-directional", "flow": 0.0, "flow_pct": 0.0, "flow_rank": 766 }, "geometry": { "type": "LineString", "coordinates": [ [ 114.164408659842906, 22.566801308336249 ], [ 114.164441564471517, 22.565895467665374 ], [ 114.164460098853525, 22.564309211164094 ] ] } },
{ "type": "Feature", "properties": { "arc": 964, "wealthier": 0.4584050654192105, "beautiful": 0.31622258180911389, "livelier": 0.75360446471197451, "depressing": 0.53667021518800273, "safer": 0.45884376004794331, "boring": 0.2806876561459139, "human": 0.0051971435546873997, "vehicle": 0.0273907979329427, "construction": 0.26377258300781248, "nature": 0.085182825724283803, "sky": 0.3739612579345703, "object": 0.0095489501953124993, "PI": 0.3927360935199678, "NI": 0.3922554941040623, "length": 118.3914063, "source": 609, "target": 613, "direction": "bi-directional", "flow": 92.0, "flow_pct": 0.067971422449778718, "flow_rank": 398 }, "geometry": { "type": "LineString", "coordinates": [ [ 114.164408659842906, 22.566801308336249 ], [ 114.164776792708466, 22.566787630337672 ], [ 114.165060524854823, 22.566793869839469 ], [ 114.165254318914265, 22.566818821005857 ], [ 114.165548089508732, 22.566888716484634 ] ] } },
{ "type": "Feature", "properties": { "arc": 967, "wealthier": 0.4853039177076281, "beautiful": 0.31854358155647727, "livelier": 0.48715987989770049, "depressing": 0.65103010767224079, "safer": 0.34404200560318299, "boring": 0.57499693043862699, "human": 0.0010674794514972999, "vehicle": 0.0242307027180989, "construction": 0.0679579416910807, "nature": 0.096094258626301998, "sky": 0.56747508578830297, "object": 0.0090532090928818997, "PI": 0.27673960214424104, "NI": 0.44939125164935506, "length": 391.3118694, "source": 230, "target": 235, "direction": "bi-directional", "flow": 99.0, "flow_pct": 0.073143161114435806, "flow_rank": 382 }, "geometry": { "type": "LineString", "coordinates": [ [ 113.960921137220495, 22.563272170405408 ], [ 113.961116001791325, 22.562824135964576 ], [ 113.96120531677623, 22.56257518376982 ], [ 113.962328662127135, 22.559989701829604 ] ] } },
{ "type": "Feature", "properties": { "arc": 970, "wealthier": 0.57737763252254715, "beautiful": 0.60354516207902453, "livelier": 0.48886293563162408, "depressing": 0.4014290080672786, "safer": 0.57014032802340053, "boring": 0.5043228768380974, "human": 3.2563140426856883e-05, "vehicle": 0.017971564030301701, "construction": 0.051572136257005699, "nature": 0.20585726309513699, "sky": 0.4527255901391955, "object": 0.0027460844620414001, "PI": 0.39956107109016542, "NI": 0.31169929050769007, "length": 562.9705428, "source": 369, "target": 388, "direction": "bi-directional", "flow": 168.0, "flow_pct": 0.12412172795176984, "flow_rank": 262 }, "geometry": { "type": "LineString", "coordinates": [ [ 114.048741430776474, 22.565049515277391 ], [ 114.049314848848297, 22.565032739433704 ], [ 114.051863158185, 22.564895794454102 ], [ 114.052638920974914, 22.564870162348821 ], [ 114.053325178737325, 22.564885106698167 ], [ 114.054206314899645, 22.564960110354381 ] ] } },
{ "type": "Feature", "properties": { "arc": 973, "wealthier": 0.5815293664978578, "beautiful": 0.51840749625534832, "livelier": 0.47840301397788881, "depressing": 0.45817372297313141, "safer": 0.50173305982382765, "boring": 0.44436082655459519, "human": 2.399243806537829e-05, "vehicle": 0.024243070368181099, "construction": 0.0148995048121402, "nature": 0.2360230161432634, "sky": 0.45430002714458267, "object": 0.0032514605605811001, "PI": 0.37804911001738617, "NI": 0.30771159665520137, "length": 469.6945787, "source": 369, "target": 350, "direction": "bi-directional", "flow": 149.0, "flow_pct": 0.11008415157627208, "flow_rank": 299 }, "geometry": { "type": "LineString", "coordinates": [ [ 114.048741430776474, 22.565049515277391 ], [ 114.047848286268589, 22.565105464106168 ], [ 114.047434924583001, 22.565117793559715 ], [ 114.046326635060879, 22.565053530113477 ], [ 114.045881417794121, 22.564996659935829 ], [ 114.045431655946345, 22.564915827158707 ], [ 114.044887337551344, 22.56479273564382 ], [ 114.044236354136785, 22.56461039381043 ] ] } },
{ "type": "Feature", "properties": { "arc": 974, "wealthier": 0.64648120245495866, "beautiful": 0.43503016678738438, "livelier": 0.76820518805519544, "depressing": 0.53088638251145415, "safer": 0.57722651292430727, "boring": 0.34009758622526109, "human": 0.00056514739990229997, "vehicle": 0.012481562296549399, "construction": 0.4139827092488606, "nature": 0.043149948120117097, "sky": 0.23250719706217449, "object": 0.0289664586385091, "PI": 0.40183490171886688, "NI": 0.51855069799426301, "length": 235.3525555, "source": 238, "target": 230, "direction": "bi-directional", "flow": 0.0, "flow_pct": 0.0, "flow_rank": 766 }, "geometry": { "type": "LineString", "coordinates": [ [ 113.963123046542691, 22.563825049244329 ], [ 113.9621696066515, 22.563497939080108 ], [ 113.960921137220495, 22.563272170405408 ] ] } },
{ "type": "Feature", "properties": { "arc": 975, "wealthier": 0.56458736543964727, "beautiful": 0.47969098030162688, "livelier": 0.58189979426796423, "depressing": 0.47193696873740271, "safer": 0.4799598036273125, "boring": 0.43271931060526558, "human": 0.0032398303349811999, "vehicle": 0.022985617319742802, "construction": 0.099327484766642202, "nature": 0.2307282288869221, "sky": 0.39492956797281897, "object": 0.0074758927027384001, "PI": 0.42359421548799242, "NI": 0.34392258458025432, "length": 406.5076041, "source": 238, "target": 247, "direction": "bi-directional", "flow": 0.0, "flow_pct": 0.0, "flow_rank": 766 }, "geometry": { "type": "LineString", "coordinates": [ [ 113.963123046542691, 22.563825049244329 ], [ 113.966924626503157, 22.562820479597654 ] ] } },
{ "type": "Feature", "properties": { "arc": 977, "wealthier": 0.1269366887925007, "beautiful": 0.2341865085484692, "livelier": 0.17100509411959189, "depressing": 0.79766315778484165, "safer": 0.15935893138275539, "boring": 0.82547088285676096, "human": 0.0013726552327472999, "vehicle": 0.051030238469441699, "construction": 0.1096654733022054, "nature": 0.097619056701660101, "sky": 0.47954519589742028, "object": 0.0076603889465331997, "PI": 0.10941805174330516, "NI": 0.52049845173713849, "length": 180.6317301, "source": 482, "target": 483, "direction": "bi-directional", "flow": 71.0, "flow_pct": 0.052456206455807494, "flow_rank": 456 }, "geometry": { "type": "LineString", "coordinates": [ [ 114.099223222380346, 22.566345878456687 ], [ 114.099248483517101, 22.56536941808659 ], [ 114.099244234014876, 22.564715008883518 ] ] } },
{ "type": "Feature", "properties": { "arc": 979, "wealthier": 0.24472818074700611, "beautiful": 0.2247100034706766, "livelier": 0.25463544006010769, "depressing": 0.76307257245922844, "safer": 0.19343271809651391, "boring": 0.77282531479647865, "human": 0.0003777528420472, "vehicle": 0.015140957302517299, "construction": 0.089530390551966502, "nature": 0.10880413218441171, "sky": 0.54353422181219124, "object": 0.0034659622061964999, "PI": 0.14057029375415589, "NI": 0.46422382554863556, "length": 1065.538532, "source": 460, "target": 448, "direction": "bi-directional", "flow": 101.0, "flow_pct": 0.074620800732909248, "flow_rank": 379 }, "geometry": { "type": "LineString", "coordinates": [ [ 114.08688608640125, 22.566413206925478 ], [ 114.086290244785943, 22.565551257456871 ], [ 114.084773052724415, 22.563271389925049 ], [ 114.082233362945274, 22.559499949148542 ], [ 114.081420685977704, 22.558239300794536 ] ] } },
{ "type": "Feature", "properties": { "arc": 980, "wealthier": 0.38396848483989038, "beautiful": 0.2908451119398921, "livelier": 0.32021237231107358, "depressing": 0.69281178682455491, "safer": 0.27232586344590082, "boring": 0.77430599084773621, "human": 0.00090768602159280003, "vehicle": 0.011395207157841401, "construction": 0.2422981262207031, "nature": 0.1007970174153645, "sky": 0.42675456294307001, "object": 0.0045270566587094002, "PI": 0.20820970289255739, "NI": 0.47268598489130736, "length": 230.5153236, "source": 460, "target": 461, "direction": "bi-directional", "flow": 36.0, "flow_pct": 0.026597513132522111, "flow_rank": 582 }, "geometry": { "type": "LineString", "coordinates": [ [ 114.08688608640125, 22.566413206925478 ], [ 114.087858945636114, 22.564537896551752 ] ] } },
{ "type": "Feature", "properties": { "arc": 981, "wealthier": 0.23480395197665971, "beautiful": 0.22290082793378799, "livelier": 0.43565534137965689, "depressing": 0.74711233613508599, "safer": 0.235690195263104, "boring": 0.65258604266848164, "human": 0.0062209588510017998, "vehicle": 0.035119727805808701, "construction": 0.1799542462384259, "nature": 0.051059970149287398, "sky": 0.47351279082121661, "object": 0.0056533813476561997, "PI": 0.24040684066257537, "NI": 0.47812440891796237, "length": 428.7833995, "source": 508, "target": 499, "direction": "bi-directional", "flow": 183.0, "flow_pct": 0.13520402509032073, "flow_rank": 238 }, "geometry": { "type": "LineString", "coordinates": [ [ 114.107525040083431, 22.56679352984456 ], [ 114.107014914749612, 22.566567860023877 ], [ 114.106592596616608, 22.566354291222353 ], [ 114.103964186042788, 22.564787506883288 ] ] } },
{ "type": "Feature", "properties": { "arc": 983, "wealthier": 0.34803162829942602, "beautiful": 0.2319678546975901, "livelier": 0.50266531780401991, "depressing": 0.74854815071876823, "safer": 0.27396343188458899, "boring": 0.59831773845537584, "human": 0.002191664680602, "vehicle": 0.016877189515128899, "construction": 0.20816506279839411, "nature": 0.0443716200571211, "sky": 0.47438951522584938, "object": 0.010227748325892801, "PI": 0.22888992980914494, "NI": 0.49268759071853002, "length": 518.9422972, "source": 508, "target": 517, "direction": "bi-directional", "flow": 122.0, "flow_pct": 0.090136016726880486, "flow_rank": 344 }, "geometry": { "type": "LineString", "coordinates": [ [ 114.107525040083431, 22.56679352984456 ], [ 114.109731259529283, 22.566514455602494 ], [ 114.112070854684077, 22.566150664634275 ], [ 114.112508428744846, 22.566065761896269 ] ] } },
{ "type": "Feature", "properties": { "arc": 984, "wealthier": 0.58199994205670225, "beautiful": 0.46899428007597938, "livelier": 0.84541535315156191, "depressing": 0.46784353108934751, "safer": 0.54556684419991464, "boring": 0.2390556566818659, "human": 0.0024702990496600001, "vehicle": 0.030160621360496201, "construction": 0.1134486021818938, "nature": 0.3683451899775752, "sky": 0.2260641875090422, "object": 0.0063027982358579001, "PI": 0.51199217901266691, "NI": 0.26528726248959006, "length": 364.0071199, "source": 333, "target": 331, "direction": "bi-directional", "flow": 6.0, "flow_pct": 0.0044329188554203518, "flow_rank": 744 }, "geometry": { "type": "LineString", "coordinates": [ [ 114.036681027768196, 22.565615492962884 ], [ 114.036330954284963, 22.565353885148344 ], [ 114.035893422323156, 22.56492882582187 ], [ 114.035725205544097, 22.564730281415553 ], [ 114.035647662379191, 22.564548880176176 ], [ 114.035637719037254, 22.564429681613216 ], [ 114.035658626929006, 22.564257885499586 ], [ 114.035876626206573, 22.563374259810011 ], [ 114.035962957718283, 22.563130516169643 ], [ 114.036145852623989, 22.562792429410159 ] ] } },
{ "type": "Feature", "properties": { "arc": 985, "wealthier": 0.49398220157229322, "beautiful": 0.40198499517816338, "livelier": 0.44888624759163259, "depressing": 0.53815836727546562, "safer": 0.38452849654896071, "boring": 0.58829688163563554, "human": 0.00067525921445900003, "vehicle": 0.0241494034275864, "construction": 0.055665796453302503, "nature": 0.22980031100186429, "sky": 0.45397793162952771, "object": 0.0076385844837535003, "PI": 0.32183532926859809, "NI": 0.38728856451228527, "length": 286.6298521, "source": 338, "target": 341, "direction": "bi-directional", "flow": 148.0, "flow_pct": 0.10934533176703534, "flow_rank": 303 }, "geometry": { "type": "LineString", "coordinates": [ [ 114.03877893134846, 22.565797308114739 ], [ 114.040063866062766, 22.563500476253896 ] ] } },
{ "type": "Feature", "properties": { "arc": 986, "wealthier": 0.35633366664496641, "beautiful": 0.37879925270608461, "livelier": 0.49827808303402271, "depressing": 0.6005034787345559, "safer": 0.3488378454114579, "boring": 0.50283627800389219, "human": 0.0018408226244377001, "vehicle": 0.0298592538544625, "construction": 0.15676856763435129, "nature": 0.13150267167524851, "sky": 0.41646760882753309, "object": 0.0065546902743251999, "PI": 0.28711060944406663, "NI": 0.40356692402638789, "length": 217.1392427, "source": 333, "target": 338, "direction": "bi-directional", "flow": 116.0, "flow_pct": 0.085703097871460132, "flow_rank": 356 }, "geometry": { "type": "LineString", "coordinates": [ [ 114.036681027768196, 22.565615492962884 ], [ 114.036957935957417, 22.565675820184143 ], [ 114.037191594517694, 22.565706449049834 ], [ 114.038423898648389, 22.565792817274975 ], [ 114.03877893134846, 22.565797308114739 ] ] } },
{ "type": "Feature", "properties": { "arc": 989, "wealthier": 0.32550598585382429, "beautiful": 0.24089331080603049, "livelier": 0.37447354339700201, "depressing": 0.72670193589044163, "safer": 0.26715214767646311, "boring": 0.68820791957902117, "human": 0.00022563934326169999, "vehicle": 0.0452691078186035, "construction": 0.1496816635131836, "nature": 0.090281645456949805, "sky": 0.48519172668457028, "object": 0.006238047281901, "PI": 0.18714392945604133, "NI": 0.48510135189339199, "length": 521.3912252, "source": 213, "target": 214, "direction": "bi-directional", "flow": 1222.0, "flow_pct": 0.90283780688727822, "flow_rank": 6 }, "geometry": { "type": "LineString", "coordinates": [ [ 113.952856910633756, 22.564458280598842 ], [ 113.952956120751082, 22.563261187957082 ], [ 113.952979450834164, 22.562416349499454 ], [ 113.952936475222913, 22.560668966076147 ], [ 113.95289649940969, 22.559754974639638 ] ] } },
{ "type": "Feature", "properties": { "arc": 991, "wealthier": 0.51925907912513181, "beautiful": 0.57733097736392569, "livelier": 0.39394858537419492, "depressing": 0.44823807573258567, "safer": 0.49836369654196361, "boring": 0.58283720512638992, "human": 1.5591818188864093e-05, "vehicle": 0.0296329316638764, "construction": 0.071387154715401704, "nature": 0.2265374319893973, "sky": 0.41484856983971979, "object": 0.0025219992985800999, "PI": 0.3586608196579954, "NI": 0.33716640047733604, "length": 495.6532769, "source": 412, "target": 388, "direction": "bi-directional", "flow": 176.0, "flow_pct": 0.13003228642566367, "flow_rank": 252 }, "geometry": { "type": "LineString", "coordinates": [ [ 114.058667123007368, 22.566587509955863 ], [ 114.058028624228129, 22.566266168577322 ], [ 114.056931873280803, 22.565752595898882 ], [ 114.056385481609865, 22.565530402100716 ], [ 114.055815948802845, 22.565332867623937 ], [ 114.055462601884983, 22.565228938456521 ], [ 114.054919698472673, 22.565095093432848 ], [ 114.054206314899645, 22.564960110354381 ] ] } },
{ "type": "Feature", "properties": { "arc": 994, "wealthier": 0.27569688726374691, "beautiful": 0.20377919018617691, "livelier": 0.31657601765894211, "depressing": 0.75829548638430844, "safer": 0.2217373352782443, "boring": 0.73677083201721927, "human": 0.0001366933186848, "vehicle": 0.031504313151041602, "construction": 0.1139250736610562, "nature": 0.119486416087431, "sky": 0.49728782504212621, "object": 0.0034006530163333999, "PI": 0.15863904549719635, "NI": 0.46377061406159586, "length": 393.9854421, "source": 464, "target": 460, "direction": "bi-directional", "flow": 275.0, "flow_pct": 0.20317544754009945, "flow_rank": 134 }, "geometry": { "type": "LineString", "coordinates": [ [ 114.090591843200741, 22.567314338240589 ], [ 114.08740791972032, 22.566550580736727 ], [ 114.08688608640125, 22.566413206925478 ] ] } },
{ "type": "Feature", "properties": { "arc": 1000, "wealthier": 0.24334432756633681, "beautiful": 0.18159515712744509, "livelier": 0.36469210950462477, "depressing": 0.81388020374476433, "safer": 0.1673203753345209, "boring": 0.75146086763781583, "human": 0.0016408950563460999, "vehicle": 0.00776611812531, "construction": 0.10773961506192641, "nature": 0.047773330930679501, "sky": 0.58114048791310147, "object": 0.0122755141485305, "PI": 0.14991056875818473, "NI": 0.5341811461476712, "length": 493.7169988, "source": 528, "target": 517, "direction": "bi-directional", "flow": 122.0, "flow_pct": 0.090136016726880486, "flow_rank": 344 }, "geometry": { "type": "LineString", "coordinates": [ [ 114.1166387994502, 22.568307467842782 ], [ 114.116148339782995, 22.568062832980534 ], [ 114.115813231505754, 22.56787701090315 ], [ 114.113525549665539, 22.566461365964621 ], [ 114.113183966547297, 22.566298127063344 ], [ 114.112508428744846, 22.566065761896269 ] ] } },
{ "type": "Feature", "properties": { "arc": 1001, "wealthier": 0.4512387122186271, "beautiful": 0.45005612804445161, "livelier": 0.50310449828661108, "depressing": 0.52367731841394316, "safer": 0.43182257059528989, "boring": 0.54157439112891337, "human": 0.0016518856616730001, "vehicle": 0.0203382207992229, "construction": 0.14290501209015541, "nature": 0.22578323310148629, "sky": 0.36849165300950931, "object": 0.0040830246945644001, "PI": 0.35337990800918773, "NI": 0.35667697199117443, "length": 1163.784326, "source": 528, "target": 527, "direction": "bi-directional", "flow": 47.0, "flow_pct": 0.034724531034126087, "flow_rank": 545 }, "geometry": { "type": "LineString", "coordinates": [ [ 114.1166387994502, 22.568307467842782 ], [ 114.116445685730781, 22.567554373413113 ], [ 114.115853459272799, 22.565436001990008 ], [ 114.115783167886391, 22.565208977377296 ], [ 114.115706208362013, 22.565034059767786 ], [ 114.115622827849919, 22.564907068282082 ], [ 114.11552352596604, 22.564791960230458 ], [ 114.115321503411081, 22.56463611809653 ], [ 114.115119578922886, 22.564539024959441 ], [ 114.114647234520476, 22.564389777805108 ], [ 114.114527626078399, 22.564330880083133 ], [ 114.114415416129489, 22.564253350924069 ], [ 114.114312477163395, 22.56415192179756 ], [ 114.114221727766861, 22.564019986983762 ], [ 114.114161855844586, 22.563881921093909 ], [ 114.114130169804341, 22.563735482606894 ], [ 114.114131393121511, 22.56352041857928 ], [ 114.114186335365403, 22.563234897735075 ], [ 114.114836675946634, 22.560644852927243 ], [ 114.11532647033016, 22.558808096306411 ] ] } },
{ "type": "Feature", "properties": { "arc": 1005, "wealthier": 0.22052599241915349, "beautiful": 0.24609891501746131, "livelier": 0.31917177651137951, "depressing": 0.78637483028878252, "safer": 0.15752861956727429, "boring": 0.76171929521411119, "human": 0.0001808802286783, "vehicle": 0.021898693508572001, "construction": 0.20510302649603951, "nature": 0.1047788196139865, "sky": 0.45275571611192489, "object": 0.0075399610731336003, "PI": 0.14321867504932753, "NI": 0.50864775938407247, "length": 125.2860898, "source": 528, "target": 535, "direction": "bi-directional", "flow": 155.0, "flow_pct": 0.1145170704316924, "flow_rank": 282 }, "geometry": { "type": "LineString", "coordinates": [ [ 114.1166387994502, 22.568307467842782 ], [ 114.117431645577994, 22.56838982588836 ], [ 114.117851561609044, 22.568408667531216 ] ] } },
{ "type": "Feature", "properties": { "arc": 1006, "wealthier": 0.46714349574248187, "beautiful": 0.40166231228510207, "livelier": 0.52582399787804546, "depressing": 0.5694487429996542, "safer": 0.41041252752676233, "boring": 0.51022162985061692, "human": 0.0008592361058944, "vehicle": 0.034826083061022597, "construction": 0.14496729924128601, "nature": 0.18806628691844449, "sky": 0.39187318850786268, "object": 0.0031099563989883, "PI": 0.32841636840306504, "NI": 0.37129598584208079, "length": 305.7786553, "source": 535, "target": 537, "direction": "bi-directional", "flow": 219.0, "flow_pct": 0.16180153822284285, "flow_rank": 187 }, "geometry": { "type": "LineString", "coordinates": [ [ 114.117851561609044, 22.568408667531216 ], [ 114.118012616015491, 22.567064111897174 ], [ 114.11823761894513, 22.56567127041599 ] ] } },
{ "type": "Feature", "properties": { "arc": 1007, "wealthier": 0.7082011889535792, "beautiful": 0.53184426382054628, "livelier": 0.68722881033630134, "depressing": 0.35919405594263559, "safer": 0.59110611661656387, "boring": 0.31606791843570498, "human": 0.0015610059102376, "vehicle": 0.012699961662292401, "construction": 0.075421452522277804, "nature": 0.33740782737731928, "sky": 0.30495341618855798, "object": 0.0041964451471964001, "PI": 0.50349991498941904, "NI": 0.24288941657655402, "length": 711.8616586000001, "source": 192, "target": 193, "direction": "bi-directional", "flow": 8.0, "flow_pct": 0.0059105584738938016, "flow_rank": 731 }, "geometry": { "type": "LineString", "coordinates": [ [ 113.946644696101828, 22.565280318256448 ], [ 113.946679768510464, 22.563793654745542 ], [ 113.946683634645169, 22.562482538508821 ], [ 113.946714844361054, 22.561029481792097 ], [ 113.946779831270376, 22.560415956302371 ], [ 113.946957062011109, 22.559342107732917 ], [ 113.947052967235209, 22.558876574434354 ] ] } },
{ "type": "Feature", "properties": { "arc": 1008, "wealthier": 0.5459577343534503, "beautiful": 0.36721587883816409, "livelier": 0.5081706402170626, "depressing": 0.54806399556046137, "safer": 0.36606856222060918, "boring": 0.4855874522078138, "human": 0.0014193587832979999, "vehicle": 0.046862549251980197, "construction": 0.2120330333709716, "nature": 0.15918178028530541, "sky": 0.27837909592522508, "object": 0.0081568823920355003, "PI": 0.32450258311999669, "NI": 0.39305724465149589, "length": 645.7134426, "source": 192, "target": 213, "direction": "bi-directional", "flow": 91.0, "flow_pct": 0.067232602640541997, "flow_rank": 400 }, "geometry": { "type": "LineString", "coordinates": [ [ 113.946644696101828, 22.565280318256448 ], [ 113.948577222669059, 22.565110250266333 ], [ 113.950744931086504, 22.564802230945304 ], [ 113.952856910633756, 22.564458280598842 ] ] } },
{ "type": "Feature", "properties": { "arc": 1009, "wealthier": 0.38402605756289959, "beautiful": 0.3747086521581009, "livelier": 0.52238429817143439, "depressing": 0.60096024812534543, "safer": 0.35705245411671882, "boring": 0.471103539933593, "human": 0.0013639662000868001, "vehicle": 0.029524697197808099, "construction": 0.098539069846824298, "nature": 0.22454311229564519, "sky": 0.37761320891203698, "object": 0.0062767311378761001, "PI": 0.31455530528514286, "NI": 0.36658030680998482, "length": 249.7413512, "source": 371, "target": 369, "direction": "bi-directional", "flow": 62.0, "flow_pct": 0.045806828172676964, "flow_rank": 481 }, "geometry": { "type": "LineString", "coordinates": [ [ 114.048831737210278, 22.567303062875933 ], [ 114.04880904461055, 22.56640905960753 ], [ 114.048741430776474, 22.565049515277391 ] ] } },
{ "type": "Feature", "properties": { "arc": 1010, "wealthier": 0.58675915562190339, "beautiful": 0.48609347243700002, "livelier": 0.8060107133291482, "depressing": 0.42838696205901378, "safer": 0.54782810992277953, "boring": 0.25654441858180599, "human": 0.0067002165551279004, "vehicle": 0.033854615454580197, "construction": 0.1132077235801547, "nature": 0.43322720247156471, "sky": 0.13013069302427999, "object": 0.0049998713474646997, "PI": 0.57841102546454026, "NI": 0.22945023969079589, "length": 550.9755396, "source": 371, "target": 387, "direction": "bi-directional", "flow": 19.0, "flow_pct": 0.014037576375497782, "flow_rank": 672 }, "geometry": { "type": "LineString", "coordinates": [ [ 114.048831737210278, 22.567303062875933 ], [ 114.054187516086174, 22.567185919702563 ] ] } },
{ "type": "Feature", "properties": { "arc": 1011, "wealthier": 0.45508882859090538, "beautiful": 0.3873748253784432, "livelier": 0.53415978255665952, "depressing": 0.57866568976398469, "safer": 0.4056522611507169, "boring": 0.50303664313894758, "human": 0.0016747429257346999, "vehicle": 0.021289534795851901, "construction": 0.1386705126081193, "nature": 0.15684796287899919, "sky": 0.41748183114188048, "object": 0.0074008033389136004, "PI": 0.3269453015077714, "NI": 0.39292251210707679, "length": 972.3854283, "source": 592, "target": 576, "direction": "bi-directional", "flow": 531.0, "flow_pct": 0.3923133187047011, "flow_rank": 63 }, "geometry": { "type": "LineString", "coordinates": [ [ 114.137459287920009, 22.569014849280361 ], [ 114.1364441378674, 22.567212397142427 ], [ 114.132377996630225, 22.562540503163035 ], [ 114.131863680235185, 22.561976005434641 ] ] } },
{ "type": "Feature", "properties": { "arc": 1012, "wealthier": 0.42839715794364219, "beautiful": 0.2445144138377025, "livelier": 0.34379931788325702, "depressing": 0.70879966529716198, "safer": 0.30976422633492118, "boring": 0.7510894863893367, "human": 0.00017288208007810001, "vehicle": 0.029007924397786398, "construction": 0.1886858622233073, "nature": 0.019554239908854101, "sky": 0.51333063761393238, "object": 0.0021039581298827998, "PI": 0.18874614341278309, "NI": 0.47618651366015308, "length": 576.1699659, "source": 592, "target": 595, "direction": "bi-directional", "flow": 80.0, "flow_pct": 0.059105584738938018, "flow_rank": 431 }, "geometry": { "type": "LineString", "coordinates": [ [ 114.137459287920009, 22.569014849280361 ], [ 114.137153220790552, 22.568045167745744 ], [ 114.137138816793538, 22.567496500308529 ], [ 114.137205180453378, 22.566970458271452 ], [ 114.137294008137317, 22.566625849864824 ], [ 114.137443447646774, 22.5662722511486 ], [ 114.137629035609663, 22.565966021899595 ], [ 114.137868850560793, 22.565644405648989 ], [ 114.139001504355662, 22.564389857413634 ] ] } },
{ "type": "Feature", "properties": { "arc": 1013, "wealthier": 0.30161062111066839, "beautiful": 0.24097301046244429, "livelier": 0.35246436369027262, "depressing": 0.71884818968284736, "safer": 0.2575676269700905, "boring": 0.65040860358483721, "human": 0.00015255049163209999, "vehicle": 0.044247758154775503, "construction": 0.056776420742857603, "nature": 0.15485445658365879, "sky": 0.48807286281211709, "object": 0.0029909470502068, "PI": 0.19230057405143552, "NI": 0.42723952996231018, "length": 414.203601, "source": 476, "target": 464, "direction": "bi-directional", "flow": 275.0, "flow_pct": 0.20317544754009945, "flow_rank": 134 }, "geometry": { "type": "LineString", "coordinates": [ [ 114.094490956732116, 22.568250733143561 ], [ 114.092350257347576, 22.567726986233204 ], [ 114.090591843200741, 22.567314338240589 ] ] } },
{ "type": "Feature", "properties": { "arc": 1015, "wealthier": 0.46920619083047382, "beautiful": 0.3782723612604455, "livelier": 0.52777543349219891, "depressing": 0.59547512315566054, "safer": 0.38976116162560592, "boring": 0.46931638022609151, "human": 0.0014317830403645, "vehicle": 0.025653266906738199, "construction": 0.1465304692586262, "nature": 0.1323453903198242, "sky": 0.45490315755208333, "object": 0.0042184829711913998, "PI": 0.31452403720078786, "NI": 0.38673442291794147, "length": 343.729093, "source": 614, "target": 616, "direction": "bi-directional", "flow": 20.0, "flow_pct": 0.014776396184734504, "flow_rank": 663 }, "geometry": { "type": "LineString", "coordinates": [ [ 114.169400976916478, 22.569666222389415 ], [ 114.170858048154017, 22.566872747683064 ] ] } },
{ "type": "Feature", "properties": { "arc": 1016, "wealthier": 0.52531508458663734, "beautiful": 0.4286050553486167, "livelier": 0.70432812456366745, "depressing": 0.50488170330719084, "safer": 0.50359637107080113, "boring": 0.33667677003946722, "human": 0.0044498090390805, "vehicle": 0.0133527473167136, "construction": 0.1940426649870696, "nature": 0.22801840746844251, "sky": 0.30213108769169561, "object": 0.0065817303127711996, "PI": 0.44976109871382791, "NI": 0.32559608166487969, "length": 693.9554986000001, "source": 614, "target": 613, "direction": "bi-directional", "flow": 57.0, "flow_pct": 0.042112729126493338, "flow_rank": 501 }, "geometry": { "type": "LineString", "coordinates": [ [ 114.169400976916478, 22.569666222389415 ], [ 114.16895171375532, 22.569738952333179 ], [ 114.168569194317911, 22.569757388787867 ], [ 114.167427825479919, 22.569755786179922 ], [ 114.16727082911801, 22.569728413361812 ], [ 114.16717491862417, 22.569677287612482 ], [ 114.167095589016412, 22.569564796784121 ], [ 114.167065142195, 22.569379896612759 ], [ 114.167131690612223, 22.567376476658239 ], [ 114.16712071972016, 22.567150837097088 ], [ 114.167070109848027, 22.566997252236931 ], [ 114.166969685995269, 22.566902146736606 ], [ 114.166881585431426, 22.566867041700007 ], [ 114.166762199405881, 22.566846615577976 ], [ 114.166071261392645, 22.566852821209064 ], [ 114.165548089508732, 22.566888716484634 ] ] } },
{ "type": "Feature", "properties": { "arc": 1017, "wealthier": 0.71918437221260245, "beautiful": 0.59799642985367829, "livelier": 0.80400974708891348, "depressing": 0.27997648115626872, "safer": 0.69304459896687065, "boring": 0.17282534845529851, "human": 0.0015951792399088, "vehicle": 0.024457225093135099, "construction": 0.094696327492042806, "nature": 0.40336336912932219, "sky": 0.1877856431183991, "object": 0.0068786055953413998, "PI": 0.57498747955824869, "NI": 0.20221409451865094, "length": 501.9623474, "source": 348, "target": 338, "direction": "bi-directional", "flow": 20.0, "flow_pct": 0.014776396184734504, "flow_rank": 663 }, "geometry": { "type": "LineString", "coordinates": [ [ 114.043258773972511, 22.567593564739578 ], [ 114.039664051009794, 22.566115542662992 ], [ 114.039225725297854, 22.565945973787688 ], [ 114.03877893134846, 22.565797308114739 ] ] } },
{ "type": "Feature", "properties": { "arc": 1019, "wealthier": 0.6231763323352254, "beautiful": 0.56509810275444361, "livelier": 0.79179218871380053, "depressing": 0.32896194158428271, "safer": 0.62804374512800898, "boring": 0.18594304504719711, "human": 0.0029167376066509001, "vehicle": 0.017453310782449199, "construction": 0.1380978634482935, "nature": 0.31456763284248218, "sky": 0.23621582566646099, "object": 0.0077444043075829, "PI": 0.53301244799025094, "NI": 0.24094938124045648, "length": 574.0818086, "source": 348, "target": 371, "direction": "bi-directional", "flow": 36.0, "flow_pct": 0.026597513132522111, "flow_rank": 582 }, "geometry": { "type": "LineString", "coordinates": [ [ 114.043258773972511, 22.567593564739578 ], [ 114.045354068811577, 22.567480380492874 ], [ 114.045899558450927, 22.567465140306439 ], [ 114.048831737210278, 22.567303062875933 ] ] } },
{ "type": "Feature", "properties": { "arc": 1020, "wealthier": 0.54631332305239932, "beautiful": 0.43968512901846579, "livelier": 0.62869727224012872, "depressing": 0.48373885314005471, "safer": 0.50369063650791546, "boring": 0.39592275830904738, "human": 0.00082384745279940003, "vehicle": 0.0079708099365233993, "construction": 0.092730967203775994, "nature": 0.25244805018107103, "sky": 0.36754528681437171, "object": 0.0100902239481608, "PI": 0.40107587148781049, "NI": 0.33482070718920515, "length": 636.1287315, "source": 163, "target": 166, "direction": "bi-directional", "flow": 19.0, "flow_pct": 0.014037576375497782, "flow_rank": 672 }, "geometry": { "type": "LineString", "coordinates": [ [ 113.94063713759725, 22.565676526530275 ], [ 113.940654138892242, 22.563215459783816 ], [ 113.940700874974368, 22.560808105789295 ], [ 113.940734379149376, 22.559933070305409 ] ] } },
{ "type": "Feature", "properties": { "arc": 1021, "wealthier": 0.50464579649283492, "beautiful": 0.32790017690901629, "livelier": 0.51860992554932983, "depressing": 0.60948678293977732, "safer": 0.33860372998772581, "boring": 0.4998137840636942, "human": 0.0025426892266756998, "vehicle": 0.031163174173106298, "construction": 0.2975895370262257, "nature": 0.099479481793831995, "sky": 0.24945109823475711, "object": 0.0082042804662732002, "PI": 0.30652620150241738, "NI": 0.41520960986080563, "length": 619.7964678, "source": 163, "target": 192, "direction": "bi-directional", "flow": 29.0, "flow_pct": 0.021425774467865033, "flow_rank": 616 }, "geometry": { "type": "LineString", "coordinates": [ [ 113.94063713759725, 22.565676526530275 ], [ 113.941822360493745, 22.565663175923881 ], [ 113.942701874657942, 22.565615247530612 ], [ 113.943446004945642, 22.565552268493054 ], [ 113.945246563905542, 22.565367414432632 ], [ 113.946644696101828, 22.565280318256448 ] ] } },
{ "type": "Feature", "properties": { "arc": 1024, "wealthier": 0.38521532726261931, "beautiful": 0.29794152225608311, "livelier": 0.61601805795011888, "depressing": 0.68152469128164939, "safer": 0.3248041852373032, "boring": 0.48402313228077959, "human": 0.0021591186523437001, "vehicle": 0.027827281577914299, "construction": 0.22959780225566789, "nature": 0.063859752580231202, "sky": 0.42837199042825141, "object": 0.0041466881247127002, "PI": 0.2829586871109237, "NI": 0.42568351070559801, "length": 383.7863831, "source": 535, "target": 543, "direction": "bi-directional", "flow": 115.0, "flow_pct": 0.084964278062223397, "flow_rank": 359 }, "geometry": { "type": "LineString", "coordinates": [ [ 114.117851561609044, 22.568408667531216 ], [ 114.118677283463981, 22.568445560199127 ], [ 114.119361694655794, 22.568527505874922 ], [ 114.119966789250327, 22.56866507857335 ], [ 114.121489010705687, 22.569097913360412 ] ] } },
{ "type": "Feature", "properties": { "arc": 1025, "wealthier": 0.58398095985413079, "beautiful": 0.4791100523218878, "livelier": 0.77425997569534122, "depressing": 0.44192459240652721, "safer": 0.54004525578975093, "boring": 0.27952462188309019, "human": 0.0073087056477863996, "vehicle": 0.049830067952473897, "construction": 0.2482927449544271, "nature": 0.2157079823811848, "sky": 0.25276837666829421, "object": 0.0049016062418618996, "PI": 0.52232875049362093, "NI": 0.3245875473508259, "length": 659.2919906, "source": 543, "target": 537, "direction": "bi-directional", "flow": 26.0, "flow_pct": 0.019209315040154856, "flow_rank": 631 }, "geometry": { "type": "LineString", "coordinates": [ [ 114.121489010705687, 22.569097913360412 ], [ 114.12163168280766, 22.568589514670514 ], [ 114.121801215253541, 22.567425949263562 ], [ 114.121811458243258, 22.567266747521057 ], [ 114.121800399674171, 22.567166612005799 ], [ 114.121769235016984, 22.56708500454938 ], [ 114.121723795988757, 22.567027095972417 ], [ 114.121577432656551, 22.566945769123787 ], [ 114.121308047489961, 22.566896664414191 ], [ 114.121009483224725, 22.566886356584732 ], [ 114.120581156863011, 22.566922903823311 ], [ 114.12047423567293, 22.566911936362921 ], [ 114.120365108967945, 22.566880569192598 ], [ 114.120240510615972, 22.566812910293038 ], [ 114.120105515693453, 22.566685946910965 ], [ 114.119685499707259, 22.566023081038662 ], [ 114.119561340773174, 22.565881592685848 ], [ 114.119465965894705, 22.565813393028822 ], [ 114.11923823122288, 22.565728720719047 ], [ 114.118886778827232, 22.565669838368137 ], [ 114.118600463292267, 22.565653094015058 ], [ 114.11823761894513, 22.56567127041599 ] ] } },
{ "type": "Feature", "properties": { "arc": 1028, "wealthier": 0.25654691196051338, "beautiful": 0.29744543829842018, "livelier": 0.5589560352372247, "depressing": 0.69681211135983834, "safer": 0.25324248443349268, "boring": 0.50460189473647332, "human": 0.0056000815497504004, "vehicle": 0.053010304768880197, "construction": 0.2035378350151909, "nature": 0.041045824686686098, "sky": 0.43524975246853298, "object": 0.0050943162706163, "PI": 0.2747601903842663, "NI": 0.44977794837386992, "length": 113.8987691, "source": 548, "target": 543, "direction": "bi-directional", "flow": 111.0, "flow_pct": 0.082008998825276513, "flow_rank": 369 }, "geometry": { "type": "LineString", "coordinates": [ [ 114.122560385738709, 22.569358399763502 ], [ 114.121489010705687, 22.569097913360412 ] ] } },
{ "type": "Feature", "properties": { "arc": 1029, "wealthier": 0.51052265516826101, "beautiful": 0.43421377605130868, "livelier": 0.71047916691725099, "depressing": 0.5179737914678435, "safer": 0.49331957044238461, "boring": 0.3224508309429171, "human": 0.0035928668397844999, "vehicle": 0.027098106615471101, "construction": 0.167838029187135, "nature": 0.26867720093389952, "sky": 0.29166707125577052, "object": 0.0060882375697895999, "PI": 0.4470067127330557, "NI": 0.32118589591570651, "length": 755.2631721, "source": 328, "target": 321, "direction": "bi-directional", "flow": 46.0, "flow_pct": 0.033985711224889359, "flow_rank": 549 }, "geometry": { "type": "LineString", "coordinates": [ [ 114.03537995303185, 22.567831253302867 ], [ 114.035019354945902, 22.567748449514713 ], [ 114.034613794838847, 22.567625613552377 ], [ 114.034306479567661, 22.567509639632203 ], [ 114.034045020522342, 22.567378997438372 ], [ 114.03384095010675, 22.567235164177749 ], [ 114.033650833273242, 22.567055133157385 ], [ 114.033467268908737, 22.566829868377603 ], [ 114.033333114895797, 22.566600964493102 ], [ 114.033230166813524, 22.56631927687209 ], [ 114.03315077171878, 22.565936936652079 ], [ 114.032885123429253, 22.563626049350525 ], [ 114.032757812962828, 22.562623006230645 ], [ 114.032684898935258, 22.562187021917154 ] ] } },
{ "type": "Feature", "properties": { "arc": 1030, "wealthier": 0.30958525833407968, "beautiful": 0.35273392022786898, "livelier": 0.39355863392884383, "depressing": 0.63621916234115183, "safer": 0.30927083692196272, "boring": 0.58302838432322124, "human": 0.0027385994240089, "vehicle": 0.033023057160554099, "construction": 0.14064428541395391, "nature": 0.1484935901783131, "sky": 0.41256579646357783, "object": 0.0050428178575303, "PI": 0.26249570605560341, "NI": 0.41097404272598687, "length": 279.5141415, "source": 328, "target": 333, "direction": "bi-directional", "flow": 42.0, "flow_pct": 0.031030431987942461, "flow_rank": 559 }, "geometry": { "type": "LineString", "coordinates": [ [ 114.03537995303185, 22.567831253302867 ], [ 114.035836270423914, 22.567082102098606 ], [ 114.036348433824742, 22.566172929657284 ], [ 114.036681027768196, 22.565615492962884 ] ] } },
{ "type": "Feature", "properties": { "arc": 1031, "wealthier": 0.54250480927484557, "beautiful": 0.50405561399628507, "livelier": 0.4106948360516039, "depressing": 0.49565410789195918, "safer": 0.46875280010418668, "boring": 0.63924706396215092, "human": 0.00045661131540930002, "vehicle": 0.0433270533879598, "construction": 0.041007677714029897, "nature": 0.151087204615275, "sky": 0.50164632002512621, "object": 0.0064741373062133, "PI": 0.33390662822907197, "NI": 0.403891050198804, "length": 427.5754479, "source": 417, "target": 412, "direction": "bi-directional", "flow": 176.0, "flow_pct": 0.13003228642566367, "flow_rank": 252 }, "geometry": { "type": "LineString", "coordinates": [ [ 114.062341162057464, 22.568394515608951 ], [ 114.058667123007368, 22.566587509955863 ] ] } },
{ "type": "Feature", "properties": { "arc": 1032, "wealthier": 0.30897603056943318, "beautiful": 0.2692209108292532, "livelier": 0.23975906194158661, "depressing": 0.72673009521478515, "safer": 0.2419789448539604, "boring": 0.79549869337085688, "human": 0.00070613363514770002, "vehicle": 0.027441522349481998, "construction": 0.16227888024371601, "nature": 0.062409967615984399, "sky": 0.4936982306881228, "object": 0.0062864275946133003, "PI": 0.15805873049953237, "NI": 0.49760623453226921, "length": 654.7373599, "source": 417, "target": 418, "direction": "bi-directional", "flow": 56.0, "flow_pct": 0.041373909317256617, "flow_rank": 508 }, "geometry": { "type": "LineString", "coordinates": [ [ 114.062341162057464, 22.568394515608951 ], [ 114.06253172683293, 22.562484673787093 ] ] } },
{ "type": "Feature", "properties": { "arc": 1034, "wealthier": 0.53828734397546063, "beautiful": 0.42846953992459741, "livelier": 0.5272008913691445, "depressing": 0.4818593828711969, "safer": 0.3792273382968, "boring": 0.44007367185161989, "human": 0.00098421460106250008, "vehicle": 0.045756430852980798, "construction": 0.41245785213652109, "nature": 0.12426489875430149, "sky": 0.1348261379060291, "object": 0.0047539302280969996, "PI": 0.32630483247905545, "NI": 0.37680033454702527, "length": 661.7430757, "source": 140, "target": 163, "direction": "bi-directional", "flow": 0.0, "flow_pct": 0.0, "flow_rank": 766 }, "geometry": { "type": "LineString", "coordinates": [ [ 113.934225570953885, 22.566067756597082 ], [ 113.935333376070361, 22.565904267666564 ], [ 113.936008595509293, 22.565830940985641 ], [ 113.936640160163321, 22.565783817284615 ], [ 113.938161410460609, 22.565716052302772 ], [ 113.94063713759725, 22.565676526530275 ] ] } },
{ "type": "Feature", "properties": { "arc": 1035, "wealthier": 0.44351698306892279, "beautiful": 0.38682554568415051, "livelier": 0.48545995096680911, "depressing": 0.58276685436720066, "safer": 0.38126780857621118, "boring": 0.47939244207368398, "human": 0.0016184142141631001, "vehicle": 0.017535007361209699, "construction": 0.067145376494436498, "nature": 0.16670172142260001, "sky": 0.49457388213186548, "object": 0.0081588571721857, "PI": 0.31289568516947325, "NI": 0.38947252422121342, "length": 548.6538173, "source": 251, "target": 247, "direction": "bi-directional", "flow": 36.0, "flow_pct": 0.026597513132522111, "flow_rank": 582 }, "geometry": { "type": "LineString", "coordinates": [ [ 113.969932256953058, 22.566890462411052 ], [ 113.967575720119484, 22.563998892852354 ], [ 113.967396880716166, 22.563747828357588 ], [ 113.967243013306472, 22.563497270819116 ], [ 113.966924626503157, 22.562820479597654 ] ] } },
{ "type": "Feature", "properties": { "arc": 1036, "wealthier": 0.34710777074656352, "beautiful": 0.33182571135274319, "livelier": 0.43944590468862538, "depressing": 0.63016436469452741, "safer": 0.31563813420334941, "boring": 0.57273987129496406, "human": 0.0005410189008982, "vehicle": 0.014183852632166901, "construction": 0.0838930916651493, "nature": 0.17040859373275841, "sky": 0.4660297760182181, "object": 0.0052049388993256999, "PI": 0.25289602299288166, "NI": 0.39160443614222906, "length": 1570.249082, "source": 251, "target": 271, "direction": "bi-directional", "flow": 52.0, "flow_pct": 0.038418630080309712, "flow_rank": 523 }, "geometry": { "type": "LineString", "coordinates": [ [ 113.969932256953058, 22.566890462411052 ], [ 113.977591578701904, 22.562498889515552 ], [ 113.978174552564084, 22.562180199207837 ], [ 113.978617936715764, 22.561958216782216 ], [ 113.979279435755387, 22.561681164782591 ], [ 113.979989377622601, 22.561434274084533 ], [ 113.983441990538566, 22.560479898183456 ] ] } },
{ "type": "Feature", "properties": { "arc": 1039, "wealthier": 0.57530247082440278, "beautiful": 0.51843262353059283, "livelier": 0.50319494862122016, "depressing": 0.47370096240617088, "safer": 0.46548246320199249, "boring": 0.46255987177338309, "human": 0.0015755305214532999, "vehicle": 0.060265949794224297, "construction": 0.046035312470935598, "nature": 0.1939090244353763, "sky": 0.44408931429423981, "object": 0.0090550316704644009, "PI": 0.38460735727284817, "NI": 0.38274455856807837, "length": 542.3173747, "source": 417, "target": 426, "direction": "bi-directional", "flow": 143.0, "flow_pct": 0.10565123272085171, "flow_rank": 310 }, "geometry": { "type": "LineString", "coordinates": [ [ 114.062341162057464, 22.568394515608951 ], [ 114.067573774726355, 22.569000473197249 ] ] } },
{ "type": "Feature", "properties": { "arc": 1040, "wealthier": 0.42375281495051642, "beautiful": 0.30454793820030968, "livelier": 0.44997362448566108, "depressing": 0.64881263888876239, "safer": 0.33864505656961352, "boring": 0.61118505436972836, "human": 0.00024694737380110001, "vehicle": 0.028477304350069801, "construction": 0.047790139671263603, "nature": 0.2056196414358247, "sky": 0.46389643351236981, "object": 0.0062659969174763998, "PI": 0.27229034594830848, "NI": 0.4064201456106859, "length": 1210.800993, "source": 426, "target": 427, "direction": "bi-directional", "flow": 21.0, "flow_pct": 0.015515215993971231, "flow_rank": 655 }, "geometry": { "type": "LineString", "coordinates": [ [ 114.067573774726355, 22.569000473197249 ], [ 114.067610828003097, 22.567908681200258 ], [ 114.067638232152007, 22.565500319560194 ], [ 114.067774666662302, 22.558068300505546 ] ] } },
{ "type": "Feature", "properties": { "arc": 1041, "wealthier": 0.2075430450045683, "beautiful": 0.2225072775489999, "livelier": 0.47145464779690349, "depressing": 0.75216781824466017, "safer": 0.2362841069280745, "boring": 0.58701709110869038, "human": 0.0039951324462889999, "vehicle": 0.045541699727376303, "construction": 0.2299453099568684, "nature": 0.018950653076171799, "sky": 0.45341504414876299, "object": 0.0066051483154295999, "PI": 0.20649384910679724, "NI": 0.49159557344902066, "length": 265.4071348, "source": 548, "target": 558, "direction": "bi-directional", "flow": 98.0, "flow_pct": 0.072404341305199071, "flow_rank": 384 }, "geometry": { "type": "LineString", "coordinates": [ [ 114.122560385738709, 22.569358399763502 ], [ 114.125032896623694, 22.570044963616017 ] ] } },
{ "type": "Feature", "properties": { "arc": 1042, "wealthier": 0.55025900080654788, "beautiful": 0.46828471998217558, "livelier": 0.67251752998858028, "depressing": 0.47358750208643702, "safer": 0.51447871870139184, "boring": 0.3783038264472825, "human": 0.0036972709324048, "vehicle": 0.0422833484152089, "construction": 0.1380744325941887, "nature": 0.23882912898409189, "sky": 0.3273133540499038, "object": 0.0046868808027626004, "PI": 0.45037654492754603, "NI": 0.32573563248711446, "length": 673.4239563, "source": 558, "target": 556, "direction": "bi-directional", "flow": 155.0, "flow_pct": 0.1145170704316924, "flow_rank": 282 }, "geometry": { "type": "LineString", "coordinates": [ [ 114.125032896623694, 22.570044963616017 ], [ 114.125114524611661, 22.568544353407116 ], [ 114.125243511358249, 22.566719452365604 ], [ 114.12525386487269, 22.566210988766382 ], [ 114.125192165640797, 22.5658825175788 ], [ 114.124866721865203, 22.564674879461901 ], [ 114.124781952741117, 22.564404825543047 ], [ 114.124632919431136, 22.564049093700124 ] ] } },
{ "type": "Feature", "properties": { "arc": 1043, "wealthier": 0.57528363108815583, "beautiful": 0.42979536273480812, "livelier": 0.73102426964377631, "depressing": 0.51006518784727028, "safer": 0.50380071712802277, "boring": 0.36456392417698819, "human": 0.0026382022433809999, "vehicle": 0.024726104736328101, "construction": 0.1111687978108724, "nature": 0.36373422410753031, "sky": 0.21849916246202261, "object": 0.0059573279486762002, "PI": 0.47501576024435627, "NI": 0.28610760912586691, "length": 504.0922555, "source": 411, "target": 387, "direction": "bi-directional", "flow": 11.0, "flow_pct": 0.0081270179016039792, "flow_rank": 708 }, "geometry": { "type": "LineString", "coordinates": [ [ 114.058617083131494, 22.569134714255199 ], [ 114.054187516086174, 22.567185919702563 ] ] } },
{ "type": "Feature", "properties": { "arc": 1044, "wealthier": 0.5456437485148441, "beautiful": 0.4449933402818399, "livelier": 0.57033643622580465, "depressing": 0.53624042794601923, "safer": 0.45456906630827099, "boring": 0.48720641176254048, "human": 0.00086614820692269996, "vehicle": 0.020821677313910499, "construction": 0.047037124633789, "nature": 0.30885795310691549, "sky": 0.34283652128996672, "object": 0.0074094842981409, "PI": 0.39677488217837792, "NI": 0.3319111865859683, "length": 282.1192895, "source": 411, "target": 412, "direction": "bi-directional", "flow": 0.0, "flow_pct": 0.0, "flow_rank": 766 }, "geometry": { "type": "LineString", "coordinates": [ [ 114.058617083131494, 22.569134714255199 ], [ 114.058667123007368, 22.566587509955863 ] ] } },
{ "type": "Feature", "properties": { "arc": 1045, "wealthier": 0.70187747452991378, "beautiful": 0.61689081324060213, "livelier": 0.57510589103845522, "depressing": 0.3448255206430863, "safer": 0.60682409922865743, "boring": 0.414404930149254, "human": 0.0017011430528428, "vehicle": 0.022384312417772001, "construction": 0.0450150039460923, "nature": 0.4070797231462267, "sky": 0.2952324549357096, "object": 0.0040123595131767997, "PI": 0.518323975616372, "NI": 0.25102490777127778, "length": 1360.889059, "source": 612, "target": 602, "direction": "bi-directional", "flow": 124.0, "flow_pct": 0.091613656345353928, "flow_rank": 341 }, "geometry": { "type": "LineString", "coordinates": [ [ 114.165462131116186, 22.57111772650553 ], [ 114.162042710803746, 22.570186113604016 ], [ 114.161688276322451, 22.570117968555941 ], [ 114.160814137373762, 22.57000195811986 ], [ 114.160434911407037, 22.569929371463271 ], [ 114.16015241962468, 22.569853302624011 ], [ 114.159921527225407, 22.569766702496068 ], [ 114.159705051609563, 22.569661827610911 ], [ 114.1588685170953, 22.569167993169529 ], [ 114.158597244363719, 22.569022872633617 ], [ 114.158296256720462, 22.568892684357749 ], [ 114.157692574866545, 22.568672229548522 ], [ 114.157477352138159, 22.568551832236704 ], [ 114.157417222315161, 22.568489214281481 ], [ 114.157371377073972, 22.56840609709629 ], [ 114.157342595280028, 22.568293236094721 ], [ 114.157330761903992, 22.568132448449457 ], [ 114.157359829740983, 22.567407699412389 ], [ 114.157364997285839, 22.566494566177159 ], [ 114.15741232369767, 22.564210512295997 ] ] } },
{ "type": "Feature", "properties": { "arc": 1046, "wealthier": 0.51175241576733066, "beautiful": 0.40584699279776559, "livelier": 0.70012371820616059, "depressing": 0.54782053206988934, "safer": 0.46284463917802932, "boring": 0.34197178002738882, "human": 0.0049341201782226, "vehicle": 0.013486607869466099, "construction": 0.21177565256754549, "nature": 0.20704727172851559, "sky": 0.28810609181722008, "object": 0.0055528640747070004, "PI": 0.43618582619449392, "NI": 0.33003692412133184, "length": 468.4296154, "source": 612, "target": 613, "direction": "bi-directional", "flow": 0.0, "flow_pct": 0.0, "flow_rank": 766 }, "geometry": { "type": "LineString", "coordinates": [ [ 114.165462131116186, 22.57111772650553 ], [ 114.165498073997327, 22.568122751916395 ], [ 114.165548089508732, 22.566888716484634 ] ] } },
{ "type": "Feature", "properties": { "arc": 1047, "wealthier": 0.57049832462077821, "beautiful": 0.39741073360114137, "livelier": 0.74326907884539639, "depressing": 0.51646933642035608, "safer": 0.52561630723038111, "boring": 0.33117591155148779, "human": 0.0018693227616567, "vehicle": 0.018023536318824401, "construction": 0.1655289180695064, "nature": 0.2228430187891399, "sky": 0.3285184284997365, "object": 0.0058273133777436001, "PI": 0.42930562999528338, "NI": 0.32361197813817194, "length": 580.8534717, "source": 498, "target": 499, "direction": "bi-directional", "flow": 5.0, "flow_pct": 0.0036940990461836261, "flow_rank": 750 }, "geometry": { "type": "LineString", "coordinates": [ [ 114.103862172560937, 22.570031945732246 ], [ 114.103964186042788, 22.564787506883288 ] ] } },
{ "type": "Feature", "properties": { "arc": 1048, "wealthier": 0.40806081238778708, "beautiful": 0.26231874393671778, "livelier": 0.41981295521781098, "depressing": 0.70446236955869268, "safer": 0.3221181970387636, "boring": 0.64073283613144738, "human": 0.0002241588774181, "vehicle": 0.0413066319056919, "construction": 0.068722164820110995, "nature": 0.14219959198482451, "sky": 0.4967009831988623, "object": 0.0039336794898622999, "PI": 0.23680388464955548, "NI": 0.43275135881007215, "length": 520.1852507, "source": 481, "target": 476, "direction": "bi-directional", "flow": 228.0, "flow_pct": 0.16845091650597335, "flow_rank": 182 }, "geometry": { "type": "LineString", "coordinates": [ [ 114.099139732561326, 22.570084799762611 ], [ 114.095697291731952, 22.568617127430464 ], [ 114.095182211142074, 22.56843756952982 ], [ 114.094490956732116, 22.568250733143561 ] ] } },
{ "type": "Feature", "properties": { "arc": 1049, "wealthier": 0.19288742962147809, "beautiful": 0.2257078718379826, "livelier": 0.23452699724239939, "depressing": 0.77491324556676056, "safer": 0.18008453096882879, "boring": 0.7872565542812614, "human": 0.00063888231913239999, "vehicle": 0.032086372375488198, "construction": 0.1132671435674031, "nature": 0.121011217435201, "sky": 0.48547391096750891, "object": 0.0046871105829874001, "PI": 0.13186067857273731, "NI": 0.48045344252298045, "length": 414.1534191, "source": 481, "target": 482, "direction": "bi-directional", "flow": 90.0, "flow_pct": 0.066493782831305276, "flow_rank": 404 }, "geometry": { "type": "LineString", "coordinates": [ [ 114.099139732561326, 22.570084799762611 ], [ 114.099178975322275, 22.569159484817821 ], [ 114.099223222380346, 22.566345878456687 ] ] } },
{ "type": "Feature", "properties": { "arc": 1050, "wealthier": 0.39754896670994838, "beautiful": 0.41618875572631892, "livelier": 0.37898907490109129, "depressing": 0.58024520035806859, "safer": 0.36154259327241439, "boring": 0.61894003060977631, "human": 0.00014025370279939999, "vehicle": 0.055372111002604099, "construction": 0.014233239491780601, "nature": 0.14152549107869461, "sky": 0.531560230255127, "object": 0.0071481068929035996, "PI": 0.26123942011173379, "NI": 0.42820810847371282, "length": 476.7468027, "source": 437, "target": 426, "direction": "bi-directional", "flow": 131.0, "flow_pct": 0.096785395010011016, "flow_rank": 330 }, "geometry": { "type": "LineString", "coordinates": [ [ 114.072140240387171, 22.569735359410899 ], [ 114.071214096213311, 22.569554359443885 ], [ 114.070478623830937, 22.569450343133656 ], [ 114.068318814802836, 22.569100034920485 ], [ 114.067573774726355, 22.569000473197249 ] ] } },
{ "type": "Feature", "properties": { "arc": 1054, "wealthier": 0.46441054466268178, "beautiful": 0.32614007885918561, "livelier": 0.42694467159208421, "depressing": 0.62206908280857665, "safer": 0.35981823822351411, "boring": 0.6342935136126272, "human": 0.00025622049967439998, "vehicle": 0.025515302022298101, "construction": 0.26352863311767583, "nature": 0.041200892130533802, "sky": 0.42441609700520838, "object": 0.0037539164225259998, "PI": 0.24151214088353709, "NI": 0.44709768268639832, "length": 247.6226533, "source": 593, "target": 592, "direction": "bi-directional", "flow": 161.0, "flow_pct": 0.11894998928711276, "flow_rank": 273 }, "geometry": { "type": "LineString", "coordinates": [ [ 114.138024263896853, 22.571188471953661 ], [ 114.137791828825897, 22.5702610856886 ], [ 114.137459287920009, 22.569014849280361 ] ] } },
{ "type": "Feature", "properties": { "arc": 1057, "wealthier": 0.50532933234703992, "beautiful": 0.44793633982245901, "livelier": 0.48714438236465851, "depressing": 0.53664755452114909, "safer": 0.46190390580184632, "boring": 0.5691371647180733, "human": 0.00077984068128789997, "vehicle": 0.046816984812418597, "construction": 0.092446910010443806, "nature": 0.2069652345445421, "sky": 0.41596349080403638, "object": 0.0035959349738226001, "PI": 0.34875913150253463, "NI": 0.3770860544094583, "length": 281.0489173, "source": 534, "target": 535, "direction": "bi-directional", "flow": 237.0, "flow_pct": 0.17510029478910388, "flow_rank": 169 }, "geometry": { "type": "LineString", "coordinates": [ [ 114.117811351373177, 22.57094116088691 ], [ 114.117780320837639, 22.570490578488617 ], [ 114.11775397822548, 22.569441164153393 ], [ 114.11776971436251, 22.569147677183111 ], [ 114.117851561609044, 22.568408667531216 ] ] } },
{ "type": "Feature", "properties": { "arc": 1058, "wealthier": 0.64112200484345483, "beautiful": 0.52038016435150025, "livelier": 0.64176268727620644, "depressing": 0.41393670141137479, "safer": 0.55773765719649215, "boring": 0.3639111949312947, "human": 0.0012373082778033, "vehicle": 0.0211648754045075, "construction": 0.118327683093501, "nature": 0.29292230045094209, "sky": 0.32128506080777042, "object": 0.0044445711023666998, "PI": 0.45984198160869538, "NI": 0.28735167133297451, "length": 569.6013901, "source": 612, "target": 614, "direction": "bi-directional", "flow": 0.0, "flow_pct": 0.0, "flow_rank": 766 }, "geometry": { "type": "LineString", "coordinates": [ [ 114.165462131116186, 22.57111772650553 ], [ 114.166992843970277, 22.571636476972582 ], [ 114.167729270336849, 22.571849448880183 ], [ 114.167989777068016, 22.57190115324023 ], [ 114.168085489680806, 22.571896668223342 ], [ 114.168164642062237, 22.571873210261881 ], [ 114.16827298701611, 22.571792150278654 ], [ 114.168390999598003, 22.571619519800358 ], [ 114.169400976916478, 22.569666222389415 ] ] } },
{ "type": "Feature", "properties": { "arc": 1059, "wealthier": 0.70408235199470959, "beautiful": 0.5856252198226708, "livelier": 0.80066725019577156, "depressing": 0.31660885801203809, "safer": 0.63923696409428821, "boring": 0.20187327809947789, "human": 0.0038174411706757001, "vehicle": 0.041339004248903501, "construction": 0.14748697113572501, "nature": 0.35354778222870398, "sky": 0.18812243143717439, "object": 0.0076448206315960004, "PI": 0.57573225766035996, "NI": 0.24819957474625345, "length": 480.7494724, "source": 582, "target": 592, "direction": "bi-directional", "flow": 30.0, "flow_pct": 0.022164594277101757, "flow_rank": 615 }, "geometry": { "type": "LineString", "coordinates": [ [ 114.133487459840907, 22.571303713281644 ], [ 114.134016738232262, 22.570987274464208 ], [ 114.136321630612116, 22.569681539082058 ], [ 114.137459287920009, 22.569014849280361 ] ] } },
{ "type": "Feature", "properties": { "arc": 1060, "wealthier": 0.37936385409479129, "beautiful": 0.3727079946983865, "livelier": 0.2977109425798809, "depressing": 0.5694729428304478, "safer": 0.33811543673244709, "boring": 0.66624393245868285, "human": 0.00015151500701900001, "vehicle": 0.039071798324584898, "construction": 0.060949683189392097, "nature": 0.1416700482368469, "sky": 0.49976668755213421, "object": 0.0045476357142129999, "PI": 0.2302873271743977, "NI": 0.41313605218670935, "length": 865.9383396, "source": 118, "target": 119, "direction": "bi-directional", "flow": 181.0, "flow_pct": 0.13372638547184726, "flow_rank": 240 }, "geometry": { "type": "LineString", "coordinates": [ [ 113.929024242425683, 22.567541759789396 ], [ 113.929068718562036, 22.565637523780762 ], [ 113.929071285479168, 22.56410193783228 ], [ 113.929095725892438, 22.562675406617529 ], [ 113.929162843816513, 22.55972334155615 ] ] } },
{ "type": "Feature", "properties": { "arc": 1065, "wealthier": 0.30716852162594199, "beautiful": 0.3116153286366814, "livelier": 0.40799509772211989, "depressing": 0.68876192187205887, "safer": 0.26456572888368129, "boring": 0.63026914108939769, "human": 0.00071983337402340005, "vehicle": 0.030950673421223901, "construction": 0.052642991807725602, "nature": 0.16184408399793829, "sky": 0.48987371656629769, "object": 0.0079472011990016998, "PI": 0.22736019478354427, "NI": 0.43781253866119335, "length": 394.2645567, "source": 246, "target": 251, "direction": "bi-directional", "flow": 64.0, "flow_pct": 0.047284467791150413, "flow_rank": 475 }, "geometry": { "type": "LineString", "coordinates": [ [ 113.96666898428623, 22.568758831425175 ], [ 113.969932256953058, 22.566890462411052 ] ] } },
{ "type": "Feature", "properties": { "arc": 1067, "wealthier": 0.39129480298364488, "beautiful": 0.30565204111149952, "livelier": 0.79221631417345895, "depressing": 0.56291830520388553, "safer": 0.41007588434218278, "boring": 0.28376955301803392, "human": 0.0071339607238769002, "vehicle": 0.043835401535034103, "construction": 0.27712432543436682, "nature": 0.1232594648996988, "sky": 0.29818050066630047, "object": 0.0078128178914387992, "PI": 0.41219016778792006, "NI": 0.38249219831710946, "length": 257.1113134, "source": 546, "target": 548, "direction": "bi-directional", "flow": 13.0, "flow_pct": 0.0096046575200774281, "flow_rank": 695 }, "geometry": { "type": "LineString", "coordinates": [ [ 114.122170641498755, 22.571651809267973 ], [ 114.122560385738709, 22.569358399763502 ] ] } },
{ "type": "Feature", "properties": { "arc": 1069, "wealthier": 0.62080194135447164, "beautiful": 0.60235369852945675, "livelier": 0.70472043367336135, "depressing": 0.385421567482848, "safer": 0.5729155806467463, "boring": 0.2905050730863295, "human": 0.0025644302368164002, "vehicle": 0.0277238503480568, "construction": 0.085116068522135394, "nature": 0.4151328404744466, "sky": 0.19063937358367131, "object": 0.0060283954326923002, "PI": 0.53380658709304107, "NI": 0.23696351618205205, "length": 646.8728192, "source": 574, "target": 558, "direction": "bi-directional", "flow": 140.0, "flow_pct": 0.10343477329314153, "flow_rank": 317 }, "geometry": { "type": "LineString", "coordinates": [ [ 114.130873890353229, 22.572176890459886 ], [ 114.130522813583525, 22.572113131822572 ], [ 114.13024000662611, 22.572043104772021 ], [ 114.128968727463118, 22.571595791714056 ], [ 114.127906388031136, 22.57126494085475 ], [ 114.125032896623694, 22.570044963616017 ] ] } },
{ "type": "Feature", "properties": { "arc": 1070, "wealthier": 0.45583182399311589, "beautiful": 0.46986444016738033, "livelier": 0.65529526078975808, "depressing": 0.47588884381314089, "safer": 0.43744733217524279, "boring": 0.28501518485376542, "human": 0.0043095675381747004, "vehicle": 0.043939359260327798, "construction": 0.1698755206483783, "nature": 0.25649093859123462, "sky": 0.26332132744066639, "object": 0.0105012835878314, "PI": 0.42974196622475919, "NI": 0.3390231704395768, "length": 287.5743501, "source": 574, "target": 582, "direction": "bi-directional", "flow": 134.0, "flow_pct": 0.099001854437721179, "flow_rank": 322 }, "geometry": { "type": "LineString", "coordinates": [ [ 114.130873890353229, 22.572176890459886 ], [ 114.132186059584924, 22.571871772773537 ], [ 114.132474951279875, 22.571789335654863 ], [ 114.132894274290464, 22.571620922465705 ], [ 114.133487459840907, 22.571303713281644 ] ] } },
{ "type": "Feature", "properties": { "arc": 1071, "wealthier": 0.41471222396365598, "beautiful": 0.38410174190957691, "livelier": 0.72021407476263566, "depressing": 0.55476748454726954, "safer": 0.4496831045750464, "boring": 0.29624329390536341, "human": 0.0041585922241210004, "vehicle": 0.029361830817328499, "construction": 0.19020909203423389, "nature": 0.2387563069661458, "sky": 0.30188204447428379, "object": 0.0081255382961696997, "PI": 0.41500898362249722, "NI": 0.34738345031919171, "length": 773.1666611000001, "source": 347, "target": 328, "direction": "bi-directional", "flow": 26.0, "flow_pct": 0.019209315040154856, "flow_rank": 631 }, "geometry": { "type": "LineString", "coordinates": [ [ 114.042266907853403, 22.570624837147136 ], [ 114.041757240256231, 22.570459552819809 ], [ 114.041378428305137, 22.570312455540396 ], [ 114.036023239194876, 22.568130363203018 ], [ 114.03537995303185, 22.567831253302867 ] ] } },
{ "type": "Feature", "properties": { "arc": 1072, "wealthier": 0.37631129178839801, "beautiful": 0.41817178813237599, "livelier": 0.56635218200851345, "depressing": 0.53241422019605278, "safer": 0.3987453046410443, "boring": 0.42811393391277242, "human": 0.0034819871951372, "vehicle": 0.0369602594620142, "construction": 0.11442849574944911, "nature": 0.21069066952436399, "sky": 0.39070501082982773, "object": 0.0078664437318459006, "PI": 0.36034393290477462, "NI": 0.3704512692124578, "length": 350.8345503, "source": 347, "target": 348, "direction": "bi-directional", "flow": 14.0, "flow_pct": 0.010343477329314154, "flow_rank": 692 }, "geometry": { "type": "LineString", "coordinates": [ [ 114.042266907853403, 22.570624837147136 ], [ 114.043258773972511, 22.567593564739578 ] ] } },
{ "type": "Feature", "properties": { "arc": 1073, "wealthier": 0.59021297865432021, "beautiful": 0.4868237216741586, "livelier": 0.7164994427193202, "depressing": 0.47359404451590031, "safer": 0.49653036342259999, "boring": 0.36443435675043762, "human": 0.011625360559534101, "vehicle": 0.058265262179904499, "construction": 0.15777566697862411, "nature": 0.24339732417353871, "sky": 0.28005479883264611, "object": 0.0090417508725766007, "PI": 0.56757627399893462, "NI": 0.35488272244879959, "length": 249.2935389, "source": 546, "target": 554, "direction": "bi-directional", "flow": 13.0, "flow_pct": 0.0096046575200774281, "flow_rank": 695 }, "geometry": { "type": "LineString", "coordinates": [ [ 114.122170641498755, 22.571651809267973 ], [ 114.124500532478777, 22.57227306313634 ] ] } },
{ "type": "Feature", "properties": { "arc": 1074, "wealthier": 0.35087348417012471, "beautiful": 0.34041199865844818, "livelier": 0.5348026140112816, "depressing": 0.60256924053469041, "safer": 0.3945029340588454, "boring": 0.45302457830878562, "human": 0.0037364959716795999, "vehicle": 0.0275216420491536, "construction": 0.16153246561686191, "nature": 0.1526362737019856, "sky": 0.4142282485961914, "object": 0.012007013956705699, "PI": 0.32323690326686433, "NI": 0.42759008965300477, "length": 252.7574546, "source": 554, "target": 558, "direction": "bi-directional", "flow": 155.0, "flow_pct": 0.1145170704316924, "flow_rank": 282 }, "geometry": { "type": "LineString", "coordinates": [ [ 114.124500532478777, 22.57227306313634 ], [ 114.124620978875683, 22.571822999691339 ], [ 114.125032896623694, 22.570044963616017 ] ] } },
{ "type": "Feature", "properties": { "arc": 1075, "wealthier": 0.37893806493380389, "beautiful": 0.29670939274821712, "livelier": 0.2023569004055763, "depressing": 0.68092482858716308, "safer": 0.26959783246916819, "boring": 0.86422212314642721, "human": 0.00084018707275389996, "vehicle": 0.035390906863742397, "construction": 0.12759182188245979, "nature": 0.060680389404296799, "sky": 0.53605042563544381, "object": 0.0118997361924913, "PI": 0.17410773084981376, "NI": 0.54181271173898671, "length": 311.2611785, "source": 416, "target": 417, "direction": "bi-directional", "flow": 23.0, "flow_pct": 0.016992855612444679, "flow_rank": 642 }, "geometry": { "type": "LineString", "coordinates": [ [ 114.061735199766531, 22.571148389513986 ], [ 114.062341162057464, 22.568394515608951 ] ] } },
{ "type": "Feature", "properties": { "arc": 1076, "wealthier": 0.40808621000262818, "beautiful": 0.37167769865603462, "livelier": 0.54016207026289687, "depressing": 0.57840285561814575, "safer": 0.38196715077182047, "boring": 0.48670686451952572, "human": 0.0019557070569927002, "vehicle": 0.013726591252956199, "construction": 0.14933329212422261, "nature": 0.25019052726070901, "sky": 0.3428263242552882, "object": 0.0083121345156715008, "PI": 0.33983814552691388, "NI": 0.37288049974481047, "length": 1150.989817, "source": 416, "target": 437, "direction": "bi-directional", "flow": 17.0, "flow_pct": 0.012559936757024329, "flow_rank": 677 }, "geometry": { "type": "LineString", "coordinates": [ [ 114.061735199766531, 22.571148389513986 ], [ 114.063713498399196, 22.571163078643671 ], [ 114.065906986778685, 22.571217029269619 ], [ 114.06713574816925, 22.571218351801733 ], [ 114.067395235988243, 22.571230334239321 ], [ 114.067770264969568, 22.57128354826089 ], [ 114.068055571521512, 22.571306216308727 ], [ 114.069159122456085, 22.571331673147249 ], [ 114.070352493395575, 22.571329347006163 ], [ 114.070589760850154, 22.571274572221331 ], [ 114.070824588520267, 22.571176341236978 ], [ 114.071051051354289, 22.571044847880167 ], [ 114.071295986352979, 22.570856241527512 ], [ 114.071509553758517, 22.570650180367185 ], [ 114.071714704921149, 22.570407902229981 ], [ 114.071881396915543, 22.57016731021055 ], [ 114.072140240387171, 22.569735359410899 ] ] } },
{ "type": "Feature", "properties": { "arc": 1077, "wealthier": 0.59206698587387763, "beautiful": 0.48041122829590532, "livelier": 0.69233456757309642, "depressing": 0.45519987562841457, "safer": 0.53006908208673176, "boring": 0.34230268645667178, "human": 0.0027739913375289002, "vehicle": 0.015209127355504899, "construction": 0.065988823219581896, "nature": 0.33391246089228871, "sky": 0.30025941354257091, "object": 0.0092240086308231998, "PI": 0.47860802248723971, "NI": 0.29304558372378642, "length": 223.2739966, "source": 410, "target": 411, "direction": "bi-directional", "flow": 11.0, "flow_pct": 0.0081270179016039792, "flow_rank": 708 }, "geometry": { "type": "LineString", "coordinates": [ [ 114.058543385391289, 22.571149630347723 ], [ 114.058583386677441, 22.570413398979117 ], [ 114.058617083131494, 22.569134714255199 ] ] } },
{ "type": "Feature", "properties": { "arc": 1078, "wealthier": 0.51347721005119518, "beautiful": 0.36866521161124488, "livelier": 0.55285171547258194, "depressing": 0.59384160947594833, "safer": 0.44478327110679639, "boring": 0.48067511695544601, "human": 0.0029667096260266, "vehicle": 0.0248988224909855, "construction": 0.16684532165527341, "nature": 0.1382902585543119, "sky": 0.43289693196614581, "object": 0.0072236183362128998, "PI": 0.35569896239983811, "NI": 0.40668508534587144, "length": 328.2575409, "source": 410, "target": 416, "direction": "bi-directional", "flow": 36.0, "flow_pct": 0.026597513132522111, "flow_rank": 582 }, "geometry": { "type": "LineString", "coordinates": [ [ 114.058543385391289, 22.571149630347723 ], [ 114.061735199766531, 22.571148389513986 ] ] } },
{ "type": "Feature", "properties": { "arc": 1079, "wealthier": 0.4619449062958384, "beautiful": 0.39532863585205791, "livelier": 0.78521205068117139, "depressing": 0.55124493328940583, "safer": 0.48129866491557532, "boring": 0.29123498308715801, "human": 0.0091089067004975002, "vehicle": 0.031389372689383299, "construction": 0.16730889819917219, "nature": 0.27653085617792039, "sky": 0.24991516839890249, "object": 0.0065554664248510999, "PI": 0.51544123406060505, "NI": 0.31605728408774336, "length": 437.7597744, "source": 386, "target": 387, "direction": "bi-directional", "flow": 8.0, "flow_pct": 0.0059105584738938016, "flow_rank": 731 }, "geometry": { "type": "LineString", "coordinates": [ [ 114.054096751291283, 22.571138038932077 ], [ 114.054132577923454, 22.570132747945777 ], [ 114.054187516086174, 22.567185919702563 ] ] } },
{ "type": "Feature", "properties": { "arc": 1080, "wealthier": 0.35525836349930789, "beautiful": 0.23616105029501949, "livelier": 0.52608021877269662, "depressing": 0.6983685363723835, "safer": 0.31562358411520192, "boring": 0.52624481939319045, "human": 0.0055764869407370996, "vehicle": 0.0238236674556025, "construction": 0.21301379027190029, "nature": 0.088076662134241104, "sky": 0.44073299125388821, "object": 0.0077392083627206001, "PI": 0.29637924000948362, "NI": 0.45313940537591457, "length": 457.3094422, "source": 386, "target": 410, "direction": "bi-directional", "flow": 25.0, "flow_pct": 0.018470495230918132, "flow_rank": 636 }, "geometry": { "type": "LineString", "coordinates": [ [ 114.054096751291283, 22.571138038932077 ], [ 114.058543385391289, 22.571149630347723 ] ] } },
{ "type": "Feature", "properties": { "arc": 1081, "wealthier": 0.4458522173255724, "beautiful": 0.326628898429355, "livelier": 0.43006225855628372, "depressing": 0.64527359136500639, "safer": 0.35364414774063457, "boring": 0.64636709662235814, "human": 0.00020933151245109999, "vehicle": 0.0282073020935058, "construction": 0.075944145520528097, "nature": 0.13423625628153479, "sky": 0.50513263543446851, "object": 0.0038252274195352998, "PI": 0.26061320623110651, "NI": 0.41738116613612647, "length": 406.5127355, "source": 496, "target": 481, "direction": "bi-directional", "flow": 217.0, "flow_pct": 0.16032389860436938, "flow_rank": 188 }, "geometry": { "type": "LineString", "coordinates": [ [ 114.102472830774857, 22.572058066115702 ], [ 114.099139732561326, 22.570084799762611 ] ] } },
{ "type": "Feature", "properties": { "arc": 1083, "wealthier": 0.48037967241456209, "beautiful": 0.407814681750581, "livelier": 0.72603147364092313, "depressing": 0.49886279828081309, "safer": 0.4638969219161278, "boring": 0.3404849272773981, "human": 0.0036195119222005002, "vehicle": 0.035881304273418298, "construction": 0.1929700140859566, "nature": 0.25422260808009728, "sky": 0.25648543413947611, "object": 0.0084058724197686001, "PI": 0.43151276401766342, "NI": 0.33987133150165544, "length": 427.0216789, "source": 367, "target": 371, "direction": "bi-directional", "flow": 0.0, "flow_pct": 0.0, "flow_rank": 766 }, "geometry": { "type": "LineString", "coordinates": [ [ 114.04852344368291, 22.571125624089696 ], [ 114.048694937398707, 22.570520885964445 ], [ 114.048805740106545, 22.569985915654836 ], [ 114.04884912006321, 22.569692439144077 ], [ 114.048860811169462, 22.569102471425087 ], [ 114.04883782368195, 22.568302307068457 ], [ 114.048831737210278, 22.567303062875933 ] ] } },
{ "type": "Feature", "properties": { "arc": 1084, "wealthier": 0.54861853423000462, "beautiful": 0.4108490514248776, "livelier": 0.76679180122438573, "depressing": 0.52462668491365771, "safer": 0.52002109831978682, "boring": 0.30978149552544948, "human": 0.0037536910085967001, "vehicle": 0.0241624947750207, "construction": 0.18895467122395829, "nature": 0.27719041072961048, "sky": 0.27045036084724189, "object": 0.0062652645689067997, "PI": 0.46902678378060531, "NI": 0.32007914471761217, "length": 573.1804435, "source": 367, "target": 386, "direction": "bi-directional", "flow": 32.0, "flow_pct": 0.023642233895575206, "flow_rank": 606 }, "geometry": { "type": "LineString", "coordinates": [ [ 114.04852344368291, 22.571125624089696 ], [ 114.054096751291283, 22.571138038932077 ] ] } },
{ "type": "Feature", "properties": { "arc": 1087, "wealthier": 0.2464486411055973, "beautiful": 0.2397031609626501, "livelier": 0.34395689733794821, "depressing": 0.70728361285449448, "safer": 0.22321363947984321, "boring": 0.72584022470038867, "human": 0.00073943599577870004, "vehicle": 0.046585595735939497, "construction": 0.078220613541141598, "nature": 0.083810334564537098, "sky": 0.55101486944383193, "object": 0.0044996815343055999, "PI": 0.1645002255097677, "NI": 0.47358442341562118, "length": 758.0085702, "source": 454, "target": 460, "direction": "bi-directional", "flow": 206.0, "flow_pct": 0.15219688070276541, "flow_rank": 201 }, "geometry": { "type": "LineString", "coordinates": [ [ 114.082708312549087, 22.571861995099255 ], [ 114.083383328006633, 22.571483579262509 ], [ 114.083804616095023, 22.571186440304469 ], [ 114.084326947585183, 22.570754204494346 ], [ 114.084606882665838, 22.570464906019623 ], [ 114.084816966218852, 22.570215128796772 ], [ 114.085180118963962, 22.569711011771634 ], [ 114.085416007217773, 22.569309501186279 ], [ 114.08688608640125, 22.566413206925478 ] ] } },
{ "type": "Feature", "properties": { "arc": 1088, "wealthier": 0.34024167433229208, "beautiful": 0.33161719663657019, "livelier": 0.4015682105699474, "depressing": 0.64524539889738408, "safer": 0.33368660082843499, "boring": 0.63270529831567679, "human": 0.0015505260891384, "vehicle": 0.0128160264756944, "construction": 0.16148781246609151, "nature": 0.16065127054850259, "sky": 0.4422423468695747, "object": 0.011060439215766001, "PI": 0.25770728915126645, "NI": 0.45808564306234406, "length": 664.3829479, "source": 347, "target": 367, "direction": "bi-directional", "flow": 39.0, "flow_pct": 0.028813972560232284, "flow_rank": 573 }, "geometry": { "type": "LineString", "coordinates": [ [ 114.042266907853403, 22.570624837147136 ], [ 114.042711043959969, 22.570544587945879 ], [ 114.042973070292689, 22.570513047601246 ], [ 114.043289843565361, 22.57051189159667 ], [ 114.043536252998464, 22.570543646052585 ], [ 114.043779886437008, 22.570605290581142 ], [ 114.043990547885542, 22.570679237120018 ], [ 114.044838498614865, 22.571091800066299 ], [ 114.045105930888042, 22.571206038384489 ], [ 114.045457941996673, 22.571303908959209 ], [ 114.045764356699237, 22.571344119223287 ], [ 114.046022267425599, 22.571353780433522 ], [ 114.046286901508921, 22.571340885574642 ], [ 114.04852344368291, 22.571125624089696 ] ] } },
{ "type": "Feature", "properties": { "arc": 1089, "wealthier": 0.50735184721525539, "beautiful": 0.38093762165460582, "livelier": 0.74315276897770821, "depressing": 0.50988629298590116, "safer": 0.46571966734573178, "boring": 0.2460553167098998, "human": 0.0023073973479094002, "vehicle": 0.050769205446596501, "construction": 0.12474720566361031, "nature": 0.17713762212682649, "sky": 0.40565494254783352, "object": 0.0104749820850513, "PI": 0.398978506728416, "NI": 0.36782560185758889, "length": 512.6222048, "source": 511, "target": 498, "direction": "bi-directional", "flow": 0.0, "flow_pct": 0.0, "flow_rank": 766 }, "geometry": { "type": "LineString", "coordinates": [ [ 114.108070409964952, 22.572512547963189 ], [ 114.107255131622694, 22.572043207581611 ], [ 114.105419430896191, 22.570940637697081 ], [ 114.103862172560937, 22.570031945732246 ] ] } },
{ "type": "Feature", "properties": { "arc": 1090, "wealthier": 0.41039463721165598, "beautiful": 0.3774533914025805, "livelier": 0.67366485229266571, "depressing": 0.53547665669175026, "safer": 0.4002151121642849, "boring": 0.34651054043792617, "human": 0.0066611766815185, "vehicle": 0.054638862609863198, "construction": 0.19090832604302299, "nature": 0.1426166958279079, "sky": 0.3617388142479791, "object": 0.0074478785196940003, "PI": 0.4029765827968938, "NI": 0.38385011342452563, "length": 639.4551807, "source": 511, "target": 508, "direction": "bi-directional", "flow": 153.0, "flow_pct": 0.11303943081321897, "flow_rank": 291 }, "geometry": { "type": "LineString", "coordinates": [ [ 114.108070409964952, 22.572512547963189 ], [ 114.107795675334387, 22.571365208534296 ], [ 114.107713635779945, 22.570908783381281 ], [ 114.107704570451432, 22.57064836395887 ], [ 114.107722761557255, 22.570100227969686 ], [ 114.107744437905112, 22.567842790020961 ], [ 114.107711836827377, 22.567580455331392 ], [ 114.107525040083431, 22.56679352984456 ] ] } },
{ "type": "Feature", "properties": { "arc": 1091, "wealthier": 0.33747789617167501, "beautiful": 0.36053291820892691, "livelier": 0.4643143220717505, "depressing": 0.62161703917973643, "safer": 0.32550889672670641, "boring": 0.54697443948464131, "human": 0.00060064750805230004, "vehicle": 0.017476265890556401, "construction": 0.060081916942931003, "nature": 0.25385990477444831, "sky": 0.41843605041503912, "object": 0.0061406587299547002, "PI": 0.28475461990194961, "NI": 0.37280984906636611, "length": 462.7040684, "source": 236, "target": 246, "direction": "bi-directional", "flow": 64.0, "flow_pct": 0.047284467791150413, "flow_rank": 475 }, "geometry": { "type": "LineString", "coordinates": [ [ 113.962365442710635, 22.569919779798113 ], [ 113.964581562986481, 22.569475101180732 ], [ 113.965104012647373, 22.569353677855297 ], [ 113.965856207170873, 22.569111634470769 ], [ 113.96666898428623, 22.568758831425175 ] ] } },
{ "type": "Feature", "properties": { "arc": 1093, "wealthier": 0.60781659052697024, "beautiful": 0.52964119077890259, "livelier": 0.72426705823158943, "depressing": 0.4151650195963017, "safer": 0.56654303964498431, "boring": 0.2573530211100224, "human": 0.004919824146089, "vehicle": 0.032599539983840201, "construction": 0.1095086960565476, "nature": 0.32579072316487628, "sky": 0.27176652635846821, "object": 0.0048903510684058004, "PI": 0.52810289797116794, "NI": 0.2634428719008664, "length": 428.2198545, "source": 586, "target": 593, "direction": "bi-directional", "flow": 0.0, "flow_pct": 0.0, "flow_rank": 766 }, "geometry": { "type": "LineString", "coordinates": [ [ 114.134461701113054, 22.57318991499027 ], [ 114.137341912109548, 22.571586074126934 ], [ 114.137624585208741, 22.571419109864973 ], [ 114.138024263896853, 22.571188471953661 ] ] } },
{ "type": "Feature", "properties": { "arc": 1098, "wealthier": 0.3772250475522973, "beautiful": 0.40535437815300179, "livelier": 0.4476271210964663, "depressing": 0.57747038203658685, "safer": 0.3686252462609983, "boring": 0.58606230494792144, "human": 0.00014235178629549999, "vehicle": 0.045263684590657501, "construction": 0.056522763570149702, "nature": 0.12952968597412101, "sky": 0.51589632670084629, "object": 0.0034601465861001999, "PI": 0.26728960217741921, "NI": 0.40142925808707347, "length": 1186.412809, "source": 454, "target": 437, "direction": "bi-directional", "flow": 153.0, "flow_pct": 0.11303943081321897, "flow_rank": 291 }, "geometry": { "type": "LineString", "coordinates": [ [ 114.082708312549087, 22.571861995099255 ], [ 114.082000668203463, 22.572113870129794 ], [ 114.081342075560613, 22.572293773098025 ], [ 114.080538657468551, 22.572489101772391 ], [ 114.079784392634167, 22.572625518276581 ], [ 114.079309416559298, 22.572667145167124 ], [ 114.078773522734608, 22.572676328838892 ], [ 114.078015350520374, 22.572608917779576 ], [ 114.077527779981267, 22.572529091725155 ], [ 114.077039037840237, 22.572420728039145 ], [ 114.076592654100153, 22.572286144321691 ], [ 114.076042633413167, 22.572072679009622 ], [ 114.075642969391069, 22.57187905943135 ], [ 114.075320197601002, 22.571703174717712 ], [ 114.074980184522971, 22.571491070927095 ], [ 114.073253410641442, 22.57029775054788 ], [ 114.072876097951763, 22.570082070035173 ], [ 114.072140240387171, 22.569735359410899 ] ] } },
{ "type": "Feature", "properties": { "arc": 1100, "wealthier": 0.44308195697180358, "beautiful": 0.45224106976641087, "livelier": 0.49227262368227798, "depressing": 0.49718648060411469, "safer": 0.4355224325279391, "boring": 0.42840896013673058, "human": 0.00071824391682939997, "vehicle": 0.016362571716308501, "construction": 0.0233537038167317, "nature": 0.24289010365804031, "sky": 0.4516972223917643, "object": 0.0058298110961914002, "PI": 0.34338039324496222, "NI": 0.32393221636591979, "length": 225.8203559, "source": 227, "target": 236, "direction": "bi-directional", "flow": 31.0, "flow_pct": 0.022903414086338482, "flow_rank": 612 }, "geometry": { "type": "LineString", "coordinates": [ [ 113.960254721075202, 22.570481769317919 ], [ 113.962365442710635, 22.569919779798113 ] ] } },
{ "type": "Feature", "properties": { "arc": 1103, "wealthier": 0.51537121280861009, "beautiful": 0.33047204933153068, "livelier": 0.4298105262438367, "depressing": 0.65450698103932881, "safer": 0.38917525035257328, "boring": 0.65148089234251227, "human": 0.00011322233412, "vehicle": 0.0186512205335829, "construction": 0.1483147409227159, "nature": 0.084831290774875195, "sky": 0.48069254557291669, "object": 0.0027152167426215002, "PI": 0.26593529816066358, "NI": 0.42287780910127432, "length": 304.0647075, "source": 594, "target": 593, "direction": "bi-directional", "flow": 196.0, "flow_pct": 0.14480868261039814, "flow_rank": 218 }, "geometry": { "type": "LineString", "coordinates": [ [ 114.138510721303419, 22.573887657767067 ], [ 114.138479701116651, 22.57317637848648 ], [ 114.138424309949798, 22.572784585948003 ], [ 114.138024263896853, 22.571188471953661 ] ] } },
{ "type": "Feature", "properties": { "arc": 1106, "wealthier": 0.45391700326736989, "beautiful": 0.38099737508227888, "livelier": 0.3937840157988266, "depressing": 0.64949255198893763, "safer": 0.3463534205283379, "boring": 0.67550707157123568, "human": 0.00068891616094679997, "vehicle": 0.033843812488374203, "construction": 0.1155955905006045, "nature": 0.12950170607793901, "sky": 0.47486396062941771, "object": 0.0114291054861886, "PI": 0.26869532083015252, "NI": 0.47818502017634729, "length": 202.0316564, "source": 455, "target": 454, "direction": "bi-directional", "flow": 13.0, "flow_pct": 0.0096046575200774281, "flow_rank": 695 }, "geometry": { "type": "LineString", "coordinates": [ [ 114.083686996099445, 22.57343592832585 ], [ 114.083431439345375, 22.573139617682067 ], [ 114.083285610982358, 22.57293329691403 ], [ 114.082708312549087, 22.571861995099255 ] ] } },
{ "type": "Feature", "properties": { "arc": 1108, "wealthier": 0.79995009351787227, "beautiful": 0.64759312603173658, "livelier": 0.81339752486439931, "depressing": 0.27777911207912021, "safer": 0.70872809371308598, "boring": 0.1986015453585781, "human": 0.0015666064094093999, "vehicle": 0.0200312745337392, "construction": 0.057246401419047403, "nature": 0.48888005774005561, "sky": 0.16120969236286631, "object": 0.0061101477130564999, "PI": 0.62387989456115411, "NI": 0.17897609387284921, "length": 1337.943126, "source": 212, "target": 230, "direction": "bi-directional", "flow": 64.0, "flow_pct": 0.047284467791150413, "flow_rank": 475 }, "geometry": { "type": "LineString", "coordinates": [ [ 113.952287647448117, 22.571404713785576 ], [ 113.952449419417491, 22.571004833464713 ], [ 113.952602200977253, 22.570673093567933 ], [ 113.954305134648266, 22.567165423897123 ], [ 113.954487997531245, 22.56686762353824 ], [ 113.954696942475678, 22.566596209066144 ], [ 113.954933465317623, 22.566362114008673 ], [ 113.955202283751092, 22.566147546418858 ], [ 113.955394105427558, 22.566026017004251 ], [ 113.955628195495663, 22.565901523562104 ], [ 113.956016468892258, 22.565752541124468 ], [ 113.95740138829413, 22.565380630399492 ], [ 113.958699680544939, 22.564856379371854 ], [ 113.959834529828328, 22.56417793686547 ], [ 113.960921137220495, 22.563272170405408 ] ] } },
{ "type": "Feature", "properties": { "arc": 1109, "wealthier": 0.29918410278059498, "beautiful": 0.34002143548004288, "livelier": 0.30651423819184481, "depressing": 0.63020995708959737, "safer": 0.29085760541931233, "boring": 0.69343178595949506, "human": 0.00060297262789020002, "vehicle": 0.0143272130176274, "construction": 0.048984855112403303, "nature": 0.1894748379485775, "sky": 0.48158339298132702, "object": 0.0055405973183987999, "PI": 0.22146974405721631, "NI": 0.4079642196753282, "length": 829.2057712, "source": 212, "target": 227, "direction": "bi-directional", "flow": 31.0, "flow_pct": 0.022903414086338482, "flow_rank": 612 }, "geometry": { "type": "LineString", "coordinates": [ [ 113.952287647448117, 22.571404713785576 ], [ 113.955626782672354, 22.571224507217252 ], [ 113.95663020380691, 22.571188917108927 ], [ 113.957586026175591, 22.571105881717866 ], [ 113.958276483446838, 22.570981292772711 ], [ 113.9588787740838, 22.570848112654712 ], [ 113.960254721075202, 22.570481769317919 ] ] } },
{ "type": "Feature", "properties": { "arc": 1110, "wealthier": 0.48518650820624137, "beautiful": 0.46196806516152938, "livelier": 0.6869445143190025, "depressing": 0.45911377875913573, "safer": 0.50176916263310856, "boring": 0.3107267528908324, "human": 0.0048534605238172001, "vehicle": 0.025534523857964401, "construction": 0.1825429598490397, "nature": 0.21189896265665689, "sky": 0.31598186492919927, "object": 0.0058983167012532003, "PI": 0.44634390372947491, "NI": 0.31758813064910096, "length": 297.2498803, "source": 575, "target": 574, "direction": "bi-directional", "flow": 0.0, "flow_pct": 0.0, "flow_rank": 766 }, "geometry": { "type": "LineString", "coordinates": [ [ 114.131708727455205, 22.574746444358553 ], [ 114.131131517947651, 22.572908345423027 ], [ 114.130873890353229, 22.572176890459886 ] ] } },
{ "type": "Feature", "properties": { "arc": 1112, "wealthier": 0.26217595980566838, "beautiful": 0.15217050930527781, "livelier": 0.34225247841638551, "depressing": 0.7953436499709795, "safer": 0.19799789867731951, "boring": 0.71623978582926884, "human": 0.00033092498779290001, "vehicle": 0.041933655738830497, "construction": 0.15523352225621539, "nature": 0.047441780567169099, "sky": 0.53898690144220973, "object": 0.0054330031077066999, "PI": 0.13199710132573886, "NI": 0.51177712755531291, "length": 830.7245432, "source": 208, "target": 213, "direction": "bi-directional", "flow": 1295.0, "flow_pct": 0.95677165296155908, "flow_rank": 2 }, "geometry": { "type": "LineString", "coordinates": [ [ 113.950013955630737, 22.571414642216716 ], [ 113.950240712480351, 22.570746080030414 ], [ 113.9503438255703, 22.570511941404238 ], [ 113.952350419366581, 22.566628236550216 ], [ 113.952538728959141, 22.566225971623773 ], [ 113.952676958140657, 22.565815344347374 ], [ 113.952779902483513, 22.565386715122187 ], [ 113.952841701929131, 22.56490914959366 ], [ 113.952856910633756, 22.564458280598842 ] ] } },
{ "type": "Feature", "properties": { "arc": 1113, "wealthier": 0.26291769439927037, "beautiful": 0.28485775198447361, "livelier": 0.2964989737155958, "depressing": 0.69942068998646123, "safer": 0.2256081088156329, "boring": 0.75573774942676519, "human": 0.00079053243001299997, "vehicle": 0.022345542907714799, "construction": 0.079537455240885402, "nature": 0.094702529907226496, "sky": 0.50784416198730464, "object": 0.0063368479410807, "PI": 0.17032235492916159, "NI": 0.45934526699084843, "length": 233.8504287, "source": 208, "target": 212, "direction": "bi-directional", "flow": 98.0, "flow_pct": 0.072404341305199071, "flow_rank": 384 }, "geometry": { "type": "LineString", "coordinates": [ [ 113.950013955630737, 22.571414642216716 ], [ 113.950703653701183, 22.571401105640383 ], [ 113.952287647448117, 22.571404713785576 ] ] } },
{ "type": "Feature", "properties": { "arc": 1114, "wealthier": 0.58607110648752114, "beautiful": 0.53058751464973752, "livelier": 0.58035612207108234, "depressing": 0.44753855154165217, "safer": 0.54132083367004502, "boring": 0.36205937314296022, "human": 0.00053887897067590002, "vehicle": 0.0217921733856201, "construction": 0.043379598193698403, "nature": 0.2740975220998127, "sky": 0.40427525838216138, "object": 0.0030016369289822, "PI": 0.42382342430284448, "NI": 0.28342448354061422, "length": 665.794752, "source": 179, "target": 208, "direction": "bi-directional", "flow": 162.0, "flow_pct": 0.11968880909634949, "flow_rank": 272 }, "geometry": { "type": "LineString", "coordinates": [ [ 113.943540090179809, 22.571423744255597 ], [ 113.950013955630737, 22.571414642216716 ] ] } },
{ "type": "Feature", "properties": { "arc": 1117, "wealthier": 0.66374335169619558, "beautiful": 0.59153676251521847, "livelier": 0.79921622017013971, "depressing": 0.33985258932907447, "safer": 0.64333366067772557, "boring": 0.23403365525178829, "human": 0.0030058754814994999, "vehicle": 0.030223740471733901, "construction": 0.1178079181247287, "nature": 0.4105458259582519, "sky": 0.16152705086602109, "object": 0.0059294170803493003, "PI": 0.57424327656562368, "NI": 0.22254519946322268, "length": 844.5209963, "source": 575, "target": 554, "direction": "bi-directional", "flow": 0.0, "flow_pct": 0.0, "flow_rank": 766 }, "geometry": { "type": "LineString", "coordinates": [ [ 114.131708727455205, 22.574746444358553 ], [ 114.12855150261656, 22.574959053276924 ], [ 114.128284968797459, 22.57494047849864 ], [ 114.128001839659817, 22.574865045234798 ], [ 114.127769110329567, 22.574758040793299 ], [ 114.127520731803514, 22.574593180041848 ], [ 114.124500532478777, 22.57227306313634 ] ] } },
{ "type": "Feature", "properties": { "arc": 1118, "wealthier": 0.36903650470214883, "beautiful": 0.3230307369412182, "livelier": 0.43585987148914102, "depressing": 0.63476483728139388, "safer": 0.34133070193840542, "boring": 0.60334321391035728, "human": 0.0003648485456194, "vehicle": 0.019535446166992099, "construction": 0.0242323739188058, "nature": 0.21682997204008561, "sky": 0.47766887119838158, "object": 0.0038579123360769998, "PI": 0.26820694544234114, "NI": 0.37744299162757072, "length": 959.5430046, "source": 139, "target": 179, "direction": "bi-directional", "flow": 230.0, "flow_pct": 0.16992855612444679, "flow_rank": 178 }, "geometry": { "type": "LineString", "coordinates": [ [ 113.934209948395946, 22.57142620092198 ], [ 113.943540090179809, 22.571423744255597 ] ] } },
{ "type": "Feature", "properties": { "arc": 1119, "wealthier": 0.39180526342245409, "beautiful": 0.32000050087124421, "livelier": 0.43571948837301311, "depressing": 0.62434734376902201, "safer": 0.33167170867591289, "boring": 0.61383934754360925, "human": 0.0003563503049454, "vehicle": 0.024026666797182, "construction": 0.068139286161218698, "nature": 0.18567355173938679, "sky": 0.4973743846581416, "object": 0.0040802865658166, "PI": 0.26201052852555246, "NI": 0.40168394856275086, "length": 1416.226538, "source": 88, "target": 73, "direction": "bi-directional", "flow": 11.0, "flow_pct": 0.0081270179016039792, "flow_rank": 708 }, "geometry": { "type": "LineString", "coordinates": [ [ 113.921712309686001, 22.571190284044892 ], [ 113.920859521019437, 22.570735002308272 ], [ 113.916919612398274, 22.568309752424298 ], [ 113.916740484710473, 22.568173244973142 ], [ 113.916576013394618, 22.568004129901457 ], [ 113.91644618253973, 22.567813212383953 ], [ 113.916357509387922, 22.5676211259441 ], [ 113.916289134185149, 22.567339753822409 ], [ 113.916274092367928, 22.566999015741498 ], [ 113.916321978141838, 22.565349748789057 ], [ 113.916336532723534, 22.563514168352608 ], [ 113.916345864966345, 22.563352805169277 ], [ 113.916381710137742, 22.563200633423328 ], [ 113.916470512977412, 22.563073431531581 ], [ 113.91663422617026, 22.562965384538256 ], [ 113.918416040646392, 22.562167352329311 ] ] } },
{ "type": "Feature", "properties": { "arc": 1122, "wealthier": 0.30429179043705568, "beautiful": 0.37837152731209373, "livelier": 0.42546392765650731, "depressing": 0.59520583308028285, "safer": 0.34754112279177768, "boring": 0.56414493323859871, "human": 0.00052309793139260002, "vehicle": 0.027487830510215101, "construction": 0.057236777411566797, "nature": 0.18052261594742061, "sky": 0.46976776728554381, "object": 0.0054745447067986999, "PI": 0.25918284185237722, "NI": 0.38754330503173273, "length": 529.1150743, "source": 507, "target": 496, "direction": "bi-directional", "flow": 170.0, "flow_pct": 0.12559936757024329, "flow_rank": 259 }, "geometry": { "type": "LineString", "coordinates": [ [ 114.106797695237987, 22.574646033027552 ], [ 114.104210122977662, 22.573108286853753 ], [ 114.102472830774857, 22.572058066115702 ] ] } },
{ "type": "Feature", "properties": { "arc": 1123, "wealthier": 0.38747683220081902, "beautiful": 0.20759028118679679, "livelier": 0.4276164540248748, "depressing": 0.76700468173168934, "safer": 0.27358497320309422, "boring": 0.69708153036075304, "human": 0.0013436404141512, "vehicle": 0.010779756488222001, "construction": 0.1272773742675781, "nature": 0.12415007388953, "sky": 0.48880080020788941, "object": 0.0042177258115826, "PI": 0.22580581263994259, "NI": 0.45013408867970467, "length": 270.252007, "source": 507, "target": 511, "direction": "bi-directional", "flow": 61.0, "flow_pct": 0.045068008363440243, "flow_rank": 487 }, "geometry": { "type": "LineString", "coordinates": [ [ 114.106797695237987, 22.574646033027552 ], [ 114.107007926789294, 22.574291043379553 ], [ 114.107326111041758, 22.573696504556601 ], [ 114.107615171335638, 22.573248871197745 ], [ 114.107877673492865, 22.572799436126505 ], [ 114.108070409964952, 22.572512547963189 ] ] } },
{ "type": "Feature", "properties": { "arc": 1124, "wealthier": 0.49781997392613159, "beautiful": 0.38481357618540502, "livelier": 0.48339035945932612, "depressing": 0.53542237852199082, "safer": 0.42918532223576539, "boring": 0.53497530669283389, "human": 0.00040346033432899999, "vehicle": 0.0195679758109298, "construction": 0.085182526532341402, "nature": 0.2076418633554496, "sky": 0.43876834944182752, "object": 0.0036929635440602002, "PI": 0.32474047273593382, "NI": 0.35539965589073619, "length": 445.78686, "source": 116, "target": 118, "direction": "bi-directional", "flow": 181.0, "flow_pct": 0.13372638547184726, "flow_rank": 240 }, "geometry": { "type": "LineString", "coordinates": [ [ 113.928884184362403, 22.571556582290153 ], [ 113.929020178733978, 22.570646462958617 ], [ 113.929066015033072, 22.570133673982035 ], [ 113.929024242425683, 22.567541759789396 ] ] } },
{ "type": "Feature", "properties": { "arc": 1125, "wealthier": 0.5075094607366073, "beautiful": 0.4065643946840366, "livelier": 0.4924776686029908, "depressing": 0.53568906112467518, "safer": 0.45446867257472129, "boring": 0.52044114230251526, "human": 0.0001401323260683, "vehicle": 0.0044021028460878003, "construction": 0.051736369277491701, "nature": 0.2345677000103574, "sky": 0.45366963473233302, "object": 0.0039355249115915003, "PI": 0.34002097754728267, "NI": 0.33653005463585606, "length": 548.0380186, "source": 116, "target": 139, "direction": "bi-directional", "flow": 198.0, "flow_pct": 0.14628632222887161, "flow_rank": 212 }, "geometry": { "type": "LineString", "coordinates": [ [ 113.928884184362403, 22.571556582290153 ], [ 113.932042939154925, 22.571426586634459 ], [ 113.934209948395946, 22.57142620092198 ] ] } },
{ "type": "Feature", "properties": { "arc": 1126, "wealthier": 0.32552026827516639, "beautiful": 0.29408718462732331, "livelier": 0.3127846623055584, "depressing": 0.65520517981634407, "safer": 0.28231549529287542, "boring": 0.72994034854015755, "human": 6.7733582996186764e-05, "vehicle": 0.014573006402878501, "construction": 0.034890242985316601, "nature": 0.20125825064522879, "sky": 0.52514037631806865, "object": 0.0044055212111699998, "PI": 0.2134429201172294, "NI": 0.41963642822335556, "length": 741.8123167, "source": 116, "target": 88, "direction": "bi-directional", "flow": 11.0, "flow_pct": 0.0081270179016039792, "flow_rank": 708 }, "geometry": { "type": "LineString", "coordinates": [ [ 113.928884184362403, 22.571556582290153 ], [ 113.923580119966147, 22.57154286224668 ], [ 113.923201656925443, 22.571507179628487 ], [ 113.922792653900927, 22.571438416548403 ], [ 113.921712309686001, 22.571190284044892 ] ] } },
{ "type": "Feature", "properties": { "arc": 1128, "wealthier": 0.47356548139573301, "beautiful": 0.29856528245200897, "livelier": 0.38133723022881311, "depressing": 0.68993755013981828, "safer": 0.37466739878846478, "boring": 0.73481591113002986, "human": 0.0001743048952336, "vehicle": 0.0253324006733141, "construction": 0.21172583730597239, "nature": 0.0136973732396175, "sky": 0.50301428008497806, "object": 0.0030653769509834, "PI": 0.22373011493980213, "NI": 0.47766960579013501, "length": 391.6235282, "source": 588, "target": 594, "direction": "bi-directional", "flow": 46.0, "flow_pct": 0.033985711224889359, "flow_rank": 549 }, "geometry": { "type": "LineString", "coordinates": [ [ 114.135788827856459, 22.576111407797821 ], [ 114.136230409831455, 22.57597716484765 ], [ 114.136923884162826, 22.575727175099445 ], [ 114.137228490231294, 22.575561775859768 ], [ 114.137496989773354, 22.57536883348029 ], [ 114.137822347855817, 22.575056964489896 ], [ 114.138045337957337, 22.574770017321633 ], [ 114.138191122363168, 22.574527423464861 ], [ 114.138510721303419, 22.573887657767067 ] ] } },
{ "type": "Feature", "properties": { "arc": 1135, "wealthier": 0.4906590957210421, "beautiful": 0.41681076384633481, "livelier": 0.47780827918126628, "depressing": 0.56009762234141147, "safer": 0.43753434094984478, "boring": 0.56374600335228187, "human": 0.00041170473451960002, "vehicle": 0.028153407720871899, "construction": 0.082841943811487198, "nature": 0.2200832602418499, "sky": 0.42227405971950949, "object": 0.0055751800537109002, "PI": 0.33302164817139152, "NI": 0.37739165170769901, "length": 650.5169275, "source": 531, "target": 534, "direction": "bi-directional", "flow": 235.0, "flow_pct": 0.17362265517063044, "flow_rank": 172 }, "geometry": { "type": "LineString", "coordinates": [ [ 114.116793223845377, 22.576591326074269 ], [ 114.117129028795645, 22.576012565013791 ], [ 114.117609084855005, 22.575114130482469 ], [ 114.117763630669472, 22.574735962980579 ], [ 114.11785921383661, 22.574348502756244 ], [ 114.117905847354592, 22.57397883136877 ], [ 114.117918483745925, 22.573635420365957 ], [ 114.117828471882689, 22.5716219402983 ], [ 114.117811351373177, 22.57094116088691 ] ] } },
{ "type": "Feature", "properties": { "arc": 1137, "wealthier": 0.46033933527810439, "beautiful": 0.37465167894922619, "livelier": 0.38721690822545829, "depressing": 0.59738132536565913, "safer": 0.36389495385376108, "boring": 0.65571704550287968, "human": 0.00072537046490289995, "vehicle": 0.046162749781752999, "construction": 0.20795845262932061, "nature": 0.1161059177283084, "sky": 0.38734002546830609, "object": 0.0061332240249171001, "PI": 0.26748415515868706, "NI": 0.44780145346694228, "length": 256.0780226, "source": 524, "target": 531, "direction": "bi-directional", "flow": 198.0, "flow_pct": 0.14628632222887161, "flow_rank": 212 }, "geometry": { "type": "LineString", "coordinates": [ [ 114.114303670877916, 22.576548921562313 ], [ 114.115770398959711, 22.576584221985804 ], [ 114.116793223845377, 22.576591326074269 ] ] } },
{ "type": "Feature", "properties": { "arc": 1138, "wealthier": 0.38655940615828932, "beautiful": 0.36059895747626958, "livelier": 0.53975404699307017, "depressing": 0.59985934776477412, "safer": 0.3645386143517198, "boring": 0.48402670559673722, "human": 0.00049070211557240004, "vehicle": 0.021919250488281201, "construction": 0.13691704089824969, "nature": 0.16667625231620589, "sky": 0.42006005996312851, "object": 0.0058216926379081003, "PI": 0.29152022289580154, "NI": 0.38442357652669629, "length": 642.8460639, "source": 531, "target": 550, "direction": "bi-directional", "flow": 196.0, "flow_pct": 0.14480868261039814, "flow_rank": 218 }, "geometry": { "type": "LineString", "coordinates": [ [ 114.116793223845377, 22.576591326074269 ], [ 114.118302279073959, 22.576629878065333 ], [ 114.121098415053211, 22.57665765240753 ], [ 114.123042118629741, 22.576724715016034 ] ] } },
{ "type": "Feature", "properties": { "arc": 1139, "wealthier": 0.4046815012095073, "beautiful": 0.36207778954676478, "livelier": 0.51805174344263649, "depressing": 0.58179232549483817, "safer": 0.3849046467467524, "boring": 0.50784324109043533, "human": 0.0030978369334387001, "vehicle": 0.027990946694025898, "construction": 0.14435265556214341, "nature": 0.1869727543422153, "sky": 0.42854720827132942, "object": 0.0057191091870504003, "PI": 0.33226031707423548, "NI": 0.39390112432333674, "length": 516.667195, "source": 550, "target": 554, "direction": "bi-directional", "flow": 260.0, "flow_pct": 0.19209315040154856, "flow_rank": 145 }, "geometry": { "type": "LineString", "coordinates": [ [ 114.123042118629741, 22.576724715016034 ], [ 114.123479391861366, 22.575445482086145 ], [ 114.124148320423032, 22.573861678306354 ], [ 114.124381544807022, 22.572885702419395 ], [ 114.124500532478777, 22.57227306313634 ] ] } },
{ "type": "Feature", "properties": { "arc": 1140, "wealthier": 0.39618050698397178, "beautiful": 0.37472761317298681, "livelier": 0.4715813591163921, "depressing": 0.57601010386313967, "safer": 0.37236726844636631, "boring": 0.59110037330120535, "human": 0.0003985450381324, "vehicle": 0.043090275355747699, "construction": 0.0558346339634486, "nature": 0.1574971880231584, "sky": 0.4909166971842448, "object": 0.0074660528273808998, "PI": 0.2804392415015054, "NI": 0.41773534021731989, "length": 824.7625275, "source": 524, "target": 507, "direction": "bi-directional", "flow": 198.0, "flow_pct": 0.14628632222887161, "flow_rank": 212 }, "geometry": { "type": "LineString", "coordinates": [ [ 114.114303670877916, 22.576548921562313 ], [ 114.112145231915804, 22.576539615600876 ], [ 114.111039194050946, 22.576507881360094 ], [ 114.110605618276651, 22.576466292024747 ], [ 114.110091695751592, 22.576363612369555 ], [ 114.10950932813958, 22.576180343487263 ], [ 114.108911623535661, 22.575904121570264 ], [ 114.106797695237987, 22.574646033027552 ] ] } },
{ "type": "Feature", "properties": { "arc": 1147, "wealthier": 0.34158583316915447, "beautiful": 0.25188990846829651, "livelier": 0.49202642738755609, "depressing": 0.69259539953222438, "safer": 0.32871459619028609, "boring": 0.58528327034070327, "human": 0.00024045308430980001, "vehicle": 0.0238184611002604, "construction": 0.1725179460313585, "nature": 0.038878758748372398, "sky": 0.50629242791069884, "object": 0.0069577111138236997, "PI": 0.21281256582604133, "NI": 0.46266923694371348, "length": 371.9860443, "source": 577, "target": 588, "direction": "bi-directional", "flow": 46.0, "flow_pct": 0.033985711224889359, "flow_rank": 549 }, "geometry": { "type": "LineString", "coordinates": [ [ 114.132380444176221, 22.577233881888077 ], [ 114.133101835044542, 22.577015625112026 ], [ 114.135169187353313, 22.576341836734645 ], [ 114.135788827856459, 22.576111407797821 ] ] } },
{ "type": "Feature", "properties": { "arc": 1150, "wealthier": 0.60802763061845166, "beautiful": 0.52244389416414749, "livelier": 0.70510469332476844, "depressing": 0.42883270490967579, "safer": 0.57283220782922351, "boring": 0.28887103426889132, "human": 9.7008161647345402e-05, "vehicle": 0.024867273146106299, "construction": 0.054406812114100297, "nature": 0.24436150827715469, "sky": 0.43416035559869581, "object": 0.0045547280260311001, "PI": 0.44282883313424826, "NI": 0.29067740622294075, "length": 790.2030356, "source": 573, "target": 550, "direction": "bi-directional", "flow": 232.0, "flow_pct": 0.17140619574292026, "flow_rank": 176 }, "geometry": { "type": "LineString", "coordinates": [ [ 114.130640618483412, 22.577780461901774 ], [ 114.129565898504964, 22.577663521813246 ], [ 114.1240766599593, 22.576857265771945 ], [ 114.123042118629741, 22.576724715016034 ] ] } },
{ "type": "Feature", "properties": { "arc": 1151, "wealthier": 0.22054924358143629, "beautiful": 0.26173140072260942, "livelier": 0.39136568842432062, "depressing": 0.70421886738954054, "safer": 0.2407553092178118, "boring": 0.68421540956406302, "human": 0.0003148538094979, "vehicle": 0.013449492277922401, "construction": 0.099639256795247294, "nature": 0.086646256623444703, "sky": 0.52574489734790941, "object": 0.0077792980052806002, "PI": 0.1716890349957286, "NI": 0.46134236939783974, "length": 188.904611, "source": 573, "target": 577, "direction": "bi-directional", "flow": 51.0, "flow_pct": 0.037679810271072985, "flow_rank": 528 }, "geometry": { "type": "LineString", "coordinates": [ [ 114.130640618483412, 22.577780461901774 ], [ 114.131538176667391, 22.577512341046425 ], [ 114.132380444176221, 22.577233881888077 ] ] } },
{ "type": "Feature", "properties": { "arc": 1152, "wealthier": 0.74303369524074359, "beautiful": 0.64752777894748637, "livelier": 0.79431729499665149, "depressing": 0.2819347198145169, "safer": 0.66875549481667818, "boring": 0.23541080474905601, "human": 0.0058010419209798001, "vehicle": 0.052718440691630002, "construction": 0.066608766714731801, "nature": 0.49657201766967779, "sky": 0.1285905639330546, "object": 0.0032712022463480001, "PI": 0.6587704941769047, "NI": 0.18693021372751298, "length": 1126.194928, "source": 217, "target": 236, "direction": "bi-directional", "flow": 26.0, "flow_pct": 0.019209315040154856, "flow_rank": 631 }, "geometry": { "type": "LineString", "coordinates": [ [ 113.953822376220543, 22.574832570283245 ], [ 113.954684085245603, 22.57401683123442 ], [ 113.955404869417322, 22.573305344961231 ], [ 113.955570776672218, 22.573173245202213 ], [ 113.955690174857892, 22.573115777437142 ], [ 113.955803053513179, 22.573085758899275 ], [ 113.956035576237227, 22.573054899397739 ], [ 113.959703730811214, 22.572740769279662 ], [ 113.959936284088982, 22.572687764802406 ], [ 113.960160219526117, 22.57258608416824 ], [ 113.960628436415817, 22.572269054236351 ], [ 113.961485652666767, 22.571617401248488 ], [ 113.961778889784753, 22.571374468870758 ], [ 113.961957250049551, 22.571189534747035 ], [ 113.962095930611056, 22.570986636760946 ], [ 113.962195956534046, 22.570755481129414 ], [ 113.962246096221605, 22.570562663977977 ], [ 113.962365442710635, 22.569919779798113 ] ] } },
{ "type": "Feature", "properties": { "arc": 1153, "wealthier": 0.74907065544321605, "beautiful": 0.6401881667714534, "livelier": 0.7430043225234737, "depressing": 0.28757220278630879, "safer": 0.67600555612473234, "boring": 0.25595095910674093, "human": 0.0010576138551206999, "vehicle": 0.0137427319055316, "construction": 0.086851185765759606, "nature": 0.44395365660217978, "sky": 0.19737796125740831, "object": 0.0050192208125673004, "PI": 0.57660681328869556, "NI": 0.19913228781554715, "length": 662.8760354, "source": 217, "target": 212, "direction": "bi-directional", "flow": 111.0, "flow_pct": 0.082008998825276513, "flow_rank": 369 }, "geometry": { "type": "LineString", "coordinates": [ [ 113.953822376220543, 22.574832570283245 ], [ 113.953139625287434, 22.574861168931225 ], [ 113.951541266830347, 22.574861485681751 ], [ 113.951433604051431, 22.574848452742362 ], [ 113.951320210422736, 22.57480786027832 ], [ 113.951254715168801, 22.574754393338008 ], [ 113.951207674791902, 22.574673414547362 ], [ 113.951178572768768, 22.574468635114837 ], [ 113.951196055705921, 22.574084682145532 ], [ 113.951234639626392, 22.573674372337319 ], [ 113.95128913012924, 22.5734354507806 ], [ 113.951361345417055, 22.5732487282284 ], [ 113.951514390095994, 22.572929302215179 ], [ 113.952287647448117, 22.571404713785576 ] ] } },
{ "type": "Feature", "properties": { "arc": 1156, "wealthier": 0.30045383394984659, "beautiful": 0.30523609037688187, "livelier": 0.34064096639980412, "depressing": 0.69395747449899203, "safer": 0.27731476432304902, "boring": 0.66408343501252809, "human": 0.00054314022972469999, "vehicle": 0.0277604905385819, "construction": 0.1461680881560794, "nature": 0.084001420036194804, "sky": 0.49791260371132501, "object": 0.0052946787031869997, "PI": 0.19236118872698552, "NI": 0.45869653387340276, "length": 573.8317635, "source": 597, "target": 594, "direction": "bi-directional", "flow": 150.0, "flow_pct": 0.1108229713855088, "flow_rank": 296 }, "geometry": { "type": "LineString", "coordinates": [ [ 114.140366106301755, 22.578774680122432 ], [ 114.138510721303419, 22.573887657767067 ] ] } },
{ "type": "Feature", "properties": { "arc": 1160, "wealthier": 0.54346354754174486, "beautiful": 0.43374145731800101, "livelier": 0.71380340625217609, "depressing": 0.49218069362127742, "safer": 0.50624432240014761, "boring": 0.33928194107947252, "human": 0.0026157152707172999, "vehicle": 0.021926209262516899, "construction": 0.20991024905688141, "nature": 0.26063248447087251, "sky": 0.29079915399420753, "object": 0.0056883494059243997, "PI": 0.44117434465886846, "NI": 0.32660731587749181, "length": 2060.82594, "source": 485, "target": 455, "direction": "bi-directional", "flow": 0.0, "flow_pct": 0.0, "flow_rank": 766 }, "geometry": { "type": "LineString", "coordinates": [ [ 114.099360428172957, 22.578309901906479 ], [ 114.098863795754738, 22.577762870002054 ], [ 114.098683663766437, 22.57761319727927 ], [ 114.098555472255342, 22.57743678853549 ], [ 114.098433252358248, 22.577159690068157 ], [ 114.098361848973354, 22.576916460866933 ], [ 114.098304469338487, 22.576614420936146 ], [ 114.09819902074203, 22.575218465483388 ], [ 114.098163306425391, 22.574903156977598 ], [ 114.098084913832665, 22.57463331938024 ], [ 114.097962433360507, 22.574407106441182 ], [ 114.097856101931683, 22.574268089789996 ], [ 114.097669908432678, 22.574070050428656 ], [ 114.096954559221487, 22.573406707904379 ], [ 114.096740749234257, 22.573227473739315 ], [ 114.096541995021227, 22.573094333331579 ], [ 114.096289603523999, 22.572960107400323 ], [ 114.096029457067701, 22.572850319229975 ], [ 114.095740674775428, 22.5727555603106 ], [ 114.091744722020081, 22.571713952056943 ], [ 114.091417755712641, 22.571656997889473 ], [ 114.091015554174035, 22.571616201000296 ], [ 114.090489462609995, 22.571614686851746 ], [ 114.090024588844031, 22.571658051492314 ], [ 114.088112478538093, 22.571884364705447 ], [ 114.087712375859581, 22.571955704459608 ], [ 114.087182006727531, 22.57208410954917 ], [ 114.086494137021475, 22.572318452772073 ], [ 114.084811464863535, 22.57301721139854 ], [ 114.083982809926027, 22.573272219436706 ], [ 114.08387026185612, 22.573324115442201 ], [ 114.083686996099445, 22.57343592832585 ] ] } },
{ "type": "Feature", "properties": { "arc": 1161, "wealthier": 0.2792600494429619, "beautiful": 0.27825310547215731, "livelier": 0.25554925870848361, "depressing": 0.71757008953008705, "safer": 0.24085912420762459, "boring": 0.73820058714608472, "human": 0.00017667497907360001, "vehicle": 0.018360301426478699, "construction": 0.19622039794921869, "nature": 0.088386281331380198, "sky": 0.48706848507835732, "object": 0.0051320212227956999, "PI": 0.15725774255038694, "NI": 0.48134032170500851, "length": 918.2279246000001, "source": 485, "target": 481, "direction": "bi-directional", "flow": 0.0, "flow_pct": 0.0, "flow_rank": 766 }, "geometry": { "type": "LineString", "coordinates": [ [ 114.099360428172957, 22.578309901906479 ], [ 114.098823435873641, 22.575578207761055 ], [ 114.098771535353592, 22.575157406227973 ], [ 114.098749350066782, 22.574814931592503 ], [ 114.098757551642322, 22.574455261451039 ], [ 114.098819650174647, 22.573793243143658 ], [ 114.099060970572438, 22.572026321345891 ], [ 114.099130861797107, 22.570580298660825 ], [ 114.099139732561326, 22.570084799762611 ] ] } },
{ "type": "Feature", "properties": { "arc": 1164, "wealthier": 0.70352183115991529, "beautiful": 0.65478387791918546, "livelier": 0.73766062867841209, "depressing": 0.28739107780271839, "safer": 0.67019010878184404, "boring": 0.26360003610974991, "human": 0.0047095404730901997, "vehicle": 0.020245488484700501, "construction": 0.1161150190565321, "nature": 0.45100241767035582, "sky": 0.13437071906195741, "object": 0.0081424289279512993, "PI": 0.6172495973800981, "NI": 0.21633167760668637, "length": 359.7622542, "source": 589, "target": 588, "direction": "bi-directional", "flow": 0.0, "flow_pct": 0.0, "flow_rank": 766 }, "geometry": { "type": "LineString", "coordinates": [ [ 114.135896962596547, 22.579358436669079 ], [ 114.135886073984125, 22.578547548244519 ], [ 114.135788827856459, 22.576111407797821 ] ] } },
{ "type": "Feature", "properties": { "arc": 1168, "wealthier": 0.52182061202739516, "beautiful": 0.4734732177139323, "livelier": 0.55630090370445595, "depressing": 0.47364479474423998, "safer": 0.48048591751895048, "boring": 0.42400315794338028, "human": 0.0015125274658202999, "vehicle": 0.018992794884575701, "construction": 0.098741796281602595, "nature": 0.2645951377020942, "sky": 0.41279559665256071, "object": 0.0048864152696397002, "PI": 0.3967442769106197, "NI": 0.32874283250955671, "length": 289.715394, "source": 549, "target": 550, "direction": "bi-directional", "flow": 134.0, "flow_pct": 0.099001854437721179, "flow_rank": 322 }, "geometry": { "type": "LineString", "coordinates": [ [ 114.122758748436212, 22.579327262566668 ], [ 114.12287554306522, 22.57842901129813 ], [ 114.122944414541138, 22.577602505965697 ], [ 114.123042118629741, 22.576724715016034 ] ] } },
{ "type": "Feature", "properties": { "arc": 1169, "wealthier": 0.54670305742723846, "beautiful": 0.483304447600301, "livelier": 0.67828631351084234, "depressing": 0.43715382641962169, "safer": 0.52792595203273862, "boring": 0.38196029315832258, "human": 0.0023391864917896, "vehicle": 0.023243374294704799, "construction": 0.1154055418791594, "nature": 0.35867627461751289, "sky": 0.2212085017451533, "object": 0.0146822046350549, "PI": 0.46884236874343449, "NI": 0.33006368052889684, "length": 200.4541975, "source": 572, "target": 573, "direction": "bi-directional", "flow": 181.0, "flow_pct": 0.13372638547184726, "flow_rank": 240 }, "geometry": { "type": "LineString", "coordinates": [ [ 114.130605097625406, 22.579590221800135 ], [ 114.130633308088974, 22.578683106101828 ], [ 114.130640618483412, 22.577780461901774 ] ] } },
{ "type": "Feature", "properties": { "arc": 1170, "wealthier": 0.51564821677557304, "beautiful": 0.4267802702584419, "livelier": 0.65030354492670273, "depressing": 0.4913385142390263, "safer": 0.46689437500277881, "boring": 0.41523760242103569, "human": 0.0038687388102212998, "vehicle": 0.021661485944475398, "construction": 0.14313180106026779, "nature": 0.27516528538295199, "sky": 0.2771910712832496, "object": 0.0090672629220145008, "PI": 0.43535343832769846, "NI": 0.33481816111680551, "length": 214.4277551, "source": 572, "target": 578, "direction": "bi-directional", "flow": 110.0, "flow_pct": 0.081270179016039779, "flow_rank": 372 }, "geometry": { "type": "LineString", "coordinates": [ [ 114.130605097625406, 22.579590221800135 ], [ 114.131584624609616, 22.57960357133442 ], [ 114.132094815547958, 22.579625281318915 ], [ 114.132363247725905, 22.579648300622942 ], [ 114.132683930691243, 22.579698372742595 ] ] } },
{ "type": "Feature", "properties": { "arc": 1172, "wealthier": 0.38187813699203188, "beautiful": 0.39027057949740829, "livelier": 0.60715914038287522, "depressing": 0.56784790824995202, "safer": 0.36516834969282003, "boring": 0.42798373945539131, "human": 0.0043203565809461003, "vehicle": 0.048279620982982399, "construction": 0.19253812012849031, "nature": 0.17792034149169919, "sky": 0.32022250140154801, "object": 0.0054892434014214, "PI": 0.36066572490956311, "NI": 0.37654951544190141, "length": 337.6960617, "source": 578, "target": 589, "direction": "bi-directional", "flow": 62.0, "flow_pct": 0.045806828172676964, "flow_rank": 481 }, "geometry": { "type": "LineString", "coordinates": [ [ 114.132683930691243, 22.579698372742595 ], [ 114.133020023746411, 22.579616114010342 ], [ 114.133499960110015, 22.579534860466644 ], [ 114.134165427798209, 22.57932744349835 ], [ 114.134479181295831, 22.579269185195493 ], [ 114.134816335186869, 22.579254821784456 ], [ 114.135213640747253, 22.579262510730821 ], [ 114.135502658509154, 22.579291265232872 ], [ 114.135896962596547, 22.579358436669079 ] ] } },
{ "type": "Feature", "properties": { "arc": 1173, "wealthier": 0.763807811092864, "beautiful": 0.62103319282343827, "livelier": 0.75410454271872129, "depressing": 0.30028737443564979, "safer": 0.67637458980045428, "boring": 0.25184742396240051, "human": 0.0041400485568576003, "vehicle": 0.031701405843098898, "construction": 0.097422430250379694, "nature": 0.40725114610460073, "sky": 0.1826855977376301, "object": 0.0045706007215710999, "PI": 0.60759006530076887, "NI": 0.21053282789816627, "length": 808.7090519, "source": 572, "target": 549, "direction": "bi-directional", "flow": 71.0, "flow_pct": 0.052456206455807494, "flow_rank": 456 }, "geometry": { "type": "LineString", "coordinates": [ [ 114.130605097625406, 22.579590221800135 ], [ 114.128153848838366, 22.579640792200312 ], [ 114.125793491297088, 22.579526411363336 ], [ 114.124846376052048, 22.579395881550482 ], [ 114.124216120375777, 22.579334997265029 ], [ 114.122758748436212, 22.579327262566668 ] ] } },
{ "type": "Feature", "properties": { "arc": 1176, "wealthier": 0.42871842958331657, "beautiful": 0.3776567779371473, "livelier": 0.3792878337686002, "depressing": 0.60109476491853153, "safer": 0.36037101698272039, "boring": 0.61569765065207194, "human": 0.00024253246830950001, "vehicle": 0.022619546628465801, "construction": 0.092884026321710306, "nature": 0.165596232694738, "sky": 0.46578773797727091, "object": 0.0036533954096775001, "PI": 0.26667210218574006, "NI": 0.3934573894111168, "length": 404.7593251, "source": 525, "target": 531, "direction": "bi-directional", "flow": 609.0, "flow_pct": 0.44994126382516569, "flow_rank": 39 }, "geometry": { "type": "LineString", "coordinates": [ [ 114.115057864634252, 22.579871442866789 ], [ 114.115275836116538, 22.579487487893584 ], [ 114.116423686176901, 22.577338670433754 ], [ 114.116793223845377, 22.576591326074269 ] ] } },
{ "type": "Feature", "properties": { "arc": 1178, "wealthier": 0.64480570448652419, "beautiful": 0.56848566018743463, "livelier": 0.71663537192657245, "depressing": 0.38391615584456001, "safer": 0.58948140811714467, "boring": 0.29578899987236129, "human": 0.0042576260036891996, "vehicle": 0.0345552232530381, "construction": 0.1101540459526909, "nature": 0.39529305917245372, "sky": 0.2109288109673394, "object": 0.0049149548565898997, "PI": 0.55328472685699737, "NI": 0.24954581741352941, "length": 203.6913109, "source": 591, "target": 589, "direction": "bi-directional", "flow": 74.0, "flow_pct": 0.054672665883517671, "flow_rank": 452 }, "geometry": { "type": "LineString", "coordinates": [ [ 114.137384226859609, 22.580572759323847 ], [ 114.136255288331398, 22.579671152813262 ], [ 114.135896962596547, 22.579358436669079 ] ] } },
{ "type": "Feature", "properties": { "arc": 1179, "wealthier": 0.60919216433792167, "beautiful": 0.539211141531724, "livelier": 0.762193805119602, "depressing": 0.3932155511904013, "safer": 0.58557513161632202, "boring": 0.27394484486950049, "human": 0.0026897854275172999, "vehicle": 0.040576228389033499, "construction": 0.091070457741066202, "nature": 0.32557367395471631, "sky": 0.26773551658347799, "object": 0.0061786792896412002, "PI": 0.51255990984372479, "NI": 0.26898579407841361, "length": 365.6231718, "source": 591, "target": 597, "direction": "bi-directional", "flow": 96.0, "flow_pct": 0.070926701686725629, "flow_rank": 389 }, "geometry": { "type": "LineString", "coordinates": [ [ 114.137384226859609, 22.580572759323847 ], [ 114.140366106301755, 22.578774680122432 ] ] } },
{ "type": "Feature", "properties": { "arc": 1194, "wealthier": 0.74461147873425593, "beautiful": 0.60642865084183872, "livelier": 0.79992479353132528, "depressing": 0.28515526310692679, "safer": 0.68617272024551312, "boring": 0.19711236095801021, "human": 0.0028236273563268998, "vehicle": 0.025797583840110001, "construction": 0.087908109029134096, "nature": 0.46622094241055578, "sky": 0.1591174385764382, "object": 0.0035802378798976001, "PI": 0.61026837698468472, "NI": 0.17822859292958351, "length": 592.5246052, "source": 211, "target": 217, "direction": "bi-directional", "flow": 97.0, "flow_pct": 0.07166552149596235, "flow_rank": 386 }, "geometry": { "type": "LineString", "coordinates": [ [ 113.950911279890491, 22.579059411399193 ], [ 113.95138076699925, 22.578921571651708 ], [ 113.951882333021075, 22.578704641276467 ], [ 113.952114991283452, 22.578556810455648 ], [ 113.95220344146216, 22.57847161113347 ], [ 113.952287609085815, 22.578362870370462 ], [ 113.952357854290142, 22.578230310435359 ], [ 113.952409942492523, 22.578072288703954 ], [ 113.952445364849993, 22.577861669750064 ], [ 113.952520299339625, 22.577175039218638 ], [ 113.952564785304489, 22.57699091811055 ], [ 113.952644466062509, 22.576779748669061 ], [ 113.952958540716168, 22.576166027442827 ], [ 113.953201460978235, 22.57574526745038 ], [ 113.953383299770408, 22.57545831097293 ], [ 113.953822376220543, 22.574832570283245 ] ] } },
{ "type": "Feature", "properties": { "arc": 1202, "wealthier": 0.3374711273084669, "beautiful": 0.37009711038566673, "livelier": 0.32150481457274488, "depressing": 0.61472181465043063, "safer": 0.31438154382953509, "boring": 0.7226402484086426, "human": 0.00067523881500839995, "vehicle": 0.068369416629566804, "construction": 0.058014570497998998, "nature": 0.1108209385591394, "sky": 0.52996405433205973, "object": 0.0044625600179035996, "PI": 0.22193611858345275, "NI": 0.45961219377274576, "length": 931.5975643, "source": 203, "target": 208, "direction": "bi-directional", "flow": 1081.0, "flow_pct": 0.79866421378490005, "flow_rank": 9 }, "geometry": { "type": "LineString", "coordinates": [ [ 113.949428444851662, 22.579801616310352 ], [ 113.949427454843743, 22.578047482932678 ], [ 113.949521417364025, 22.576246267824082 ], [ 113.949817173086856, 22.572733745644342 ], [ 113.949970112211375, 22.57178594385211 ], [ 113.950013955630737, 22.571414642216716 ] ] } },
{ "type": "Feature", "properties": { "arc": 1203, "wealthier": 0.31793769844372932, "beautiful": 0.34385859060019419, "livelier": 0.2918269907608082, "depressing": 0.65105545404624554, "safer": 0.31184125567301202, "boring": 0.7187258426511034, "human": 0.0016646385192871001, "vehicle": 0.017083883285522398, "construction": 0.081180095672607394, "nature": 0.080891450246175098, "sky": 0.54430079460144043, "object": 0.0072714487711587998, "PI": 0.21243637468726242, "NI": 0.4564623616476205, "length": 173.6577428, "source": 203, "target": 211, "direction": "bi-directional", "flow": 432.0, "flow_pct": 0.31917015759026529, "flow_rank": 87 }, "geometry": { "type": "LineString", "coordinates": [ [ 113.949428444851662, 22.579801616310352 ], [ 113.95056690655899, 22.579281276075321 ], [ 113.950716864335703, 22.579197724352383 ], [ 113.950911279890491, 22.579059411399193 ] ] } },
{ "type": "Feature", "properties": { "arc": 1208, "wealthier": 0.60788268857717531, "beautiful": 0.53450153148746771, "livelier": 0.67633676063090387, "depressing": 0.40894930776296168, "safer": 0.58935062152746398, "boring": 0.3449829938384098, "human": 0.0029575427373250002, "vehicle": 0.016674876213073699, "construction": 0.1043850580851237, "nature": 0.43557496865590412, "sky": 0.15644530455271399, "object": 0.0082483688990275007, "PI": 0.52631134242273392, "NI": 0.25303739592883862, "length": 533.7487858, "source": 570, "target": 572, "direction": "bi-directional", "flow": 134.0, "flow_pct": 0.099001854437721179, "flow_rank": 322 }, "geometry": { "type": "LineString", "coordinates": [ [ 114.130110319441513, 22.584321450586998 ], [ 114.130441824933385, 22.583732368964 ], [ 114.130501981420878, 22.583571624138617 ], [ 114.130535100392322, 22.58340763841645 ], [ 114.130587518195057, 22.581468308743052 ], [ 114.130610778381666, 22.58011809373621 ], [ 114.130605097625406, 22.579590221800135 ] ] } },
{ "type": "Feature", "properties": { "arc": 1210, "wealthier": 0.71369630740197054, "beautiful": 0.63663405976353316, "livelier": 0.76648825175197799, "depressing": 0.2958835771060348, "safer": 0.66691642136974771, "boring": 0.21731598950566111, "human": 0.0036305321587456001, "vehicle": 0.016498194800482799, "construction": 0.12602530585394961, "nature": 0.4351083702511257, "sky": 0.17503237724304199, "object": 0.0059972604115803999, "PI": 0.6030800758826953, "NI": 0.20834620655707528, "length": 729.4868334, "source": 580, "target": 591, "direction": "bi-directional", "flow": 81.0, "flow_pct": 0.059844404548174746, "flow_rank": 429 }, "geometry": { "type": "LineString", "coordinates": [ [ 114.132989579515794, 22.584401401141864 ], [ 114.133442357425608, 22.584419073064549 ], [ 114.134864361797071, 22.584434413109971 ], [ 114.135097109852509, 22.584420547798949 ], [ 114.135347807758237, 22.584365673049341 ], [ 114.135573494944254, 22.584277812353591 ], [ 114.135776299709107, 22.584164900310032 ], [ 114.13598102001599, 22.584010163277178 ], [ 114.136097153100451, 22.583892722244961 ], [ 114.136203672434092, 22.583753636376635 ], [ 114.136298232709152, 22.583596772194124 ], [ 114.136377830720377, 22.583425419324829 ], [ 114.137384226859609, 22.580572759323847 ] ] } },
{ "type": "Feature", "properties": { "arc": 1211, "wealthier": 0.59777757409946752, "beautiful": 0.55504010664712289, "livelier": 0.74218716624409631, "depressing": 0.40346458629634352, "safer": 0.60766096954981919, "boring": 0.27950235802334561, "human": 0.0063614845275878004, "vehicle": 0.023659944534301699, "construction": 0.15169223149617511, "nature": 0.31780743598937983, "sky": 0.2290976842244466, "object": 0.0101828575134277, "PI": 0.55787530677802299, "NI": 0.2927659213243945, "length": 296.4004075, "source": 570, "target": 580, "direction": "bi-directional", "flow": 141.0, "flow_pct": 0.10417359310237825, "flow_rank": 314 }, "geometry": { "type": "LineString", "coordinates": [ [ 114.130110319441513, 22.584321450586998 ], [ 114.130652441992183, 22.584373331554048 ], [ 114.132989579515794, 22.584401401141864 ] ] } },
{ "type": "Feature", "properties": { "arc": 1215, "wealthier": 0.47676292942428961, "beautiful": 0.37486038725796073, "livelier": 0.45844525336015968, "depressing": 0.57973997967602753, "safer": 0.36530576440564888, "boring": 0.58978946968062629, "human": 0.00097231547037760001, "vehicle": 0.021508560180664001, "construction": 0.12522122701009111, "nature": 0.17195744832356771, "sky": 0.42720074971516919, "object": 0.0053281402587890001, "PI": 0.30160273561973566, "NI": 0.3942346413648577, "length": 589.8168025, "source": 518, "target": 525, "direction": "bi-directional", "flow": 609.0, "flow_pct": 0.44994126382516569, "flow_rank": 39 }, "geometry": { "type": "LineString", "coordinates": [ [ 114.112868999906652, 22.584709875002787 ], [ 114.113121983732086, 22.584409552860258 ], [ 114.113792052253402, 22.583542905954385 ], [ 114.114041043661885, 22.583160287638517 ], [ 114.114212805871006, 22.582822480655256 ], [ 114.114344115938593, 22.582500405682385 ], [ 114.11445018900136, 22.58216973472738 ], [ 114.114778658994808, 22.580758463296917 ], [ 114.115057864634252, 22.579871442866789 ] ] } },
{ "type": "Feature", "properties": { "arc": 1222, "wealthier": 0.58493101248795909, "beautiful": 0.54704326754972843, "livelier": 0.57668525920705149, "depressing": 0.40235455870679859, "safer": 0.51235829937686428, "boring": 0.46755862718056462, "human": 0.00074338912963859999, "vehicle": 0.048004812664455797, "construction": 0.33174326684739852, "nature": 0.22092342376708979, "sky": 0.2068572044372558, "object": 0.0029488404591878001, "PI": 0.41025262097309856, "NI": 0.35157556639441473, "length": 799.1992156, "source": 598, "target": 597, "direction": "bi-directional", "flow": 66.0, "flow_pct": 0.048762107409623869, "flow_rank": 471 }, "geometry": { "type": "LineString", "coordinates": [ [ 114.142195915263599, 22.585747134685658 ], [ 114.141951708544212, 22.58514182447907 ], [ 114.140928752233393, 22.582388056067408 ], [ 114.140825588381063, 22.582067083043693 ], [ 114.140676894866445, 22.581343874360122 ], [ 114.140540118421953, 22.579891167470773 ], [ 114.140366106301755, 22.578774680122432 ] ] } },
{ "type": "Feature", "properties": { "arc": 1233, "wealthier": 0.62033437811065462, "beautiful": 0.57791326831613821, "livelier": 0.68424578953723081, "depressing": 0.35698202391780121, "safer": 0.61941922697864626, "boring": 0.26537670871447439, "human": 0.0077657346372250998, "vehicle": 0.022916511253074302, "construction": 0.1557814986617477, "nature": 0.3233869340684678, "sky": 0.24287958498354309, "object": 0.0065264525236905999, "PI": 0.57594860067901521, "NI": 0.26415433081931328, "length": 260.4333467, "source": 579, "target": 580, "direction": "bi-directional", "flow": 46.0, "flow_pct": 0.033985711224889359, "flow_rank": 549 }, "geometry": { "type": "LineString", "coordinates": [ [ 114.132945303085023, 22.586752833684347 ], [ 114.132989579515794, 22.584401401141864 ] ] } },
{ "type": "Feature", "properties": { "arc": 1234, "wealthier": 0.66452178441715748, "beautiful": 0.61521499194308227, "livelier": 0.69983657926277609, "depressing": 0.34358638358913318, "safer": 0.65579831429277091, "boring": 0.30681270304130281, "human": 0.0015814417884463001, "vehicle": 0.039207208724248897, "construction": 0.073967388698032904, "nature": 0.39172345116024931, "sky": 0.21316753114972789, "object": 0.0045819055466423996, "PI": 0.53887399888036802, "NI": 0.2344452382661516, "length": 697.8754438, "source": 220, "target": 211, "direction": "bi-directional", "flow": 194.0, "flow_pct": 0.1433310429919247, "flow_rank": 224 }, "geometry": { "type": "LineString", "coordinates": [ [ 113.955439008555572, 22.583750429075135 ], [ 113.954434059876718, 22.582782318743561 ], [ 113.953419586011975, 22.581663498937132 ], [ 113.952422060946773, 22.580607183792811 ], [ 113.951572377571011, 22.579778524631475 ], [ 113.950911279890491, 22.579059411399193 ] ] } },
{ "type": "Feature", "properties": { "arc": 1235, "wealthier": 0.37080551667746608, "beautiful": 0.44854241521904431, "livelier": 0.3570806550616456, "depressing": 0.5315869658883341, "safer": 0.39185652878848992, "boring": 0.6158858334250904, "human": 0.0022903143190870002, "vehicle": 0.042699140660903002, "construction": 0.055706360760856999, "nature": 0.1490756016151577, "sky": 0.48107135997099038, "object": 0.0039687811159619998, "PI": 0.2926173594441065, "NI": 0.38968739987658291, "length": 428.1520424, "source": 204, "target": 203, "direction": "bi-directional", "flow": 288.0, "flow_pct": 0.21278010506017689, "flow_rank": 128 }, "geometry": { "type": "LineString", "coordinates": [ [ 113.949597497621852, 22.583660325056169 ], [ 113.949473439140675, 22.582377654412948 ], [ 113.949406948682665, 22.581399260216795 ], [ 113.949401180053684, 22.58042827650835 ], [ 113.949428444851662, 22.579801616310352 ] ] } },
{ "type": "Feature", "properties": { "arc": 1236, "wealthier": 0.362979468272838, "beautiful": 0.3283493229949544, "livelier": 0.51166400358446951, "depressing": 0.62558593286020114, "safer": 0.33228760403917768, "boring": 0.48410168261570358, "human": 0.00069204966227210004, "vehicle": 0.014486047956678599, "construction": 0.036603742175631997, "nature": 0.22819434271918401, "sky": 0.45026220215691459, "object": 0.0047283172607420999, "PI": 0.28832384414316586, "NI": 0.35286211950119006, "length": 600.8167095, "source": 204, "target": 220, "direction": "bi-directional", "flow": 8.0, "flow_pct": 0.0059105584738938016, "flow_rank": 731 }, "geometry": { "type": "LineString", "coordinates": [ [ 113.949597497621852, 22.583660325056169 ], [ 113.950098838588772, 22.583677503095579 ], [ 113.951920770328528, 22.583692529593016 ], [ 113.953695093193545, 22.583733979054628 ], [ 113.955439008555572, 22.583750429075135 ] ] } },
{ "type": "Feature", "properties": { "arc": 1237, "wealthier": 0.4482140799385379, "beautiful": 0.47273116254211078, "livelier": 0.39591252963778673, "depressing": 0.52142456291241068, "safer": 0.44435624609231422, "boring": 0.59146951729305741, "human": 0.00049591064453120002, "vehicle": 0.0098802735205409994, "construction": 0.054339635939825097, "nature": 0.19292573215199171, "sky": 0.48421853253630548, "object": 0.0032932385295425999, "PI": 0.31552949312050715, "NI": 0.35579260528436479, "length": 1344.830273, "source": 178, "target": 179, "direction": "bi-directional", "flow": 53.0, "flow_pct": 0.03915744988954644, "flow_rank": 517 }, "geometry": { "type": "LineString", "coordinates": [ [ 113.94329889053077, 22.583565732632298 ], [ 113.94336810384344, 22.580146548703659 ], [ 113.943396280826178, 22.577856550682355 ], [ 113.943458125878436, 22.57539124653265 ], [ 113.943510706998282, 22.572259855878094 ], [ 113.943540090179809, 22.571423744255597 ] ] } },
{ "type": "Feature", "properties": { "arc": 1238, "wealthier": 0.59637000851167099, "beautiful": 0.50491621258742592, "livelier": 0.69124089465741012, "depressing": 0.43485632769152299, "safer": 0.56980468871102763, "boring": 0.29590929741536592, "human": 0.00091646830240879997, "vehicle": 0.0117760213216145, "construction": 0.029479598999023401, "nature": 0.3207087961832682, "sky": 0.3973519897460937, "object": 0.0042252349853514996, "PI": 0.46378119355590997, "NI": 0.26318953412729212, "length": 647.7975374, "source": 178, "target": 204, "direction": "bi-directional", "flow": 41.0, "flow_pct": 0.030291612178705737, "flow_rank": 564 }, "geometry": { "type": "LineString", "coordinates": [ [ 113.94329889053077, 22.583565732632298 ], [ 113.949597497621852, 22.583660325056169 ] ] } },
{ "type": "Feature", "properties": { "arc": 1239, "wealthier": 0.48027994393403561, "beautiful": 0.47473346431928348, "livelier": 0.41664884967581067, "depressing": 0.51717192627083441, "safer": 0.45757361150418607, "boring": 0.60677824793382873, "human": 0.00039308176100619999, "vehicle": 0.0055227699519702998, "construction": 0.075902782896029794, "nature": 0.1945265404083443, "sky": 0.4827510305920486, "object": 0.0055216783247653001, "PI": 0.32690837391321609, "NI": 0.37465561843450534, "length": 1360.636894, "source": 128, "target": 139, "direction": "bi-directional", "flow": 0.0, "flow_pct": 0.0, "flow_rank": 766 }, "geometry": { "type": "LineString", "coordinates": [ [ 113.932627443160598, 22.583403738655512 ], [ 113.932613006897199, 22.58277561756309 ], [ 113.932638343978297, 22.58184245538785 ], [ 113.932671677739393, 22.581464905150657 ], [ 113.932736035542192, 22.581165749668052 ], [ 113.93286130466764, 22.58082301863017 ], [ 113.932995007210366, 22.580563199668397 ], [ 113.933594019828703, 22.579738590739449 ], [ 113.933771285156112, 22.57944010046322 ], [ 113.93393800637314, 22.579049567303578 ], [ 113.933998650789519, 22.578833631949298 ], [ 113.934036034172451, 22.578628856643117 ], [ 113.934070709775497, 22.57809829738326 ], [ 113.934099506768405, 22.576068536766506 ], [ 113.934209948395946, 22.57142620092198 ] ] } },
{ "type": "Feature", "properties": { "arc": 1240, "wealthier": 0.54116390408662995, "beautiful": 0.464104894133058, "livelier": 0.57414122384377408, "depressing": 0.48642201254041478, "safer": 0.4914396366843865, "boring": 0.45494995418373291, "human": 0.00034355535739799998, "vehicle": 0.012956913893784901, "construction": 0.050262016978690302, "nature": 0.26605092800729641, "sky": 0.4233415340020405, "object": 0.0057893768558657001, "PI": 0.38932774699822104, "NI": 0.32479088819244234, "length": 1097.592083, "source": 128, "target": 178, "direction": "bi-directional", "flow": 0.0, "flow_pct": 0.0, "flow_rank": 766 }, "geometry": { "type": "LineString", "coordinates": [ [ 113.932627443160598, 22.583403738655512 ], [ 113.934424285005861, 22.583418387902086 ], [ 113.934940332655216, 22.583436976758158 ], [ 113.935901503742599, 22.58344115860136 ], [ 113.936426791886291, 22.583459840088221 ], [ 113.938848242185372, 22.583486845709992 ], [ 113.939367660208319, 22.583505338048138 ], [ 113.94329889053077, 22.583565732632298 ] ] } },
{ "type": "Feature", "properties": { "arc": 1241, "wealthier": 0.66969514965183885, "beautiful": 0.56078242741786066, "livelier": 0.62604335227063324, "depressing": 0.41059981970748261, "safer": 0.59052513154482211, "boring": 0.3767298035592187, "human": 0.0016625722249347999, "vehicle": 0.0077478090922037, "construction": 0.1046136798280658, "nature": 0.38529318029230297, "sky": 0.282609766179865, "object": 0.0038197112805915001, "PI": 0.50343535864945788, "NI": 0.26025641333872446, "length": 1174.551019, "source": 579, "target": 598, "direction": "bi-directional", "flow": 21.0, "flow_pct": 0.015515215993971231, "flow_rank": 655 }, "geometry": { "type": "LineString", "coordinates": [ [ 114.132945303085023, 22.586752833684347 ], [ 114.133311579838619, 22.586472765758671 ], [ 114.133771811946275, 22.586195012753691 ], [ 114.134345833327984, 22.585719823704554 ], [ 114.13452333843108, 22.585597257537636 ], [ 114.134659312161062, 22.585524091027178 ], [ 114.134940917793855, 22.585420949656328 ], [ 114.135237181496962, 22.585359309774763 ], [ 114.135560506975068, 22.585331274816582 ], [ 114.135923725819964, 22.58534271736157 ], [ 114.136188485036129, 22.585401975901014 ], [ 114.136529901039495, 22.585542691391534 ], [ 114.137270776624476, 22.58590991558243 ], [ 114.13766180616048, 22.586159406315549 ], [ 114.137938390402354, 22.58639782465686 ], [ 114.138081610655036, 22.58655508877775 ], [ 114.138185667364482, 22.586731752038343 ], [ 114.138400728877343, 22.587212763124807 ], [ 114.138476301324786, 22.587317390815851 ], [ 114.13857843176622, 22.587396105847873 ], [ 114.138780835726081, 22.587467999140408 ], [ 114.139146230628256, 22.587531404357939 ], [ 114.139509262836512, 22.587554685157865 ], [ 114.139774505086493, 22.587546095951854 ], [ 114.139928366615564, 22.587517019538367 ], [ 114.140082726539177, 22.587458451599471 ], [ 114.140244082399988, 22.587369002904463 ], [ 114.140455236715979, 22.587224380503699 ], [ 114.141473490492018, 22.586405663074736 ], [ 114.141889805533054, 22.586044183284216 ], [ 114.142195915263599, 22.585747134685658 ] ] } },
{ "type": "Feature", "properties": { "arc": 1245, "wealthier": 0.59643234263300315, "beautiful": 0.52739667519963984, "livelier": 0.63183559724471505, "depressing": 0.48421677804762958, "safer": 0.52057057221321457, "boring": 0.40881056789614229, "human": 0.00053262710571279999, "vehicle": 0.0191179116566975, "construction": 0.024236943986680699, "nature": 0.3794607321421305, "sky": 0.30217056804233128, "object": 0.0032133261362711002, "PI": 0.45778468623209584, "NI": 0.26329653690834937, "length": 551.3439164, "source": 228, "target": 220, "direction": "bi-directional", "flow": 202.0, "flow_pct": 0.1492416014658185, "flow_rank": 204 }, "geometry": { "type": "LineString", "coordinates": [ [ 113.960630460046872, 22.584924558413558 ], [ 113.957849624863201, 22.584144037604329 ], [ 113.956906234402069, 22.583904731458748 ], [ 113.956629927508615, 22.583851998878462 ], [ 113.956253235966045, 22.583805604220085 ], [ 113.955439008555572, 22.583750429075135 ] ] } },
{ "type": "Feature", "properties": { "arc": 1250, "wealthier": 0.57189853400086288, "beautiful": 0.39620248354056192, "livelier": 0.54290633776993058, "depressing": 0.54621948100408002, "safer": 0.44450354140974119, "boring": 0.50381727181299407, "human": 9.2262691921657955e-05, "vehicle": 0.0235635651482476, "construction": 0.25024424658881289, "nature": 0.1634384897020128, "sky": 0.30643297831217448, "object": 0.0068939844767251998, "PI": 0.33900178228483102, "NI": 0.39124954868222339, "length": 1542.495486, "source": 99, "target": 116, "direction": "bi-directional", "flow": 27.0, "flow_pct": 0.019948134849391581, "flow_rank": 624 }, "geometry": { "type": "LineString", "coordinates": [ [ 113.92498946271634, 22.584491722683204 ], [ 113.925024153508119, 22.583290313713853 ], [ 113.92510208600649, 22.578714449064908 ], [ 113.925128204252275, 22.57823002909268 ], [ 113.925178089271057, 22.577740774651883 ], [ 113.925249969630102, 22.57732640738142 ], [ 113.925356131729117, 22.576904921215302 ], [ 113.925454941329491, 22.576617771438819 ], [ 113.925605280812903, 22.576257852233763 ], [ 113.925752851037629, 22.575971802382448 ], [ 113.925904372969512, 22.575728296083202 ], [ 113.926183564955537, 22.575331086266445 ], [ 113.926505343658661, 22.574931757490226 ], [ 113.927710291458027, 22.573605347165802 ], [ 113.927905118432363, 22.573372394881403 ], [ 113.92807510668149, 22.573101438782096 ], [ 113.928606718083643, 22.572151949235764 ], [ 113.928884184362403, 22.571556582290153 ] ] } },
{ "type": "Feature", "properties": { "arc": 1253, "wealthier": 0.58868191247679724, "beautiful": 0.53873504312587295, "livelier": 0.47813892541045278, "depressing": 0.4823098278613544, "safer": 0.50855667784464786, "boring": 0.52299714782658746, "human": 6.6799187810166069e-05, "vehicle": 0.075967902657370898, "construction": 0.1705314528267339, "nature": 0.14978861059032891, "sky": 0.227272555513202, "object": 0.0024485738022521999, "PI": 0.36315515755800359, "NI": 0.34676204581020037, "length": 3062.435179, "source": 272, "target": 271, "direction": "bi-directional", "flow": 0.0, "flow_pct": 0.0, "flow_rank": 766 }, "geometry": { "type": "LineString", "coordinates": [ [ 113.983458703353747, 22.586068498137131 ], [ 113.983810176725441, 22.581774847849243 ], [ 113.983870979324465, 22.58131474627859 ], [ 113.983992785374724, 22.580598387453652 ], [ 113.984216015200133, 22.57948835053525 ], [ 113.984382791110988, 22.57881261800425 ], [ 113.984572975016675, 22.578153454389906 ], [ 113.987592303457447, 22.568568074082297 ], [ 113.987694726804193, 22.56812124253301 ], [ 113.987727925735641, 22.567820055584303 ], [ 113.987734929516947, 22.567585874711263 ], [ 113.987727875842324, 22.567352066480552 ], [ 113.987701547648115, 22.567133474237078 ], [ 113.987661502918698, 22.566947367565575 ], [ 113.98760453864999, 22.566775038917665 ], [ 113.98752129472804, 22.566588344084 ], [ 113.98738095668422, 22.566331934120296 ], [ 113.987258943782066, 22.566148899558701 ], [ 113.987116808085148, 22.56597500433551 ], [ 113.986776298580608, 22.565642517119755 ], [ 113.986221952384781, 22.565214581013318 ], [ 113.985719485306362, 22.564848604355561 ], [ 113.984638959679643, 22.564106582444087 ], [ 113.984416578312263, 22.563936253452052 ], [ 113.984109967538345, 22.563634459083044 ], [ 113.983981639723396, 22.563472809542407 ], [ 113.983872054332082, 22.563303979414115 ], [ 113.983772893361305, 22.563118933740466 ], [ 113.983692273156919, 22.562924423344679 ], [ 113.983625278666409, 22.562706312138907 ], [ 113.983583076075632, 22.562499094038987 ], [ 113.98348978121777, 22.561503553073972 ], [ 113.983441990538566, 22.560479898183456 ] ] } },
{ "type": "Feature", "properties": { "arc": 1270, "wealthier": 0.63063607078829698, "beautiful": 0.54926268669517364, "livelier": 0.64178637400073713, "depressing": 0.4345321885850687, "safer": 0.56433040524515599, "boring": 0.38525235893831589, "human": 0.00020031515321770001, "vehicle": 0.0087197273289231006, "construction": 0.0177922444800807, "nature": 0.40602827725345159, "sky": 0.31400702315378393, "object": 0.0020186193457477001, "PI": 0.47975030053847645, "NI": 0.23640548407344444, "length": 1842.151906, "source": 264, "target": 228, "direction": "bi-directional", "flow": 137.0, "flow_pct": 0.10121831386543136, "flow_rank": 321 }, "geometry": { "type": "LineString", "coordinates": [ [ 113.977940960750388, 22.587133952375321 ], [ 113.972989942342409, 22.587144357174459 ], [ 113.972719721086037, 22.587136055961317 ], [ 113.972563158035129, 22.587113081926585 ], [ 113.972406140249475, 22.587060845600099 ], [ 113.972186138204194, 22.586954527687293 ], [ 113.970001926119508, 22.585753865450602 ], [ 113.969435650279692, 22.585468292735534 ], [ 113.969147777650306, 22.585347944423706 ], [ 113.968897489490715, 22.585266938503601 ], [ 113.968619647603745, 22.585194924021103 ], [ 113.96830278208455, 22.585141067507045 ], [ 113.967901082932599, 22.585107383969849 ], [ 113.967206026007105, 22.585112133694178 ], [ 113.963131037434664, 22.585373960886294 ], [ 113.962823920482151, 22.585377524109255 ], [ 113.962333805609148, 22.585338947782581 ], [ 113.961918811016545, 22.585272055366019 ], [ 113.961178558669715, 22.585089649208907 ], [ 113.960630460046872, 22.584924558413558 ] ] } },
{ "type": "Feature", "properties": { "arc": 1271, "wealthier": 0.31615047175136962, "beautiful": 0.37178850819376352, "livelier": 0.3177587885054115, "depressing": 0.59587130910006947, "safer": 0.31692432087147049, "boring": 0.67516714156624336, "human": 0.0027017837915665, "vehicle": 0.0262364118527143, "construction": 0.067044624915489695, "nature": 0.1140849284636668, "sky": 0.52536847041203427, "object": 0.0061916449131108999, "PI": 0.24466627900991675, "NI": 0.42912500413034138, "length": 348.272703, "source": 206, "target": 204, "direction": "bi-directional", "flow": 261.0, "flow_pct": 0.1928319702107853, "flow_rank": 144 }, "geometry": { "type": "LineString", "coordinates": [ [ 113.949854981680204, 22.586796230910394 ], [ 113.949597497621852, 22.583660325056169 ] ] } },
{ "type": "Feature", "properties": { "arc": 1277, "wealthier": 0.39703140719983382, "beautiful": 0.47599440646934282, "livelier": 0.53185765388335593, "depressing": 0.49988269276198588, "safer": 0.43581293792301917, "boring": 0.47334062153197332, "human": 0.0031313719572844002, "vehicle": 0.034942556310583003, "construction": 0.19504829689308451, "nature": 0.19496112399631069, "sky": 0.33493232727050781, "object": 0.0056668034306277997, "PI": 0.36602517920937899, "NI": 0.3683389215397464, "length": 384.9332977, "source": 177, "target": 178, "direction": "bi-directional", "flow": 0.0, "flow_pct": 0.0, "flow_rank": 766 }, "geometry": { "type": "LineString", "coordinates": [ [ 113.943215059067924, 22.587040797942951 ], [ 113.943252727816812, 22.586074334289926 ], [ 113.94329889053077, 22.583565732632298 ] ] } },
{ "type": "Feature", "properties": { "arc": 1278, "wealthier": 0.56430314804009396, "beautiful": 0.5348311476655232, "livelier": 0.74078822046445536, "depressing": 0.39967686730394109, "safer": 0.58172045019300644, "boring": 0.239582250478202, "human": 0.0049252510070800001, "vehicle": 0.030784686406453401, "construction": 0.1200246016184488, "nature": 0.3559153874715168, "sky": 0.21946914990742999, "object": 0.0066010951995849002, "PI": 0.53492989724972417, "NI": 0.25557822592417306, "length": 298.3582066, "source": 177, "target": 190, "direction": "bi-directional", "flow": 0.0, "flow_pct": 0.0, "flow_rank": 766 }, "geometry": { "type": "LineString", "coordinates": [ [ 113.943215059067924, 22.587040797942951 ], [ 113.944938716672553, 22.587081415440064 ], [ 113.946115912865423, 22.587076309710856 ] ] } },
{ "type": "Feature", "properties": { "arc": 1280, "wealthier": 0.4796791092274012, "beautiful": 0.46244492077724858, "livelier": 0.41314035504517271, "depressing": 0.51405296587021365, "safer": 0.40871740816254148, "boring": 0.60656786082467984, "human": 0.00019447891800490001, "vehicle": 0.030141971729419799, "construction": 0.11478614807128899, "nature": 0.20674896240234369, "sky": 0.42704158359103739, "object": 0.0076428166142216, "PI": 0.31596263565927779, "NI": 0.40225047661547464, "length": 220.2497961, "source": 270, "target": 272, "direction": "bi-directional", "flow": 0.0, "flow_pct": 0.0, "flow_rank": 766 }, "geometry": { "type": "LineString", "coordinates": [ [ 113.983295655281282, 22.588051648825804 ], [ 113.983458703353747, 22.586068498137131 ] ] } },
{ "type": "Feature", "properties": { "arc": 1286, "wealthier": 0.47370412362131109, "beautiful": 0.43863832649371881, "livelier": 0.61879995318285252, "depressing": 0.51188180565131391, "safer": 0.47208780986127008, "boring": 0.42592247026298991, "human": 0.0038911274501255001, "vehicle": 0.0233213182479616, "construction": 0.20277813502720421, "nature": 0.1823266044495597, "sky": 0.35516887240939671, "object": 0.0062241024441189001, "PI": 0.40205014354629859, "NI": 0.36513358437630045, "length": 1235.702433, "source": 540, "target": 518, "direction": "bi-directional", "flow": 145.0, "flow_pct": 0.10712887233932517, "flow_rank": 306 }, "geometry": { "type": "LineString", "coordinates": [ [ 114.119891831711342, 22.591344937103646 ], [ 114.119493566910222, 22.590924757292321 ], [ 114.118944186553747, 22.59044519748096 ], [ 114.118788933991084, 22.590285750123247 ], [ 114.118642341521195, 22.590069618416308 ], [ 114.118451805532615, 22.589645231459677 ], [ 114.11835661778963, 22.589482859478146 ], [ 114.11821791341832, 22.589324566195291 ], [ 114.118067281687985, 22.589209990458386 ], [ 114.117901892971645, 22.589125574735842 ], [ 114.117675535404771, 22.589040050885178 ], [ 114.114423922968399, 22.587982162595964 ], [ 114.114179151844255, 22.587882441789802 ], [ 114.114041538449783, 22.587793270276912 ], [ 114.113989957497381, 22.587729324769214 ], [ 114.113963289647018, 22.587652883723788 ], [ 114.113972541431778, 22.587547309795742 ], [ 114.114013335422939, 22.587456929394438 ], [ 114.114139658165954, 22.587288306358232 ], [ 114.114708627653016, 22.586641463680518 ], [ 114.114879322672692, 22.586427024366309 ], [ 114.114955703578303, 22.58626678971541 ], [ 114.114958936099399, 22.586170314907992 ], [ 114.114944808341761, 22.586121044809239 ], [ 114.114879059961879, 22.58602125239678 ], [ 114.114752041876869, 22.585918743679251 ], [ 114.11411005930907, 22.585518782899534 ], [ 114.112868999906652, 22.584709875002787 ] ] } },
{ "type": "Feature", "properties": { "arc": 1291, "wealthier": 0.47375984790630021, "beautiful": 0.50051434647610304, "livelier": 0.49340801774834842, "depressing": 0.49383285343859129, "safer": 0.4601565688931481, "boring": 0.51505874589796896, "human": 0.0030128441604913001, "vehicle": 0.018152218238980101, "construction": 0.2093323726280063, "nature": 0.15896009931377339, "sky": 0.36880452025170418, "object": 0.0041814317890242004, "PI": 0.37016012791255881, "NI": 0.36717444078246947, "length": 1050.217247, "source": 553, "target": 570, "direction": "bi-directional", "flow": 88.0, "flow_pct": 0.065016143212831834, "flow_rank": 406 }, "geometry": { "type": "LineString", "coordinates": [ [ 114.124238903121949, 22.591957107303543 ], [ 114.125673867944187, 22.589158743394783 ], [ 114.125889974879357, 22.588801340680501 ], [ 114.126291175133304, 22.588227099723529 ], [ 114.126556432475113, 22.587903660684844 ], [ 114.126883123120621, 22.587541042625979 ], [ 114.129440732451926, 22.58483778016674 ], [ 114.12976946888773, 22.584531774739141 ], [ 114.130110319441513, 22.584321450586998 ] ] } },
{ "type": "Feature", "properties": { "arc": 1316, "wealthier": 0.51570143830201709, "beautiful": 0.36644805184626089, "livelier": 0.49574624094351277, "depressing": 0.58270546359106967, "safer": 0.4025282411549081, "boring": 0.52612458275949203, "human": 0.00038098532056049999, "vehicle": 0.012698854718889501, "construction": 0.2882494245256696, "nature": 0.1136091625879681, "sky": 0.31262715657552081, "object": 0.0051697927808004003, "PI": 0.29842119851885229, "NI": 0.39734250540221644, "length": 627.2480823, "source": 101, "target": 99, "direction": "bi-directional", "flow": 8.0, "flow_pct": 0.0059105584738938016, "flow_rank": 731 }, "geometry": { "type": "LineString", "coordinates": [ [ 113.925287479703158, 22.59014568615612 ], [ 113.925033833382344, 22.587182757554427 ], [ 113.924983114243787, 22.58597334551305 ], [ 113.92498946271634, 22.584491722683204 ] ] } },
{ "type": "Feature", "properties": { "arc": 1317, "wealthier": 0.71174642458139525, "beautiful": 0.6078358868943522, "livelier": 0.63861832442964406, "depressing": 0.32247858785217498, "safer": 0.66024354490997428, "boring": 0.27277477482835122, "human": 0.0009309869063527, "vehicle": 0.032632058126884599, "construction": 0.043387563605057501, "nature": 0.24617442750094229, "sky": 0.41713440209104308, "object": 0.0041968362373218, "PI": 0.48991503218891741, "NI": 0.26378063890524422, "length": 448.1468103, "source": 205, "target": 206, "direction": "bi-directional", "flow": 226.0, "flow_pct": 0.16697327688749991, "flow_rank": 183 }, "geometry": { "type": "LineString", "coordinates": [ [ 113.949829037476547, 22.590812285656952 ], [ 113.950023894496525, 22.590038062190796 ], [ 113.950054934700987, 22.58981477721812 ], [ 113.950065909185497, 22.589513502780267 ], [ 113.950058212754428, 22.589088373959854 ], [ 113.950012152974921, 22.588427945419781 ], [ 113.949854981680204, 22.586796230910394 ] ] } },
{ "type": "Feature", "properties": { "arc": 1326, "wealthier": 0.57050501746042348, "beautiful": 0.62089067326528236, "livelier": 0.46658462430383629, "depressing": 0.40302560270624749, "safer": 0.57493811770625014, "boring": 0.44370937111861569, "human": 0.00028041764801619998, "vehicle": 0.010587355669806901, "construction": 0.1925480412501914, "nature": 0.3653145958395565, "sky": 0.1612834556429994, "object": 0.0052089691162109002, "PI": 0.44113771138599128, "NI": 0.27621280939264686, "length": 643.4383384, "source": 259, "target": 264, "direction": "bi-directional", "flow": 51.0, "flow_pct": 0.037679810271072985, "flow_rank": 528 }, "geometry": { "type": "LineString", "coordinates": [ [ 113.977085276612883, 22.592889083367862 ], [ 113.97721240893118, 22.592245061528004 ], [ 113.977940960750388, 22.587133952375321 ] ] } },
{ "type": "Feature", "properties": { "arc": 1337, "wealthier": 0.6100224595472199, "beautiful": 0.64841419585586479, "livelier": 0.4549314001899778, "depressing": 0.3707565489436051, "safer": 0.60670176418051669, "boring": 0.51136397973149206, "human": 0.00075629263213180002, "vehicle": 0.0089277498649827994, "construction": 0.12107695955218691, "nature": 0.33900987740718957, "sky": 0.29955548951120098, "object": 0.0049895228761614998, "PI": 0.45578161768211367, "NI": 0.29466712482371266, "length": 1191.642827, "source": 158, "target": 177, "direction": "bi-directional", "flow": 5.0, "flow_pct": 0.0036940990461836261, "flow_rank": 750 }, "geometry": { "type": "LineString", "coordinates": [ [ 113.940419088153476, 22.593858272198737 ], [ 113.939240099609862, 22.589148009943791 ], [ 113.939114077597665, 22.588599852495364 ], [ 113.939056643912053, 22.588216748170247 ], [ 113.939019827905298, 22.587677990626283 ], [ 113.939027209364042, 22.587354517243767 ], [ 113.939070593314952, 22.587169267098496 ], [ 113.939121371061191, 22.587087232449349 ], [ 113.939196506101098, 22.587029346798246 ], [ 113.939296224747736, 22.586994268066171 ], [ 113.939446428142574, 22.586978326489742 ], [ 113.943215059067924, 22.587040797942951 ] ] } },
{ "type": "Feature", "properties": { "arc": 1338, "wealthier": 0.40035063647872199, "beautiful": 0.45958347274772771, "livelier": 0.41374017550003311, "depressing": 0.56413683066309839, "safer": 0.4116549218106742, "boring": 0.58956467458993345, "human": 0.0024281784340186999, "vehicle": 0.0142106303462275, "construction": 0.17066236778541849, "nature": 0.19490473358719429, "sky": 0.36516325562088592, "object": 0.0083577721207230005, "PI": 0.32748437664328506, "NI": 0.40205980076738679, "length": 978.1181429, "source": 158, "target": 190, "direction": "bi-directional", "flow": 0.0, "flow_pct": 0.0, "flow_rank": 766 }, "geometry": { "type": "LineString", "coordinates": [ [ 113.940419088153476, 22.593858272198737 ], [ 113.944455304703567, 22.590473817358852 ], [ 113.944641252228777, 22.590303859399018 ], [ 113.944843153213057, 22.590084684149502 ], [ 113.945153225434396, 22.589660104175767 ], [ 113.945292179843349, 22.589414368971926 ], [ 113.945401378207592, 22.589183391494778 ], [ 113.945784063550335, 22.588107789043793 ], [ 113.946115912865423, 22.587076309710856 ] ] } },
{ "type": "Feature", "properties": { "arc": 1353, "wealthier": 0.56631053256317476, "beautiful": 0.54713804268127653, "livelier": 0.54002190207859391, "depressing": 0.4358896236047417, "safer": 0.52565618477700193, "boring": 0.42731679866931788, "human": 0.0019629644969152999, "vehicle": 0.0191637372213696, "construction": 0.077638807750883498, "nature": 0.3353872904701839, "sky": 0.28564288124205578, "object": 0.0085031267196412994, "PI": 0.44624571305869165, "NI": 0.30273325198165141, "length": 1271.952079, "source": 224, "target": 228, "direction": "bi-directional", "flow": 21.0, "flow_pct": 0.015515215993971231, "flow_rank": 655 }, "geometry": { "type": "LineString", "coordinates": [ [ 113.959215403994023, 22.596274317633434 ], [ 113.95927315702977, 22.594351121252082 ], [ 113.959333340361169, 22.593360964101819 ], [ 113.959407690740647, 22.589959517511133 ], [ 113.959448208854511, 22.589483213634654 ], [ 113.95950435419563, 22.589141251456194 ], [ 113.959605102720118, 22.588717768016245 ], [ 113.960630460046872, 22.584924558413558 ] ] } },
{ "type": "Feature", "properties": { "arc": 1354, "wealthier": 0.76102586515942428, "beautiful": 0.67434187949704916, "livelier": 0.67235803995659127, "depressing": 0.27872225421426122, "safer": 0.71019944507557131, "boring": 0.31097263611890391, "human": 0.00062157048119430001, "vehicle": 0.0095332331127590004, "construction": 0.056897825664944099, "nature": 0.57512124379475915, "sky": 0.12093544006347649, "object": 0.0051017072465683998, "PI": 0.6045183736136126, "NI": 0.173847235934774, "length": 1071.870987, "source": 222, "target": 205, "direction": "bi-directional", "flow": 138.0, "flow_pct": 0.10195713367466808, "flow_rank": 319 }, "geometry": { "type": "LineString", "coordinates": [ [ 113.95804311106248, 22.596339876626018 ], [ 113.957817456791219, 22.595968393634294 ], [ 113.957500200100938, 22.595511234980872 ], [ 113.957350941846713, 22.595329312607621 ], [ 113.957151530954917, 22.595141732652021 ], [ 113.956618466044205, 22.594725707450252 ], [ 113.95585749824032, 22.594166256978607 ], [ 113.955350960285585, 22.593764501318482 ], [ 113.952804411773741, 22.591821816910496 ], [ 113.95254341684678, 22.591635890399857 ], [ 113.952300623124671, 22.591482962215213 ], [ 113.952016943963415, 22.591329873770345 ], [ 113.951763699461026, 22.591219114712793 ], [ 113.951434633661421, 22.591100768268564 ], [ 113.951223375413122, 22.591045731289217 ], [ 113.9506664138991, 22.590935933093203 ], [ 113.949829037476547, 22.590812285656952 ] ] } },
{ "type": "Feature", "properties": { "arc": 1355, "wealthier": 0.4380592525348313, "beautiful": 0.3873901932921156, "livelier": 0.3664787435474357, "depressing": 0.63083467194553655, "safer": 0.33942339613554467, "boring": 0.62449024448760826, "human": 0.0011480119493272, "vehicle": 0.0066772037082247996, "construction": 0.058021545410156201, "nature": 0.18705940246582031, "sky": 0.4419087304009332, "object": 0.0084851582845052002, "PI": 0.28082210413378084, "NI": 0.40026518808265754, "length": 120.7592983, "source": 222, "target": 224, "direction": "bi-directional", "flow": 11.0, "flow_pct": 0.0081270179016039792, "flow_rank": 708 }, "geometry": { "type": "LineString", "coordinates": [ [ 113.95804311106248, 22.596339876626018 ], [ 113.959215403994023, 22.596274317633434 ] ] } },
{ "type": "Feature", "properties": { "arc": 1361, "wealthier": 0.7345585937631639, "beautiful": 0.66751779477363704, "livelier": 0.62249392500999434, "depressing": 0.34336044921633319, "safer": 0.68565896613778099, "boring": 0.38023599533847791, "human": 0.00043300395840209998, "vehicle": 0.0113296598335946, "construction": 0.1188107253240307, "nature": 0.44371158975950431, "sky": 0.17818575397903369, "object": 0.0038851437994011999, "PI": 0.54941097363167557, "NI": 0.22749429126769058, "length": 2211.149914, "source": 224, "target": 259, "direction": "bi-directional", "flow": 0.0, "flow_pct": 0.0, "flow_rank": 766 }, "geometry": { "type": "LineString", "coordinates": [ [ 113.959215403994023, 22.596274317633434 ], [ 113.959951448058931, 22.596386433967421 ], [ 113.962613017023259, 22.59686787611027 ], [ 113.963144152918673, 22.596919648016801 ], [ 113.963593854710595, 22.596932489778428 ], [ 113.963802049219623, 22.59692464858308 ], [ 113.964269484359363, 22.596862577113416 ], [ 113.964530816751733, 22.596794722842528 ], [ 113.964738858355474, 22.596719979594617 ], [ 113.965232943919347, 22.596486953079243 ], [ 113.966234345322903, 22.59593073309405 ], [ 113.966684444685612, 22.595747737460375 ], [ 113.966990708881937, 22.595672326134402 ], [ 113.967256382441676, 22.59563266696415 ], [ 113.967603164560572, 22.595612588418867 ], [ 113.967962706835081, 22.595618566365623 ], [ 113.968219377671687, 22.595644633400926 ], [ 113.968519210323137, 22.595695881573764 ], [ 113.969020297967631, 22.595849324981685 ], [ 113.971980379832843, 22.597157047412971 ], [ 113.97225636961825, 22.597216965597088 ], [ 113.972400553919641, 22.597219081587532 ], [ 113.972530296369413, 22.597202690882312 ], [ 113.972848399333557, 22.597110107601061 ], [ 113.976046926016281, 22.595899965337157 ], [ 113.97636706062147, 22.595748009009164 ], [ 113.976621829615681, 22.595558669109106 ], [ 113.976774153233549, 22.595385822449153 ], [ 113.976885058939743, 22.595206595665047 ], [ 113.976965051610492, 22.595017458459875 ], [ 113.977020177965471, 22.594791454519093 ], [ 113.977041695328893, 22.594567344271429 ], [ 113.977085276612883, 22.592889083367862 ] ] } },
{ "type": "Feature", "properties": { "arc": 1364, "wealthier": 0.51883401616706637, "beautiful": 0.59574979546702778, "livelier": 0.37841320522249672, "depressing": 0.43928788959401111, "safer": 0.51862915895662964, "boring": 0.51945624138038304, "human": 0.00014061397976340001, "vehicle": 0.010641203986273801, "construction": 0.046817514631483197, "nature": 0.29372358322143549, "sky": 0.4124457571241591, "object": 0.0049606959025065003, "PI": 0.38088546788710942, "NI": 0.31670376503085623, "length": 352.9743202, "source": 174, "target": 158, "direction": "bi-directional", "flow": 0.0, "flow_pct": 0.0, "flow_rank": 766 }, "geometry": { "type": "LineString", "coordinates": [ [ 113.941192827876449, 22.596963708577679 ], [ 113.940419088153476, 22.593858272198737 ] ] } },
{ "type": "Feature", "properties": { "arc": 1365, "wealthier": 0.74440207266572322, "beautiful": 0.61214479457491999, "livelier": 0.64652535913979614, "depressing": 0.3185479560560997, "safer": 0.65972783887601116, "boring": 0.32957519777510869, "human": 0.00033223801764880001, "vehicle": 0.017168432042218601, "construction": 0.0432369259820468, "nature": 0.34547252931456629, "sky": 0.346538516058438, "object": 0.0041350627291028997, "PI": 0.51515626226187128, "NI": 0.24182697696596764, "length": 1131.200595, "source": 174, "target": 205, "direction": "bi-directional", "flow": 88.0, "flow_pct": 0.065016143212831834, "flow_rank": 406 }, "geometry": { "type": "LineString", "coordinates": [ [ 113.941192827876449, 22.596963708577679 ], [ 113.942113302681548, 22.596229062338253 ], [ 113.945257232526316, 22.594044506610945 ], [ 113.94564465628649, 22.593814302208198 ], [ 113.946068391123191, 22.593586362468344 ], [ 113.948073265482464, 22.592593193920045 ], [ 113.948373936606089, 22.592418815068562 ], [ 113.948579522218608, 22.592280745427804 ], [ 113.94889089691857, 22.592031795724946 ], [ 113.949200150088032, 22.591717347185476 ], [ 113.949435079536357, 22.591415660966184 ], [ 113.949829037476547, 22.590812285656952 ] ] } },
{ "type": "Feature", "properties": { "arc": 1379, "wealthier": 0.52194118109532395, "beautiful": 0.50619285757222676, "livelier": 0.4957984370752988, "depressing": 0.5011349176500739, "safer": 0.4981690354703715, "boring": 0.52580192671241721, "human": 0.0017333297954547999, "vehicle": 0.0134760032361235, "construction": 0.14351952814422869, "nature": 0.25202756786065111, "sky": 0.33231404397339942, "object": 0.0077197263374441001, "PI": 0.39376709523654002, "NI": 0.35714343758453143, "length": 3007.602101, "source": 287, "target": 259, "direction": "bi-directional", "flow": 59.0, "flow_pct": 0.043590368744966787, "flow_rank": 496 }, "geometry": { "type": "LineString", "coordinates": [ [ 114.004139451104024, 22.599570489719529 ], [ 114.003363815912607, 22.599517287535061 ], [ 114.002383466591127, 22.599419902483678 ], [ 114.00121253103849, 22.599237857597387 ], [ 114.000946669658106, 22.599164425486478 ], [ 114.000663291503756, 22.599055640467849 ], [ 114.000419662679448, 22.598927215475552 ], [ 114.000080669927399, 22.598713628471195 ], [ 113.99463859960683, 22.595210588023548 ], [ 113.994272856833177, 22.595027496107939 ], [ 113.993830615622485, 22.594881640419466 ], [ 113.993404979196043, 22.594808356596044 ], [ 113.992917488489923, 22.594791517263069 ], [ 113.992166628410388, 22.59482433806517 ], [ 113.990289303256105, 22.594980579762392 ], [ 113.989710990692359, 22.595012517017434 ], [ 113.988613711821159, 22.594975703157107 ], [ 113.987779647749491, 22.594980679149124 ], [ 113.987483762092864, 22.595006810578631 ], [ 113.987209047557627, 22.595051881618883 ], [ 113.985966097004649, 22.595325405828277 ], [ 113.985574247610515, 22.595358038279397 ], [ 113.985266250789891, 22.595337280933531 ], [ 113.98501247523285, 22.595296824010948 ], [ 113.984706883327448, 22.595220629653401 ], [ 113.984388596587976, 22.595114135324231 ], [ 113.984136960436899, 22.595000087781077 ], [ 113.983761374361364, 22.594763346548163 ], [ 113.982969781124183, 22.594103550152337 ], [ 113.982490747302506, 22.593762226597303 ], [ 113.982269082458259, 22.593633584875693 ], [ 113.981869741705836, 22.593436535890575 ], [ 113.981576587833757, 22.593315843954624 ], [ 113.9813089130691, 22.593224342399054 ], [ 113.980933625268179, 22.593128132907793 ], [ 113.980340859355636, 22.593012606764518 ], [ 113.979961579839568, 22.592948903123098 ], [ 113.979594458859026, 22.592906742910422 ], [ 113.978605500197574, 22.592873395101176 ], [ 113.977657281593281, 22.592873912892447 ], [ 113.977085276612883, 22.592889083367862 ] ] } },
{ "type": "Feature", "properties": { "arc": 1395, "wealthier": 0.58811856990415068, "beautiful": 0.49094280379691652, "livelier": 0.50924515550003857, "depressing": 0.51999446603196653, "safer": 0.497087836921213, "boring": 0.49587531364822829, "human": 0.0015141753858076, "vehicle": 0.0095436746589982, "construction": 0.046455189642778297, "nature": 0.41670839448541541, "sky": 0.36519651668738579, "object": 0.0015895412342758, "PI": 0.44335619084398914, "NI": 0.29275531277784844, "length": 4389.600422, "source": 615, "target": 612, "direction": "bi-directional", "flow": 20.0, "flow_pct": 0.014776396184734504, "flow_rank": 663 }, "geometry": { "type": "LineString", "coordinates": [ [ 114.170183407244295, 22.604306299387698 ], [ 114.170129003941099, 22.603908135103772 ], [ 114.170075084200818, 22.603631716465813 ], [ 114.16948298281973, 22.601020326825456 ], [ 114.169196140008609, 22.599871518038274 ], [ 114.16909701600666, 22.599615311975302 ], [ 114.169023178734093, 22.599521297440948 ], [ 114.168938154181021, 22.599451324950209 ], [ 114.168282385636431, 22.599082409329068 ], [ 114.168087660595447, 22.598951221948887 ], [ 114.167942067853218, 22.59882785999746 ], [ 114.167875373484264, 22.598746272463664 ], [ 114.167817121370732, 22.59864017461782 ], [ 114.16766078643299, 22.59819623330041 ], [ 114.167606184824848, 22.598119679428077 ], [ 114.167506821172424, 22.598041169748559 ], [ 114.167222929792018, 22.59792259808329 ], [ 114.166452561283492, 22.597685655859195 ], [ 114.16613050840779, 22.597610385361758 ], [ 114.165468104219556, 22.597498666508617 ], [ 114.165355668845905, 22.597449067038959 ], [ 114.165279898063147, 22.597380737134031 ], [ 114.165216351306995, 22.597246038816312 ], [ 114.165203180863585, 22.597072719200714 ], [ 114.165293581501203, 22.596254639600705 ], [ 114.165292565582419, 22.595653800018972 ], [ 114.165402286913974, 22.595099701924159 ], [ 114.165396891002416, 22.59496572336856 ], [ 114.16535496517595, 22.59484387296034 ], [ 114.165248716166602, 22.594703405061246 ], [ 114.164926095256959, 22.594423543596637 ], [ 114.164674216038833, 22.594113329808884 ], [ 114.164547386166532, 22.593988808167996 ], [ 114.16439231988295, 22.593889837302289 ], [ 114.164007834465522, 22.593745237607479 ], [ 114.163776948880127, 22.59361127404885 ], [ 114.163288761208847, 22.593204488648414 ], [ 114.162967086866828, 22.592909286997401 ], [ 114.162775014699434, 22.592707311962464 ], [ 114.162618433850724, 22.592478211587242 ], [ 114.162584744663718, 22.592379178768041 ], [ 114.162579611842006, 22.592295724877797 ], [ 114.162601647707987, 22.592219616285107 ], [ 114.162641367972569, 22.592160741349403 ], [ 114.162842973522174, 22.592010954311025 ], [ 114.162923055925205, 22.591916286295884 ], [ 114.162950560382797, 22.591794051688069 ], [ 114.162918014272933, 22.591680905057348 ], [ 114.162864461136152, 22.591606287284115 ], [ 114.162780123707435, 22.591533559550019 ], [ 114.162381176327159, 22.59134294715658 ], [ 114.162277716518503, 22.591269319580835 ], [ 114.162165565933819, 22.591163780810884 ], [ 114.161634407035521, 22.590517467185062 ], [ 114.161556920300157, 22.590380094809063 ], [ 114.161518676878075, 22.590251940086702 ], [ 114.161516460686599, 22.590100119074922 ], [ 114.161575517652579, 22.58993251274174 ], [ 114.16167812763463, 22.589798736518052 ], [ 114.161887625659645, 22.589605292776671 ], [ 114.162002485856306, 22.589477127357082 ], [ 114.162086850987947, 22.589354596180009 ], [ 114.162154444807129, 22.589215724749792 ], [ 114.162197378498064, 22.589064785178543 ], [ 114.16221186560594, 22.588916102530447 ], [ 114.162182704651926, 22.58848491405945 ], [ 114.162213729593915, 22.588367338099928 ], [ 114.16227687387439, 22.588281793568136 ], [ 114.162344348666466, 22.588233795347264 ], [ 114.162431267035018, 22.58819707611298 ], [ 114.163007266650112, 22.588055264769711 ], [ 114.163575463771849, 22.587836366559308 ], [ 114.163742523002426, 22.587802773913776 ], [ 114.164067431725385, 22.587772702414885 ], [ 114.164131203751452, 22.587742402458929 ], [ 114.164191192085738, 22.587682369644927 ], [ 114.164222502365376, 22.587613105847328 ], [ 114.164232540715616, 22.587513818265446 ], [ 114.164152388189365, 22.587142200170021 ], [ 114.164164978688987, 22.586959136607344 ], [ 114.164243277074888, 22.586751971060092 ], [ 114.164593326220825, 22.586074641528526 ], [ 114.164688444080042, 22.585777428556217 ], [ 114.164714250364113, 22.585521513809244 ], [ 114.164696814594308, 22.584973863905354 ], [ 114.164708405051755, 22.584698335512485 ], [ 114.164747947166347, 22.584501985929577 ], [ 114.164892232442355, 22.584060794047005 ], [ 114.164909332863189, 22.583880818115222 ], [ 114.164857353951106, 22.583615942142639 ], [ 114.164748360742109, 22.583229592460089 ], [ 114.164522724665318, 22.582748681216103 ], [ 114.164468615830998, 22.582588138969648 ], [ 114.164432707147313, 22.582351573100613 ], [ 114.164440402637013, 22.58198695722238 ], [ 114.164482366999749, 22.581501446272288 ], [ 114.164547966483809, 22.581282448962568 ], [ 114.164602482858371, 22.581197362478058 ], [ 114.164681218783215, 22.581115913701911 ], [ 114.164969860542953, 22.580914112685587 ], [ 114.165092945316232, 22.580799066135896 ], [ 114.165177327954581, 22.580654392780247 ], [ 114.165211220109796, 22.580499373406166 ], [ 114.16519250324032, 22.580218517103869 ], [ 114.165091951183044, 22.579739723196621 ], [ 114.165005102215943, 22.579467865307805 ], [ 114.164762249594204, 22.578864033481945 ], [ 114.164728076976118, 22.578740350416027 ], [ 114.164718188249751, 22.578642845499843 ], [ 114.164739994523742, 22.578519071213147 ], [ 114.164794842396603, 22.578408529871115 ], [ 114.165001452669586, 22.578148944497375 ], [ 114.165081425226575, 22.578025419548897 ], [ 114.165126623845055, 22.577898833554134 ], [ 114.165142319877063, 22.577786701291458 ], [ 114.165122421136118, 22.57746962792886 ], [ 114.165019675243784, 22.577018181800337 ], [ 114.164999510940461, 22.576864264801191 ], [ 114.165045882061776, 22.576367351193166 ], [ 114.165050000207529, 22.576153303447825 ], [ 114.16496774844056, 22.575333226725675 ], [ 114.16495561893818, 22.575082564354606 ], [ 114.164970441745751, 22.574939447052934 ], [ 114.165009909729321, 22.574798981088414 ], [ 114.16529041660938, 22.574271081895876 ], [ 114.165338140048377, 22.574126644161581 ], [ 114.165362275830489, 22.573978281804731 ], [ 114.165380665840644, 22.573755695716482 ], [ 114.165462131116186, 22.57111772650553 ] ] } },
{ "type": "Feature", "properties": { "arc": 1397, "wealthier": 0.82552135468311694, "beautiful": 0.65161788069231386, "livelier": 0.72552008954870928, "depressing": 0.2952098722254316, "safer": 0.72176536998415708, "boring": 0.29947680909877639, "human": 0.00026420202010710002, "vehicle": 0.0075661194630157998, "construction": 0.081945414420885904, "nature": 0.41242144168951561, "sky": 0.2959829281537959, "object": 0.0032336161686822998, "PI": 0.57862153111651449, "NI": 0.21835965872309293, "length": 3251.629115, "source": 605, "target": 598, "direction": "bi-directional", "flow": 60.0, "flow_pct": 0.044329188554203515, "flow_rank": 491 }, "geometry": { "type": "LineString", "coordinates": [ [ 114.16092441346612, 22.604507369079972 ], [ 114.160781013325732, 22.603623818215233 ], [ 114.160580633337787, 22.602550445960475 ], [ 114.160497424641491, 22.602225794574533 ], [ 114.160383451231326, 22.601961821261103 ], [ 114.160288563504551, 22.601807701932614 ], [ 114.160170661789223, 22.601655617587479 ], [ 114.159506103563544, 22.600933530531304 ], [ 114.15896232476625, 22.600310182640165 ], [ 114.15865785167577, 22.599895500121587 ], [ 114.15800521124811, 22.598945931174416 ], [ 114.157847582054046, 22.598746855098771 ], [ 114.157677816585775, 22.598562134610788 ], [ 114.156514805038753, 22.597468766153142 ], [ 114.156251456101657, 22.597269469011408 ], [ 114.155968480911838, 22.597113516774208 ], [ 114.155693242346516, 22.597010879925435 ], [ 114.155408046697417, 22.596952515552427 ], [ 114.153581554107063, 22.596749836141509 ], [ 114.153264754473383, 22.596697147781438 ], [ 114.153072449830603, 22.596630881191036 ], [ 114.152895203702883, 22.596530924841531 ], [ 114.152726764068476, 22.596392145265611 ], [ 114.152598590444086, 22.596241669176443 ], [ 114.152493153945485, 22.596061598517402 ], [ 114.152399247408823, 22.595815473214675 ], [ 114.15219793628772, 22.594948407972165 ], [ 114.152076897491426, 22.594351553873853 ], [ 114.152021116296808, 22.594178782380023 ], [ 114.151930296429512, 22.593983567262807 ], [ 114.151814293413565, 22.59380167173066 ], [ 114.151653012346941, 22.593620436497364 ], [ 114.151016754569625, 22.593089485272255 ], [ 114.150813370643988, 22.592897014843931 ], [ 114.150656717660468, 22.592686977329905 ], [ 114.150551430011035, 22.592462610444464 ], [ 114.150478416771207, 22.592213240021785 ], [ 114.15037939002373, 22.591773519271893 ], [ 114.150311280770026, 22.591248601890509 ], [ 114.15031489876263, 22.590947589852437 ], [ 114.150410680905935, 22.59016556835908 ], [ 114.150413445050091, 22.589883331254068 ], [ 114.15038553782594, 22.589722505715653 ], [ 114.150335714472931, 22.589575366830147 ], [ 114.150266436331194, 22.589450901211389 ], [ 114.150190634555372, 22.589361456463521 ], [ 114.150068562013232, 22.589264417460608 ], [ 114.149884052055114, 22.589166265363875 ], [ 114.148913852128786, 22.588788070242614 ], [ 114.147015764771993, 22.587912236214414 ], [ 114.146709811743165, 22.587747368537851 ], [ 114.146519041691391, 22.58760763693531 ], [ 114.146320161880851, 22.587399639895963 ], [ 114.146159923996279, 22.587150693314697 ], [ 114.146000791433991, 22.5868186710312 ], [ 114.145424265700669, 22.585425332730633 ], [ 114.145309179950999, 22.585241785639958 ], [ 114.145188736086169, 22.585150163335868 ], [ 114.145111537996314, 22.585125106799214 ], [ 114.144984277734196, 22.585114890873548 ], [ 114.144639652052618, 22.585161939694014 ], [ 114.142915621218279, 22.585540917830492 ], [ 114.142195915263599, 22.585747134685658 ] ] } },
{ "type": "Feature", "properties": { "arc": 1414, "wealthier": 0.44585628026400298, "beautiful": 0.4537581335485481, "livelier": 0.33173361636431281, "depressing": 0.74029974203581783, "safer": 0.3468118179696037, "boring": 0.34729306859279518, "human": 0.0019923701430811999, "vehicle": 0.0089663303259646995, "construction": 0.1129882696903113, "nature": 0.099357547182025302, "sky": 0.57067391366669618, "object": 0.0067676197398792003, "PI": 0.27775622585900678, "NI": 0.41593452292459454, "length": 267.4259237, "source": 608, "target": 605, "direction": "bi-directional", "flow": 61.0, "flow_pct": 0.045068008363440243, "flow_rank": 487 }, "geometry": { "type": "LineString", "coordinates": [ [ 114.162890052284894, 22.606086702414665 ], [ 114.162431477725434, 22.605671320189348 ], [ 114.16092441346612, 22.604507369079972 ] ] } },
{ "type": "Feature", "properties": { "arc": 1415, "wealthier": 0.50493026415097708, "beautiful": 0.4083464773080156, "livelier": 0.53477330669589485, "depressing": 0.58073394484200302, "safer": 0.4400429247299722, "boring": 0.38609722309610661, "human": 0.0021517589838817002, "vehicle": 0.015039386171283101, "construction": 0.1224586409751815, "nature": 0.16826138351902811, "sky": 0.47825713109488438, "object": 0.0036388936668934999, "PI": 0.35446811072655399, "NI": 0.35676214536017664, "length": 960.0670452000001, "source": 608, "target": 615, "direction": "bi-directional", "flow": 31.5, "flow_pct": 0.023272823990956846, "flow_rank": 610 }, "geometry": { "type": "LineString", "coordinates": [ [ 114.162890052284894, 22.606086702414665 ], [ 114.163161761203625, 22.605719791658487 ], [ 114.163391161655284, 22.605502700737873 ], [ 114.163596726416884, 22.605337682821133 ], [ 114.163719945435162, 22.60526378288699 ], [ 114.163847862884325, 22.60521532983255 ], [ 114.164012012038981, 22.605186893953856 ], [ 114.164176012711721, 22.605178644264893 ], [ 114.164787082773131, 22.605187879018029 ], [ 114.165276149315659, 22.605246577301116 ], [ 114.16571037167607, 22.605337970636619 ], [ 114.166716795905472, 22.605597356248413 ], [ 114.168429014859058, 22.605886146113988 ], [ 114.168789324446138, 22.605930655880822 ], [ 114.169060174875355, 22.605944532508452 ], [ 114.169309217611541, 22.605939185467346 ], [ 114.169501315009654, 22.605910217600648 ], [ 114.1697944256575, 22.605815012032522 ], [ 114.170075632382023, 22.605687240803693 ], [ 114.170225231888907, 22.605586771911977 ], [ 114.170308179924731, 22.605478243050566 ], [ 114.170341967389959, 22.605337876704333 ], [ 114.170335821239874, 22.605180677029626 ], [ 114.170183407244295, 22.604306299387698 ] ] } },
{ "type": "Feature", "properties": { "arc": 1448, "wealthier": 0.55515987640754993, "beautiful": 0.4937226158005153, "livelier": 0.60402212443363856, "depressing": 0.50398903356239888, "safer": 0.49261440574074788, "boring": 0.36813843811560221, "human": 0.0010817224495255, "vehicle": 0.021026779408655799, "construction": 0.097187868023283996, "nature": 0.39171269296229572, "sky": 0.26056534485798688, "object": 0.0030600083742105002, "PI": 0.44409236123876189, "NI": 0.27234969681227733, "length": 2169.588731, "source": 608, "target": 615, "direction": "bi-directional", "flow": 31.5, "flow_pct": 0.023272823990956846, "flow_rank": 610 }, "geometry": { "type": "LineString", "coordinates": [ [ 114.162890052284894, 22.606086702414665 ], [ 114.163698694114743, 22.606482469662481 ], [ 114.163853846449115, 22.60657265440582 ], [ 114.164080367060038, 22.606759109676794 ], [ 114.164562900466279, 22.607231326719749 ], [ 114.164802816109656, 22.607390519998305 ], [ 114.165014934347298, 22.607473388240628 ], [ 114.165267700526528, 22.607535064793122 ], [ 114.165454180339296, 22.607562545143793 ], [ 114.165730827384991, 22.607576571452661 ], [ 114.165911889272095, 22.607610477451484 ], [ 114.1661254572182, 22.607696921045825 ], [ 114.166407466498782, 22.607861931372405 ], [ 114.166582382480271, 22.608017949698063 ], [ 114.166686711628273, 22.608188174504864 ], [ 114.166745366026618, 22.608388888146195 ], [ 114.166795425617963, 22.60879367595269 ], [ 114.166830805837549, 22.608893989404734 ], [ 114.16687549784254, 22.608966826997641 ], [ 114.16695428366171, 22.60904220141013 ], [ 114.167064346900403, 22.609094851074769 ], [ 114.167205951042178, 22.609113921631028 ], [ 114.167325940439298, 22.609104330264344 ], [ 114.167613483846949, 22.609023306388412 ], [ 114.168049522084416, 22.608766454926545 ], [ 114.168422505960933, 22.608633271373233 ], [ 114.16855548186868, 22.608568560503816 ], [ 114.168701584735444, 22.608447478747578 ], [ 114.168944081238905, 22.608149351767988 ], [ 114.169087957209726, 22.608004136990324 ], [ 114.169313226254133, 22.607844254794628 ], [ 114.169619668744247, 22.607679646855562 ], [ 114.170027501320178, 22.607488628592503 ], [ 114.170386540525655, 22.607340398730052 ], [ 114.171716229442367, 22.606936678083503 ], [ 114.171992382593317, 22.606838638987977 ], [ 114.172441683780178, 22.606630498418976 ], [ 114.172895875753611, 22.606372565585556 ], [ 114.173308154387655, 22.606078454692064 ], [ 114.174061267289019, 22.605597704558175 ], [ 114.174295427905122, 22.60539533147351 ], [ 114.174392105727208, 22.605272840056287 ], [ 114.174518717382668, 22.605072187011203 ], [ 114.174748296516412, 22.604638472886322 ], [ 114.174847689715847, 22.604375342440861 ], [ 114.174878225643681, 22.604151666302503 ], [ 114.174865525885892, 22.604044583802473 ], [ 114.17476926315075, 22.603631876513475 ], [ 114.174722830343043, 22.603522914582186 ], [ 114.174666502505858, 22.603462558688037 ], [ 114.174575641100787, 22.603412565206522 ], [ 114.174483231953104, 22.603390208048417 ], [ 114.174358426444968, 22.603384667741548 ], [ 114.174166422062441, 22.603414536819823 ], [ 114.173969790147254, 22.6034801895077 ], [ 114.173031093103305, 22.603924456749379 ], [ 114.17194809167313, 22.604372116761606 ], [ 114.171705398778187, 22.604448854645707 ], [ 114.171410749806952, 22.604479896403184 ], [ 114.171058537428976, 22.604469099544215 ], [ 114.170612951394133, 22.604409925073632 ], [ 114.170183407244295, 22.604306299387698 ] ] } },
{ "type": "Feature", "properties": { "arc": 1450, "wealthier": 0.49797578252885372, "beautiful": 0.4824040182888788, "livelier": 0.39995560491613108, "depressing": 0.52320315317469368, "safer": 0.4556187645050867, "boring": 0.59705865687617665, "human": 0.0013407897949218, "vehicle": 0.0110928344726562, "construction": 0.093640797932942693, "nature": 0.24260248819986971, "sky": 0.42552767435709632, "object": 0.0076791381835937004, "PI": 0.35184424803946301, "NI": 0.38123145762699046, "length": 565.2146645, "source": 604, "target": 605, "direction": "bi-directional", "flow": 31.0, "flow_pct": 0.022903414086338482, "flow_rank": 612 }, "geometry": { "type": "LineString", "coordinates": [ [ 114.158773829663204, 22.609106255133174 ], [ 114.158827843552302, 22.608819842780004 ], [ 114.158861210984966, 22.608540881281364 ], [ 114.158934390147792, 22.608363362217613 ], [ 114.159092200308422, 22.608154084401114 ], [ 114.159519433866748, 22.607686066413319 ], [ 114.159902489228372, 22.607232519506507 ], [ 114.160032986410727, 22.607053392350547 ], [ 114.160118456142712, 22.606894789527455 ], [ 114.160217539584806, 22.606634604024045 ], [ 114.160520356639751, 22.605587972287815 ], [ 114.16092441346612, 22.604507369079972 ] ] } },
{ "type": "Feature", "properties": { "arc": 1484, "wealthier": 0.55850269434940969, "beautiful": 0.49527179354026313, "livelier": 0.49006624130368998, "depressing": 0.54714789669696262, "safer": 0.50300295715952248, "boring": 0.41212252850918668, "human": 6.5407929597077557e-05, "vehicle": 0.0053282066627784999, "construction": 0.0220653604578088, "nature": 0.37636240499990947, "sky": 0.38142573745162389, "object": 0.0022032702410662002, "PI": 0.4078790748625713, "NI": 0.28019213899732526, "length": 2183.576018, "source": 124, "target": 101, "direction": "bi-directional", "flow": 8.0, "flow_pct": 0.0059105584738938016, "flow_rank": 731 }, "geometry": { "type": "LineString", "coordinates": [ [ 113.931394683875169, 22.607236788909844 ], [ 113.930475482878194, 22.606496236536699 ], [ 113.930095258638858, 22.606151421825732 ], [ 113.929886784911986, 22.605941363204593 ], [ 113.92961594812715, 22.605637069157009 ], [ 113.929420027119193, 22.605381682261548 ], [ 113.929097963861039, 22.604874353733553 ], [ 113.928950549753068, 22.604594098414118 ], [ 113.928724846015939, 22.604033126815981 ], [ 113.9285566846048, 22.603437864551388 ], [ 113.928418986368072, 22.602713568684539 ], [ 113.928171579144518, 22.601156997798572 ], [ 113.92799898557432, 22.600422467192857 ], [ 113.92781008167178, 22.599853061361127 ], [ 113.927349926781943, 22.598788412264703 ], [ 113.927225643043343, 22.598364112616785 ], [ 113.92717620607408, 22.597996049759427 ], [ 113.927175912646177, 22.597652937584172 ], [ 113.927207933347404, 22.597401613380782 ], [ 113.927287561879965, 22.597098544442932 ], [ 113.927489510241884, 22.596617095569361 ], [ 113.928334442638572, 22.594950316570223 ], [ 113.928431177194142, 22.594712243711584 ], [ 113.928504173305939, 22.594450320786866 ], [ 113.928548914836483, 22.594163413356778 ], [ 113.92856106445771, 22.593787739959108 ], [ 113.928509396610195, 22.593418485528723 ], [ 113.928423683805676, 22.593100168480596 ], [ 113.92830698058151, 22.592815393124265 ], [ 113.928188212916083, 22.59259220254166 ], [ 113.928037343164476, 22.592394776026012 ], [ 113.927824265841721, 22.592168744240539 ], [ 113.927569794811319, 22.591948518660296 ], [ 113.927287840808305, 22.59173250184357 ], [ 113.926587059957484, 22.591281532081197 ], [ 113.926239607020875, 22.590973778822434 ], [ 113.925626519264796, 22.590372982773559 ], [ 113.925456013855452, 22.590239937563016 ], [ 113.925287479703158, 22.59014568615612 ] ] } },
{ "type": "Feature", "properties": { "arc": 1485, "wealthier": 0.52528597553370249, "beautiful": 0.44831190169409302, "livelier": 0.402063470930278, "depressing": 0.64450480211343408, "safer": 0.41479250458623701, "boring": 0.53844033392609214, "human": 0.00025013207042279999, "vehicle": 0.0133515697414592, "construction": 0.058094412593518198, "nature": 0.15403580530888619, "sky": 0.51995516631562799, "object": 0.0024998443948346999, "PI": 0.30767446936084364, "NI": 0.37761592783082504, "length": 1540.910918, "source": 124, "target": 174, "direction": "bi-directional", "flow": 88.0, "flow_pct": 0.065016143212831834, "flow_rank": 406 }, "geometry": { "type": "LineString", "coordinates": [ [ 113.931394683875169, 22.607236788909844 ], [ 113.931998521488609, 22.606728127744812 ], [ 113.932152531193793, 22.606563958464427 ], [ 113.932279781617027, 22.606390601384707 ], [ 113.932490213739086, 22.60598216904539 ], [ 113.932869548661031, 22.604961055945441 ], [ 113.933074966199513, 22.604525602813574 ], [ 113.933282320535966, 22.604167703009345 ], [ 113.933463941411731, 22.603893050604139 ], [ 113.933686960321864, 22.603598648539869 ], [ 113.933889141217009, 22.603367580702681 ], [ 113.934167642436719, 22.603089045889217 ], [ 113.936480774005418, 22.600909791158831 ], [ 113.9386182034157, 22.598989758079931 ], [ 113.938907991558963, 22.598752151565037 ], [ 113.939563272857598, 22.598278059739105 ], [ 113.941192827876449, 22.596963708577679 ] ] } },
{ "type": "Feature", "properties": { "arc": 1578, "wealthier": 0.65702920663796061, "beautiful": 0.53119062545876317, "livelier": 0.65336235391556907, "depressing": 0.46878851283424411, "safer": 0.5503668050927909, "boring": 0.25049537852492582, "human": 0.00072689424204760002, "vehicle": 0.012431168359173199, "construction": 0.019551595052083301, "nature": 0.46565917569415288, "sky": 0.27344130944286171, "object": 0.0027657185704254, "PI": 0.50241588952143645, "NI": 0.21560275486016031, "length": 3380.161801, "source": 248, "target": 222, "direction": "bi-directional", "flow": 155.0, "flow_pct": 0.1145170704316924, "flow_rank": 282 }, "geometry": { "type": "LineString", "coordinates": [ [ 113.969121874477608, 22.619835915609563 ], [ 113.968380607189602, 22.617864419283087 ], [ 113.967928799889137, 22.616777231306319 ], [ 113.967827537593564, 22.616502502799289 ], [ 113.967736730547415, 22.616152725576391 ], [ 113.96704949948392, 22.613133827265273 ], [ 113.966951377248805, 22.612805230774018 ], [ 113.966782650262687, 22.612358954317358 ], [ 113.966609965548045, 22.612022097896688 ], [ 113.966352244377532, 22.611666022318857 ], [ 113.966261391827928, 22.611518230190768 ], [ 113.966152451997701, 22.611285751907602 ], [ 113.965752313185959, 22.61031529390031 ], [ 113.965603903744253, 22.610052372662743 ], [ 113.9652547086053, 22.609503626944846 ], [ 113.965152442778503, 22.609315291585478 ], [ 113.965061882742006, 22.609050463426851 ], [ 113.96494178245436, 22.608397054902092 ], [ 113.96487196124103, 22.608202525854971 ], [ 113.96477416198006, 22.60800574663299 ], [ 113.96457242109166, 22.607695420039949 ], [ 113.964199528844588, 22.607199080271283 ], [ 113.964051581522753, 22.607038638095368 ], [ 113.963689952281896, 22.606701877646106 ], [ 113.963554157548216, 22.606545665834219 ], [ 113.963439136237014, 22.606370240214883 ], [ 113.963376020527207, 22.606206941502574 ], [ 113.963355069504132, 22.606082977015177 ], [ 113.963356266697375, 22.605924991890163 ], [ 113.963448546255592, 22.605197475329952 ], [ 113.963725148285548, 22.603679550070826 ], [ 113.963802504625676, 22.603347549466861 ], [ 113.963889846358384, 22.603132282307087 ], [ 113.964021618348468, 22.602933884677096 ], [ 113.964142242808194, 22.602803566947994 ], [ 113.964460642606511, 22.602514124993483 ], [ 113.964544297650107, 22.602417525434685 ], [ 113.964623084602323, 22.602279704017992 ], [ 113.964663135200951, 22.602139308132383 ], [ 113.964671695566608, 22.602010450198328 ], [ 113.964659351152136, 22.601829487071544 ], [ 113.964421897939175, 22.599998865820808 ], [ 113.964413984674437, 22.599581558111186 ], [ 113.964447824770403, 22.599007786662554 ], [ 113.964426636806067, 22.598844094438522 ], [ 113.964371238492944, 22.598706873552931 ], [ 113.964290972594597, 22.598599514638973 ], [ 113.964183380385734, 22.598517028883037 ], [ 113.964038820699258, 22.598457959867478 ], [ 113.96387710873978, 22.598427579319274 ], [ 113.962495863520161, 22.598397198669421 ], [ 113.962222072344701, 22.598399441063531 ], [ 113.96200152557482, 22.598417856749482 ], [ 113.961771071887625, 22.598473532507672 ], [ 113.961527653196356, 22.598580481722784 ], [ 113.960316815172064, 22.599289796796199 ], [ 113.960180326718998, 22.599332498688014 ], [ 113.960061869469826, 22.599324705525213 ], [ 113.95995049839685, 22.599260308196961 ], [ 113.959845952873067, 22.599136011591369 ], [ 113.958814833810308, 22.597445377421444 ], [ 113.958458450043949, 22.596915894999491 ], [ 113.95804311106248, 22.596339876626018 ] ] } },
{ "type": "Feature", "properties": { "arc": 1652, "wealthier": 0.5687489306422534, "beautiful": 0.47497761833055507, "livelier": 0.70860442089053122, "depressing": 0.51951538250274565, "safer": 0.50410457333724001, "boring": 0.21302377979309109, "human": 0.0061727744945581, "vehicle": 0.0259157401928003, "construction": 0.1382495216701341, "nature": 0.29174847533737408, "sky": 0.29697492848271911, "object": 0.0026780695155045999, "PI": 0.50461155757141074, "NI": 0.27249127462095929, "length": 1336.694697, "source": 257, "target": 248, "direction": "bi-directional", "flow": 35.0, "flow_pct": 0.025858693323285383, "flow_rank": 590 }, "geometry": { "type": "LineString", "coordinates": [ [ 113.976044080475702, 22.626626514386345 ], [ 113.976317843353314, 22.626628504241491 ], [ 113.976511186495713, 22.626589455140891 ], [ 113.976679990604396, 22.626509316555584 ], [ 113.976834175427669, 22.626364171965665 ], [ 113.976908104454282, 22.626247767249659 ], [ 113.976972856338307, 22.626097599095502 ], [ 113.977011103848014, 22.625956568264765 ], [ 113.977040770266981, 22.625753312466941 ], [ 113.977130193871318, 22.624791668397592 ], [ 113.977100820444448, 22.62462358086108 ], [ 113.977026028399948, 22.624521901703353 ], [ 113.976898656312301, 22.62445578226416 ], [ 113.976736692248565, 22.624427126818407 ], [ 113.973916117622124, 22.624250904555669 ], [ 113.97357158303663, 22.624172384488002 ], [ 113.973269942142309, 22.624031760062586 ], [ 113.972974106240528, 22.623824655794063 ], [ 113.970784122951372, 22.62210537026775 ], [ 113.970335632029446, 22.621746635970609 ], [ 113.970130381086108, 22.621562712616509 ], [ 113.969938975440073, 22.621340793865571 ], [ 113.969776198855939, 22.621084311154391 ], [ 113.969121874477608, 22.619835915609563 ] ] } },
{ "type": "Feature", "properties": { "arc": 1679, "wealthier": 0.5416075841819169, "beautiful": 0.43029339419421841, "livelier": 0.4608564341989958, "depressing": 0.63233965584322271, "safer": 0.40911442958105371, "boring": 0.49917657940675408, "human": 0.00052598975170609996, "vehicle": 0.026249735748174002, "construction": 0.051718393961588498, "nature": 0.19199950850329631, "sky": 0.46044846604153561, "object": 0.0035810141727842001, "PI": 0.33062459076335193, "NI": 0.36608100856593667, "length": 2417.059398, "source": 138, "target": 124, "direction": "bi-directional", "flow": 96.0, "flow_pct": 0.070926701686725629, "flow_rank": 389 }, "geometry": { "type": "LineString", "coordinates": [ [ 113.934073156595034, 22.628176503700335 ], [ 113.934165957976901, 22.627735822996591 ], [ 113.934226083083743, 22.627327985159059 ], [ 113.934811264793382, 22.622944132064195 ], [ 113.9348494459515, 22.622421726255453 ], [ 113.934843959514211, 22.621591624387168 ], [ 113.934501772898017, 22.614531983175759 ], [ 113.934473005450258, 22.614048864606072 ], [ 113.934413428832585, 22.613474464218477 ], [ 113.93431185042607, 22.612803985405609 ], [ 113.934204301347989, 22.612257649141181 ], [ 113.934085838995827, 22.611768893330854 ], [ 113.933892295943124, 22.611100899202494 ], [ 113.93377143814169, 22.610726751736042 ], [ 113.933533214137611, 22.610075064639805 ], [ 113.933108135390555, 22.609128070442399 ], [ 113.93269747374255, 22.608328049052982 ], [ 113.9325816039523, 22.608136913864175 ], [ 113.932473616796599, 22.607997372391434 ], [ 113.932314926748759, 22.607857537145939 ], [ 113.931913846568392, 22.607563910392933 ], [ 113.931394683875169, 22.607236788909844 ] ] } },
{ "type": "Feature", "properties": { "arc": 1722, "wealthier": 0.58149016886846905, "beautiful": 0.45823918011599868, "livelier": 0.79290246553410126, "depressing": 0.48548414067536572, "safer": 0.55345541867192893, "boring": 0.15792625499542301, "human": 0.0059386624230278002, "vehicle": 0.038416094250149198, "construction": 0.14284192191229919, "nature": 0.27143502235412598, "sky": 0.30431948767768008, "object": 0.0018924077351888001, "PI": 0.52059250613073649, "NI": 0.26451867987605499, "length": 2443.7556, "source": 221, "target": 257, "direction": "bi-directional", "flow": 0.0, "flow_pct": 0.0, "flow_rank": 766 }, "geometry": { "type": "LineString", "coordinates": [ [ 113.957180216942263, 22.631120849554282 ], [ 113.958296389860038, 22.631652799259697 ], [ 113.95895163174896, 22.631997107533266 ], [ 113.959750844877234, 22.632382716449982 ], [ 113.96014911916366, 22.632538215009493 ], [ 113.960467168140198, 22.632634287237487 ], [ 113.960961998621286, 22.632717862949036 ], [ 113.961305075196691, 22.632729377535906 ], [ 113.962777785076597, 22.632519631882086 ], [ 113.963040613276618, 22.632506054200817 ], [ 113.963251360774038, 22.632521159280689 ], [ 113.96350065415335, 22.632574397575876 ], [ 113.963696540421523, 22.632655187490993 ], [ 113.964662476935004, 22.633296002859311 ], [ 113.964876580253701, 22.633406199127482 ], [ 113.965095172984519, 22.633484576449248 ], [ 113.965364636633041, 22.633531362015457 ], [ 113.965954024309369, 22.633538886078071 ], [ 113.966233001812427, 22.633519492079365 ], [ 113.966506679008475, 22.633452383335008 ], [ 113.966728169531905, 22.633348826639136 ], [ 113.966929848805506, 22.63320711614255 ], [ 113.96710498831915, 22.633023348830044 ], [ 113.96724277079079, 22.632810830510138 ], [ 113.96731067825074, 22.632654173187415 ], [ 113.967356792870149, 22.632499822836614 ], [ 113.967479448897805, 22.631733861076505 ], [ 113.967554726722199, 22.631446069130124 ], [ 113.96770554727415, 22.631091739827042 ], [ 113.967924460832691, 22.630766672403162 ], [ 113.968153313050067, 22.630514405409521 ], [ 113.968362962280835, 22.630342451141043 ], [ 113.968717285341157, 22.630116336576815 ], [ 113.969738177759666, 22.629525626975433 ], [ 113.969981142196119, 22.629348112655066 ], [ 113.970195973977852, 22.629151391136926 ], [ 113.970495819088455, 22.628805476973771 ], [ 113.970883068100918, 22.628244851837486 ], [ 113.971055859967208, 22.627968600024889 ], [ 113.971350192953963, 22.627403515879724 ], [ 113.97146515428993, 22.627220547736897 ], [ 113.971678163147175, 22.626975440124234 ], [ 113.971888463401953, 22.626801800647591 ], [ 113.972209034659031, 22.626624132812548 ], [ 113.972371989034755, 22.626561784289578 ], [ 113.972558305832337, 22.626511395463147 ], [ 113.972843731214596, 22.626477183773574 ], [ 113.973588652966413, 22.626473532828975 ], [ 113.973883718324899, 22.626449699842361 ], [ 113.974150645034001, 22.626391977792341 ], [ 113.974765980176812, 22.626206233547311 ], [ 113.974965952966599, 22.626168113371747 ], [ 113.975139109246413, 22.626169639306173 ], [ 113.975311611860121, 22.626215551224504 ], [ 113.975450827430322, 22.626291384896934 ], [ 113.975802628442892, 22.626547008764629 ], [ 113.97591591468192, 22.626597372555771 ], [ 113.976044080475702, 22.626626514386345 ] ] } },
{ "type": "Feature", "properties": { "arc": 1779, "wealthier": 0.41372041730627818, "beautiful": 0.35615812578535799, "livelier": 0.45967615310991572, "depressing": 0.75753873335136823, "safer": 0.33415781662297162, "boring": 0.4377946162458432, "human": 0.0018932458126182999, "vehicle": 0.011954509850704301, "construction": 0.16262100682114111, "nature": 0.080613511981386096, "sky": 0.46675543351606891, "object": 0.0037794402151395999, "PI": 0.27076990871735568, "NI": 0.40639557914243157, "length": 3163.30461, "source": 138, "target": 221, "direction": "bi-directional", "flow": 0.0, "flow_pct": 0.0, "flow_rank": 766 }, "geometry": { "type": "LineString", "coordinates": [ [ 113.934073156595034, 22.628176503700335 ], [ 113.934610289737989, 22.628613630155005 ], [ 113.934792192340865, 22.628741313762902 ], [ 113.93780908250605, 22.630538311987408 ], [ 113.938127738019972, 22.630747323241629 ], [ 113.938412200342498, 22.630970394777489 ], [ 113.938676276583166, 22.631237242463005 ], [ 113.939162335970451, 22.631806490127037 ], [ 113.939427585216492, 22.632088981385365 ], [ 113.939867188346966, 22.632496717382995 ], [ 113.940606639368511, 22.633126490593963 ], [ 113.940782553598439, 22.633297466477217 ], [ 113.940920933328655, 22.633461857020347 ], [ 113.941107282715649, 22.63372773011691 ], [ 113.941242043061294, 22.633969012939588 ], [ 113.941889257159545, 22.635347599830872 ], [ 113.94203233436302, 22.635624175884189 ], [ 113.942269781629236, 22.635980189532006 ], [ 113.942534407389402, 22.636283567824371 ], [ 113.942902124872759, 22.636592908828955 ], [ 113.943131833446429, 22.636750596312229 ], [ 113.943338734421843, 22.636869444632882 ], [ 113.944714515604872, 22.637500107138965 ], [ 113.944886340436625, 22.637561769496042 ], [ 113.945002996653315, 22.637578291385548 ], [ 113.945129845901675, 22.637555765163807 ], [ 113.94529748193132, 22.637473998094741 ], [ 113.945628374470147, 22.637250418879102 ], [ 113.946055555804563, 22.636903300844711 ], [ 113.94615471960698, 22.63685129008973 ], [ 113.946274686759949, 22.636819429369783 ], [ 113.946427494531591, 22.636817032037513 ], [ 113.946604727335, 22.636853693733027 ], [ 113.947294537315273, 22.63710927376107 ], [ 113.947510810096546, 22.637174649302732 ], [ 113.94765889161836, 22.637190219184372 ], [ 113.947760747150213, 22.637171195014727 ], [ 113.947823265799073, 22.637141593026495 ], [ 113.947908447797474, 22.637075496394466 ], [ 113.948024450168461, 22.636944844571719 ], [ 113.948588830525466, 22.636171134433681 ], [ 113.948774201993629, 22.635941606087208 ], [ 113.949673075960646, 22.635098284574212 ], [ 113.949817169351505, 22.63494592530062 ], [ 113.951347104091994, 22.63299151805646 ], [ 113.951460717055724, 22.63286134076791 ], [ 113.951552106096727, 22.632782171432144 ], [ 113.951665764313802, 22.632725456381841 ], [ 113.951837365118763, 22.632706030818404 ], [ 113.952050014841404, 22.632731165673217 ], [ 113.952986735874376, 22.632908605359276 ], [ 113.953178448666222, 22.632907972102508 ], [ 113.953400115214137, 22.632850698408038 ], [ 113.953568739047157, 22.632775291318421 ], [ 113.953717130676765, 22.632683368250049 ], [ 113.955716631206457, 22.631274160686843 ], [ 113.956002297526467, 22.631123775648415 ], [ 113.956292560076918, 22.631038403326798 ], [ 113.95650098368229, 22.631012507389055 ], [ 113.956751469330726, 22.631017981126288 ], [ 113.956967834283361, 22.631053692278826 ], [ 113.957180216942263, 22.631120849554282 ] ] } },
{ "type": "Feature", "properties": { "arc": 4114, "wealthier": 0.54157958357656588, "beautiful": 0.4707120483636017, "livelier": 0.41793551055906258, "depressing": 0.47883882458465121, "safer": 0.4910452417540106, "boring": 0.61089276296870854, "human": 0.0001020720510771, "vehicle": 0.0056781190814393003, "construction": 0.028859282984877999, "nature": 0.2256360198512222, "sky": 0.477331999576453, "object": 0.0023417906327680999, "PI": 0.34697459272456105, "NI": 0.33245013472624113, "length": 570.1151462, "source": 270, "target": 264, "direction": "bi-directional", "flow": 38.0, "flow_pct": 0.028075152750995563, "flow_rank": 576 }, "geometry": { "type": "LineString", "coordinates": [ [ 113.983295655281282, 22.588051648825804 ], [ 113.983163649943663, 22.588001384134781 ], [ 113.98106044704636, 22.587200531338254 ], [ 113.980858807898286, 22.587147870358159 ], [ 113.980600222593537, 22.58712658113717 ], [ 113.977940960750388, 22.587133952375321 ] ] } },
{ "type": "Feature", "properties": { "arc": 4117, "wealthier": 0.64255312601540193, "beautiful": 0.60611050239161302, "livelier": 0.44559374436367938, "depressing": 0.38640131445144033, "safer": 0.58842327815806594, "boring": 0.55419195919426389, "human": 0.000269941581312, "vehicle": 0.0033662189808926, "construction": 0.024602254231770801, "nature": 0.22822933049165001, "sky": 0.49169763668563032, "object": 0.0027990415114765, "PI": 0.41472350566947064, "NI": 0.30935789743078451, "length": 1132.012846, "source": 275, "target": 260, "direction": "bi-directional", "flow": 68.0, "flow_pct": 0.050239747028097317, "flow_rank": 461 }, "geometry": { "type": "LineString", "coordinates": [ [ 113.988525034376835, 22.530204805890669 ], [ 113.983629516744017, 22.529304857934754 ], [ 113.982079599845719, 22.529056981352561 ], [ 113.978865838398832, 22.528473863329296 ], [ 113.977714427202415, 22.528302077332459 ] ] } }
]
}
