{"type": "FeatureCollection", "name": "edges_final", "crs": {"type": "name", "properties": {"name": "urn:ogc:def:crs:OGC:1.3:CRS84"}}, "features": [{"type": "Feature", "properties": {"arc": 1, "wealthier": 0.3287289318237852, "beautiful": 0.28433337143739, "livelier": 0.3658011503785131, "depressing": 0.6753417906651973, "safer": 0.3067618327644631, "boring": 0.6823216970913514, "human": 9.284622367771192e-05, "vehicle": 0.0064781013576463, "construction": 0.0632709853950588, "nature": 0.1369132118663568, "sky": 0.5290822215463924, "object": 0.0062627463505185, "PI": 0.2109300451868724, "NI": 0.4305667757719141, "length": 733.4674035, "source": 20, "target": 28, "direction": "bi-directional"}, "geometry": {"type": "LineString", "coordinates": [[113.89095769098914, 22.468659458611555], [113.89328680009338, 22.469099514367517], [113.89413137494056, 22.469272361289185], [113.89458794357729, 22.469422216023236], [113.89497685431208, 22.4695916595173], [113.89534163318055, 22.469775590435624], [113.89565197230144, 22.469976079473717], [113.89595402361704, 22.470199998757348], [113.89620812424782, 22.470423285312236], [113.89648015658578, 22.47070006499577], [113.8967174191319, 22.470986602414232], [113.89708593139811, 22.47148421987348]]}}, {"type": "Feature", "properties": {"arc": 2, "wealthier": 0.7423612185341271, "beautiful": 0.632841423218609, "livelier": 0.665985745454003, "depressing": 0.329325822580378, "safer": 0.6677574790365884, "boring": 0.3541229483629584, "human": 0.00034201586688, "vehicle": 0.0074463950263129, "construction": 0.0580311174745913, "nature": 0.464234917252152, "sky": 0.2336329707392939, "object": 0.0030632019042968, "PI": 0.5536866510835181, "NI": 0.20811391293374704, "length": 608.7224454, "source": 16, "target": 20, "direction": "bi-directional"}, "geometry": {"type": "LineString", "coordinates": [[113.88768195367128, 22.471636429013984], [113.88772375477036, 22.47144231365941], [113.8877396709778, 22.47129207662669], [113.8877251891941, 22.47073323064649], [113.88776100284814, 22.47056501890978], [113.88783971710052, 22.47035512811233], [113.88849882940332, 22.468868378259046], [113.88860819254408, 22.468653939480227], [113.88869764889745, 22.468530990369167], [113.88881986982535, 22.468413442017084], [113.88894360805207, 22.468348558976356], [113.88909069896341, 22.468326254941392], [113.88933981687373, 22.46835378172608], [113.89095769098914, 22.468659458611555]]}}, {"type": "Feature", "properties": {"arc": 4, "wealthier": 0.3670135647437246, "beautiful": 0.3659330229251848, "livelier": 0.3711936679006967, "depressing": 0.6066058021695332, "safer": 0.3358792743072016, "boring": 0.6340068504665831, "human": 0.0005067804808257, "vehicle": 0.0153770856959845, "construction": 0.0701128436673072, "nature": 0.2051832137569304, "sky": 0.4564410178892074, "object": 0.0091465365502142, "PI": 0.261188146742096, "NI": 0.4158609568116202, "length": 874.5590078, "source": 35, "target": 28, "direction": "bi-directional"}, "geometry": {"type": "LineString", "coordinates": [[113.90297314676623, 22.476911891296808], [113.90031151934079, 22.475027436277024], [113.89985392282611, 22.47468413182462], [113.8995946302906, 22.47445847594506], [113.89939178242889, 22.474226270978882], [113.89925985151847, 22.47399880991556], [113.89915057535218, 22.473710952777743], [113.8989800869332, 22.473146179606225], [113.89889719120634, 22.472952783065853], [113.8987805315658, 22.472778192902307], [113.89858156229764, 22.4725795814151], [113.89836257138607, 22.47242451517589], [113.89819465890037, 22.472351317864014], [113.89810069475294, 22.47228843461065], [113.89781698243209, 22.472100321006614], [113.89708593139811, 22.47148421987348]]}}, {"type": "Feature", "properties": {"arc": 5, "wealthier": 0.3141138480443409, "beautiful": 0.2537201190451, "livelier": 0.3424598383259262, "depressing": 0.7476466002894102, "safer": 0.250109601686621, "boring": 0.6920988664188187, "human": 0.000394480569022, "vehicle": 0.0080760547092982, "construction": 0.1172787802559988, "nature": 0.1433814139593215, "sky": 0.5121785118466332, "object": 0.0036815688723609, "PI": 0.19380374335230044, "NI": 0.4437013585161273, "length": 711.4245718, "source": 32, "target": 28, "direction": "bi-directional"}, "geometry": {"type": "LineString", "coordinates": [[113.90048811876986, 22.476938497157935], [113.9002158952503, 22.476753234151072], [113.89990716823861, 22.476456141189512], [113.89864819992077, 22.475048584555363], [113.89838587808386, 22.474715786815615], [113.89817787168309, 22.474352276912764], [113.89797970251811, 22.473907397617793], [113.89764490578433, 22.472954361421742], [113.89708593139811, 22.47148421987348]]}}, {"type": "Feature", "properties": {"arc": 6, "wealthier": 0.696569174944243, "beautiful": 0.6657575735294361, "livelier": 0.4871829307412658, "depressing": 0.3315535647321082, "safer": 0.6352316059519841, "boring": 0.5007044550077862, "human": 0.0001675641095196, "vehicle": 0.0064815238670066, "construction": 0.0466129161693431, "nature": 0.3036169829191985, "sky": 0.4227917635882343, "object": 0.0045840651900679, "PI": 0.46899188685069104, "NI": 0.29127430981915015, "length": 677.6587497, "source": 19, "target": 16, "direction": "bi-directional"}, "geometry": {"type": "LineString", "coordinates": [[113.88964699243562, 22.47686047200317], [113.88929251936453, 22.476240516904888], [113.88839115692791, 22.474871993113688], [113.88827609714266, 22.474658448819053], [113.88825591924568, 22.474515493295513], [113.88828993341599, 22.474419972879982], [113.88838886460638, 22.47432491600708], [113.88863462349667, 22.474196733530842], [113.88872255817945, 22.474134246165764], [113.8887859747711, 22.474037160140448], [113.88879263948512, 22.473924920368297], [113.88875931561049, 22.473826638274495], [113.8886827277879, 22.473702723079544], [113.8878915255056, 22.47270147628127], [113.88771365390272, 22.472426732653677], [113.88767465740717, 22.472318394058657], [113.88766031194318, 22.472221840701007], [113.88768195367128, 22.471636429013984]]}}, {"type": "Feature", "properties": {"arc": 7, "wealthier": 0.4740806210259283, "beautiful": 0.3367116895715373, "livelier": 0.5825026209985416, "depressing": 0.6311759177239009, "safer": 0.3817879176242215, "boring": 0.4352245224390274, "human": 0.0001155308314732, "vehicle": 0.0038055238269624, "construction": 0.1380741482689267, "nature": 0.2007303692045666, "sky": 0.4500587100074404, "object": 0.0042917160760788, "PI": 0.3174090230506757, "NI": 0.36757975199367077, "length": 197.8961461, "source": 34, "target": 32, "direction": "bi-directional"}, "geometry": {"type": "LineString", "coordinates": [[113.90204228821814, 22.47798347404189], [113.901555618955, 22.47759940405296], [113.90111879790824, 22.477294977840526], [113.9008722677491, 22.477144127308918], [113.90048811876986, 22.476938497157935]]}}, {"type": "Feature", "properties": {"arc": 8, "wealthier": 0.6415853925129222, "beautiful": 0.5011470847347004, "livelier": 0.6871404307642067, "depressing": 0.4016215584013858, "safer": 0.5858241126395306, "boring": 0.3449626014432789, "human": 0.0010435921805245, "vehicle": 0.0470696403866722, "construction": 0.0680819920131138, "nature": 0.3435328347342355, "sky": 0.3070051102411179, "object": 0.0074965159098307, "PI": 0.48024279361883293, "NI": 0.29916422134329645, "length": 152.5442612, "source": 34, "target": 35, "direction": "bi-directional"}, "geometry": {"type": "LineString", "coordinates": [[113.90204228821814, 22.47798347404189], [113.90237789777456, 22.47762040626489], [113.90297314676623, 22.476911891296808]]}}, {"type": "Feature", "properties": {"arc": 9, "wealthier": 0.2984722687874097, "beautiful": 0.290147987281287, "livelier": 0.3398723747672399, "depressing": 0.6959624465802039, "safer": 0.2747762566671576, "boring": 0.7337716794902306, "human": 0.000991948445638, "vehicle": 0.0152235349019368, "construction": 0.1186564127604166, "nature": 0.1002427101135253, "sky": 0.5409081141153973, "object": 0.0096112887064615, "PI": 0.19835622631576563, "NI": 0.4913405777568047, "length": 696.6832149, "source": 46, "target": 35, "direction": "bi-directional"}, "geometry": {"type": "LineString", "coordinates": [[113.90854015059706, 22.479966103693894], [113.90794870022248, 22.479511503495566], [113.90461755872252, 22.47708441965981], [113.90430685801392, 22.476874668548813], [113.90417166305392, 22.476810275285366], [113.90403853782874, 22.476766717892648], [113.90388284659436, 22.476742568364344], [113.90373333941162, 22.476739308135834], [113.90343188798622, 22.47677991768749], [113.90297314676623, 22.476911891296808]]}}, {"type": "Feature", "properties": {"arc": 10, "wealthier": 0.3787581131314286, "beautiful": 0.2885982185909919, "livelier": 0.5235813330542141, "depressing": 0.6734202873460327, "safer": 0.2982069320193548, "boring": 0.494799096401383, "human": 0.0002544085184733, "vehicle": 0.01017640431722, "construction": 0.1754604657491047, "nature": 0.1599085489908854, "sky": 0.4425790150960287, "object": 0.0037825902303059, "PI": 0.2574920262989662, "NI": 0.397337989936042, "length": 464.4076528, "source": 30, "target": 32, "direction": "bi-directional"}, "geometry": {"type": "LineString", "coordinates": [[113.89900338742936, 22.4806157926115], [113.90025694153948, 22.479154273721793], [113.90042893766802, 22.47890753364737], [113.90055897947263, 22.478646323831047], [113.90062752242135, 22.478451526709936], [113.900669448857, 22.47827788798288], [113.90069331705614, 22.47808697268554], [113.90069459142299, 22.47792676811295], [113.90065251179328, 22.47761956425604], [113.90048811876986, 22.476938497157935]]}}, {"type": "Feature", "properties": {"arc": 12, "wealthier": 0.4979906278807631, "beautiful": 0.5259263371543449, "livelier": 0.365695509483936, "depressing": 0.451414513784628, "safer": 0.4611269559012806, "boring": 0.6432455814273053, "human": 0.0011861781881313, "vehicle": 0.0091181475706774, "construction": 0.0384166216609453, "nature": 0.2700913554490214, "sky": 0.4467240343190202, "object": 0.0057262073863636, "PI": 0.35915781914197037, "NI": 0.3509375665662972, "length": 856.6776677, "source": 21, "target": 30, "direction": "bi-directional"}, "geometry": {"type": "LineString", "coordinates": [[113.89102366994358, 22.481073356804796], [113.89284397004471, 22.481082058502082], [113.8934819380299, 22.48111079749003], [113.8952235327823, 22.48114388407914], [113.89552942023823, 22.48112623672337], [113.89582471295692, 22.48106136342165], [113.89611947837825, 22.480953740724654], [113.8975002900048, 22.48027810396252], [113.89770778829697, 22.480211045258883], [113.89790312454178, 22.48018189060421], [113.89814811173149, 22.480194131110416], [113.89834549434181, 22.480249641554487], [113.8985084083007, 22.480328257486846], [113.89900338742936, 22.4806157926115]]}}, {"type": "Feature", "properties": {"arc": 13, "wealthier": 0.7515260145320594, "beautiful": 0.6215889367608306, "livelier": 0.7588665258709508, "depressing": 0.3161663894391687, "safer": 0.7155790965518626, "boring": 0.2880954496692143, "human": 0.0008301544189453, "vehicle": 0.0149226888020833, "construction": 0.0948994445800781, "nature": 0.3313626607259115, "sky": 0.3011634063720703, "object": 0.0070811716715494, "PI": 0.5524169600663597, "NI": 0.2546058720113494, "length": 1037.154219, "source": 9, "target": 19, "direction": "bi-directional"}, "geometry": {"type": "LineString", "coordinates": [[113.88058267150986, 22.480952172969797], [113.88107773987495, 22.480696085337158], [113.882553871349, 22.480025200536247], [113.884227649395, 22.479293635449793], [113.88964699243562, 22.47686047200317]]}}, {"type": "Feature", "properties": {"arc": 17, "wealthier": 0.3699443246472145, "beautiful": 0.3720195572354001, "livelier": 0.4229308335485917, "depressing": 0.5780525141684282, "safer": 0.3578881317779571, "boring": 0.5885953876047308, "human": 0.0009039098566228, "vehicle": 0.0943912737297289, "construction": 0.0380149032130385, "nature": 0.1350332317930279, "sky": 0.4886505820534445, "object": 0.007512988466205, "PI": 0.2641540625609408, "NI": 0.44918392467801366, "length": 257.1937186, "source": 41, "target": 46, "direction": "bi-directional"}, "geometry": {"type": "LineString", "coordinates": [[113.9073011945837, 22.48192555333538], [113.90737068645359, 22.481493665890234], [113.90757847687999, 22.481070286547844], [113.90854015059706, 22.479966103693894]]}}, {"type": "Feature", "properties": {"arc": 18, "wealthier": 0.4280015756936415, "beautiful": 0.5490095712678816, "livelier": 0.5344985356200859, "depressing": 0.4850910722635438, "safer": 0.4688414142008877, "boring": 0.4936498155745574, "human": 0.0009843508402506, "vehicle": 0.0489106178283691, "construction": 0.0436355272928873, "nature": 0.1978333791097005, "sky": 0.4536685943603515, "object": 0.005289077758789, "PI": 0.36481715991255154, "NI": 0.36088780601957077, "length": 68.21148569, "source": 41, "target": 42, "direction": "bi-directional"}, "geometry": {"type": "LineString", "coordinates": [[113.9073011945837, 22.48192555333538], [113.90771857408876, 22.48191543205743], [113.90796363969535, 22.481925553335365]]}}, {"type": "Feature", "properties": {"arc": 20, "wealthier": 0.4869243070478629, "beautiful": 0.5016671867710268, "livelier": 0.4943356558725667, "depressing": 0.4514676527578103, "safer": 0.4888488353109418, "boring": 0.5008921719245787, "human": 0.0027354939778645, "vehicle": 0.014137700398763, "construction": 0.0863627370198567, "nature": 0.2559360504150391, "sky": 0.3763515472412109, "object": 0.0097333272298177, "PI": 0.3985711726796059, "NI": 0.35012353377766164, "length": 788.7295277, "source": 12, "target": 21, "direction": "bi-directional"}, "geometry": {"type": "LineString", "coordinates": [[113.88420192454876, 22.483717854254515], [113.8844970733454, 22.483265507727005], [113.88460961302422, 22.483155784841088], [113.88474741972817, 22.483069758029508], [113.88911635203864, 22.48112499942742], [113.88936177129993, 22.481054456311764], [113.88960051235905, 22.48103304469492], [113.89057844875101, 22.481036573640075], [113.89102366994358, 22.481073356804796]]}}, {"type": "Feature", "properties": {"arc": 21, "wealthier": 0.8360648071198028, "beautiful": 0.776862140341459, "livelier": 0.6763323576813381, "depressing": 0.1907723135644422, "safer": 0.81193123998059, "boring": 0.2817801211882268, "human": 0.0004820505777994, "vehicle": 0.0073768615722656, "construction": 0.1035943667093912, "nature": 0.4822946230570474, "sky": 0.1454548517862955, "object": 0.0042089780171712, "PI": 0.6299891229136586, "NI": 0.16759033335649343, "length": 577.359316, "source": 12, "target": 9, "direction": "bi-directional"}, "geometry": {"type": "LineString", "coordinates": [[113.88420192454876, 22.483717854254515], [113.88394410095034, 22.483807438538946], [113.883576035311, 22.483874139401458], [113.88314869518594, 22.483909216895917], [113.88280743257293, 22.483910551362378], [113.88258664442031, 22.483870139804058], [113.88234338738968, 22.483789784324117], [113.88196623329226, 22.483631531373227], [113.8817593929415, 22.483511755385763], [113.88162755277153, 22.483386193465883], [113.8815281922564, 22.483205938163852], [113.88149378691497, 22.483047030354015], [113.88144400844811, 22.482581086117715], [113.8813766028369, 22.482358481463123], [113.88127340862766, 22.482107220472322], [113.88088804182387, 22.48136882750634], [113.8807590680114, 22.481176072159535], [113.88058267150986, 22.480952172969797]]}}, {"type": "Feature", "properties": {"arc": 22, "wealthier": 0.5923745009526067, "beautiful": 0.3803491427527262, "livelier": 0.634317206066299, "depressing": 0.5448870368012002, "safer": 0.4562139747457949, "boring": 0.3621831832281293, "human": 0.0002984756078475, "vehicle": 0.0217213589920956, "construction": 0.1166762653579059, "nature": 0.207600357186081, "sky": 0.4220783527080829, "object": 0.0076287261441222, "PI": 0.37309965809888723, "NI": 0.35788022116841467, "length": 944.4583508, "source": 102, "target": 145, "direction": "bi-directional"}, "geometry": {"type": "LineString", "coordinates": [[113.92610225668767, 22.486279134912287], [113.92725315537709, 22.485941338993026], [113.9278220990063, 22.48575547531601], [113.93009807011587, 22.484848749793468], [113.93059300145534, 22.4847091480673], [113.93118569992542, 22.484613922286474], [113.93169386977308, 22.484595836684633], [113.93221050700558, 22.48461166648853], [113.93259867254017, 22.484657608452853], [113.9330091566922, 22.48475081894083], [113.93338891449385, 22.484869849387575], [113.93386585998876, 22.485069614477613], [113.93427796487359, 22.485286263065664], [113.93472586208287, 22.485559882250058]]}}, {"type": "Feature", "properties": {"arc": 23, "wealthier": 0.6517103314986926, "beautiful": 0.5790611908942284, "livelier": 0.6637684587315102, "depressing": 0.3777521023532963, "safer": 0.5764315589388187, "boring": 0.3223615762240202, "human": 0.0006431082020635, "vehicle": 0.0334907476452813, "construction": 0.0513455211252405, "nature": 0.5405639150868291, "sky": 0.1525286798891813, "object": 0.0074868133102638, "PI": 0.534617070649597, "NI": 0.23284385810729447, "length": 603.2230108, "source": 45, "target": 41, "direction": "bi-directional"}, "geometry": {"type": "LineString", "coordinates": [[113.90851367698392, 22.487160558606323], [113.90801405176367, 22.486206752041536], [113.90779564618107, 22.485750215697305], [113.90757203889207, 22.485170702966915], [113.90744332014157, 22.484721771207035], [113.90737239503632, 22.48434186575659], [113.9073243706634, 22.48384360761463], [113.90726572855012, 22.482339324281718], [113.90727096166269, 22.482149726118926], [113.9073011945837, 22.48192555333538]]}}, {"type": "Feature", "properties": {"arc": 24, "wealthier": 0.6224775484515163, "beautiful": 0.5945292624348468, "livelier": 0.6702583948653688, "depressing": 0.3430119151639669, "safer": 0.6225099040780008, "boring": 0.3102956553809545, "human": 0.0029671192169189, "vehicle": 0.0210782157050238, "construction": 0.1050509081946479, "nature": 0.361277977625529, "sky": 0.275894562403361, "object": 0.0100182957119411, "PI": 0.5260825688251503, "NI": 0.28210189762404775, "length": 617.2608505, "source": 49, "target": 42, "direction": "bi-directional"}, "geometry": {"type": "LineString", "coordinates": [[113.9097932228009, 22.487186012228275], [113.90959082067123, 22.486834070794785], [113.90871083505999, 22.48511052271556], [113.90854174765008, 22.484720940327275], [113.90841655558964, 22.484245580378147], [113.90796363969535, 22.481925553335365]]}}, {"type": "Feature", "properties": {"arc": 25, "wealthier": 0.3546950536554348, "beautiful": 0.3414557175905053, "livelier": 0.3804796290177443, "depressing": 0.6320865371542472, "safer": 0.3158676661988319, "boring": 0.6385338881380759, "human": 0.0002320289611816, "vehicle": 0.0171523412068684, "construction": 0.0313588460286458, "nature": 0.2118168830871582, "sky": 0.5215677579243978, "object": 0.0059608141581217, "PI": 0.25103219030205354, "NI": 0.40860188511855444, "length": 510.5324246, "source": 155, "target": 145, "direction": "bi-directional"}, "geometry": {"type": "LineString", "coordinates": [[113.93826468348098, 22.48879083827142], [113.93761786280524, 22.488180406478676], [113.93472586208287, 22.485559882250058]]}}, {"type": "Feature", "properties": {"arc": 28, "wealthier": 0.444731671755187, "beautiful": 0.3725316339832721, "livelier": 0.5874424638506095, "depressing": 0.6314978528070838, "safer": 0.3913757177856993, "boring": 0.4708907102513858, "human": 0.0014320142341382, "vehicle": 0.0224287437670158, "construction": 0.0874203190659031, "nature": 0.2141750798080907, "sky": 0.4300630742853338, "object": 0.004587173461914, "PI": 0.34157803782908913, "NI": 0.3674592471987599, "length": 330.7008996, "source": 107, "target": 102, "direction": "bi-directional"}, "geometry": {"type": "LineString", "coordinates": [[113.92753519202904, 22.488952191650355], [113.92610225668767, 22.486279134912287]]}}, {"type": "Feature", "properties": {"arc": 29, "wealthier": 0.8328807122828992, "beautiful": 0.6665066461593919, "livelier": 0.8224678885934601, "depressing": 0.2240525095937113, "safer": 0.7299246367108743, "boring": 0.1309166286998392, "human": 0.0011814518978721, "vehicle": 0.0384476979573567, "construction": 0.0645379852830318, "nature": 0.4002081887763843, "sky": 0.2171808543958162, "object": 0.0047150662070826, "PI": 0.6114926784503214, "NI": 0.18011705336312303, "length": 425.6060266, "source": 107, "target": 125, "direction": "bi-directional"}, "geometry": {"type": "LineString", "coordinates": [[113.92753519202904, 22.488952191650355], [113.92783045865595, 22.488948509971024], [113.92812116409576, 22.488964486366235], [113.93165983219932, 22.489221170172776]]}}, {"type": "Feature", "properties": {"arc": 30, "wealthier": 0.4642204948408853, "beautiful": 0.4069730211322472, "livelier": 0.522280605466755, "depressing": 0.6358436300642254, "safer": 0.3710324292698087, "boring": 0.4576661322586847, "human": 0.0002390267192453, "vehicle": 0.0032526928445567, "construction": 0.0440000727556753, "nature": 0.2306069083835767, "sky": 0.4874696869781051, "object": 0.0083024398140285, "PI": 0.32423346525870594, "NI": 0.37624844952039305, "length": 518.5387029, "source": 125, "target": 145, "direction": "bi-directional"}, "geometry": {"type": "LineString", "coordinates": [[113.93165983219932, 22.489221170172776], [113.93215017715367, 22.488839562827554], [113.93265913801646, 22.488413587482313], [113.93292500862937, 22.48816726625918], [113.93316017119142, 22.48791627329456], [113.93363352570228, 22.487257088871683], [113.93472586208287, 22.485559882250058]]}}, {"type": "Feature", "properties": {"arc": 32, "wealthier": 0.4558154506258594, "beautiful": 0.3822320197716535, "livelier": 0.7320001055937918, "depressing": 0.5058390377523249, "safer": 0.455157525831281, "boring": 0.3106320719547286, "human": 0.0050569654585004, "vehicle": 0.0313516221604905, "construction": 0.2011115615432327, "nature": 0.1776223912969365, "sky": 0.3238553571271467, "object": 0.0073405429049655, "PI": 0.4211071725880517, "NI": 0.3472873696483206, "length": 1067.77307, "source": 80, "target": 49, "direction": "bi-directional"}, "geometry": {"type": "LineString", "coordinates": [[113.91950699836211, 22.489748464398573], [113.91576264818208, 22.489760356849565], [113.9153907441422, 22.489731111357425], [113.91503323439221, 22.48965801719893], [113.91452979039731, 22.489488980773636], [113.91296683367761, 22.488868471057003], [113.9125143981533, 22.488674748147503], [113.91182580295671, 22.48829340516004], [113.91059893031249, 22.48757575769983], [113.9097932228009, 22.487186012228275]]}}, {"type": "Feature", "properties": {"arc": 34, "wealthier": 0.2960013713742606, "beautiful": 0.3016689362707059, "livelier": 0.5124303690127063, "depressing": 0.6469680688760883, "safer": 0.3479833204016638, "boring": 0.5577784865407762, "human": 0.0016842312282986, "vehicle": 0.0439869774712456, "construction": 0.1895460340711805, "nature": 0.1385269588894314, "sky": 0.404900656806098, "object": 0.0090780046251085, "PI": 0.2646228090707824, "NI": 0.4548094847616811, "length": 357.1543445, "source": 55, "target": 49, "direction": "bi-directional"}, "geometry": {"type": "LineString", "coordinates": [[113.91122829501772, 22.490121363800316], [113.91098545240519, 22.48954609270889], [113.91016189016088, 22.48794227851034], [113.9097932228009, 22.487186012228275]]}}, {"type": "Feature", "properties": {"arc": 35, "wealthier": 0.4282189361446394, "beautiful": 0.4171148907284469, "livelier": 0.523475621788821, "depressing": 0.5956510672403621, "safer": 0.3867122988695429, "boring": 0.5240167757459244, "human": 0.0002802646521366, "vehicle": 0.0079555511474609, "construction": 0.1082252733635179, "nature": 0.1997198047059955, "sky": 0.4465780547170928, "object": 0.0075565684925426, "PI": 0.3155704024597151, "NI": 0.38903167032512637, "length": 236.5127982, "source": 152, "target": 146, "direction": "bi-directional"}, "geometry": {"type": "LineString", "coordinates": [[113.93727985450884, 22.4907557580563], [113.93688801953421, 22.490707664310218], [113.93666834283773, 22.490657071127767], [113.93509044031764, 22.49012975576919]]}}, {"type": "Feature", "properties": {"arc": 36, "wealthier": 0.5526080356694941, "beautiful": 0.5268735302639477, "livelier": 0.5610393359320905, "depressing": 0.5164492283646949, "safer": 0.4726210990243641, "boring": 0.4370845460472944, "human": 0.0001571019490559, "vehicle": 0.0069098154703776, "construction": 0.0195735295613606, "nature": 0.3262154897054037, "sky": 0.4063405354817708, "object": 0.0047023773193359, "PI": 0.4099231690156189, "NI": 0.30143638149017693, "length": 240.2003874, "source": 152, "target": 155, "direction": "bi-directional"}, "geometry": {"type": "LineString", "coordinates": [[113.93727985450884, 22.4907557580563], [113.93742842839946, 22.49039199533731], [113.93760560898257, 22.490023994217864], [113.93826468348098, 22.48879083827142]]}}, {"type": "Feature", "properties": {"arc": 37, "wealthier": 0.6943798712074181, "beautiful": 0.5630324826659754, "livelier": 0.7733811682574397, "depressing": 0.3875148707927195, "safer": 0.623053760004091, "boring": 0.2516311952121253, "human": 0.0012693405151367, "vehicle": 0.0209239323933919, "construction": 0.0885260899861653, "nature": 0.4831241766611734, "sky": 0.1656692822774251, "object": 0.0062392155329386, "PI": 0.5619800026454348, "NI": 0.221028922135625, "length": 400.391762, "source": 50, "target": 45, "direction": "bi-directional"}, "geometry": {"type": "LineString", "coordinates": [[113.91013390801788, 22.49044773041236], [113.90876783208682, 22.48770248526298], [113.90851367698392, 22.487160558606323]]}}, {"type": "Feature", "properties": {"arc": 38, "wealthier": 0.5964933457569315, "beautiful": 0.480338831797698, "livelier": 0.7787613967159971, "depressing": 0.460648252278621, "safer": 0.5704600356755161, "boring": 0.2426290849469407, "human": 0.0013728671603732, "vehicle": 0.0286839803059895, "construction": 0.1168782975938585, "nature": 0.2311771180894639, "sky": 0.3589646021525066, "object": 0.0057639016045464, "PI": 0.4597319633857928, "NI": 0.29798395057111965, "length": 118.2732622, "source": 50, "target": 55, "direction": "bi-directional"}, "geometry": {"type": "LineString", "coordinates": [[113.91013390801788, 22.49044773041236], [113.91122829501772, 22.490121363800316]]}}, {"type": "Feature", "properties": {"arc": 39, "wealthier": 0.4872561104721145, "beautiful": 0.4780671983945219, "livelier": 0.6479897329102142, "depressing": 0.4769762782310843, "safer": 0.5052038025059931, "boring": 0.3325890989264505, "human": 0.0017611185709635, "vehicle": 0.0123426346551804, "construction": 0.1382480802990141, "nature": 0.2037214551653181, "sky": 0.4286955878848121, "object": 0.009024665469215, "PI": 0.40159011720720783, "NI": 0.35076452325450475, "length": 124.9598873, "source": 58, "target": 55, "direction": "bi-directional"}, "geometry": {"type": "LineString", "coordinates": [[113.91223061882388, 22.49072077620413], [113.91195295192655, 22.49063955198552], [113.91167794994713, 22.490507587702247], [113.91149138670441, 22.490373031468785], [113.91122829501772, 22.490121363800316]]}}, {"type": "Feature", "properties": {"arc": 40, "wealthier": 0.6610397420673866, "beautiful": 0.5804326728335267, "livelier": 0.7709284101929291, "depressing": 0.3541903766078593, "safer": 0.6202974246742411, "boring": 0.2028632799936804, "human": 0.0022113276462928, "vehicle": 0.0142195458505667, "construction": 0.0459499359130859, "nature": 0.4877236684163411, "sky": 0.2022496765735102, "object": 0.003280340456495, "PI": 0.5715101886967906, "NI": 0.17977462464042157, "length": 482.9932925, "source": 44, "target": 45, "direction": "bi-directional"}, "geometry": {"type": "LineString", "coordinates": [[113.90843440277844, 22.49082822864603], [113.908382770734, 22.49046197892403], [113.90829042824092, 22.490172605029723], [113.9080751685613, 22.489761150521034], [113.90743719488897, 22.48862763382138], [113.90736717634799, 22.488466882257036], [113.90734489980184, 22.488327850960722], [113.90736798919667, 22.488213808320744], [113.90743843280265, 22.488079434331844], [113.90758477181613, 22.487885667014805], [113.90782161217902, 22.48761919614492], [113.90803888309468, 22.487442644824995], [113.90851367698392, 22.487160558606323]]}}, {"type": "Feature", "properties": {"arc": 42, "wealthier": 0.5303977622420609, "beautiful": 0.4964692785939522, "livelier": 0.5745304755415387, "depressing": 0.5121746676922322, "safer": 0.5027816000326667, "boring": 0.364580108327264, "human": 0.0018416086832682, "vehicle": 0.0092013200124104, "construction": 0.1496462027231851, "nature": 0.3185729026794434, "sky": 0.320880381266276, "object": 0.0032198905944824, "PI": 0.42758624876971263, "NI": 0.29911378888886286, "length": 1076.995327, "source": 17, "target": 12, "direction": "bi-directional"}, "geometry": {"type": "LineString", "coordinates": [[113.88834432027075, 22.490772141645348], [113.88829565263266, 22.489552585897354], [113.88829962755626, 22.489075538820156], [113.88832625827871, 22.488474496827184], [113.88816313804404, 22.486454928398604], [113.88813199579934, 22.48556990822657], [113.88810875750157, 22.485392977548543], [113.88806255880333, 22.485227332027417], [113.8878812395426, 22.484828156343127], [113.88777074189822, 22.484669117416225], [113.88762738709416, 22.48453999613825], [113.88741852114491, 22.484411687413306], [113.88707304099431, 22.484235505243618], [113.88673657637717, 22.484087445289063], [113.88624186608911, 22.483954168524207], [113.88572307008866, 22.483773700382063], [113.88552791549564, 22.48372888743468], [113.88531230984745, 22.483708144401596], [113.88420192454876, 22.483717854254515]]}}, {"type": "Feature", "properties": {"arc": 43, "wealthier": 0.4845785478546917, "beautiful": 0.3567134290932972, "livelier": 0.5483325207063252, "depressing": 0.5935259430189072, "safer": 0.3820683312405086, "boring": 0.4869440263506508, "human": 0.0003965551202947, "vehicle": 0.0146557779023141, "construction": 0.2593739827473958, "nature": 0.1536858876546224, "sky": 0.3649204369747278, "object": 0.0044431628602923, "PI": 0.30812924281086634, "NI": 0.3945010754859246, "length": 1575.576149, "source": 17, "target": 30, "direction": "bi-directional"}, "geometry": {"type": "LineString", "coordinates": [[113.88834432027075, 22.490772141645348], [113.88904155840395, 22.4901115118982], [113.89030424828249, 22.48895828406548], [113.89386085556785, 22.485747264293853], [113.89417961682145, 22.485492795671632], [113.89528302067288, 22.48472819156076], [113.89553619127706, 22.48451499596843], [113.8960189345318, 22.484072822233898], [113.89672837227862, 22.48329284931925], [113.89900338742936, 22.4806157926115]]}}, {"type": "Feature", "properties": {"arc": 44, "wealthier": 0.4294598309491118, "beautiful": 0.4036938596040758, "livelier": 0.7406326551869918, "depressing": 0.5175007314430881, "safer": 0.4512366362485949, "boring": 0.3201265565404096, "human": 0.0087699890136718, "vehicle": 0.0370436774359809, "construction": 0.1919772889879014, "nature": 0.168695502811008, "sky": 0.3355700174967448, "object": 0.0097943411933051, "PI": 0.46619357881915297, "NI": 0.3704605348564826, "length": 291.3977671, "source": 86, "target": 80, "direction": "bi-directional"}, "geometry": {"type": "LineString", "coordinates": [[113.92024333670983, 22.49228914200374], [113.92013254012967, 22.491855964569737], [113.91950699836211, 22.489748464398573]]}}, {"type": "Feature", "properties": {"arc": 45, "wealthier": 0.3938169625585209, "beautiful": 0.3742162708291645, "livelier": 0.5689845427692292, "depressing": 0.5954214531444637, "safer": 0.3554918204343724, "boring": 0.5118362722423061, "human": 0.0035516103108723, "vehicle": 0.0280688391791449, "construction": 0.1179420895046658, "nature": 0.1505682627360025, "sky": 0.424256706237793, "object": 0.0095480177137586, "PI": 0.3340942888375434, "NI": 0.41071623141675345, "length": 843.7608958, "source": 86, "target": 107, "direction": "bi-directional"}, "geometry": {"type": "LineString", "coordinates": [[113.92024333670983, 22.49228914200374], [113.921040220644, 22.492030095158817], [113.92213665196184, 22.491642695382637], [113.92413682052734, 22.49072256452742], [113.92448079333847, 22.490517720335372], [113.92577963513436, 22.48956469741599], [113.92606918602213, 22.489389052360526], [113.92635295680725, 22.48928188466123], [113.92695681462237, 22.489095223300605], [113.92753519202904, 22.488952191650355]]}}, {"type": "Feature", "properties": {"arc": 46, "wealthier": 0.5960548551568112, "beautiful": 0.5478403474764834, "livelier": 0.7358098102129425, "depressing": 0.3913039181498466, "safer": 0.6039566153710989, "boring": 0.2597241588818362, "human": 0.0048675847247364, "vehicle": 0.0353453566388386, "construction": 0.1475703851963446, "nature": 0.233937844997499, "sky": 0.3214631894739662, "object": 0.005938832352801, "PI": 0.5144800763227264, "NI": 0.29393648784221993, "length": 967.2321596, "source": 85, "target": 58, "direction": "bi-directional"}, "geometry": {"type": "LineString", "coordinates": [[113.92010804972956, 22.493281898312713], [113.91847114899541, 22.49320288845174], [113.91722400271003, 22.49312444580458], [113.91631505868125, 22.49308929193221], [113.91611416925697, 22.493057022408657], [113.91605422108401, 22.49302947846121], [113.91599155710648, 22.492976393740697], [113.9159336222906, 22.492840692516786], [113.91592751582287, 22.492678058997463], [113.91596178773281, 22.492177216259208], [113.91594868876855, 22.491924339887927], [113.91592306784077, 22.49180268593866], [113.9158872844282, 22.491721090526067], [113.91583844384263, 22.491658523200776], [113.91578384232649, 22.491616881021056], [113.91567063830536, 22.491568886147697], [113.91552068826576, 22.491537598916945], [113.91431636907306, 22.491399754251464], [113.91364339769055, 22.491294902315765], [113.91336619520295, 22.491210961886082], [113.912829200277, 22.491002479338235], [113.91223061882388, 22.49072077620413]]}}, {"type": "Feature", "properties": {"arc": 47, "wealthier": 0.4645022218616672, "beautiful": 0.4379126258356035, "livelier": 0.6429344326348729, "depressing": 0.4990579246613058, "safer": 0.4469458693174695, "boring": 0.365374050129287, "human": 0.0046432495117187, "vehicle": 0.0434560139973958, "construction": 0.1788010915120443, "nature": 0.1695180257161458, "sky": 0.3696570078531901, "object": 0.0089196523030598, "PI": 0.40697363183314933, "NI": 0.37957096251728184, "length": 110.8650124, "source": 85, "target": 86, "direction": "bi-directional"}, "geometry": {"type": "LineString", "coordinates": [[113.92010804972956, 22.493281898312713], [113.92017999853338, 22.492637067643294], [113.92024333670983, 22.49228914200374]]}}, {"type": "Feature", "properties": {"arc": 48, "wealthier": 0.5053492655206044, "beautiful": 0.4403251346406897, "livelier": 0.481361354894153, "depressing": 0.5281366569021079, "safer": 0.4471582126114207, "boring": 0.5574279427518831, "human": 0.0005337597729565, "vehicle": 0.0082506689581427, "construction": 0.1932299903205207, "nature": 0.2143697538175382, "sky": 0.360276992614563, "object": 0.0074195059928092, "PI": 0.3424225095566858, "NI": 0.38574403474018465, "length": 2909.057819, "source": 4, "target": 9, "direction": "bi-directional"}, "geometry": {"type": "LineString", "coordinates": [[113.87024344027257, 22.4928155089909], [113.87247906992798, 22.48633519977475], [113.87262189719767, 22.485955990106646], [113.87276757519292, 22.48566883865015], [113.87294636745122, 22.485412919115245], [113.87313104477127, 22.485205656445], [113.8737095006445, 22.48464451379981], [113.87385638553388, 22.484477300384764], [113.87395683699562, 22.484328576713697], [113.87408742110912, 22.4840259163283], [113.8746049215524, 22.482481618294592], [113.874645175921, 22.482266169067245], [113.87465701763743, 22.482084700537712], [113.87462746879349, 22.481690454795313], [113.8740686408579, 22.479033758257195], [113.87401762687855, 22.478732321962436], [113.87399737033545, 22.478472387266425], [113.87400990543466, 22.478208992135084], [113.87405345809054, 22.477985494445385], [113.87432215463942, 22.4771944132802], [113.87439110473294, 22.47694533218851], [113.87442730056858, 22.476681753007064], [113.87443924851229, 22.47625092195363], [113.87445591543803, 22.476168228186214], [113.87449064803064, 22.47609428782555], [113.87457045101904, 22.476026556592096], [113.87467906221507, 22.47601646699691], [113.87478433624007, 22.47607503029597], [113.87487642138068, 22.47619417861866], [113.87594241434066, 22.478360231023068], [113.87684250811795, 22.480114385387534], [113.87700736990787, 22.480390822757425], [113.87716584273674, 22.48055550268701], [113.87738175272958, 22.480676924512373], [113.87765791724973, 22.480741491845126], [113.88000354114428, 22.48094357017569], [113.88027196652395, 22.48095814799061], [113.88058267150986, 22.480952172969797]]}}, {"type": "Feature", "properties": {"arc": 49, "wealthier": 0.4495137141180595, "beautiful": 0.3670808317443791, "livelier": 0.4634459710089662, "depressing": 0.5548991229701604, "safer": 0.3584738084039737, "boring": 0.5445075586912425, "human": 0.0006387172601161, "vehicle": 0.0272547403971354, "construction": 0.3556194305419921, "nature": 0.0780195089486929, "sky": 0.3294532971504406, "object": 0.0094037178235176, "PI": 0.26746667138966346, "NI": 0.45841331569280647, "length": 300.9474176, "source": 3, "target": 4, "direction": "bi-directional"}, "geometry": {"type": "LineString", "coordinates": [[113.86931843403343, 22.495393071444276], [113.86952500012846, 22.494887932381094], [113.87024344027257, 22.4928155089909]]}}, {"type": "Feature", "properties": {"arc": 50, "wealthier": 0.6323155399144318, "beautiful": 0.5390696074211756, "livelier": 0.7065157527901835, "depressing": 0.4134130237911885, "safer": 0.5840259379439686, "boring": 0.3018699016604922, "human": 0.003579298655192, "vehicle": 0.0275057686699761, "construction": 0.1155201064215765, "nature": 0.3140517870585124, "sky": 0.286955091688368, "object": 0.0081654654608832, "PI": 0.5138083094159445, "NI": 0.2932836577263649, "length": 366.8200219, "source": 84, "target": 85, "direction": "bi-directional"}, "geometry": {"type": "LineString", "coordinates": [[113.92001434742069, 22.496590794426407], [113.91998796343206, 22.496194755067407], [113.92000435646295, 22.49549555083759], [113.92005362673535, 22.49390313594367], [113.92010804972956, 22.493281898312713]]}}, {"type": "Feature", "properties": {"arc": 51, "wealthier": 0.5975557654056046, "beautiful": 0.5632008526894127, "livelier": 0.7365251847659104, "depressing": 0.3834661986530487, "safer": 0.5931605939925619, "boring": 0.2400609643446644, "human": 0.0055245100849806, "vehicle": 0.0231289333767361, "construction": 0.1521774253459891, "nature": 0.3190700261279789, "sky": 0.243321717387498, "object": 0.007906634398181, "PI": 0.5454955933938143, "NI": 0.27203033749520344, "length": 937.3392901, "source": 100, "target": 85, "direction": "bi-directional"}, "geometry": {"type": "LineString", "coordinates": [[113.92501977982042, 22.497678871393315], [113.92536910862933, 22.496585993210658], [113.92557717706823, 22.495679874227584], [113.925731867743, 22.495137458784455], [113.9257475440291, 22.49501705826117], [113.92574156192175, 22.49493328184888], [113.92571420444663, 22.494854450864118], [113.9256404271234, 22.494763860939273], [113.92447430140793, 22.494067695331054], [113.92425861193566, 22.49397150569051], [113.9239519966495, 22.49387508771178], [113.92257643079697, 22.49358826415147], [113.92010804972956, 22.493281898312713]]}}, {"type": "Feature", "properties": {"arc": 53, "wealthier": 0.4435126145007793, "beautiful": 0.4104869431808332, "livelier": 0.6305816157235656, "depressing": 0.5720118038263498, "safer": 0.4226631828239052, "boring": 0.4267586997149462, "human": 0.0037045184476875, "vehicle": 0.0219096666500892, "construction": 0.1648998025022907, "nature": 0.2460155251585407, "sky": 0.3348959463614004, "object": 0.0085337132583429, "PI": 0.39891065269458886, "NI": 0.3713848297766506, "length": 559.0243538, "source": 100, "target": 84, "direction": "bi-directional"}, "geometry": {"type": "LineString", "coordinates": [[113.92501977982042, 22.497678871393315], [113.92402651983309, 22.497697881204488], [113.92265271838755, 22.497843417301976], [113.9225140565933, 22.49784234750414], [113.92235580833142, 22.49782087087722], [113.92218631651114, 22.49776898555059], [113.92201075417358, 22.497687162756325], [113.9214778259646, 22.49736391717754], [113.92128844162738, 22.49721797302399], [113.92095490176119, 22.496880504029793], [113.92081484159262, 22.49677508773672], [113.92069471513538, 22.496727584137844], [113.92031982661396, 22.4966670853895], [113.92001434742069, 22.496590794426407]]}}, {"type": "Feature", "properties": {"arc": 54, "wealthier": 0.638543149321285, "beautiful": 0.5837183751931437, "livelier": 0.8315805207547694, "depressing": 0.385203070118542, "safer": 0.635555271728155, "boring": 0.1867505781188583, "human": 0.0021191312555681, "vehicle": 0.021087880720172, "construction": 0.1062957027502227, "nature": 0.4727259184184827, "sky": 0.1444647604959053, "object": 0.0057984736927768, "PI": 0.5777218462114683, "NI": 0.20654862233577156, "length": 414.6888867, "source": 100, "target": 117, "direction": "bi-directional"}, "geometry": {"type": "LineString", "coordinates": [[113.92501977982042, 22.497678871393315], [113.9260180205773, 22.4976422854807], [113.9270884541966, 22.49763936300992], [113.92742205504369, 22.497651487887033], [113.92768854933196, 22.497693579193157], [113.9283525023548, 22.497842544650677], [113.92899903198924, 22.498017666292228]]}}, {"type": "Feature", "properties": {"arc": 55, "wealthier": 0.299321848819398, "beautiful": 0.3406890139332008, "livelier": 0.4921336403630301, "depressing": 0.6667141792662866, "safer": 0.2867400127372793, "boring": 0.466018367999258, "human": 0.0008967635977981, "vehicle": 0.0147354093372312, "construction": 0.0718649839743589, "nature": 0.194533209515433, "sky": 0.46577266138843, "object": 0.008777113042326, "PI": 0.26203244041592805, "NI": 0.3976749393666028, "length": 1013.579852, "source": 117, "target": 125, "direction": "bi-directional"}, "geometry": {"type": "LineString", "coordinates": [[113.92899903198924, 22.498017666292228], [113.9300792374077, 22.49355453344936], [113.9302454420057, 22.492944644749123], [113.93039128080753, 22.492516577976172], [113.93090682779497, 22.49123299731578], [113.93143012949866, 22.48987293512602], [113.93165983219932, 22.489221170172776]]}}, {"type": "Feature", "properties": {"arc": 57, "wealthier": 0.3955250497782024, "beautiful": 0.2144813340265726, "livelier": 0.5057154870894357, "depressing": 0.7377645546053664, "safer": 0.2977453859125274, "boring": 0.6275432195654136, "human": 0.0002692437941028, "vehicle": 0.0179978647539692, "construction": 0.1975521169682985, "nature": 0.0877924273090977, "sky": 0.4541023623558782, "object": 0.0048601909350323, "PI": 0.22518605964285662, "NI": 0.4549838468071165, "length": 796.8689264, "source": 15, "target": 17, "direction": "bi-directional"}, "geometry": {"type": "LineString", "coordinates": [[113.88613141778899, 22.497594443090122], [113.88733873813776, 22.495370498139152], [113.88745789148541, 22.495122570248775], [113.88753926212192, 22.494898507917206], [113.88770109817868, 22.49436307779113], [113.88778113967355, 22.494026203506948], [113.88819162530012, 22.49156943380737], [113.88834432027075, 22.490772141645348]]}}, {"type": "Feature", "properties": {"arc": 59, "wealthier": 0.6605489747517991, "beautiful": 0.5275859401410856, "livelier": 0.694007675114338, "depressing": 0.4004190889555955, "safer": 0.5652319071329689, "boring": 0.3058776777723317, "human": 0.003452528090704, "vehicle": 0.0143929890223911, "construction": 0.1226664951869419, "nature": 0.2775901612781343, "sky": 0.3310125441778274, "object": 0.0062996546427408, "PI": 0.5001847595548927, "NI": 0.28510736523703917, "length": 390.7294908, "source": 69, "target": 84, "direction": "bi-directional"}, "geometry": {"type": "LineString", "coordinates": [[113.91702699983422, 22.498589392408043], [113.9180599598395, 22.497511449951748], [113.91840430151387, 22.497212132509635], [113.91871120723536, 22.49698271339737], [113.91889521971784, 22.496880285042273], [113.91907818111659, 22.496810347766715], [113.91962763785072, 22.49669841516328], [113.92001434742069, 22.496590794426407]]}}, {"type": "Feature", "properties": {"arc": 60, "wealthier": 0.3682604291520574, "beautiful": 0.3444250607633338, "livelier": 0.5626472760293784, "depressing": 0.63972357736776, "safer": 0.3436363509930569, "boring": 0.4818929933575865, "human": 0.0007384971336082, "vehicle": 0.0120852081863968, "construction": 0.120693807248716, "nature": 0.1569337138423213, "sky": 0.4563447810985424, "object": 0.0110487761320891, "PI": 0.28686639082267723, "NI": 0.4206515096635541, "length": 455.2238531, "source": 133, "target": 117, "direction": "bi-directional"}, "geometry": {"type": "LineString", "coordinates": [[113.93329320209466, 22.49900563620638], [113.92953682787233, 22.498127605329092], [113.92899903198924, 22.498017666292228]]}}, {"type": "Feature", "properties": {"arc": 61, "wealthier": 0.4846931480106918, "beautiful": 0.4643489857341893, "livelier": 0.5828376029798011, "depressing": 0.5516232125317188, "safer": 0.4501687568447207, "boring": 0.3867320891504707, "human": 0.0004927493907787, "vehicle": 0.0096577361777976, "construction": 0.1281944557472511, "nature": 0.2036170076440882, "sky": 0.4131519176341868, "object": 0.0041365270261411, "PI": 0.36036480696759554, "NI": 0.3345792119571058, "length": 1000.726311, "source": 133, "target": 146, "direction": "bi-directional"}, "geometry": {"type": "LineString", "coordinates": [[113.93329320209466, 22.49900563620638], [113.93415096515585, 22.493956126504717], [113.93457922291884, 22.49211491124406], [113.93509044031764, 22.49012975576919]]}}, {"type": "Feature", "properties": {"arc": 62, "wealthier": 0.5680887572183604, "beautiful": 0.4876637675396676, "livelier": 0.653984727188768, "depressing": 0.4597203304745199, "safer": 0.5350715632524798, "boring": 0.3746194477800328, "human": 0.0013320662758567, "vehicle": 0.0175953633857495, "construction": 0.1498760888070771, "nature": 0.2801535057299065, "sky": 0.3281547661983605, "object": 0.007757519230698, "PI": 0.43749552721784574, "NI": 0.3272073812876471, "length": 1201.556786, "source": 68, "target": 50, "direction": "bi-directional"}, "geometry": {"type": "LineString", "coordinates": [[113.91575714249556, 22.49991470176154], [113.91540574051992, 22.499104725720315], [113.91526724580692, 22.498842549780488], [113.91507487251546, 22.49853388015511], [113.91490718053494, 22.498297873179073], [113.91341266058582, 22.49639604645128], [113.91220545012894, 22.49453321527408], [113.91013390801788, 22.49044773041236]]}}, {"type": "Feature", "properties": {"arc": 63, "wealthier": 0.3861774785098771, "beautiful": 0.3934398323414924, "livelier": 0.5704697567019426, "depressing": 0.5775658531947887, "safer": 0.3801129052996226, "boring": 0.4672806645457605, "human": 0.0053180853525797, "vehicle": 0.0176637172698974, "construction": 0.1396951675415039, "nature": 0.1657768885294596, "sky": 0.4103290239969889, "object": 0.0070558389027913, "PI": 0.36700203002902293, "NI": 0.3800388339039187, "length": 196.6450825, "source": 68, "target": 69, "direction": "bi-directional"}, "geometry": {"type": "LineString", "coordinates": [[113.91575714249556, 22.49991470176154], [113.91631186149787, 22.49938646234492], [113.91702699983422, 22.498589392408043]]}}, {"type": "Feature", "properties": {"arc": 64, "wealthier": 0.580995285846499, "beautiful": 0.5212350020172056, "livelier": 0.6891893837796221, "depressing": 0.4361518078218157, "safer": 0.5560583021539939, "boring": 0.3191528024447592, "human": 0.0021881998321156, "vehicle": 0.0133729628574701, "construction": 0.1159379393966109, "nature": 0.3708388952561366, "sky": 0.2476044643072434, "object": 0.0042792897165557, "PI": 0.48999101470219597, "NI": 0.25571920035329837, "length": 1488.17498, "source": 68, "target": 44, "direction": "bi-directional"}, "geometry": {"type": "LineString", "coordinates": [[113.91575714249556, 22.49991470176154], [113.91543504084771, 22.500014684906212], [113.91504871176924, 22.500158917046697], [113.91476766894054, 22.500218775642015], [113.91387310973911, 22.500347255113116], [113.913693369386, 22.500329892546482], [113.91354492677677, 22.500269422725083], [113.91342354880568, 22.50017736446714], [113.91327428184174, 22.500007810699152], [113.91206852960441, 22.498397825327938], [113.91139534359016, 22.497542110168286], [113.9112797363374, 22.49743437420131], [113.91113251690659, 22.49733362469696], [113.91049188047226, 22.49702093602629], [113.91040903437575, 22.496960490386044], [113.91031123965513, 22.496861580482463], [113.91016909165275, 22.496640759927796], [113.90975276601634, 22.49581063065483], [113.90960773209834, 22.495569876543602], [113.9095329466839, 22.49548370560257], [113.90945585184991, 22.49542164300469], [113.90909615803122, 22.495219492693238], [113.90894934473049, 22.495111023014775], [113.90882884840858, 22.494957282081156], [113.90874557096566, 22.49475270568621], [113.9081309033968, 22.49225135512112], [113.90806532056091, 22.491901884286957], [113.90807017353096, 22.491659232006487], [113.9081390458543, 22.491372900754282], [113.90825298556568, 22.491118493098234], [113.90843440277844, 22.49082822864603]]}}, {"type": "Feature", "properties": {"arc": 65, "wealthier": 0.6741370264396425, "beautiful": 0.5928677751349991, "livelier": 0.7374498013238043, "depressing": 0.3867940986055105, "safer": 0.6463869809664883, "boring": 0.2229208577076017, "human": 0.0023955390566871, "vehicle": 0.0190152213686988, "construction": 0.0740916388375418, "nature": 0.444752920241583, "sky": 0.1948620478312175, "object": 0.0039887655349004, "PI": 0.5656542047373395, "NI": 0.2041257738217036, "length": 382.9253519, "source": 83, "target": 69, "direction": "bi-directional"}, "geometry": {"type": "LineString", "coordinates": [[113.9199984779503, 22.50067062348852], [113.91932643688598, 22.500225528345617], [113.91702699983422, 22.498589392408043]]}}, {"type": "Feature", "properties": {"arc": 66, "wealthier": 0.6820500657842752, "beautiful": 0.5894527484862606, "livelier": 0.8280180154431248, "depressing": 0.3723276464804906, "safer": 0.6799258361766396, "boring": 0.1825427620408125, "human": 0.0011277449758429, "vehicle": 0.0205909662079392, "construction": 0.0466658274332682, "nature": 0.5070464820192571, "sky": 0.1717608602423416, "object": 0.0047128242358826, "PI": 0.5893927907908441, "NI": 0.18472040264814304, "length": 453.210219, "source": 83, "target": 84, "direction": "bi-directional"}, "geometry": {"type": "LineString", "coordinates": [[113.9199984779503, 22.50067062348852], [113.91997255818865, 22.500020172804994], [113.91985227045444, 22.498584627851688], [113.91984391854456, 22.498310627436293], [113.91991439552788, 22.497340230995697], [113.92001434742069, 22.496590794426407]]}}, {"type": "Feature", "properties": {"arc": 67, "wealthier": 0.5058156721141773, "beautiful": 0.3449379769243558, "livelier": 0.5788438947674496, "depressing": 0.6287841385200762, "safer": 0.3847585103255193, "boring": 0.5007272072830509, "human": 0.0019911660088433, "vehicle": 0.0354652722676595, "construction": 0.2083791626824273, "nature": 0.097961934407552, "sky": 0.4302069346110025, "object": 0.0090588569641113, "PI": 0.3222385362670113, "NI": 0.4481813626344531, "length": 1674.093392, "source": 13, "target": 3, "direction": "bi-directional"}, "geometry": {"type": "LineString", "coordinates": [[113.8847716392688, 22.500118997430036], [113.8842426855299, 22.499963011852202], [113.87869939555989, 22.498195556397317], [113.87384943840517, 22.49675782224303], [113.87273779255482, 22.49641279386964], [113.86931843403343, 22.495393071444276]]}}, {"type": "Feature", "properties": {"arc": 68, "wealthier": 0.4853297170357706, "beautiful": 0.2245066140202128, "livelier": 0.5464381559018558, "depressing": 0.6766207638973214, "safer": 0.3400460581537334, "boring": 0.6108032935251763, "human": 0.000220707484654, "vehicle": 0.0186929248628162, "construction": 0.1810727800641741, "nature": 0.0478233155750092, "sky": 0.4971318926130022, "object": 0.00606446039109, "PI": 0.24730393781730167, "NI": 0.45529916072626125, "length": 312.6205448, "source": 13, "target": 15, "direction": "bi-directional"}, "geometry": {"type": "LineString", "coordinates": [[113.8847716392688, 22.500118997430036], [113.88613141778899, 22.497594443090122]]}}, {"type": "Feature", "properties": {"arc": 69, "wealthier": 0.7046714808168713, "beautiful": 0.6578911361295257, "livelier": 0.7518985986421233, "depressing": 0.2962899245549268, "safer": 0.6933919997077351, "boring": 0.2321732963977466, "human": 0.0010455616733484, "vehicle": 0.0093670895225123, "construction": 0.0808653580515008, "nature": 0.5259749763890317, "sky": 0.0999566797624554, "object": 0.0027218199612801, "PI": 0.5972778188976239, "NI": 0.15055335698624764, "length": 475.5053563, "source": 97, "target": 83, "direction": "bi-directional"}, "geometry": {"type": "LineString", "coordinates": [[113.92461368493221, 22.500888400313134], [113.92097722724549, 22.50070626044577], [113.9199984779503, 22.50067062348852]]}}, {"type": "Feature", "properties": {"arc": 70, "wealthier": 0.6781482509999214, "beautiful": 0.6631598672356894, "livelier": 0.7523962858207169, "depressing": 0.317188769545739, "safer": 0.6824717324011611, "boring": 0.2861346336200402, "human": 0.0023652485438755, "vehicle": 0.0171991529918852, "construction": 0.0684818086170014, "nature": 0.4652493340628488, "sky": 0.1875695728120349, "object": 0.007541883559454, "PI": 0.5933208709362692, "NI": 0.21906299278181673, "length": 357.915121, "source": 97, "target": 100, "direction": "bi-directional"}, "geometry": {"type": "LineString", "coordinates": [[113.92461368493221, 22.500888400313134], [113.92496487642153, 22.49830149748782], [113.92501977982042, 22.497678871393315]]}}, {"type": "Feature", "properties": {"arc": 71, "wealthier": 0.1648504607152302, "beautiful": 0.1915753091473214, "livelier": 0.3117827177143643, "depressing": 0.7919423521978702, "safer": 0.1489771895160555, "boring": 0.7715911404162349, "human": 0.0003437273430101, "vehicle": 0.0076216784390536, "construction": 0.2368220993966767, "nature": 0.0584131587635387, "sky": 0.4534019990400834, "object": 0.0076545946525804, "PI": 0.11089902505177808, "NI": 0.5120654831816026, "length": 598.4870442, "source": 2, "target": 3, "direction": "bi-directional"}, "geometry": {"type": "LineString", "coordinates": [[113.86816970777741, 22.500690442061174], [113.86913648622705, 22.496079720620532], [113.86931843403343, 22.495393071444276]]}}, {"type": "Feature", "properties": {"arc": 73, "wealthier": 0.5421788767544218, "beautiful": 0.5322335823245005, "livelier": 0.696479249894987, "depressing": 0.448237954428462, "safer": 0.562025124446677, "boring": 0.2282663392859701, "human": 0.0030680338541666, "vehicle": 0.0304370880126953, "construction": 0.0559712727864583, "nature": 0.447494633992513, "sky": 0.2030661265055338, "object": 0.0075448354085286, "PI": 0.5180313322555815, "NI": 0.2426518781260484, "length": 189.1966279, "source": 81, "target": 83, "direction": "bi-directional"}, "geometry": {"type": "LineString", "coordinates": [[113.91987576190373, 22.502374406011576], [113.91993465206778, 22.501172288265703], [113.9199984779503, 22.50067062348852]]}}, {"type": "Feature", "properties": {"arc": 74, "wealthier": 0.5596841277515666, "beautiful": 0.5068405236148088, "livelier": 0.6368793187760825, "depressing": 0.4705163405801263, "safer": 0.5407628881135502, "boring": 0.3912871932125232, "human": 0.0023966188783998, "vehicle": 0.0202423731486002, "construction": 0.068473392062717, "nature": 0.3557489183213975, "sky": 0.311243975604022, "object": 0.0071364861947518, "PI": 0.46962923241640137, "NI": 0.29925297756148317, "length": 463.7768837, "source": 81, "target": 95, "direction": "bi-directional"}, "geometry": {"type": "LineString", "coordinates": [[113.91987576190373, 22.502374406011576], [113.92194753757681, 22.502588623590764], [113.92436745497297, 22.502697407737358]]}}, {"type": "Feature", "properties": {"arc": 75, "wealthier": 0.66799926356244, "beautiful": 0.6664055239057878, "livelier": 0.772415770026874, "depressing": 0.2844035693932343, "safer": 0.7170502032922147, "boring": 0.1898944245439967, "human": 0.002762238184611, "vehicle": 0.0320860544840494, "construction": 0.0516060988108317, "nature": 0.4666973749796549, "sky": 0.1589798927307129, "object": 0.0061734517415364, "PI": 0.6073930103397231, "NI": 0.1854355909600808, "length": 201.9200506, "source": 95, "target": 97, "direction": "bi-directional"}, "geometry": {"type": "LineString", "coordinates": [[113.92436745497297, 22.502697407737358], [113.92461368493221, 22.500888400313134]]}}, {"type": "Feature", "properties": {"arc": 76, "wealthier": 0.5998529375108558, "beautiful": 0.5379354289576617, "livelier": 0.725933612426666, "depressing": 0.436399823143895, "safer": 0.5935116182531659, "boring": 0.2808413088401418, "human": 0.0028531816270616, "vehicle": 0.0292324913872612, "construction": 0.0839993794759114, "nature": 0.3896163516574436, "sky": 0.2127758026123047, "object": 0.0095197465684678, "PI": 0.523100930965752, "NI": 0.27262867994646595, "length": 384.269878, "source": 95, "target": 111, "direction": "bi-directional"}, "geometry": {"type": "LineString", "coordinates": [[113.92436745497297, 22.502697407737358], [113.92809736664137, 22.502871453455267]]}}, {"type": "Feature", "properties": {"arc": 77, "wealthier": 0.3557772923061195, "beautiful": 0.4346460556182289, "livelier": 0.4495091660756999, "depressing": 0.5386112306041373, "safer": 0.3774235505204939, "boring": 0.5547980802323027, "human": 0.000958760579427, "vehicle": 0.0197636286417643, "construction": 0.0530606587727864, "nature": 0.1931324640909831, "sky": 0.4772925694783529, "object": 0.0102339426676432, "PI": 0.29712859364009253, "NI": 0.399649260060612, "length": 545.6917027, "source": 111, "target": 117, "direction": "bi-directional"}, "geometry": {"type": "LineString", "coordinates": [[113.92809736664137, 22.502871453455267], [113.92852916275741, 22.50097454347592], [113.92899903198924, 22.498017666292228]]}}, {"type": "Feature", "properties": {"arc": 78, "wealthier": 0.3286000761576902, "beautiful": 0.3945471601621059, "livelier": 0.4849809013520281, "depressing": 0.6122047457402569, "safer": 0.3275816356651824, "boring": 0.5083245875149098, "human": 0.001794045431572, "vehicle": 0.011886998226768, "construction": 0.1491095225016275, "nature": 0.1415384861460903, "sky": 0.4209623169480709, "object": 0.0084016030294853, "PI": 0.2808782937317192, "NI": 0.40348073220016917, "length": 493.3939013, "source": 131, "target": 111, "direction": "bi-directional"}, "geometry": {"type": "LineString", "coordinates": [[113.93288454791673, 22.503128462276912], [113.92809736664137, 22.502871453455267]]}}, {"type": "Feature", "properties": {"arc": 79, "wealthier": 0.4851589333623898, "beautiful": 0.43561848374178, "livelier": 0.6106053616725502, "depressing": 0.5464278405961701, "safer": 0.431051167833454, "boring": 0.3582330356741547, "human": 0.0003635618421766, "vehicle": 0.0050503766095196, "construction": 0.1008519773130063, "nature": 0.2592875162760417, "sky": 0.3803778401127567, "object": 0.0035867337827329, "PI": 0.36951480615499416, "NI": 0.3040176306204074, "length": 458.4868785, "source": 131, "target": 133, "direction": "bi-directional"}, "geometry": {"type": "LineString", "coordinates": [[113.93288454791673, 22.503128462276912], [113.93310940972779, 22.5009633134766], [113.93329320209466, 22.49900563620638]]}}, {"type": "Feature", "properties": {"arc": 80, "wealthier": 0.3863511556854239, "beautiful": 0.3281279434484583, "livelier": 0.5906176224176903, "depressing": 0.6173259887245374, "safer": 0.3612498328265911, "boring": 0.4113759870663611, "human": 0.001935068766276, "vehicle": 0.0256123436821831, "construction": 0.192110358344184, "nature": 0.0927509731716579, "sky": 0.4301178402370876, "object": 0.0081515418158637, "PI": 0.2945156384016375, "NI": 0.4123547859167716, "length": 397.9145188, "source": 70, "target": 68, "direction": "bi-directional"}, "geometry": {"type": "LineString", "coordinates": [[113.91706442525583, 22.503296356725656], [113.91602072810113, 22.50063263021832], [113.91575714249556, 22.49991470176154]]}}, {"type": "Feature", "properties": {"arc": 81, "wealthier": 0.5311166338624814, "beautiful": 0.480963184265073, "livelier": 0.611149003341472, "depressing": 0.4911683954215986, "safer": 0.5011510168232018, "boring": 0.4091447702696423, "human": 0.0029872788323296, "vehicle": 0.0161309242248535, "construction": 0.0566104253133138, "nature": 0.4116117159525552, "sky": 0.2675222290886773, "object": 0.0042716662089029, "PI": 0.4694439287659244, "NI": 0.26979849971459574, "length": 306.7579021, "source": 70, "target": 81, "direction": "bi-directional"}, "geometry": {"type": "LineString", "coordinates": [[113.91706442525583, 22.503296356725656], [113.91987576190373, 22.502374406011576]]}}, {"type": "Feature", "properties": {"arc": 82, "wealthier": 0.7356566900020002, "beautiful": 0.6317883071210598, "livelier": 0.7443884354301666, "depressing": 0.2995186347423355, "safer": 0.6699676574583975, "boring": 0.2460050373243113, "human": 0.0022573294462981, "vehicle": 0.0233216992130985, "construction": 0.1206980634618688, "nature": 0.3506487563804344, "sky": 0.2805483782732929, "object": 0.011269728342692, "PI": 0.5637306259468385, "NI": 0.2785095755313155, "length": 947.4674188, "source": 22, "target": 15, "direction": "bi-directional"}, "geometry": {"type": "LineString", "coordinates": [[113.89189299282809, 22.504194377454375], [113.89096100903129, 22.50252110122289], [113.89079275840075, 22.50226871391507], [113.89057120262476, 22.50198910608395], [113.89008157637376, 22.50148162369735], [113.88613141778899, 22.497594443090122]]}}, {"type": "Feature", "properties": {"arc": 83, "wealthier": 0.3714601155189984, "beautiful": 0.3612501738554421, "livelier": 0.3533904072809328, "depressing": 0.6159629824843873, "safer": 0.3476436010181256, "boring": 0.7079457435373614, "human": 0.0003523857764948, "vehicle": 0.012724882636974, "construction": 0.0461267583510455, "nature": 0.1651863895989711, "sky": 0.5286717009700203, "object": 0.002760806114845, "PI": 0.2476869302165854, "NI": 0.40188190527491363, "length": 1490.453742, "source": 10, "target": 2, "direction": "bi-directional"}, "geometry": {"type": "LineString", "coordinates": [[113.8819586837648, 22.504813233351292], [113.87395273923426, 22.502432976680854], [113.86816970777741, 22.500690442061174]]}}, {"type": "Feature", "properties": {"arc": 84, "wealthier": 0.545469029471065, "beautiful": 0.2668758745687266, "livelier": 0.552285905860179, "depressing": 0.7010874329656344, "safer": 0.3688516422195365, "boring": 0.6249932880048216, "human": 0.0003177854749891, "vehicle": 0.0212119420369466, "construction": 0.1446174339011863, "nature": 0.0155843452171043, "sky": 0.5481708314683702, "object": 0.0071164943553783, "PI": 0.2649324508107746, "NI": 0.47275968679815933, "length": 594.973318, "source": 10, "target": 13, "direction": "bi-directional"}, "geometry": {"type": "LineString", "coordinates": [[113.8819586837648, 22.504813233351292], [113.8847716392688, 22.500118997430036]]}}, {"type": "Feature", "properties": {"arc": 85, "wealthier": 0.3614480612304281, "beautiful": 0.2414190451040077, "livelier": 0.4266502072499236, "depressing": 0.7002770303164747, "safer": 0.2843080474380266, "boring": 0.6023475026679104, "human": 0.0001040776570638, "vehicle": 0.0445913526746961, "construction": 0.0916830698649088, "nature": 0.1306763543023003, "sky": 0.479060787624783, "object": 0.0027671813964843, "PI": 0.21520098938941992, "NI": 0.42312064428834645, "length": 785.6016572, "source": 18, "target": 13, "direction": "bi-directional"}, "geometry": {"type": "LineString", "coordinates": [[113.88950664794979, 22.505548232475387], [113.88750967348423, 22.50247209431537], [113.88725040483946, 22.502120433655293], [113.886950390356, 22.501756423983615], [113.88652368885485, 22.50132539590679], [113.88594319756935, 22.500850876435038], [113.88533463467908, 22.500435660528407], [113.8847716392688, 22.500118997430036]]}}, {"type": "Feature", "properties": {"arc": 86, "wealthier": 0.4121597440694871, "beautiful": 0.4494533548362743, "livelier": 0.6017816428402858, "depressing": 0.5197541694819229, "safer": 0.4572303974512544, "boring": 0.428558930119047, "human": 0.001938607957628, "vehicle": 0.0257858700222439, "construction": 0.1963016192118326, "nature": 0.1372068193223741, "sky": 0.3796829647488065, "object": 0.0118163426717122, "PI": 0.3514967323284022, "NI": 0.4075400571683816, "length": 287.6894232, "source": 18, "target": 22, "direction": "bi-directional"}, "geometry": {"type": "LineString", "coordinates": [[113.88950664794979, 22.505548232475387], [113.89189299282809, 22.504194377454375]]}}, {"type": "Feature", "properties": {"arc": 87, "wealthier": 0.2074781683589408, "beautiful": 0.2996061391122075, "livelier": 0.2233372051412671, "depressing": 0.7013596250777414, "safer": 0.2273188863983497, "boring": 0.8325920065203731, "human": 0.0002808888753255, "vehicle": 0.0361993789672851, "construction": 0.0355916341145833, "nature": 0.0856925964355468, "sky": 0.5631924629211424, "object": 0.0036974906921386, "PI": 0.14075957054543267, "NI": 0.4683306677060033, "length": 545.6998103, "source": 1, "target": 2, "direction": "bi-directional"}, "geometry": {"type": "LineString", "coordinates": [[113.86715885582163, 22.505527987727845], [113.86816970777741, 22.500690442061174]]}}, {"type": "Feature", "properties": {"arc": 88, "wealthier": 0.6391976768676447, "beautiful": 0.5933497428791507, "livelier": 0.5466408410628162, "depressing": 0.3830343975578496, "safer": 0.5959534533140406, "boring": 0.4497509279387024, "human": 0.0001638237087205, "vehicle": 0.0161547880063111, "construction": 0.0343734642554973, "nature": 0.3483834376280336, "sky": 0.3970263196134019, "object": 0.0046634674072265, "PI": 0.4614803073026265, "NI": 0.2881874072454847, "length": 2847.433918, "source": 191, "target": 155, "direction": "bi-directional"}, "geometry": {"type": "LineString", "coordinates": [[113.94651465439877, 22.508095089997525], [113.94661549062279, 22.50458782620216], [113.94670304245702, 22.503634431372344], [113.94674512513701, 22.502937018869147], [113.9467515317525, 22.501528309320378], [113.94674468605129, 22.501117998829564], [113.94670341865965, 22.50043574179203], [113.9465783090066, 22.499201862686725], [113.94651741004485, 22.498358434840036], [113.94647971863421, 22.49748734670216], [113.94647783382992, 22.496640093159378], [113.94655215454554, 22.495184934288073], [113.9465987444017, 22.494629320015722], [113.94666838917423, 22.494058695032653], [113.94690049182414, 22.49266123792231], [113.94693991038346, 22.49229800211116], [113.94693433297527, 22.492067260636446], [113.94690281085403, 22.491827798043587], [113.94685074562298, 22.49161278194754], [113.94676638779802, 22.491380427222083], [113.9466553048778, 22.49115458756475], [113.94650892470767, 22.490913851343315], [113.94635412374818, 22.490710121680593], [113.94621229994482, 22.49056189983605], [113.94602955891816, 22.49040744217396], [113.94581452641978, 22.49026482416519], [113.94557574186302, 22.490146549370554], [113.94535440195882, 22.490064238367705], [113.94511903370707, 22.49000608261251], [113.94491799009619, 22.489975010103194], [113.94469443720969, 22.489963137416225], [113.94441325051369, 22.489971260201077], [113.94413950304967, 22.49001021540613], [113.94360776453398, 22.49014167569747], [113.94323198740699, 22.49021532234947], [113.94285948211204, 22.49026290620863], [113.9424298042947, 22.49029574950901], [113.94190989712264, 22.490283843753378], [113.94126840445367, 22.490206175995354], [113.94084768364873, 22.4901225363047], [113.9405163425938, 22.490030986593244], [113.939991139776, 22.489848015949985], [113.93963415922579, 22.489696056280255], [113.93934088252837, 22.4895436665758], [113.93892170335515, 22.48928631799792], [113.93826468348098, 22.48879083827142]]}}, {"type": "Feature", "properties": {"arc": 90, "wealthier": 0.3307431678001642, "beautiful": 0.2651439498459805, "livelier": 0.2452586208705618, "depressing": 0.7191414781293844, "safer": 0.2654566417411448, "boring": 0.8130615094906409, "human": 0.0001801252365112, "vehicle": 0.0521759788195292, "construction": 0.0776636799176534, "nature": 0.0485066374142964, "sky": 0.5404651363690695, "object": 0.0101478099822998, "PI": 0.15608348457533464, "NI": 0.5264667447218198, "length": 784.4847275, "source": 157, "target": 191, "direction": "bi-directional"}, "geometry": {"type": "LineString", "coordinates": [[113.93889061909843, 22.50804835743095], [113.94110985485129, 22.508058335579104], [113.94180430759069, 22.508079427603864], [113.94373128826825, 22.508091538400766], [113.94651465439877, 22.508095089997525]]}}, {"type": "Feature", "properties": {"arc": 92, "wealthier": 0.2191046217100956, "beautiful": 0.2224039316271732, "livelier": 0.436736980552758, "depressing": 0.7273734585013769, "safer": 0.207662216598735, "boring": 0.5277479543405384, "human": 7.030698988172744e-05, "vehicle": 0.161798530154758, "construction": 0.2000351481967501, "nature": 0.1311426692538791, "sky": 0.2232713169521755, "object": 0.0030544598897298, "PI": 0.1752968277477324, "NI": 0.4672069874953513, "length": 272.3374433, "source": 148, "target": 157, "direction": "bi-directional"}, "geometry": {"type": "LineString", "coordinates": [[113.93624405841847, 22.50801811063514], [113.93682352494534, 22.508034045311355], [113.93889061909843, 22.50804835743095]]}}, {"type": "Feature", "properties": {"arc": 93, "wealthier": 0.4394812657223694, "beautiful": 0.4346512108197006, "livelier": 0.4657636671488485, "depressing": 0.5570575943559478, "safer": 0.3999708529144152, "boring": 0.4953621480503165, "human": 0.0005705091688368, "vehicle": 0.0086632834540473, "construction": 0.0686070124308268, "nature": 0.2315026389227972, "sky": 0.4362883744416413, "object": 0.0048142185917607, "PI": 0.32347030081999506, "NI": 0.3451485561962094, "length": 538.701525, "source": 132, "target": 131, "direction": "bi-directional"}, "geometry": {"type": "LineString", "coordinates": [[113.9328847451859, 22.507993148516846], [113.93288454791673, 22.503128462276912]]}}, {"type": "Feature", "properties": {"arc": 94, "wealthier": 0.3366084899167839, "beautiful": 0.2783136475035209, "livelier": 0.476263829766767, "depressing": 0.6733563175756727, "safer": 0.2751637920601084, "boring": 0.4962685713974066, "human": 0.0004794257027762, "vehicle": 0.2038970674787248, "construction": 0.2035044261387416, "nature": 0.105656623840332, "sky": 0.1873129435947962, "object": 0.0022590728033156, "PI": 0.22430514207058652, "NI": 0.4691036865028682, "length": 345.6634598, "source": 132, "target": 148, "direction": "bi-directional"}, "geometry": {"type": "LineString", "coordinates": [[113.9328847451859, 22.507993148516846], [113.93410298072956, 22.507989931445753], [113.93624405841847, 22.50801811063514]]}}, {"type": "Feature", "properties": {"arc": 95, "wealthier": 0.4682862969771719, "beautiful": 0.4797310884071152, "livelier": 0.5434515302022443, "depressing": 0.455859171205956, "safer": 0.4875601951192064, "boring": 0.4076508478252073, "human": 0.0014091491699218, "vehicle": 0.0225733757019042, "construction": 0.0516465187072753, "nature": 0.2682064374287923, "sky": 0.4093472480773926, "object": 0.0115125974019368, "PI": 0.38689472608331493, "NI": 0.3494097441064286, "length": 563.303571, "source": 106, "target": 111, "direction": "bi-directional"}, "geometry": {"type": "LineString", "coordinates": [[113.9272426790879, 22.507895934604573], [113.92809736664137, 22.502871453455267]]}}, {"type": "Feature", "properties": {"arc": 96, "wealthier": 0.6457518054573813, "beautiful": 0.6217632001712674, "livelier": 0.7886631206316668, "depressing": 0.3377142508507867, "safer": 0.6652813958392605, "boring": 0.2168489315581255, "human": 0.0029045104980468, "vehicle": 0.0130784352620442, "construction": 0.0853590647379557, "nature": 0.517949358622233, "sky": 0.119968827565511, "object": 0.0048147837320963, "PI": 0.6040743378468012, "NI": 0.17782016657361766, "length": 574.1470365, "source": 94, "target": 95, "direction": "bi-directional"}, "geometry": {"type": "LineString", "coordinates": [[113.92363986209493, 22.507836796707277], [113.92405416238506, 22.504909214899573], [113.92427995863837, 22.5035790416409], [113.92436745497297, 22.502697407737358]]}}, {"type": "Feature", "properties": {"arc": 97, "wealthier": 0.2252808662635341, "beautiful": 0.2356889644264334, "livelier": 0.4494427744774578, "depressing": 0.6954456497492678, "safer": 0.2499113473403736, "boring": 0.509897455198226, "human": 0.0006041043046591, "vehicle": 0.228692372639974, "construction": 0.041840898817864, "nature": 0.1463726430699445, "sky": 0.2541197901186736, "object": 0.003436047097911, "PI": 0.19916056663381884, "NI": 0.4669548189026497, "length": 580.6418513, "source": 106, "target": 132, "direction": "bi-directional"}, "geometry": {"type": "LineString", "coordinates": [[113.9272426790879, 22.507895934604573], [113.92768686137141, 22.50791712929275], [113.92905084462316, 22.507941444925084], [113.9328847451859, 22.507993148516846]]}}, {"type": "Feature", "properties": {"arc": 98, "wealthier": 0.3168009244551826, "beautiful": 0.2662896148966239, "livelier": 0.4337681238910861, "depressing": 0.7055708110296913, "safer": 0.2723095624480771, "boring": 0.5896418156264389, "human": 0.0014422098795572, "vehicle": 0.1971842024061414, "construction": 0.0358751085069444, "nature": 0.1444367302788628, "sky": 0.3634434594048393, "object": 0.0031190236409505, "PI": 0.2317212537219735, "NI": 0.4859739344036434, "length": 370.7904827, "source": 94, "target": 106, "direction": "bi-directional"}, "geometry": {"type": "LineString", "coordinates": [[113.92363986209493, 22.507836796707277], [113.92441863340525, 22.50786107961952], [113.92670030703347, 22.507875854565025], [113.9272426790879, 22.507895934604573]]}}, {"type": "Feature", "properties": {"arc": 99, "wealthier": 0.3146791127792687, "beautiful": 0.3028125240032535, "livelier": 0.4944620655563836, "depressing": 0.6700407437258848, "safer": 0.3046599784393117, "boring": 0.5471939243250272, "human": 0.0021009293813554, "vehicle": 0.0438259669712611, "construction": 0.1326273358057415, "nature": 0.1147822122725229, "sky": 0.4513969118632966, "object": 0.0069588252476283, "PI": 0.25644476063459143, "NI": 0.4385158935641453, "length": 540.4304663, "source": 76, "target": 70, "direction": "bi-directional"}, "geometry": {"type": "LineString", "coordinates": [[113.91884829816902, 22.507886424693407], [113.91818111875972, 22.50611807955231], [113.91706442525583, 22.503296356725656]]}}, {"type": "Feature", "properties": {"arc": 100, "wealthier": 0.1323260743124684, "beautiful": 0.1775555544726035, "livelier": 0.3917488507233828, "depressing": 0.7870119243424938, "safer": 0.1628313721690126, "boring": 0.6006521448398572, "human": 0.0014709125865589, "vehicle": 0.1955322496818773, "construction": 0.127277085275361, "nature": 0.0885833971428148, "sky": 0.2885650576967182, "object": 0.0025813362815163, "PI": 0.14237540857258152, "NI": 0.5071658330134392, "length": 493.7629841, "source": 76, "target": 94, "direction": "bi-directional"}, "geometry": {"type": "LineString", "coordinates": [[113.91884829816902, 22.507886424693407], [113.9192154093174, 22.507822039189772], [113.91957003705957, 22.507805098273106], [113.92149798388128, 22.50780716034986], [113.92217602278716, 22.507828028569143], [113.92363986209493, 22.507836796707277]]}}, {"type": "Feature", "properties": {"arc": 102, "wealthier": 0.4741938107195564, "beautiful": 0.4545765509431447, "livelier": 0.6397243524130961, "depressing": 0.497778477632283, "safer": 0.4706696718683568, "boring": 0.3781410838776581, "human": 0.003120984786596, "vehicle": 0.0354045721200796, "construction": 0.1548476341443184, "nature": 0.2338984073736729, "sky": 0.291097640991211, "object": 0.005066162500626, "PI": 0.4121151917218595, "NI": 0.3228135033600428, "length": 899.5277961, "source": 57, "target": 70, "direction": "bi-directional"}, "geometry": {"type": "LineString", "coordinates": [[113.9118128620269, 22.508076530551687], [113.91180327586032, 22.506936891697748], [113.91182638102003, 22.505458604356793], [113.91185998444209, 22.505278569379975], [113.91190409482347, 22.50516276850447], [113.91198109493129, 22.505037996271508], [113.91207637537941, 22.504941287590714], [113.9122392382208, 22.50484055094516], [113.91250691202907, 22.504738621130844], [113.91480611791131, 22.50403984624599], [113.91706442525583, 22.503296356725656]]}}, {"type": "Feature", "properties": {"arc": 103, "wealthier": 0.4672910256723906, "beautiful": 0.379636173316039, "livelier": 0.5899325312481208, "depressing": 0.5642438790180109, "safer": 0.4270238186122131, "boring": 0.4172354417696771, "human": 0.0039974559437144, "vehicle": 0.0124540039987275, "construction": 0.2581101619836056, "nature": 0.0925004554517341, "sky": 0.3739697427460641, "object": 0.0088821757923473, "PI": 0.35541087672167593, "NI": 0.4044223817475881, "length": 297.1330425, "source": 370, "target": 383, "direction": "bi-directional"}, "geometry": {"type": "LineString", "coordinates": [[114.04876627351058, 22.510813217557196], [114.04910567772374, 22.510829474167387], [114.049624261641, 22.510878979358882], [114.05162601812158, 22.51117382624775]]}}, {"type": "Feature", "properties": {"arc": 104, "wealthier": 0.5722096506498193, "beautiful": 0.3700034104924569, "livelier": 0.7627744537522279, "depressing": 0.5624738365047725, "safer": 0.4905480676312283, "boring": 0.272500448401797, "human": 0.0010971124621405, "vehicle": 0.0158411661783854, "construction": 0.1779170658277428, "nature": 0.293978428495103, "sky": 0.2922748344531957, "object": 0.0140019292416779, "PI": 0.4303085910324551, "NI": 0.36384294942083995, "length": 746.5867371, "source": 344, "target": 370, "direction": "bi-directional"}, "geometry": {"type": "LineString", "coordinates": [[114.04157200933459, 22.511371321440034], [114.04263772597899, 22.511138010569884], [114.04343586270153, 22.510998114686785], [114.0442935093945, 22.510876210077047], [114.04498940494676, 22.510815936658545], [114.0460712051858, 22.510746360763022], [114.04711249161586, 22.510729612652316], [114.04761256006796, 22.510736178027884], [114.04876627351058, 22.510813217557196]]}}, {"type": "Feature", "properties": {"arc": 106, "wealthier": 0.4063914909753408, "beautiful": 0.221033358828762, "livelier": 0.4481886559725652, "depressing": 0.7562071771003408, "safer": 0.2770202729341732, "boring": 0.6646784238074506, "human": 0.0003223419189453, "vehicle": 0.0043346263744212, "construction": 0.096872329711914, "nature": 0.0159443042896412, "sky": 0.5995249924836334, "object": 0.0071182604189272, "PI": 0.19620745156443373, "NI": 0.47608511144657256, "length": 552.7371092, "source": 7, "target": 10, "direction": "bi-directional"}, "geometry": {"type": "LineString", "coordinates": [[113.87925866004227, 22.509127789198065], [113.88002756745207, 22.50785235699343], [113.88102307851382, 22.50624303132026], [113.8819586837648, 22.504813233351292]]}}, {"type": "Feature", "properties": {"arc": 107, "wealthier": 0.4333334208223714, "beautiful": 0.468594969862827, "livelier": 0.6910113720676041, "depressing": 0.4914065854664178, "safer": 0.4473205611052641, "boring": 0.3572409321622778, "human": 0.0038336435953776, "vehicle": 0.0158822377522786, "construction": 0.1738430023193359, "nature": 0.2671178181966146, "sky": 0.2974163055419921, "object": 0.0143393198649088, "PI": 0.430888772418311, "NI": 0.3680074438064109, "length": 172.0402841, "source": 368, "target": 370, "direction": "bi-directional"}, "geometry": {"type": "LineString", "coordinates": [[114.0486119314979, 22.512360175320094], [114.04876627351058, 22.510813217557196]]}}, {"type": "Feature", "properties": {"arc": 108, "wealthier": 0.4009162440953825, "beautiful": 0.5017874079657688, "livelier": 0.5122873109704777, "depressing": 0.558515807004656, "safer": 0.4170865089059569, "boring": 0.4961334190695167, "human": 0.001194847954644, "vehicle": 0.0129412015279134, "construction": 0.1609444618225097, "nature": 0.2329123285081651, "sky": 0.3701228035820854, "object": 0.006042374504937, "PI": 0.3495010045419436, "NI": 0.3678112083095418, "length": 278.6215604, "source": 368, "target": 378, "direction": "bi-directional"}, "geometry": {"type": "LineString", "coordinates": [[114.0486119314979, 22.512360175320094], [114.05129416694979, 22.51270665682041]]}}, {"type": "Feature", "properties": {"arc": 109, "wealthier": 0.4565836554344415, "beautiful": 0.3648335744805904, "livelier": 0.6208890788016205, "depressing": 0.5604814337898778, "safer": 0.4009604472906254, "boring": 0.3453829936722136, "human": 0.0007448650541759, "vehicle": 0.0167986551920572, "construction": 0.1279067993164062, "nature": 0.2619400932675316, "sky": 0.34875978742327, "object": 0.0083304813929966, "PI": 0.35365245261381495, "NI": 0.34184947375022806, "length": 173.1413299, "source": 378, "target": 383, "direction": "bi-directional"}, "geometry": {"type": "LineString", "coordinates": [[114.05129416694979, 22.51270665682041], [114.05162601812158, 22.51117382624775]]}}, {"type": "Feature", "properties": {"arc": 110, "wealthier": 0.2704135841135846, "beautiful": 0.2824490182926431, "livelier": 0.4494742771770343, "depressing": 0.6742239338124836, "safer": 0.2773684284691766, "boring": 0.5798391402666857, "human": 0.0014954282526384, "vehicle": 0.040155477691115, "construction": 0.1291580869440446, "nature": 0.1053678947582579, "sky": 0.4617587976288377, "object": 0.0072073016250342, "PI": 0.2214666819738845, "NI": 0.44556787350912663, "length": 449.5867777, "source": 66, "target": 76, "direction": "bi-directional"}, "geometry": {"type": "LineString", "coordinates": [[113.91544496392207, 22.51041213408987], [113.91589040502399, 22.510044980184357], [113.91818595374889, 22.50830907848441], [113.91838715626295, 22.50813194715435], [113.91860722587346, 22.507972873278014], [113.91884829816902, 22.507886424693407]]}}, {"type": "Feature", "properties": {"arc": 111, "wealthier": 0.5772930015209975, "beautiful": 0.5094264943062173, "livelier": 0.7668299402514591, "depressing": 0.4251117823003377, "safer": 0.5336343434219456, "boring": 0.3291854032749424, "human": 0.0011038250393337, "vehicle": 0.0202692879570855, "construction": 0.1190298928154839, "nature": 0.3030803468492296, "sky": 0.3353186713324652, "object": 0.0064421759711371, "PI": 0.4677350818064887, "NI": 0.2988779510534166, "length": 173.6957101, "source": 346, "target": 344, "direction": "bi-directional"}, "geometry": {"type": "LineString", "coordinates": [[114.04190122111866, 22.51290974787871], [114.04157200933459, 22.511371321440034]]}}, {"type": "Feature", "properties": {"arc": 112, "wealthier": 0.4366235426483168, "beautiful": 0.533354138291205, "livelier": 0.5359470501939037, "depressing": 0.487231659114927, "safer": 0.4814457160425376, "boring": 0.4245021222599546, "human": 0.000546162923177, "vehicle": 0.0091796112060546, "construction": 0.1484726206461588, "nature": 0.269699961344401, "sky": 0.3633885447184245, "object": 0.0065229797363281, "PI": 0.3783164514511254, "NI": 0.336543038258219, "length": 695.8827143, "source": 346, "target": 368, "direction": "bi-directional"}, "geometry": {"type": "LineString", "coordinates": [[114.04190122111866, 22.51290974787871], [114.0433220309755, 22.512620890140237], [114.04464421501358, 22.512438817670283], [114.04571604240316, 22.512357436141038], [114.04626113120908, 22.512330752585488], [114.04749921802454, 22.512330390280248], [114.0486119314979, 22.512360175320094]]}}, {"type": "Feature", "properties": {"arc": 114, "wealthier": 0.5975155395014552, "beautiful": 0.6381044339800135, "livelier": 0.6000868162490701, "depressing": 0.3239888377500765, "safer": 0.6233141372868811, "boring": 0.3434592878154962, "human": 0.0009024693415715, "vehicle": 0.0181438739483173, "construction": 0.1124077658367972, "nature": 0.3626343816773505, "sky": 0.2746232024624818, "object": 0.0075518779265574, "PI": 0.4905733908249185, "NI": 0.2693379037283299, "length": 973.1986511, "source": 29, "target": 22, "direction": "bi-directional"}, "geometry": {"type": "LineString", "coordinates": [[113.89781054360527, 22.51075808168543], [113.89710758116635, 22.51039688266834], [113.89692085735241, 22.51030665167271], [113.8966097522301, 22.51017096554812], [113.89638011609003, 22.510048345325863], [113.89585843791528, 22.50972151317848], [113.89549298923104, 22.509468673176645], [113.8952654247915, 22.50928400910225], [113.89505400519968, 22.509071398437342], [113.89421271350662, 22.50796616604681], [113.89344459423214, 22.50690501454296], [113.89326108130888, 22.50660704189445], [113.89189299282809, 22.504194377454375]]}}, {"type": "Feature", "properties": {"arc": 117, "wealthier": 0.600970429570099, "beautiful": 0.596773134028405, "livelier": 0.6004562801791412, "depressing": 0.3960722493846318, "safer": 0.5730053046355428, "boring": 0.3598692786769583, "human": 0.0003204345703124, "vehicle": 0.0176895989312066, "construction": 0.0999484945226598, "nature": 0.3241937778614185, "sky": 0.3554698802806713, "object": 0.0061878274988245, "PI": 0.45790200950497817, "NI": 0.29493286696226506, "length": 452.6488188, "source": 391, "target": 378, "direction": "bi-directional"}, "geometry": {"type": "LineString", "coordinates": [[114.05548322485315, 22.513943821831127], [114.05427067943688, 22.51351013357752], [114.0535774569956, 22.51329761598282], [114.05129416694979, 22.51270665682041]]}}, {"type": "Feature", "properties": {"arc": 118, "wealthier": 0.5415520114752796, "beautiful": 0.4222857394879029, "livelier": 0.6874943731567713, "depressing": 0.4962787435676809, "safer": 0.505333198290572, "boring": 0.3478917820410404, "human": 0.0021451983535498, "vehicle": 0.0321733575118215, "construction": 0.1668624208684553, "nature": 0.1774799949244448, "sky": 0.3857445967824835, "object": 0.0108909606933593, "PI": 0.40666363283038565, "NI": 0.3802897238076688, "length": 661.83896, "source": 391, "target": 383, "direction": "bi-directional"}, "geometry": {"type": "LineString", "coordinates": [[114.05548322485315, 22.513943821831127], [114.055750837399, 22.5134921024326], [114.05609868368579, 22.512783373847284], [114.05612833657847, 22.512673622814532], [114.05612973442413, 22.51258296841366], [114.05610117235766, 22.512498665725655], [114.05605536773383, 22.512438581436832], [114.05593356323297, 22.512355229595], [114.05571750880995, 22.512272240416788], [114.05441753616927, 22.511869888488487], [114.05162601812158, 22.51117382624775]]}}, {"type": "Feature", "properties": {"arc": 119, "wealthier": 0.3348117883730022, "beautiful": 0.3056362456372652, "livelier": 0.3624963134841527, "depressing": 0.711675500545879, "safer": 0.2773658690083928, "boring": 0.6833749450329053, "human": 0.0012199966995804, "vehicle": 0.0217633423981843, "construction": 0.1219342549641927, "nature": 0.1423626652470341, "sky": 0.4723344025788484, "object": 0.0055004402443214, "PI": 0.2258524855842584, "NI": 0.4472682200343676, "length": 195.8909571, "source": 372, "target": 378, "direction": "bi-directional"}, "geometry": {"type": "LineString", "coordinates": [[114.0509490300469, 22.514445539272423], [114.05103491936485, 22.51387833284841], [114.05129416694979, 22.51270665682041]]}}, {"type": "Feature", "properties": {"arc": 120, "wealthier": 0.2739551056595768, "beautiful": 0.2278010533323094, "livelier": 0.4111445958107202, "depressing": 0.7594639669991515, "safer": 0.2292128973569001, "boring": 0.6821928285163021, "human": 0.0019101036919487, "vehicle": 0.0181888474358452, "construction": 0.1945376396179199, "nature": 0.0522659619649251, "sky": 0.4669704967074923, "object": 0.0055829154120551, "PI": 0.1880884166647883, "NI": 0.47564327337005335, "length": 274.7079285, "source": 60, "target": 66, "direction": "bi-directional"}, "geometry": {"type": "LineString", "coordinates": [[113.91352421538154, 22.512109490216584], [113.91394315843897, 22.511583471699634], [113.91416578840224, 22.51134895326145], [113.91491972808534, 22.510777922986602], [113.91544496392207, 22.51041213408987]]}}, {"type": "Feature", "properties": {"arc": 121, "wealthier": 0.233556516034989, "beautiful": 0.3329866413410899, "livelier": 0.1698472326749394, "depressing": 0.6768401325974941, "safer": 0.2374179818051803, "boring": 0.8186476382076866, "human": 0.0004251533084445, "vehicle": 0.0419521861606174, "construction": 0.023511701160007, "nature": 0.0971265368991428, "sky": 0.5675298902723525, "object": 0.0038393073611789, "PI": 0.1475301291143307, "NI": 0.46379284130722365, "length": 641.9737761, "source": 0, "target": 1, "direction": "bi-directional"}, "geometry": {"type": "LineString", "coordinates": [[113.86600056328803, 22.51122354349483], [113.86604370852173, 22.510885687119913], [113.86611539337886, 22.51050148622748], [113.86715885582163, 22.505527987727845]]}}, {"type": "Feature", "properties": {"arc": 122, "wealthier": 0.3945341894155544, "beautiful": 0.381812908177575, "livelier": 0.6797954002760259, "depressing": 0.5780789263369761, "safer": 0.4011525054989656, "boring": 0.3774471490365846, "human": 0.0020430246988932, "vehicle": 0.0297024408976237, "construction": 0.1584719657897949, "nature": 0.1799278259277344, "sky": 0.3679718653361002, "object": 0.0059432983398437, "PI": 0.3533720428369309, "NI": 0.3608008846721494, "length": 531.3574984, "source": 87, "target": 76, "direction": "bi-directional"}, "geometry": {"type": "LineString", "coordinates": [[113.92067215819979, 22.512375556529083], [113.91972285156244, 22.510065224847544], [113.91884829816902, 22.507886424693407]]}}, {"type": "Feature", "properties": {"arc": 123, "wealthier": 0.1243792071271461, "beautiful": 0.2064959162814486, "livelier": 0.1478387118014748, "depressing": 0.8199279561039594, "safer": 0.1288996365866207, "boring": 0.8380641140598689, "human": 0.0004848374260796, "vehicle": 0.0157974561055501, "construction": 0.0762008031209309, "nature": 0.0351550314161512, "sky": 0.5946578449673123, "object": 0.004900402492947, "PI": 0.06719840232760527, "NI": 0.5050120140228315, "length": 457.2955329, "source": 11, "target": 7, "direction": "bi-directional"}, "geometry": {"type": "LineString", "coordinates": [[113.88278055782003, 22.511646801957344], [113.87925866004227, 22.509127789198065]]}}, {"type": "Feature", "properties": {"arc": 124, "wealthier": 0.2126895767434386, "beautiful": 0.2296127316798328, "livelier": 0.2669460696681338, "depressing": 0.7801178086954649, "safer": 0.2016323168116743, "boring": 0.7790411639917243, "human": 0.0002558697229144, "vehicle": 0.0292096412044832, "construction": 0.1030454964473329, "nature": 0.0654308713715651, "sky": 0.5470315122056281, "object": 0.0047705858603291, "PI": 0.12731039568558006, "NI": 0.492011696483106, "length": 967.0680572, "source": 11, "target": 18, "direction": "bi-directional"}, "geometry": {"type": "LineString", "coordinates": [[113.88278055782003, 22.511646801957344], [113.88502680992718, 22.509538141504915], [113.88619326220079, 22.508463273898478], [113.88950664794979, 22.505548232475387]]}}, {"type": "Feature", "properties": {"arc": 125, "wealthier": 0.5843633256414899, "beautiful": 0.5244810914620042, "livelier": 0.5848217300117433, "depressing": 0.4456336616084491, "safer": 0.522547300177437, "boring": 0.414823478622782, "human": 0.0012931823730468, "vehicle": 0.0126144772484189, "construction": 0.1184591565813337, "nature": 0.1869395119803292, "sky": 0.4418730962844122, "object": 0.0056362152099609, "PI": 0.40773080512150245, "NI": 0.33632221404393975, "length": 178.0286227, "source": 343, "target": 342, "direction": "bi-directional"}, "geometry": {"type": "LineString", "coordinates": [[114.0410845832227, 22.514805483798078], [114.04051569073953, 22.513287188934374]]}}, {"type": "Feature", "properties": {"arc": 126, "wealthier": 0.4131219368861647, "beautiful": 0.3471077689212106, "livelier": 0.4470310567133428, "depressing": 0.655607351320399, "safer": 0.356566013462761, "boring": 0.6214675477071311, "human": 0.0004020531972249, "vehicle": 0.005947987238566, "construction": 0.1020840167999267, "nature": 0.2143677870432535, "sky": 0.455440107981364, "object": 0.0080080509185791, "PI": 0.2850281807511881, "NI": 0.4187856563592954, "length": 1025.17279, "source": 343, "target": 372, "direction": "bi-directional"}, "geometry": {"type": "LineString", "coordinates": [[114.0410845832227, 22.514805483798078], [114.04232176105302, 22.514502612275592], [114.04405251911848, 22.514219556555105], [114.04442796288, 22.51418085703793], [114.0462638448655, 22.514069751466895], [114.0468337225916, 22.51406909969599], [114.04844353230953, 22.514144067121705], [114.04884868700321, 22.51418767707487], [114.05041984560187, 22.51441528397492], [114.0509490300469, 22.514445539272423]]}}, {"type": "Feature", "properties": {"arc": 127, "wealthier": 0.3699554766248941, "beautiful": 0.3608592545467725, "livelier": 0.415549335754221, "depressing": 0.6274304129896782, "safer": 0.3395970125239398, "boring": 0.6028332373680444, "human": 0.0003459869869171, "vehicle": 0.0085196419367714, "construction": 0.0380325922890315, "nature": 0.2242474631657676, "sky": 0.4784395429823134, "object": 0.00507690792992, "PI": 0.2727758825637991, "NI": 0.3800415793713583, "length": 560.5914305, "source": 130, "target": 132, "direction": "bi-directional"}, "geometry": {"type": "LineString", "coordinates": [[113.93283232977677, 22.513054912542493], [113.93281765668551, 22.511690203946213], [113.9328847451859, 22.507993148516846]]}}, {"type": "Feature", "properties": {"arc": 128, "wealthier": 0.4613091491677217, "beautiful": 0.4222530039467784, "livelier": 0.4846285391781238, "depressing": 0.5631286852568361, "safer": 0.3832626526230819, "boring": 0.5061014161471741, "human": 0.0019186973571777, "vehicle": 0.0274035135904947, "construction": 0.0804688135782877, "nature": 0.2138033548990885, "sky": 0.4308884938557943, "object": 0.0053201039632161, "PI": 0.3383622715371612, "NI": 0.36731369589293034, "length": 561.6409231, "source": 108, "target": 106, "direction": "bi-directional"}, "geometry": {"type": "LineString", "coordinates": [[113.92760266507254, 22.5129567288776], [113.9272426790879, 22.507895934604573]]}}, {"type": "Feature", "properties": {"arc": 129, "wealthier": 0.3771499317844564, "beautiful": 0.4239879766434747, "livelier": 0.5146127702442179, "depressing": 0.5370284688785815, "safer": 0.3646150130897349, "boring": 0.446141881376952, "human": 0.0028877258300781, "vehicle": 0.0359125591459728, "construction": 0.1478353833395337, "nature": 0.229345473032149, "sky": 0.3186708177839006, "object": 0.0076267908489893, "PI": 0.342777766105069, "NI": 0.3631890723700379, "length": 538.2130644, "source": 108, "target": 130, "direction": "bi-directional"}, "geometry": {"type": "LineString", "coordinates": [[113.92760266507254, 22.5129567288776], [113.9289000505525, 22.512959477854228], [113.9317891677639, 22.513017119022276], [113.93283232977677, 22.513054912542493]]}}, {"type": "Feature", "properties": {"arc": 130, "wealthier": 0.7781207409123936, "beautiful": 0.588160485246734, "livelier": 0.7078067910789246, "depressing": 0.3818243154215315, "safer": 0.6785408641016631, "boring": 0.352959753776996, "human": 0.0014822988799124, "vehicle": 0.0260901306614731, "construction": 0.1073148900812322, "nature": 0.3201837539672851, "sky": 0.3059105728611802, "object": 0.0064838871811375, "PI": 0.5399416345256335, "NI": 0.287817487377426, "length": 474.3067598, "source": 372, "target": 390, "direction": "bi-directional"}, "geometry": {"type": "LineString", "coordinates": [[114.0509490300469, 22.514445539272423], [114.0512079827603, 22.514410145624392], [114.05153938274535, 22.51434130286582], [114.05179229911663, 22.51433869269109], [114.05236354009408, 22.514444980628], [114.05317290425418, 22.514644605175338], [114.05377944080416, 22.514835094015723], [114.05435143183061, 22.515071885136766], [114.05468443831079, 22.51522793024205], [114.05528920850396, 22.515548735483154]]}}, {"type": "Feature", "properties": {"arc": 131, "wealthier": 0.4826527924711548, "beautiful": 0.4321837002652438, "livelier": 0.511780562565527, "depressing": 0.504413465401721, "safer": 0.4528585140925264, "boring": 0.5558354344861857, "human": 0.000473764207628, "vehicle": 0.0098525153266059, "construction": 0.1382928424411349, "nature": 0.1726993984646267, "sky": 0.4040209452311198, "object": 0.0066297319200303, "PI": 0.3326657021618956, "NI": 0.3717970140275968, "length": 178.9352212, "source": 390, "target": 391, "direction": "bi-directional"}, "geometry": {"type": "LineString", "coordinates": [[114.05528920850396, 22.515548735483154], [114.05544458128071, 22.514484973699425], [114.05548322485315, 22.513943821831127]]}}, {"type": "Feature", "properties": {"arc": 132, "wealthier": 0.42500696594195, "beautiful": 0.4152543989045898, "livelier": 0.4814496336908332, "depressing": 0.6183571227215765, "safer": 0.3584672723617101, "boring": 0.5645623681005687, "human": 0.0003817346360948, "vehicle": 0.013217290242513, "construction": 0.0432332356770833, "nature": 0.262075318230523, "sky": 0.4509000778198242, "object": 0.0074886745876736, "PI": 0.3185067491153048, "NI": 0.3838866544968344, "length": 288.1598519, "source": 336, "target": 343, "direction": "bi-directional"}, "geometry": {"type": "LineString", "coordinates": [[114.0384573377918, 22.515701891407897], [114.0402832104149, 22.515031054449505], [114.0410845832227, 22.514805483798078]]}}, {"type": "Feature", "properties": {"arc": 136, "wealthier": 0.3480912895948672, "beautiful": 0.3316440875119917, "livelier": 0.3136605329831555, "depressing": 0.678066162601737, "safer": 0.306972084457304, "boring": 0.7203998803708916, "human": 0.0001369823109019, "vehicle": 0.0151481050433534, "construction": 0.0969323244961825, "nature": 0.0529559164336233, "sky": 0.575226234667229, "object": 0.004827441591205, "PI": 0.19253356649488648, "NI": 0.4589876548836242, "length": 404.0165593, "source": 14, "target": 11, "direction": "bi-directional"}, "geometry": {"type": "LineString", "coordinates": [[113.88590070830898, 22.513861905281477], [113.8838447029047, 22.51241393934262], [113.88278055782003, 22.511646801957344]]}}, {"type": "Feature", "properties": {"arc": 138, "wealthier": 0.0935346411100664, "beautiful": 0.1430720653378775, "livelier": 0.1545301220532817, "depressing": 0.8774340687287292, "safer": 0.0865121381642971, "boring": 0.8908339892167909, "human": 0.0001442557887027, "vehicle": 0.0198343511213336, "construction": 0.0504895595082065, "nature": 0.0972081067269308, "sky": 0.5903694587841369, "object": 0.0045117997286612, "PI": 0.05524391168064633, "NI": 0.5158278024267784, "length": 1095.456087, "source": 6, "target": 0, "direction": "bi-directional"}, "geometry": {"type": "LineString", "coordinates": [[113.87613035150007, 22.514269547209604], [113.87134447773141, 22.512825380145173], [113.8679451063706, 22.511821789147167], [113.86600056328803, 22.51122354349483]]}}, {"type": "Feature", "properties": {"arc": 139, "wealthier": 0.3635909918298478, "beautiful": 0.203172745513073, "livelier": 0.4747186158231304, "depressing": 0.8039193425010878, "safer": 0.2474189810162282, "boring": 0.6259460524152983, "human": 0.0001706142051547, "vehicle": 0.0072364433138978, "construction": 0.0616707521326401, "nature": 0.0273394865148207, "sky": 0.6294440849154604, "object": 0.0066630793552772, "PI": 0.1864228059466321, "NI": 0.47415705293224336, "length": 654.0602247, "source": 6, "target": 7, "direction": "bi-directional"}, "geometry": {"type": "LineString", "coordinates": [[113.87613035150007, 22.514269547209604], [113.87925866004227, 22.509127789198065]]}}, {"type": "Feature", "properties": {"arc": 142, "wealthier": 0.3013436182804058, "beautiful": 0.278030712258958, "livelier": 0.3982233412738806, "depressing": 0.6983147381463117, "safer": 0.2755435629498913, "boring": 0.6574324076431552, "human": 0.0020770048483824, "vehicle": 0.0124315115121694, "construction": 0.1652912237705328, "nature": 0.0822056990403395, "sky": 0.4517142467009716, "object": 0.0046195983886718, "PI": 0.21728868089362374, "NI": 0.43642321722749616, "length": 274.2125831, "source": 43, "target": 54, "direction": "bi-directional"}, "geometry": {"type": "LineString", "coordinates": [[113.90842269695271, 22.514861064140664], [113.9101043626031, 22.51507878110292], [113.91076403281802, 22.515119788362917], [113.91106741920213, 22.515158069007278]]}}, {"type": "Feature", "properties": {"arc": 143, "wealthier": 0.4086799571576782, "beautiful": 0.3130433239567396, "livelier": 0.50800193339813, "depressing": 0.6382915379396793, "safer": 0.3503126492471082, "boring": 0.5521179840332099, "human": 0.0011083939496208, "vehicle": 0.0151136061724494, "construction": 0.1386740441415823, "nature": 0.1298334458295037, "sky": 0.4534306619681564, "object": 0.0051000632491766, "PI": 0.27646522230220794, "NI": 0.40375674854592675, "length": 421.9069421, "source": 54, "target": 60, "direction": "bi-directional"}, "geometry": {"type": "LineString", "coordinates": [[113.91106741920213, 22.515158069007278], [113.91126814636257, 22.51491369882621], [113.91162709243783, 22.514528586664152], [113.91352421538154, 22.512109490216584]]}}, {"type": "Feature", "properties": {"arc": 144, "wealthier": 0.3032168081099555, "beautiful": 0.364799010551914, "livelier": 0.3626214383920556, "depressing": 0.6476908752293243, "safer": 0.3020797218192826, "boring": 0.6602582295401538, "human": 0.0005977028294613, "vehicle": 0.014474166067023, "construction": 0.056963234616999, "nature": 0.2682878594649466, "sky": 0.4170371607730262, "object": 0.0037733713785807, "PI": 0.2593124689984762, "NI": 0.37945086048504256, "length": 425.1022164, "source": 373, "target": 372, "direction": "bi-directional"}, "geometry": {"type": "LineString", "coordinates": [[114.05099440895148, 22.518188531948123], [114.0508411173028, 22.517720979240593], [114.05061853088567, 22.516862380110556], [114.05054545616598, 22.516536013796102], [114.0505260791366, 22.5163441267477], [114.05055987265256, 22.516052464110786], [114.0507221971517, 22.515300721847797], [114.0509490300469, 22.514445539272423]]}}, {"type": "Feature", "properties": {"arc": 145, "wealthier": 0.3950368388060848, "beautiful": 0.3457266365675709, "livelier": 0.4572514960298874, "depressing": 0.6237244264302525, "safer": 0.3386688166386791, "boring": 0.528091459045263, "human": 0.0002808888753255, "vehicle": 0.0254064348008897, "construction": 0.094493654039171, "nature": 0.205906507703993, "sky": 0.4319897969563802, "object": 0.0055092281765407, "PI": 0.27687533025487593, "NI": 0.3867183362098164, "length": 390.7650961, "source": 137, "target": 130, "direction": "bi-directional"}, "geometry": {"type": "LineString", "coordinates": [[113.9339837629808, 22.51641736310585], [113.93314656808751, 22.51403259034337], [113.93283232977677, 22.513054912542493]]}}, {"type": "Feature", "properties": {"arc": 147, "wealthier": 0.1102068985023823, "beautiful": 0.1222519638817664, "livelier": 0.2072750613422701, "depressing": 0.8801819293454703, "safer": 0.0969956161991223, "boring": 0.8666029251691574, "human": 0.0002769231796264, "vehicle": 0.0101467768351236, "construction": 0.0671812693277994, "nature": 0.0542880296707153, "sky": 0.5850498278935751, "object": 0.0047042369842529, "PI": 0.05728068971684461, "NI": 0.5100707058714425, "length": 389.2641708, "source": 8, "target": 6, "direction": "bi-directional"}, "geometry": {"type": "LineString", "coordinates": [[113.87961544331257, 22.515637614345998], [113.87707861036239, 22.514630127869733], [113.87613035150007, 22.514269547209604]]}}, {"type": "Feature", "properties": {"arc": 150, "wealthier": 0.4227438726740012, "beautiful": 0.4079122256898189, "livelier": 0.4899649068933205, "depressing": 0.5603726544631202, "safer": 0.3812984698939085, "boring": 0.5187249217305148, "human": 0.0024641036987304, "vehicle": 0.020046763949924, "construction": 0.1218031565348307, "nature": 0.2164046181572808, "sky": 0.3910641140407985, "object": 0.0085814581976996, "PI": 0.33721383074120764, "NI": 0.3858922354609285, "length": 880.4837021, "source": 36, "target": 29, "direction": "bi-directional"}, "geometry": {"type": "LineString", "coordinates": [[113.90359366790544, 22.516618746016633], [113.8986762057137, 22.511610245784826], [113.89830463292081, 22.511241563766806], [113.89781054360527, 22.51075808168543]]}}, {"type": "Feature", "properties": {"arc": 151, "wealthier": 0.349977540773144, "beautiful": 0.3482044577421911, "livelier": 0.4127022120843174, "depressing": 0.6497163667768581, "safer": 0.326854733646834, "boring": 0.6274056501735277, "human": 0.0027086009149966, "vehicle": 0.026502415753793, "construction": 0.1568256599315698, "nature": 0.0882726199385048, "sky": 0.4645730723505435, "object": 0.0059718809266021, "PI": 0.25999339313972286, "NI": 0.4416714846222742, "length": 547.8094588, "source": 36, "target": 43, "direction": "bi-directional"}, "geometry": {"type": "LineString", "coordinates": [[113.90359366790544, 22.516618746016633], [113.90410371754022, 22.516259848845465], [113.9045627795164, 22.515989680253494], [113.904973467524, 22.515784656848552], [113.90565677249243, 22.515470726014172], [113.90624993449762, 22.51517271336081], [113.90666307247045, 22.5149948515891], [113.90706002252102, 22.514884127143343], [113.9074274653765, 22.514830712780647], [113.90778856659634, 22.514822278144305], [113.90842269695271, 22.514861064140664]]}}, {"type": "Feature", "properties": {"arc": 152, "wealthier": 0.4294193163845847, "beautiful": 0.3864318601409007, "livelier": 0.4768831992196537, "depressing": 0.6064742536425771, "safer": 0.3718565689588816, "boring": 0.5483970298542962, "human": 0.0005925881742226, "vehicle": 0.0193522867530283, "construction": 0.0613165961371527, "nature": 0.2427409778941761, "sky": 0.4294394868792909, "object": 0.0052476170087101, "PI": 0.31315058104019494, "NI": 0.36967994960073675, "length": 773.4013623, "source": 409, "target": 373, "direction": "bi-directional"}, "geometry": {"type": "LineString", "coordinates": [[114.05828892118207, 22.519595614409848], [114.0574563179373, 22.51926753223378], [114.05641998807005, 22.518907622831946], [114.05541422044465, 22.518635356692553], [114.0543841637119, 22.518423637806446], [114.05349252585475, 22.518299246552147], [114.05281562392837, 22.518239511982767], [114.05214916204311, 22.518204041822376], [114.05099440895148, 22.518188531948123]]}}, {"type": "Feature", "properties": {"arc": 153, "wealthier": 0.6571876219192917, "beautiful": 0.6474570600833384, "livelier": 0.7729565790751051, "depressing": 0.3194399736739889, "safer": 0.6737001322995272, "boring": 0.1671426111940004, "human": 0.002081298828125, "vehicle": 0.0159218788146972, "construction": 0.1108278274536133, "nature": 0.4328858057657877, "sky": 0.1459867477416992, "object": 0.0068091710408528, "PI": 0.5775451215752053, "NI": 0.19540358825152168, "length": 708.0765912, "source": 409, "target": 390, "direction": "bi-directional"}, "geometry": {"type": "LineString", "coordinates": [[114.05828892118207, 22.519595614409848], [114.05861272744274, 22.519188760180292], [114.05922531256823, 22.518175941294803], [114.05928069113928, 22.518048927382747], [114.05929967573351, 22.517945760887216], [114.05928085990571, 22.51784092083542], [114.05924348491789, 22.517774640330135], [114.0591353087395, 22.517668168465676], [114.05893879035291, 22.517532077485402], [114.05795958668972, 22.516950392842592], [114.05611012198634, 22.515967348489216], [114.05528920850396, 22.515548735483154]]}}, {"type": "Feature", "properties": {"arc": 154, "wealthier": 0.1839467258907654, "beautiful": 0.2341390453466553, "livelier": 0.17449754300077, "depressing": 0.7872650151226642, "safer": 0.1464651462747805, "boring": 0.898441569784576, "human": 0.0002038401942099, "vehicle": 0.0061012391121156, "construction": 0.0452111562093098, "nature": 0.0783821434103032, "sky": 0.6082083999469715, "object": 0.0052995579217069, "PI": 0.09821849769252243, "NI": 0.49871371211853305, "length": 811.7213797, "source": 8, "target": 14, "direction": "bi-directional"}, "geometry": {"type": "LineString", "coordinates": [[113.87961544331257, 22.515637614345998], [113.88141795826606, 22.516343182109477], [113.88185126411639, 22.516530493497402], [113.88240269276115, 22.516801487125115], [113.88254613485837, 22.516842878648916], [113.88267071293767, 22.51683710878534], [113.8828001690357, 22.516778524180932], [113.88296303271844, 22.516648379993253], [113.88590070830898, 22.513861905281477]]}}, {"type": "Feature", "properties": {"arc": 155, "wealthier": 0.4208785885257562, "beautiful": 0.3622210328482763, "livelier": 0.4285548836308624, "depressing": 0.6077668098684474, "safer": 0.3843801084765295, "boring": 0.6474646362706806, "human": 0.0001072038150002, "vehicle": 0.0212616210288189, "construction": 0.0296027812551944, "nature": 0.1743680669906291, "sky": 0.5390299939094706, "object": 0.0029366811116536, "PI": 0.2766498128574738, "NI": 0.39460055329943594, "length": 1257.380587, "source": 5, "target": 0, "direction": "bi-directional"}, "geometry": {"type": "LineString", "coordinates": [[113.87462759831352, 22.516738713254142], [113.87370834846483, 22.516433903342985], [113.86682565125375, 22.514381541317917], [113.86648231505723, 22.51425730283502], [113.86624147412415, 22.514129514848698], [113.86601067187333, 22.513942017431752], [113.86589347589012, 22.513811611124986], [113.86580807250162, 22.513689166457876], [113.86568103943104, 22.513413626775847], [113.86562494866531, 22.513135385603228], [113.86562690067178, 22.512908426458754], [113.86567219829459, 22.512605799891563], [113.86587633145224, 22.511676914994055], [113.86600056328803, 22.51122354349483]]}}, {"type": "Feature", "properties": {"arc": 156, "wealthier": 0.2842474668186201, "beautiful": 0.2170119449311146, "livelier": 0.2918674620824315, "depressing": 0.7802137108201714, "safer": 0.2186269384152092, "boring": 0.787379820931947, "human": 0.0002316368950737, "vehicle": 0.0140212906731499, "construction": 0.0497728453742133, "nature": 0.0713496208190918, "sky": 0.6026380856831869, "object": 0.0052325460645887, "PI": 0.14639292013391944, "NI": 0.48325296772626025, "length": 314.1141109, "source": 5, "target": 6, "direction": "bi-directional"}, "geometry": {"type": "LineString", "coordinates": [[113.87462759831352, 22.516738713254142], [113.87613035150007, 22.514269547209604]]}}, {"type": "Feature", "properties": {"arc": 157, "wealthier": 0.4829711507807013, "beautiful": 0.4183246652543409, "livelier": 0.5770144749306595, "depressing": 0.5734285892365996, "safer": 0.4000498430665786, "boring": 0.4379789911724563, "human": 0.0012178922954358, "vehicle": 0.0282829351592482, "construction": 0.1051733117354543, "nature": 0.2165465773197643, "sky": 0.4099081273664509, "object": 0.0052858653821443, "PI": 0.3541219752429448, "NI": 0.3598607827303742, "length": 551.3598054, "source": 109, "target": 108, "direction": "bi-directional"}, "geometry": {"type": "LineString", "coordinates": [[113.92766759091357, 22.517935130108228], [113.92763260984204, 22.516607301177896], [113.92763052913611, 22.514725247749254], [113.92760266507254, 22.5129567288776]]}}, {"type": "Feature", "properties": {"arc": 158, "wealthier": 0.5084234368428515, "beautiful": 0.4288752459224424, "livelier": 0.6074251008380974, "depressing": 0.51953362440028, "safer": 0.4114644760077118, "boring": 0.3881445644396699, "human": 0.0010377248128255, "vehicle": 0.0327376471625434, "construction": 0.0836288028293185, "nature": 0.2742942386203342, "sky": 0.3743450588650173, "object": 0.0055419498019748, "PI": 0.3805938168888657, "NI": 0.32936033831430145, "length": 377.2348918, "source": 109, "target": 122, "direction": "bi-directional"}, "geometry": {"type": "LineString", "coordinates": [[113.92766759091357, 22.517935130108228], [113.93006229640203, 22.51736019021739], [113.93121366684092, 22.517069031462057]]}}, {"type": "Feature", "properties": {"arc": 159, "wealthier": 0.311842897823446, "beautiful": 0.2747157538051146, "livelier": 0.5862009922845333, "depressing": 0.8058884738079685, "safer": 0.2529286973306155, "boring": 0.3732180551056184, "human": 0.0009678141276041, "vehicle": 0.0297013092041015, "construction": 0.2479929606119791, "nature": 0.0431057739257812, "sky": 0.4191854095458983, "object": 0.0046424102783203, "PI": 0.2274042065067108, "NI": 0.4366180158402182, "length": 633.0378644, "source": 89, "target": 87, "direction": "bi-directional"}, "geometry": {"type": "LineString", "coordinates": [[113.92210108976226, 22.517890943355216], [113.92208923262214, 22.51739022852268], [113.92199342118549, 22.51646699977959], [113.92191461505008, 22.515906487000667], [113.92179581694649, 22.51533292579913], [113.92165580010976, 22.514842971464372], [113.921492635138, 22.514364513447468], [113.92067215819979, 22.512375556529083]]}}, {"type": "Feature", "properties": {"arc": 160, "wealthier": 0.3139143945028066, "beautiful": 0.3285374284164225, "livelier": 0.6007257593195215, "depressing": 0.6688383552030209, "safer": 0.3169352855485058, "boring": 0.4218101297494425, "human": 0.0014920234680175, "vehicle": 0.0416208638085259, "construction": 0.1707108285692002, "nature": 0.1184513039059109, "sky": 0.4082626501719157, "object": 0.0075623989105224, "PI": 0.2771351900352019, "NI": 0.4187530165423172, "length": 572.7847811, "source": 89, "target": 109, "direction": "bi-directional"}, "geometry": {"type": "LineString", "coordinates": [[113.92210108976226, 22.517890943355216], [113.9237272318645, 22.517880344880975], [113.92446037690642, 22.517901739513583], [113.92581003187603, 22.517904153367283], [113.9263979651109, 22.517923702320196], [113.92766759091357, 22.517935130108228]]}}, {"type": "Feature", "properties": {"arc": 161, "wealthier": 0.4160498270258462, "beautiful": 0.3460410483022459, "livelier": 0.4673714965341325, "depressing": 0.6015763861903428, "safer": 0.3715426466910868, "boring": 0.5998161518176897, "human": 0.0003315607706705, "vehicle": 0.034454345703125, "construction": 0.0772848924001058, "nature": 0.1698368390401204, "sky": 0.46782120068868, "object": 0.0058897336324055, "PI": 0.2798418369884157, "NI": 0.40855942204498713, "length": 200.6671385, "source": 144, "target": 137, "direction": "bi-directional"}, "geometry": {"type": "LineString", "coordinates": [[113.93460235942992, 22.518135909198655], [113.9339837629808, 22.51641736310585]]}}, {"type": "Feature", "properties": {"arc": 162, "wealthier": 0.2583123817903539, "beautiful": 0.2819743451516329, "livelier": 0.137621950146917, "depressing": 0.7021717443197315, "safer": 0.2038540818134909, "boring": 0.920526489340008, "human": 0.0001250321302956, "vehicle": 0.0073289173405344, "construction": 0.0286834065507097, "nature": 0.1198548107612423, "sky": 0.5862690995379194, "object": 0.0058124511222529, "PI": 0.13218448634634297, "NI": 0.47976102805941734, "length": 1177.063558, "source": 196, "target": 191, "direction": "bi-directional"}, "geometry": {"type": "LineString", "coordinates": [[113.94815267886901, 22.518614910148205], [113.94651465439877, 22.508095089997525]]}}, {"type": "Feature", "properties": {"arc": 163, "wealthier": 0.2950042357513843, "beautiful": 0.2952980368853816, "livelier": 0.4297322812933654, "depressing": 0.6781554880362213, "safer": 0.2692630646114041, "boring": 0.6151675544249652, "human": 0.0007582271800321, "vehicle": 0.0120396333582261, "construction": 0.1064618802538105, "nature": 0.1420967251646752, "sky": 0.4648362702014401, "object": 0.0044493207744523, "PI": 0.22278517624624736, "NI": 0.40858444802629096, "length": 465.9037133, "source": 62, "target": 54, "direction": "bi-directional"}, "geometry": {"type": "LineString", "coordinates": [[113.91421483913334, 22.51818294427689], [113.91298544155187, 22.51701560819077], [113.91106741920213, 22.515158069007278]]}}, {"type": "Feature", "properties": {"arc": 165, "wealthier": 0.2415380300848432, "beautiful": 0.3055226080477057, "livelier": 0.3764688201752671, "depressing": 0.6744835413381621, "safer": 0.2560370452733175, "boring": 0.6264059882380459, "human": 0.0007408989800347, "vehicle": 0.0383499993218315, "construction": 0.0946178436279296, "nature": 0.1757319980197483, "sky": 0.4471016354031033, "object": 0.007152599758572, "PI": 0.21092197422342843, "NI": 0.4369244472794862, "length": 325.8341711, "source": 415, "target": 409, "direction": "bi-directional"}, "geometry": {"type": "LineString", "coordinates": [[114.06099083735458, 22.521123922915677], [114.06012901627545, 22.5205706613205], [114.05962684182809, 22.520273308186884], [114.05890748362516, 22.519896237842637], [114.05828892118207, 22.519595614409848]]}}, {"type": "Feature", "properties": {"arc": 166, "wealthier": 0.5027180822940812, "beautiful": 0.4560883372862394, "livelier": 0.5349780032989452, "depressing": 0.51403509558959, "safer": 0.4759412158438287, "boring": 0.5048521095304813, "human": 0.0031082280476888, "vehicle": 0.0223410542805989, "construction": 0.087092399597168, "nature": 0.2349483744303385, "sky": 0.4186068216959636, "object": 0.0068162790934244, "PI": 0.39798095510010306, "NI": 0.36232818633437586, "length": 1290.780169, "source": 415, "target": 391, "direction": "bi-directional"}, "geometry": {"type": "LineString", "coordinates": [[114.06099083735458, 22.521123922915677], [114.0629992946387, 22.519381611912678], [114.06308046684407, 22.51927602164481], [114.06311421384721, 22.519178746277454], [114.06310561488861, 22.519088100881888], [114.06305493658998, 22.518995003171252], [114.06288320627363, 22.518842243781716], [114.06209841023882, 22.518285429430122], [114.05967168089627, 22.516506012029957], [114.05830683049385, 22.51555379931143], [114.0575770095262, 22.515119989496057], [114.05701438660051, 22.514760771296604], [114.05548322485315, 22.513943821831127]]}}, {"type": "Feature", "properties": {"arc": 167, "wealthier": 0.2288123754871609, "beautiful": 0.289816278497259, "livelier": 0.4369685517679734, "depressing": 0.7107206051493941, "safer": 0.2277293299404413, "boring": 0.5052572183912317, "human": 0.004588762919108, "vehicle": 0.0273283322652181, "construction": 0.1732321580251058, "nature": 0.1722995440165201, "sky": 0.3883172671000162, "object": 0.0066600640614827, "PI": 0.26043923431311555, "NI": 0.4203737438726205, "length": 199.1773261, "source": 126, "target": 122, "direction": "bi-directional"}, "geometry": {"type": "LineString", "coordinates": [[113.93168032366526, 22.518814642367598], [113.93121366684092, 22.517069031462057]]}}, {"type": "Feature", "properties": {"arc": 168, "wealthier": 0.4937853805426742, "beautiful": 0.4033512490409703, "livelier": 0.5874152368269814, "depressing": 0.5160119549435545, "safer": 0.39467222437427, "boring": 0.4132195149034303, "human": 0.0011251400678585, "vehicle": 0.0287076998979617, "construction": 0.1078734764685997, "nature": 0.1865367889404296, "sky": 0.4150203313582983, "object": 0.0057341746794871, "PI": 0.34563141148102267, "NI": 0.3503999453924253, "length": 309.879864, "source": 126, "target": 144, "direction": "bi-directional"}, "geometry": {"type": "LineString", "coordinates": [[113.93168032366526, 22.518814642367598], [113.93460235942992, 22.518135909198655]]}}, {"type": "Feature", "properties": {"arc": 169, "wealthier": 0.9089679885577266, "beautiful": 0.7654200111652919, "livelier": 0.8420420305861384, "depressing": 0.1762130561785192, "safer": 0.8225649826959568, "boring": 0.1495356074727535, "human": 0.0010396321614583, "vehicle": 0.0166773160298665, "construction": 0.0399513721466064, "nature": 0.477803897857666, "sky": 0.2354799429575602, "object": 0.0053624947865804, "PI": 0.6805859804362392, "NI": 0.15975876427955274, "length": 1121.681621, "source": 316, "target": 336, "direction": "bi-directional"}, "geometry": {"type": "LineString", "coordinates": [[114.0289968924288, 22.52073647140032], [114.0384573377918, 22.515701891407897]]}}, {"type": "Feature", "properties": {"arc": 170, "wealthier": 0.4461139255769903, "beautiful": 0.4178175393102499, "livelier": 0.4539665987120763, "depressing": 0.6143819318694537, "safer": 0.3713623043910544, "boring": 0.5749691583118394, "human": 0.0007501443227132, "vehicle": 0.0215681923760308, "construction": 0.0596864223480224, "nature": 0.2253234121534559, "sky": 0.4481010966830783, "object": 0.0051953527662489, "PI": 0.31498624017022253, "NI": 0.3817101387838815, "length": 699.6785458, "source": 345, "target": 336, "direction": "bi-directional"}, "geometry": {"type": "LineString", "coordinates": [[114.04188323375244, 22.521159994208954], [114.0384573377918, 22.515701891407897]]}}, {"type": "Feature", "properties": {"arc": 171, "wealthier": 0.3099383363990312, "beautiful": 0.3326389468417676, "livelier": 0.3020162559754426, "depressing": 0.6581246998674362, "safer": 0.278381084350479, "boring": 0.699624643221716, "human": 0.00057829627695, "vehicle": 0.0311406009881071, "construction": 0.0852661576381949, "nature": 0.1686375196589979, "sky": 0.4678161680236343, "object": 0.0045706726783929, "PI": 0.2134141247794293, "NI": 0.4284985601251599, "length": 1006.628074, "source": 345, "target": 373, "direction": "bi-directional"}, "geometry": {"type": "LineString", "coordinates": [[114.04188323375244, 22.521159994208954], [114.04338779991997, 22.52032461532949], [114.04397379758622, 22.52001223554592], [114.04446385749306, 22.519770014227323], [114.0454918199982, 22.519324756752127], [114.04652984268344, 22.518957558157183], [114.04765156266915, 22.518642134249877], [114.04885115647728, 22.518402497065978], [114.04990124825625, 22.518264739098434], [114.05044941235795, 22.518217335562642], [114.05099440895148, 22.518188531948123]]}}, {"type": "Feature", "properties": {"arc": 173, "wealthier": 0.2595827844778438, "beautiful": 0.3152027543783986, "livelier": 0.3138541475736278, "depressing": 0.6957866177328685, "safer": 0.2580743026736033, "boring": 0.7210292898030088, "human": 0.0015668135422926, "vehicle": 0.0306262969970703, "construction": 0.0734095940223107, "nature": 0.1168763087346003, "sky": 0.5195621099227513, "object": 0.0067304953550681, "PI": 0.19972665704427794, "NI": 0.46230026028804777, "length": 359.0553972, "source": 33, "target": 36, "direction": "bi-directional"}, "geometry": {"type": "LineString", "coordinates": [[113.9010525246996, 22.51883911805934], [113.90132987775306, 22.518631982947774], [113.90155649026302, 22.51844039473091], [113.90314201126473, 22.517042302149356], [113.90359366790544, 22.516618746016633]]}}, {"type": "Feature", "properties": {"arc": 174, "wealthier": 0.3295601487151588, "beautiful": 0.3230505111869318, "livelier": 0.657427776191273, "depressing": 0.6770069013225185, "safer": 0.3075970313257826, "boring": 0.3417187568171825, "human": 0.0020135243733723, "vehicle": 0.0531276067097981, "construction": 0.1126175721486409, "nature": 0.1524899800618489, "sky": 0.4374903837839762, "object": 0.0102214018503824, "PI": 0.3033838469375119, "NI": 0.4200405359073886, "length": 194.8282347, "source": 110, "target": 109, "direction": "bi-directional"}, "geometry": {"type": "LineString", "coordinates": [[113.92777418266436, 22.519691268573496], [113.92768580070883, 22.518572625104465], [113.92766759091357, 22.517935130108228]]}}, {"type": "Feature", "properties": {"arc": 175, "wealthier": 0.4924033376462055, "beautiful": 0.4739498415273349, "livelier": 0.5171014495201004, "depressing": 0.5292619539011586, "safer": 0.4059284264354907, "boring": 0.4222691019414381, "human": 0.001232483807732, "vehicle": 0.0242216072830499, "construction": 0.0745951334635416, "nature": 0.2910304724001417, "sky": 0.3662606407614315, "object": 0.0056718190511067, "PI": 0.37430313093483175, "NI": 0.32651912322411175, "length": 413.4413047, "source": 110, "target": 126, "direction": "bi-directional"}, "geometry": {"type": "LineString", "coordinates": [[113.92777418266436, 22.519691268573496], [113.92850740417684, 22.519537779708386], [113.93168032366526, 22.518814642367598]]}}, {"type": "Feature", "properties": {"arc": 176, "wealthier": 0.4009882118466728, "beautiful": 0.3876328521216635, "livelier": 0.5856809150791699, "depressing": 0.5354919669239518, "safer": 0.3877438096306175, "boring": 0.3786084318404065, "human": 0.0028525823834298, "vehicle": 0.0272990040395451, "construction": 0.1372020546047166, "nature": 0.164084445471051, "sky": 0.3930267684761135, "object": 0.0065711887403466, "PI": 0.3412044018450642, "NI": 0.3553485511765597, "length": 731.6261001, "source": 59, "target": 43, "direction": "bi-directional"}, "geometry": {"type": "LineString", "coordinates": [[113.9124902081527, 22.519752137126396], [113.911959472364, 22.519368537340867], [113.91152343421678, 22.519099080093273], [113.91110224333819, 22.51889039077534], [113.91028240583367, 22.518519440940086], [113.90998413662278, 22.51836177271997], [113.90969262420232, 22.518151703070327], [113.90944221743375, 22.517900832836986], [113.9093298379351, 22.517752579085176], [113.9092277939735, 22.51758534095547], [113.90907419192652, 22.517220782265312], [113.90842269695271, 22.514861064140664]]}}, {"type": "Feature", "properties": {"arc": 180, "wealthier": 0.3058939637895151, "beautiful": 0.2695198873141879, "livelier": 0.4670423858754562, "depressing": 0.701941448218681, "safer": 0.2821724080644373, "boring": 0.6400987687418972, "human": 0.0007444269516888, "vehicle": 0.0067229551427504, "construction": 0.095673448899213, "nature": 0.1457751592000325, "sky": 0.5199719036326689, "object": 0.0061917024500229, "PI": 0.2301200404178583, "NI": 0.43570135580992736, "length": 800.9890463, "source": 168, "target": 196, "direction": "bi-directional"}, "geometry": {"type": "LineString", "coordinates": [[113.94079708941275, 22.520661665576892], [113.94166635665708, 22.520226622196198], [113.94225006219433, 22.51991105913893], [113.94287005988953, 22.519599203015254], [113.94337218278743, 22.519380903423144], [113.9437723028315, 22.51924608369618], [113.94445694133438, 22.519083164206553], [113.94584007129029, 22.518869240506778], [113.9466149551517, 22.518773670777673], [113.94815267886901, 22.518614910148205]]}}, {"type": "Feature", "properties": {"arc": 182, "wealthier": 0.3423369133808783, "beautiful": 0.2374065672633003, "livelier": 0.4940478884439609, "depressing": 0.760452878752519, "safer": 0.2645589680505629, "boring": 0.6532474926396749, "human": 0.0007572174072265, "vehicle": 0.0156423395330255, "construction": 0.1470099940444484, "nature": 0.1246752305464311, "sky": 0.4722553021980055, "object": 0.009214516842004, "PI": 0.22759340100626094, "NI": 0.4770509840480168, "length": 243.2826756, "source": 156, "target": 168, "direction": "bi-directional"}, "geometry": {"type": "LineString", "coordinates": [[113.93851327239692, 22.52123067320793], [113.93993011659612, 22.52089172000989], [113.94079708941275, 22.520661665576892]]}}, {"type": "Feature", "properties": {"arc": 183, "wealthier": 0.3612985886810949, "beautiful": 0.3766069021739319, "livelier": 0.4709133389539671, "depressing": 0.5929068806018497, "safer": 0.3381613940177269, "boring": 0.5069782873545053, "human": 0.0017665227254231, "vehicle": 0.0259897797195999, "construction": 0.1269702558164243, "nature": 0.1563245632030346, "sky": 0.4170116495203088, "object": 0.0046688715616861, "PI": 0.2856748708445109, "NI": 0.379102187927624, "length": 457.5246992, "source": 71, "target": 62, "direction": "bi-directional"}, "geometry": {"type": "LineString", "coordinates": [[113.9173126746611, 22.521147066095672], [113.91645228404634, 22.52034350978112], [113.91421483913334, 22.51818294427689]]}}, {"type": "Feature", "properties": {"arc": 184, "wealthier": 0.3398110989128184, "beautiful": 0.3030429514857052, "livelier": 0.6293512785171604, "depressing": 0.6390627732526062, "safer": 0.3130248671157707, "boring": 0.4630914243152413, "human": 0.0028082832457527, "vehicle": 0.0432257879348028, "construction": 0.2047844841366723, "nature": 0.1036231328570653, "sky": 0.3864142402770027, "object": 0.0082861279684399, "PI": 0.29471958699099216, "NI": 0.43118763339848004, "length": 610.4988567, "source": 71, "target": 89, "direction": "bi-directional"}, "geometry": {"type": "LineString", "coordinates": [[113.9173126746611, 22.521147066095672], [113.92210108976226, 22.517890943355216]]}}, {"type": "Feature", "properties": {"arc": 185, "wealthier": 0.3030392232849438, "beautiful": 0.3341583027947798, "livelier": 0.3353339108464329, "depressing": 0.6830230086436371, "safer": 0.2870515387877157, "boring": 0.6512098711219972, "human": 0.0006882349650065, "vehicle": 0.0425667762756347, "construction": 0.0899004300435384, "nature": 0.1366979281107584, "sky": 0.4854587872823078, "object": 0.0039341608683268, "PI": 0.21386911067301403, "NI": 0.43538012117007785, "length": 530.7668921, "source": 334, "target": 345, "direction": "bi-directional"}, "geometry": {"type": "LineString", "coordinates": [[114.03745448113274, 22.523618072220483], [114.0379709789582, 22.523315274488773], [114.04188323375244, 22.521159994208954]]}}, {"type": "Feature", "properties": {"arc": 186, "wealthier": 0.4288674926942397, "beautiful": 0.3113561815980241, "livelier": 0.5858181232146571, "depressing": 0.6083189839870166, "safer": 0.3463048631994573, "boring": 0.4841281150938259, "human": 0.0007298787434895, "vehicle": 0.0110556284586588, "construction": 0.0815221071243286, "nature": 0.21543550491333, "sky": 0.4455572764078775, "object": 0.0054785013198852, "PI": 0.31078197647157085, "NI": 0.36502124664149815, "length": 436.5176937, "source": 147, "target": 144, "direction": "bi-directional"}, "geometry": {"type": "LineString", "coordinates": [[113.93592173207571, 22.521882401451766], [113.93460235942992, 22.518135909198655]]}}, {"type": "Feature", "properties": {"arc": 187, "wealthier": 0.2219118997520918, "beautiful": 0.2219408277272845, "livelier": 0.477351498413039, "depressing": 0.740367028570196, "safer": 0.2323471126654377, "boring": 0.628654850110974, "human": 0.0011419238466205, "vehicle": 0.0309545921556877, "construction": 0.2416402065392697, "nature": 0.1178396398370916, "sky": 0.3722290270256273, "object": 0.0063400846539121, "PI": 0.19807210918389492, "NI": 0.46586691114721557, "length": 276.2136859, "source": 147, "target": 156, "direction": "bi-directional"}, "geometry": {"type": "LineString", "coordinates": [[113.93592173207571, 22.521882401451766], [113.93851327239692, 22.52123067320793]]}}, {"type": "Feature", "properties": {"arc": 188, "wealthier": 0.5495777920566746, "beautiful": 0.5424109977574786, "livelier": 0.6005236750175996, "depressing": 0.3879919847781428, "safer": 0.564267241870155, "boring": 0.3605746735279604, "human": 0.0028401215871175, "vehicle": 0.0371749401092529, "construction": 0.0768102804819743, "nature": 0.1912549336751302, "sky": 0.4214200178782146, "object": 0.0037969748179117, "PI": 0.4358809460510251, "NI": 0.3040124457635059, "length": 413.1925996, "source": 318, "target": 316, "direction": "bi-directional"}, "geometry": {"type": "LineString", "coordinates": [[114.03111649959392, 22.523905548070196], [114.03087537752371, 22.523526029152805], [114.02981908768253, 22.52198063375003], [114.0289968924288, 22.52073647140032]]}}, {"type": "Feature", "properties": {"arc": 190, "wealthier": 0.4290469207912046, "beautiful": 0.362047469641104, "livelier": 0.5281948506463806, "depressing": 0.605933969640667, "safer": 0.3445684241777738, "boring": 0.5132766963289328, "human": 0.0042481316460503, "vehicle": 0.0603343115912543, "construction": 0.1835121154785156, "nature": 0.1521744622124566, "sky": 0.3548683590359158, "object": 0.0061180114746093, "PI": 0.3373451776395085, "NI": 0.41775803381816784, "length": 388.8714662, "source": 127, "target": 126, "direction": "bi-directional"}, "geometry": {"type": "LineString", "coordinates": [[113.9325888805923, 22.522223340202547], [113.93168032366526, 22.518814642367598]]}}, {"type": "Feature", "properties": {"arc": 191, "wealthier": 0.5311461327106494, "beautiful": 0.4292410773246694, "livelier": 0.5878019522763313, "depressing": 0.5289401880864038, "safer": 0.4283413078950067, "boring": 0.4376649937703559, "human": 0.0007842835925874, "vehicle": 0.0335305531819661, "construction": 0.0909775779360816, "nature": 0.3004671732584635, "sky": 0.3493903023856026, "object": 0.0068622316632952, "PI": 0.38706052525200874, "NI": 0.34389324300575236, "length": 344.955839, "source": 127, "target": 147, "direction": "bi-directional"}, "geometry": {"type": "LineString", "coordinates": [[113.9325888805923, 22.522223340202547], [113.93592173207571, 22.521882401451766]]}}, {"type": "Feature", "properties": {"arc": 192, "wealthier": 0.3485845248047899, "beautiful": 0.343005938201796, "livelier": 0.3147837031656766, "depressing": 0.6457131731904727, "safer": 0.2813132513386094, "boring": 0.6939060669639684, "human": 2.66133339752054e-05, "vehicle": 0.0195058545036495, "construction": 0.0114362922632638, "nature": 0.1929912298498019, "sky": 0.520224781663205, "object": 0.0024572291844327, "PI": 0.2241985029255672, "NI": 0.394389340295868, "length": 1984.476254, "source": 223, "target": 262, "direction": "bi-directional"}, "geometry": {"type": "LineString", "coordinates": [[113.9585108790081, 22.52287226827003], [113.95934177593969, 22.522801152127464], [113.95987719372184, 22.522771708577086], [113.96138173790169, 22.522745111299322], [113.96206273307278, 22.522747774433004], [113.9626954804903, 22.522767944592115], [113.96536233321956, 22.52276873913952], [113.96611555860905, 22.52279026257889], [113.96843568760987, 22.522792024284364], [113.96985264630548, 22.52281352805978], [113.97325986863594, 22.52281469900402], [113.97396548506327, 22.52283585444114], [113.97779409033309, 22.522863773535786]]}}, {"type": "Feature", "properties": {"arc": 193, "wealthier": 0.1216543284556612, "beautiful": 0.2312016165816839, "livelier": 0.149979456119198, "depressing": 0.817002704783513, "safer": 0.1128696361634466, "boring": 0.9015518434396156, "human": 0.0002018681278935, "vehicle": 0.0024232652452256, "construction": 0.0501535345006872, "nature": 0.1219941880967881, "sky": 0.5689447473596642, "object": 0.0070062849256727, "PI": 0.08714504742663214, "NI": 0.5031344353179193, "length": 1241.915426, "source": 23, "target": 14, "direction": "bi-directional"}, "geometry": {"type": "LineString", "coordinates": [[113.89420505249477, 22.52200117785115], [113.89016362643233, 22.518066529258668], [113.88590070830898, 22.513861905281477]]}}, {"type": "Feature", "properties": {"arc": 194, "wealthier": 0.5180576730022866, "beautiful": 0.4542198368494822, "livelier": 0.5997999054787614, "depressing": 0.5308295990472139, "safer": 0.4552289359934829, "boring": 0.4827083903275745, "human": 0.0007779257638113, "vehicle": 0.0256090618315197, "construction": 0.0991159620739164, "nature": 0.210908708118257, "sky": 0.425435702006022, "object": 0.0078930627732049, "PI": 0.3738974921201806, "NI": 0.37621309072592046, "length": 341.7123511, "source": 112, "target": 110, "direction": "bi-directional"}, "geometry": {"type": "LineString", "coordinates": [[113.92823894548265, 22.52273379015248], [113.92802128197805, 22.52200200097148], [113.92789269640342, 22.521405084148395], [113.92784334136702, 22.52096608278015], [113.92777418266436, 22.519691268573496]]}}, {"type": "Feature", "properties": {"arc": 196, "wealthier": 0.3640486898753268, "beautiful": 0.274156374175129, "livelier": 0.626851918125508, "depressing": 0.7045463928328835, "safer": 0.3320291496451883, "boring": 0.5222293719720459, "human": 0.0030749956766764, "vehicle": 0.0287265459696451, "construction": 0.1501873970031738, "nature": 0.1135666529337565, "sky": 0.4419596672058106, "object": 0.0098178545633951, "PI": 0.30221316157508615, "NI": 0.44981119583843987, "length": 546.2703229, "source": 413, "target": 415, "direction": "bi-directional"}, "geometry": {"type": "LineString", "coordinates": [[114.05971978956539, 22.525913453189627], [114.06010201947925, 22.52452444628112], [114.06099083735458, 22.521123922915677]]}}, {"type": "Feature", "properties": {"arc": 197, "wealthier": 0.3328906420404298, "beautiful": 0.2798621283185766, "livelier": 0.4251803683851037, "depressing": 0.7126890926220886, "safer": 0.2879833580567013, "boring": 0.5893986476679601, "human": 0.0007153993011802, "vehicle": 0.0171390041228263, "construction": 0.0791169443438129, "nature": 0.1584926113005607, "sky": 0.4823705406599147, "object": 0.0042921907158308, "PI": 0.23241792632330738, "NI": 0.40909585541513777, "length": 844.5536476, "source": 382, "target": 373, "direction": "bi-directional"}, "geometry": {"type": "LineString", "coordinates": [[114.05153393558192, 22.52579823215474], [114.0514883513708, 22.52534202967928], [114.05103333314008, 22.519071779172073], [114.05099440895148, 22.518188531948123]]}}, {"type": "Feature", "properties": {"arc": 198, "wealthier": 0.5403467866284971, "beautiful": 0.5686592273760019, "livelier": 0.6890201857806607, "depressing": 0.4044822652929608, "safer": 0.5802773793362863, "boring": 0.3088107871823521, "human": 0.0033344754985734, "vehicle": 0.0290382422652899, "construction": 0.1519390367994121, "nature": 0.2424962099860695, "sky": 0.3329934886857575, "object": 0.0073805977316463, "PI": 0.47822763108173283, "NI": 0.3137023577837401, "length": 842.2758113, "source": 413, "target": 382, "direction": "bi-directional"}, "geometry": {"type": "LineString", "coordinates": [[114.05971978956539, 22.525913453189627], [114.05841989992544, 22.525907279901514], [114.05477129727389, 22.525831397402598], [114.0536145649549, 22.525828665416633], [114.05298619204085, 22.52580860270474], [114.05153393558192, 22.52579823215474]]}}, {"type": "Feature", "properties": {"arc": 199, "wealthier": 0.2849239222301056, "beautiful": 0.3283562801705793, "livelier": 0.2841651012066365, "depressing": 0.662261325239522, "safer": 0.2663802836777832, "boring": 0.7337312829488056, "human": 0.0011910635327535, "vehicle": 0.0349267021058097, "construction": 0.074365010337224, "nature": 0.1479568784199064, "sky": 0.4858821081736731, "object": 0.0067643967885819, "PI": 0.20527688215412523, "NI": 0.4528280488512724, "length": 566.1639503, "source": 354, "target": 345, "direction": "bi-directional"}, "geometry": {"type": "LineString", "coordinates": [[114.04442793057437, 22.52568668896809], [114.04423864989926, 22.525274541989692], [114.0433556741988, 22.52352156673116], [114.04188323375244, 22.521159994208954]]}}, {"type": "Feature", "properties": {"arc": 200, "wealthier": 0.4917659770175216, "beautiful": 0.4770670097884305, "livelier": 0.6496120202074254, "depressing": 0.5032408855399417, "safer": 0.4905376891324903, "boring": 0.3977296771760018, "human": 0.0041604973803991, "vehicle": 0.0419567152001391, "construction": 0.1508790158677375, "nature": 0.2178276544329764, "sky": 0.3284169339585578, "object": 0.0067296521417025, "PI": 0.4338254843423266, "NI": 0.3511828930584582, "length": 731.203535, "source": 354, "target": 382, "direction": "bi-directional"}, "geometry": {"type": "LineString", "coordinates": [[114.04442793057437, 22.52568668896809], [114.04630666558397, 22.525705177922212], [114.04708556004988, 22.525736237587314], [114.04814521879626, 22.525739322311026], [114.04870415705855, 22.525758510374526], [114.05153393558192, 22.52579823215474]]}}, {"type": "Feature", "properties": {"arc": 201, "wealthier": 0.2456047417841382, "beautiful": 0.3233331376994086, "livelier": 0.2080780550852245, "depressing": 0.6651066251853884, "safer": 0.2328406614032261, "boring": 0.8329414157569173, "human": 7.499059041341148e-05, "vehicle": 0.0118503252665201, "construction": 0.0181474367777506, "nature": 0.1668674786885579, "sky": 0.5680564880371094, "object": 0.0043782869974772, "PI": 0.1675253808386766, "NI": 0.44378701768476997, "length": 596.6611797, "source": 198, "target": 196, "direction": "bi-directional"}, "geometry": {"type": "LineString", "coordinates": [[113.94898263741224, 22.523947525857306], [113.94815267886901, 22.518614910148205]]}}, {"type": "Feature", "properties": {"arc": 202, "wealthier": 0.3225126516103005, "beautiful": 0.2904501400521955, "livelier": 0.3864310239654895, "depressing": 0.7050582743722101, "safer": 0.2602300026552021, "boring": 0.6718423000120295, "human": 7.019042968749998e-05, "vehicle": 0.0191128685360863, "construction": 0.069846925281343, "nature": 0.161195791335333, "sky": 0.4915311359223866, "object": 0.0031056540352957, "PI": 0.2127764794283544, "NI": 0.4159491541521653, "length": 987.4605551, "source": 198, "target": 223, "direction": "bi-directional"}, "geometry": {"type": "LineString", "coordinates": [[113.94898263741224, 22.523947525857306], [113.9585108790081, 22.52287226827003]]}}, {"type": "Feature", "properties": {"arc": 203, "wealthier": 0.2613735805224995, "beautiful": 0.2908503170835588, "livelier": 0.2376336876745169, "depressing": 0.7000408124543267, "safer": 0.2121595254719439, "boring": 0.7744894127349194, "human": 9.973064746732026e-05, "vehicle": 0.0243328568202997, "construction": 0.0171507542429406, "nature": 0.1392602110220716, "sky": 0.5532474642485574, "object": 0.0036368650548598, "PI": 0.1598164184556029, "NI": 0.4400972592689579, "length": 1230.376255, "source": 276, "target": 262, "direction": "bi-directional"}, "geometry": {"type": "LineString", "coordinates": [[113.98944822025238, 22.52485865075937], [113.98916856554067, 22.524737425737072], [113.98814074993768, 22.52434849096692], [113.98707960497005, 22.52399566564253], [113.98627805523893, 22.523768227311106], [113.9853411789733, 22.523529291164838], [113.98433899005346, 22.52331669571423], [113.98302228319838, 22.52310798156841], [113.98210880445501, 22.523004622050994], [113.98139451501441, 22.522934777306734], [113.98047826221388, 22.522887374306283], [113.97920189951499, 22.522860437816906], [113.97779409033309, 22.522863773535786]]}}, {"type": "Feature", "properties": {"arc": 204, "wealthier": 0.5282830144379028, "beautiful": 0.3960563652881809, "livelier": 0.4928671657514945, "depressing": 0.5619499338027008, "safer": 0.3801860684131196, "boring": 0.5598125398996938, "human": 1.9243028428819447e-05, "vehicle": 0.0116889529758029, "construction": 0.0300470140245225, "nature": 0.2453709920247396, "sky": 0.461009046766493, "object": 0.0028310987684461, "PI": 0.3301351897691285, "NI": 0.34184571877292186, "length": 384.7622519, "source": 189, "target": 198, "direction": "bi-directional"}, "geometry": {"type": "LineString", "coordinates": [[113.94526631191155, 22.524335667786218], [113.94635438068815, 22.524239886762995], [113.94898263741224, 22.523947525857306]]}}, {"type": "Feature", "properties": {"arc": 205, "wealthier": 0.3873945684081191, "beautiful": 0.27286244705139, "livelier": 0.4668270246421481, "depressing": 0.6633172106396976, "safer": 0.2967346559968487, "boring": 0.6244829200478602, "human": 0.0009411456538181, "vehicle": 0.0176069970224417, "construction": 0.1327848995433134, "nature": 0.1465146307851754, "sky": 0.4723669313916974, "object": 0.0049289628571155, "PI": 0.25008488780811294, "NI": 0.4251235689256685, "length": 420.7755489, "source": 173, "target": 168, "direction": "bi-directional"}, "geometry": {"type": "LineString", "coordinates": [[113.94102380504516, 22.52443950198271], [113.94106246871425, 22.523031438840764], [113.94105644785381, 22.522135325863424], [113.94096976743347, 22.521410696386464], [113.94079708941275, 22.520661665576892]]}}, {"type": "Feature", "properties": {"arc": 206, "wealthier": 0.4807596325635136, "beautiful": 0.3374682565146796, "livelier": 0.5526976076546627, "depressing": 0.6014678684301081, "safer": 0.3654866441548518, "boring": 0.5406068945254148, "human": 0.0002053578694661, "vehicle": 0.0060895658006855, "construction": 0.0798902324601715, "nature": 0.1967900594075521, "sky": 0.4778691460104549, "object": 0.0027379802629059, "PI": 0.3102487939206332, "NI": 0.3617551960285992, "length": 436.6911979, "source": 173, "target": 189, "direction": "bi-directional"}, "geometry": {"type": "LineString", "coordinates": [[113.94102380504516, 22.52443950198271], [113.94334535739735, 22.524392955051795], [113.94429650984405, 22.524387867107805], [113.94519652082161, 22.524341811259163], [113.94526631191155, 22.524335667786218]]}}, {"type": "Feature", "properties": {"arc": 207, "wealthier": 0.4358921860128524, "beautiful": 0.4468837261928597, "livelier": 0.5240388819038351, "depressing": 0.476274828380973, "safer": 0.4845490290256209, "boring": 0.3698295089649592, "human": 0.0032354990641276, "vehicle": 0.0419895384046766, "construction": 0.0713653564453124, "nature": 0.1407430966695149, "sky": 0.4726361168755426, "object": 0.0055335362752278, "PI": 0.36199532630518566, "NI": 0.34813684887078034, "length": 302.4430644, "source": 320, "target": 318, "direction": "bi-directional"}, "geometry": {"type": "LineString", "coordinates": [[114.03266220875138, 22.52622860787538], [114.03149274531067, 22.524491208978702], [114.03111649959392, 22.523905548070196]]}}, {"type": "Feature", "properties": {"arc": 208, "wealthier": 0.3073832848275306, "beautiful": 0.3188911177810082, "livelier": 0.4000891094568357, "depressing": 0.6753404262186755, "safer": 0.3102278049308477, "boring": 0.6264948037768951, "human": 0.0007486176072505, "vehicle": 0.0375759392453913, "construction": 0.0990926842940481, "nature": 0.1253813024152789, "sky": 0.483862090529057, "object": 0.0035885927969949, "PI": 0.226317166147707, "NI": 0.4264109750308093, "length": 571.5435365, "source": 320, "target": 334, "direction": "bi-directional"}, "geometry": {"type": "LineString", "coordinates": [[114.03266220875138, 22.52622860787538], [114.03685649381961, 22.523926549353163], [114.03745448113274, 22.523618072220483]]}}, {"type": "Feature", "properties": {"arc": 210, "wealthier": 0.2418447188538471, "beautiful": 0.1910322901035909, "livelier": 0.3623593987310085, "depressing": 0.7880248585365611, "safer": 0.1905279215102513, "boring": 0.7256863870472424, "human": 0.0003270194644019, "vehicle": 0.0103133065359933, "construction": 0.1320006960914248, "nature": 0.1063964480445498, "sky": 0.5161156427292597, "object": 0.0064343497866675, "PI": 0.15302941813189627, "NI": 0.4811907742432042, "length": 428.0478218, "source": 149, "target": 173, "direction": "bi-directional"}, "geometry": {"type": "LineString", "coordinates": [[113.93686389378978, 22.524510637704143], [113.93809803345664, 22.52450243593914], [113.94102380504516, 22.52443950198271]]}}, {"type": "Feature", "properties": {"arc": 211, "wealthier": 0.0436818759898751, "beautiful": 0.1049211636905369, "livelier": 0.224598453701817, "depressing": 0.9172666622996228, "safer": 0.0329968129302972, "boring": 0.8621038284990269, "human": 0.0006202061971028, "vehicle": 0.0067275365193684, "construction": 0.032135518391927, "nature": 0.1152167638142903, "sky": 0.5927536646525067, "object": 0.0053622563680013, "PI": 0.05439504770762791, "NI": 0.508297484305878, "length": 240.3576749, "source": 25, "target": 23, "direction": "bi-directional"}, "geometry": {"type": "LineString", "coordinates": [[113.8955438803011, 22.523754559223182], [113.89509165047511, 22.522905612741916], [113.89420505249477, 22.52200117785115]]}}, {"type": "Feature", "properties": {"arc": 212, "wealthier": 0.116177346065825, "beautiful": 0.1933841006551171, "livelier": 0.310348046159443, "depressing": 0.822146026438726, "safer": 0.1198597415891689, "boring": 0.7478589424953744, "human": 0.0010074492423765, "vehicle": 0.0261151713709677, "construction": 0.0370748171242334, "nature": 0.1032906604069535, "sky": 0.5744509132959508, "object": 0.0065557213239772, "PI": 0.1170774705488568, "NI": 0.4889718956043745, "length": 785.8077877, "source": 25, "target": 33, "direction": "bi-directional"}, "geometry": {"type": "LineString", "coordinates": [[113.8955438803011, 22.523754559223182], [113.89659446749572, 22.522816910358046], [113.90049314935126, 22.51932199111386], [113.90074281863266, 22.519109099775825], [113.9010525246996, 22.51883911805934]]}}, {"type": "Feature", "properties": {"arc": 213, "wealthier": 0.3558253814740139, "beautiful": 0.3416869456909731, "livelier": 0.6134059236021717, "depressing": 0.6276996652961585, "safer": 0.3407184226136371, "boring": 0.4924889969108456, "human": 0.0011418024698893, "vehicle": 0.0206836700439453, "construction": 0.1615084330240885, "nature": 0.1715461095174153, "sky": 0.3854813893636067, "object": 0.0065065383911132, "PI": 0.3023249365584345, "NI": 0.39266094627711184, "length": 264.8497345, "source": 129, "target": 127, "direction": "bi-directional"}, "geometry": {"type": "LineString", "coordinates": [[113.9328301988787, 22.524604347162974], [113.93271587764022, 22.523332330101773], [113.9325888805923, 22.522223340202547]]}}, {"type": "Feature", "properties": {"arc": 214, "wealthier": 0.3288760317626331, "beautiful": 0.204625490395833, "livelier": 0.532487245686711, "depressing": 0.7788821936054952, "safer": 0.2789844081015078, "boring": 0.6404749323681788, "human": 0.0005914900037977, "vehicle": 0.0187206798129611, "construction": 0.2180016835530598, "nature": 0.063314331902398, "sky": 0.4469531377156575, "object": 0.0055844518873426, "PI": 0.21165781047051305, "NI": 0.4743150709785802, "length": 415.1085029, "source": 129, "target": 149, "direction": "bi-directional"}, "geometry": {"type": "LineString", "coordinates": [[113.9328301988787, 22.524604347162974], [113.93686389378978, 22.524510637704143]]}}, {"type": "Feature", "properties": {"arc": 215, "wealthier": 0.1994442744287932, "beautiful": 0.2063533898812672, "livelier": 0.3865623943923957, "depressing": 0.7644820958836828, "safer": 0.1906153616417169, "boring": 0.612731912192866, "human": 0.0002276102701822, "vehicle": 0.0065198898315429, "construction": 0.1397895177205403, "nature": 0.1289071400960286, "sky": 0.4755292892456055, "object": 0.0079947789510091, "PI": 0.1576009702210968, "NI": 0.45511130831995716, "length": 229.4306094, "source": 115, "target": 112, "direction": "bi-directional"}, "geometry": {"type": "LineString", "coordinates": [[113.92882994801208, 22.52472974959236], [113.92866501472342, 22.524277303089335], [113.92847538859537, 22.523682704749625], [113.92823894548265, 22.52273379015248]]}}, {"type": "Feature", "properties": {"arc": 216, "wealthier": 0.3052623125092934, "beautiful": 0.2281939600705254, "livelier": 0.5463356177186997, "depressing": 0.7278216534158299, "safer": 0.2930646416149882, "boring": 0.6467957793623402, "human": 0.0005001165927984, "vehicle": 0.0281469393999148, "construction": 0.2156191116724258, "nature": 0.0800650669978215, "sky": 0.4304096026298327, "object": 0.0041214869572566, "PI": 0.22009392476422074, "NI": 0.4588244738613943, "length": 411.8788968, "source": 115, "target": 129, "direction": "bi-directional"}, "geometry": {"type": "LineString", "coordinates": [[113.92882994801208, 22.52472974959236], [113.92971873306763, 22.524671427108128], [113.93034984048369, 22.524645444847295], [113.93198653333742, 22.524609192477637], [113.9328301988787, 22.524604347162974]]}}, {"type": "Feature", "properties": {"arc": 217, "wealthier": 0.4199621056771188, "beautiful": 0.4472365893942958, "livelier": 0.3392869827996821, "depressing": 0.5121294531563559, "safer": 0.402200388329771, "boring": 0.7455113100425432, "human": 0.0001711618332635, "vehicle": 0.0033641088576543, "construction": 0.0337391807919456, "nature": 0.2027876263573056, "sky": 0.5131704693748838, "object": 0.0103578567504882, "PI": 0.2859322429703388, "NI": 0.42072132704992965, "length": 355.2839084, "source": 261, "target": 262, "direction": "bi-directional"}, "geometry": {"type": "LineString", "coordinates": [[113.97776008172107, 22.526071401242444], [113.97774958955623, 22.52409504912828], [113.97779409033309, 22.522863773535786]]}}, {"type": "Feature", "properties": {"arc": 218, "wealthier": 0.7558169471850987, "beautiful": 0.6954244807626719, "livelier": 0.8058940895526775, "depressing": 0.2422688808128743, "safer": 0.766711519779114, "boring": 0.1660249301600178, "human": 0.0067548018235426, "vehicle": 0.0765986320299979, "construction": 0.1375880119128105, "nature": 0.3305728129851513, "sky": 0.2204879369491186, "object": 0.0056440402299929, "PI": 0.6595425856870253, "NI": 0.24778655327715493, "length": 506.0896161, "source": 337, "target": 334, "direction": "bi-directional"}, "geometry": {"type": "LineString", "coordinates": [[114.03860023611131, 22.527377427017466], [114.03893234663455, 22.524826148480233], [114.03894646885544, 22.524637271262858], [114.03893089921264, 22.52448521269169], [114.03888233148776, 22.52437783241242], [114.038823855152, 22.524309176049307], [114.03860625845192, 22.524155580272993], [114.03798160089767, 22.523817997218465], [114.03745448113274, 22.523618072220483]]}}, {"type": "Feature", "properties": {"arc": 219, "wealthier": 0.5503256192723268, "beautiful": 0.5161778624785313, "livelier": 0.791892844837336, "depressing": 0.3889958607375067, "safer": 0.5651236963597178, "boring": 0.2514996916039348, "human": 0.0064042091369628, "vehicle": 0.034939956665039, "construction": 0.197299575805664, "nature": 0.2117997169494629, "sky": 0.3051132520039877, "object": 0.0065350532531738, "PI": 0.5187148178440286, "NI": 0.3069920290497729, "length": 674.4988408, "source": 337, "target": 359, "direction": "bi-directional"}, "geometry": {"type": "LineString", "coordinates": [[114.03860023611131, 22.527377427017466], [114.04073814263703, 22.527164872286917], [114.04101498235478, 22.527157577235677], [114.04132544470403, 22.52717040849379], [114.04174210168313, 22.5272142051278], [114.04210684529956, 22.52727371013006], [114.04506655942627, 22.527871921066613]]}}, {"type": "Feature", "properties": {"arc": 220, "wealthier": 0.3405192564777021, "beautiful": 0.3643287701576685, "livelier": 0.2905871276531628, "depressing": 0.6379402300525467, "safer": 0.2926894686164157, "boring": 0.7308278736602674, "human": 0.0009047768332741, "vehicle": 0.0334407921993371, "construction": 0.0533391779119318, "nature": 0.1793103651566938, "sky": 0.4760869922059955, "object": 0.0083941835345643, "PI": 0.23168225688364388, "NI": 0.4472261957298855, "length": 254.0534785, "source": 359, "target": 354, "direction": "bi-directional"}, "geometry": {"type": "LineString", "coordinates": [[114.04506655942627, 22.527871921066613], [114.04503439053194, 22.527251775091067], [114.04500139928474, 22.527050685676375], [114.0449326478564, 22.526776589799567], [114.04477096711949, 22.526342608186447], [114.04442793057437, 22.52568668896809]]}}, {"type": "Feature", "properties": {"arc": 221, "wealthier": 0.2861670915307486, "beautiful": 0.2185405420248098, "livelier": 0.559878917472453, "depressing": 0.7423619420009927, "safer": 0.2656446836213476, "boring": 0.5325604757936201, "human": 0.000796448950674, "vehicle": 0.0281252580530503, "construction": 0.2237489924711339, "nature": 0.0417170244104721, "sky": 0.4578452764772901, "object": 0.00636214835971, "PI": 0.20702251814329423, "NI": 0.46520529312579856, "length": 904.0729009, "source": 98, "target": 89, "direction": "bi-directional"}, "geometry": {"type": "LineString", "coordinates": [[113.92466604507574, 22.525672953856674], [113.92451604612664, 22.52462197410187], [113.92442755029438, 22.524232577389956], [113.92432291374915, 22.523879450662722], [113.92354979309816, 22.52187934764828], [113.92276953939728, 22.519957459206854], [113.92249673759432, 22.51924895341598], [113.92229534975385, 22.518664691728834], [113.92210108976226, 22.517890943355216]]}}, {"type": "Feature", "properties": {"arc": 222, "wealthier": 0.1096381560895677, "beautiful": 0.1640359910769385, "livelier": 0.3526588624199109, "depressing": 0.8700365393118584, "safer": 0.1282788361629548, "boring": 0.7111144450872077, "human": 0.000409444173177, "vehicle": 0.0235406160354614, "construction": 0.1476484934488932, "nature": 0.0772273937861124, "sky": 0.4997122685114542, "object": 0.0045382579167683, "PI": 0.1060820497106712, "NI": 0.49223187308825084, "length": 441.121708, "source": 98, "target": 115, "direction": "bi-directional"}, "geometry": {"type": "LineString", "coordinates": [[113.92466604507574, 22.525672953856674], [113.92763093257234, 22.524949376028815], [113.92799152042296, 22.52487259851007], [113.92882994801208, 22.52472974959236]]}}, {"type": "Feature", "properties": {"arc": 223, "wealthier": 0.1767473627657875, "beautiful": 0.2019872859835067, "livelier": 0.1825305356233629, "depressing": 0.8184619605479143, "safer": 0.1398773423629903, "boring": 0.8717001014359262, "human": 0.0001312024665601, "vehicle": 0.0236806869506835, "construction": 0.0133049704811789, "nature": 0.0933623747392134, "sky": 0.5879086581143466, "object": 0.0026421113447709, "PI": 0.09423879350408589, "NI": 0.4804752337464661, "length": 541.0366109, "source": 281, "target": 276, "direction": "bi-directional"}, "geometry": {"type": "LineString", "coordinates": [[113.99400126208879, 22.52729009350461], [113.99323385783755, 22.526816672285133], [113.99199314646984, 22.526087557605713], [113.99113158438115, 22.525631281686977], [113.9902859120658, 22.525221772300043], [113.98944822025238, 22.52485865075937]]}}, {"type": "Feature", "properties": {"arc": 224, "wealthier": 0.4262054464593994, "beautiful": 0.3276595475611331, "livelier": 0.543358339501343, "depressing": 0.6537602184897652, "safer": 0.3360166227957178, "boring": 0.5160297540369165, "human": 0.0012108484903971, "vehicle": 0.027642958091967, "construction": 0.0794974962870279, "nature": 0.1732031359817043, "sky": 0.4766020196856874, "object": 0.0040978373903216, "PI": 0.2988153448136556, "NI": 0.39054617571295314, "length": 1231.896813, "source": 47, "target": 36, "direction": "bi-directional"}, "geometry": {"type": "LineString", "coordinates": [[113.90972991978454, 22.52584499158599], [113.90915906711164, 22.52330678906887], [113.90900589638458, 22.522818126445287], [113.90891214272112, 22.52261000459368], [113.90881843191495, 22.52244612501415], [113.9085825023483, 22.52213583220307], [113.90820540163641, 22.521534557111814], [113.90788162591531, 22.52106750090696], [113.90758015212606, 22.520657855187235], [113.90724277150487, 22.52025750209208], [113.9069637764222, 22.51996330665522], [113.9066329463812, 22.51964545848115], [113.90610194933508, 22.519179412694545], [113.90589733840751, 22.518979468727263], [113.90359366790544, 22.516618746016633]]}}, {"type": "Feature", "properties": {"arc": 226, "wealthier": 0.4670324437978498, "beautiful": 0.3279133089682342, "livelier": 0.4421163768221128, "depressing": 0.6430710275049871, "safer": 0.3639188574940707, "boring": 0.5569311997858016, "human": 0.0006937026977539, "vehicle": 0.0249677658081054, "construction": 0.1241302172342936, "nature": 0.1332655906677246, "sky": 0.486402161916097, "object": 0.0055692354838053, "PI": 0.2745387174467094, "NI": 0.41993494554190497, "length": 488.2736347, "source": 47, "target": 40, "direction": "bi-directional"}, "geometry": {"type": "LineString", "coordinates": [[113.90972991978454, 22.52584499158599], [113.90810360544583, 22.52582750137888], [113.90746669160447, 22.52580725258761], [113.90548841212126, 22.525805251078786], [113.90498467242526, 22.52578543248264]]}}, {"type": "Feature", "properties": {"arc": 227, "wealthier": 0.5534169959324072, "beautiful": 0.5326676904480132, "livelier": 0.6121341042794957, "depressing": 0.4031565055312699, "safer": 0.5505513128925467, "boring": 0.3084797448606972, "human": 0.0021854169440991, "vehicle": 0.0202699141068892, "construction": 0.0622142444957386, "nature": 0.2347390723950934, "sky": 0.3995378667658025, "object": 0.0065757289077296, "PI": 0.4372480572385307, "NI": 0.29137479294999197, "length": 276.413382, "source": 325, "target": 320, "direction": "bi-directional"}, "geometry": {"type": "LineString", "coordinates": [[114.03403647373018, 22.528373406534925], [114.03374406669684, 22.52789983900527], [114.03266220875138, 22.52622860787538]]}}, {"type": "Feature", "properties": {"arc": 228, "wealthier": 0.6716499030961992, "beautiful": 0.6386535501807363, "livelier": 0.7507251150578101, "depressing": 0.3046820076561233, "safer": 0.6643035898665177, "boring": 0.2427332374430078, "human": 0.0019035339355468, "vehicle": 0.0316510427565801, "construction": 0.1695035298665364, "nature": 0.3215994607834589, "sky": 0.2513416835239955, "object": 0.0085283915201822, "PI": 0.5423682151076349, "NI": 0.276038135996298, "length": 491.4903407, "source": 325, "target": 337, "direction": "bi-directional"}, "geometry": {"type": "LineString", "coordinates": [[114.03403647373018, 22.528373406534925], [114.03437948073137, 22.52814773951262], [114.0347884176535, 22.527932227316136], [114.03515187990095, 22.527760125245944], [114.03539583310865, 22.52768409668008], [114.03566011890004, 22.52764674792873], [114.03735190500119, 22.52748162074841], [114.03860023611131, 22.527377427017466]]}}, {"type": "Feature", "properties": {"arc": 229, "wealthier": 0.8211107979475307, "beautiful": 0.584498732299437, "livelier": 0.9045828187113693, "depressing": 0.2828763250128329, "safer": 0.7165971671558283, "boring": 0.0443110807044513, "human": 0.0041701907203311, "vehicle": 0.0220970880417596, "construction": 0.0309916904994419, "nature": 0.4654187701997302, "sky": 0.194637934366862, "object": 0.0047921680268787, "PI": 0.6619536853703029, "NI": 0.14699050204071137, "length": 218.2807445, "source": 176, "target": 188, "direction": "bi-directional"}, "geometry": {"type": "LineString", "coordinates": [[113.94311292213928, 22.527380934187534], [113.94471898113979, 22.527384204672064], [113.94523311773484, 22.527421748435525]]}}, {"type": "Feature", "properties": {"arc": 231, "wealthier": 0.4366486455342726, "beautiful": 0.3443890441416921, "livelier": 0.514888929713251, "depressing": 0.5827881382179247, "safer": 0.3725616986389842, "boring": 0.5380515440154435, "human": 0.0015660391913519, "vehicle": 0.0067208607991536, "construction": 0.1072331534491645, "nature": 0.1974335246615939, "sky": 0.4720269838968913, "object": 0.0040469169616699, "PI": 0.3150597877688274, "NI": 0.37358267216066526, "length": 322.9655219, "source": 172, "target": 173, "direction": "bi-directional"}, "geometry": {"type": "LineString", "coordinates": [[113.94096650351557, 22.527355514191445], [113.94102380504516, 22.52443950198271]]}}, {"type": "Feature", "properties": {"arc": 232, "wealthier": 0.6919079882526017, "beautiful": 0.5958583433763114, "livelier": 0.7847643274025481, "depressing": 0.2898955948289284, "safer": 0.6646306540354036, "boring": 0.1805340035170042, "human": 0.0036171277364095, "vehicle": 0.0179295539855957, "construction": 0.0626308917999267, "nature": 0.3797650337219238, "sky": 0.2468409538269043, "object": 0.0082890192667643, "PI": 0.5808291503582202, "NI": 0.21506931340027668, "length": 220.8617166, "source": 172, "target": 176, "direction": "bi-directional"}, "geometry": {"type": "LineString", "coordinates": [[113.94096650351557, 22.527355514191445], [113.94184206615667, 22.527350051724568], [113.94311292213928, 22.527380934187534]]}}, {"type": "Feature", "properties": {"arc": 233, "wealthier": 0.3089868299975106, "beautiful": 0.1882623317953023, "livelier": 0.4358300865175248, "depressing": 0.8184273594754021, "safer": 0.257118108890211, "boring": 0.6103340113760548, "human": 0.0008824984232584, "vehicle": 0.0233531634012858, "construction": 0.2008747100830078, "nature": 0.0184551874796549, "sky": 0.498590056101481, "object": 0.0064446767171223, "PI": 0.17499906644407834, "NI": 0.4935259509077912, "length": 525.0334207, "source": 47, "target": 64, "direction": "bi-directional"}, "geometry": {"type": "LineString", "coordinates": [[113.90972991978454, 22.52584499158599], [113.91092223522858, 22.52589704324904], [113.91141249745236, 22.525955918936518], [113.91201917182904, 22.52606671051411], [113.91244941051595, 22.526178948152772], [113.91294259775549, 22.526333863147816], [113.91465239742979, 22.526939232915762]]}}, {"type": "Feature", "properties": {"arc": 234, "wealthier": 0.4160937444882925, "beautiful": 0.327238702774758, "livelier": 0.6069859197692499, "depressing": 0.6229860491861007, "safer": 0.3496550820678125, "boring": 0.4931419202879906, "human": 0.003546493222015, "vehicle": 0.0327906945739129, "construction": 0.1126653883192274, "nature": 0.1609085545395359, "sky": 0.4265564427231298, "object": 0.0059859343249388, "PI": 0.3381476149712988, "NI": 0.39314244057160325, "length": 842.2312944, "source": 64, "target": 59, "direction": "bi-directional"}, "geometry": {"type": "LineString", "coordinates": [[113.91465239742979, 22.526939232915762], [113.91462626231063, 22.5263694275509], [113.91445786362274, 22.523943247162826], [113.91439646799073, 22.52353271073096], [113.91430389848915, 22.523156059491196], [113.91417257458703, 22.52278294010918], [113.91399995065176, 22.52242594730745], [113.9124902081527, 22.519752137126396]]}}, {"type": "Feature", "properties": {"arc": 235, "wealthier": 0.2227143646545573, "beautiful": 0.2666136142974579, "livelier": 0.4423067690178556, "depressing": 0.6889300251759433, "safer": 0.2409148827079146, "boring": 0.5925274453532118, "human": 0.0027072694566514, "vehicle": 0.0369641780853271, "construction": 0.1841879155900743, "nature": 0.0708723068237304, "sky": 0.4412403371598986, "object": 0.0065216753217909, "PI": 0.20920091388931214, "NI": 0.45611041316827144, "length": 674.2643824, "source": 75, "target": 71, "direction": "bi-directional"}, "geometry": {"type": "LineString", "coordinates": [[113.91868319115274, 22.52710131026249], [113.9173126746611, 22.521147066095672]]}}, {"type": "Feature", "properties": {"arc": 236, "wealthier": 0.2293592496137328, "beautiful": 0.2143607707354399, "livelier": 0.4546363920163141, "depressing": 0.7686575057441863, "safer": 0.2117474027362967, "boring": 0.5712864457781475, "human": 0.0019952985975477, "vehicle": 0.0424496597713894, "construction": 0.2670270336998833, "nature": 0.0326801141103108, "sky": 0.4287418259514701, "object": 0.0035330454508463, "PI": 0.17944512688764255, "NI": 0.4760574253228538, "length": 635.5385528, "source": 75, "target": 98, "direction": "bi-directional"}, "geometry": {"type": "LineString", "coordinates": [[113.91868319115274, 22.52710131026249], [113.9192336226005, 22.526988614165493], [113.9202623302553, 22.526748254245575], [113.92466604507574, 22.525672953856674]]}}, {"type": "Feature", "properties": {"arc": 238, "wealthier": 0.5217586756699865, "beautiful": 0.5197650774010859, "livelier": 0.3922990332432927, "depressing": 0.4347595934439202, "safer": 0.5212263335658804, "boring": 0.5660064049773467, "human": 9.492238362630208e-05, "vehicle": 0.004899787902832, "construction": 0.035123062133789, "nature": 0.2450730641682942, "sky": 0.4499295552571614, "object": 0.006464131673177, "PI": 0.3576399393290472, "NI": 0.33555137933534845, "length": 247.0640392, "source": 260, "target": 261, "direction": "bi-directional"}, "geometry": {"type": "LineString", "coordinates": [[113.97771442720241, 22.52830207733246], [113.97776008172107, 22.526071401242444]]}}, {"type": "Feature", "properties": {"arc": 239, "wealthier": 0.8194757028160595, "beautiful": 0.784773463304334, "livelier": 0.7317603073797947, "depressing": 0.182556985412282, "safer": 0.8556497805909965, "boring": 0.2129454341001194, "human": 0.0007507233392624, "vehicle": 0.0081685384114583, "construction": 0.0640041260492234, "nature": 0.4145814804803757, "sky": 0.2921408244541713, "object": 0.0029721033005487, "PI": 0.6333404648232622, "NI": 0.17466547050593018, "length": 369.0018163, "source": 242, "target": 250, "direction": "bi-directional"}, "geometry": {"type": "LineString", "coordinates": [[113.96593147617352, 22.52812676679533], [113.96951817252764, 22.52816050738984]]}}, {"type": "Feature", "properties": {"arc": 240, "wealthier": 0.6520172085653986, "beautiful": 0.5955916184566202, "livelier": 0.5669754606470716, "depressing": 0.3782347814984668, "safer": 0.6220574028988596, "boring": 0.4774035374437722, "human": 0.0003227896533661, "vehicle": 0.0041329648013405, "construction": 0.0548419952392578, "nature": 0.2757929860146392, "sky": 0.4376060682842989, "object": 0.0052680163316323, "PI": 0.45642436723210006, "NI": 0.3048484135811251, "length": 1811.215585, "source": 237, "target": 261, "direction": "bi-directional"}, "geometry": {"type": "LineString", "coordinates": [[113.96237471732948, 22.528103289692385], [113.9623240574411, 22.527759742489142], [113.96230736992662, 22.527476350742496], [113.96232562270534, 22.526254458728612], [113.96235322223333, 22.52614403570923], [113.96242271985457, 22.526041279148224], [113.96251615139727, 22.525987019686806], [113.9626341275658, 22.525960346908157], [113.9654278302442, 22.52596671638926], [113.96623622394311, 22.525988781810135], [113.96841583793393, 22.52599002939289], [113.96986082093119, 22.526011841092135], [113.9732028596975, 22.526012612390765], [113.97398389867931, 22.526034500375502], [113.97600066561229, 22.52603671626821], [113.97776008172107, 22.526071401242444]]}}, {"type": "Feature", "properties": {"arc": 241, "wealthier": 0.6603163872746732, "beautiful": 0.6285676416053891, "livelier": 0.5673471570966981, "depressing": 0.3480427948748098, "safer": 0.6398683570671043, "boring": 0.4800710924057248, "human": 0.0011011759440104, "vehicle": 0.0071474287245008, "construction": 0.0970055474175347, "nature": 0.2892384847005208, "sky": 0.3859196556939019, "object": 0.0038166893853081, "PI": 0.4803543296780162, "NI": 0.2926069727611235, "length": 365.9123768, "source": 242, "target": 237, "direction": "bi-directional"}, "geometry": {"type": "LineString", "coordinates": [[113.96593147617352, 22.52812676679533], [113.96237471732948, 22.528103289692385]]}}, {"type": "Feature", "properties": {"arc": 244, "wealthier": 0.2746088573054595, "beautiful": 0.1982438903396507, "livelier": 0.4566824450813105, "depressing": 0.7522308717155052, "safer": 0.2551037025553197, "boring": 0.5972599109774711, "human": 0.0021777682834201, "vehicle": 0.0596410610057689, "construction": 0.18279379385489, "nature": 0.018022890444155, "sky": 0.5031623840332032, "object": 0.0059647030300564, "PI": 0.19083688176160996, "NI": 0.4982998612935042, "length": 429.2299244, "source": 75, "target": 64, "direction": "bi-directional"}, "geometry": {"type": "LineString", "coordinates": [[113.91868319115274, 22.52710131026249], [113.91818506652872, 22.52725007267792], [113.91749673444048, 22.527408910106168], [113.91708746866625, 22.527460635363056], [113.91665041857436, 22.527468987346072], [113.91616488728009, 22.527416921552845], [113.91577362942375, 22.52733258070467], [113.91525314094059, 22.527170599115017], [113.91465239742979, 22.526939232915762]]}}, {"type": "Feature", "properties": {"arc": 248, "wealthier": 0.2619712814943276, "beautiful": 0.3024727985047975, "livelier": 0.2191267142426926, "depressing": 0.7467299618570372, "safer": 0.2012732189039234, "boring": 0.7464430522892378, "human": 0.000524667593149, "vehicle": 0.0076267535869891, "construction": 0.0341723515437199, "nature": 0.2035771883451021, "sky": 0.5894940694173177, "object": 0.0040433345696864, "PI": 0.17807701418686697, "NI": 0.4493724449277619, "length": 405.4283842, "source": 26, "target": 25, "direction": "bi-directional"}, "geometry": {"type": "LineString", "coordinates": [[113.89584985973329, 22.527362214329933], [113.89590787697196, 22.5263716138027], [113.89590787697196, 22.526056727982017], [113.89589827430727, 22.52530277310033], [113.89585026098395, 22.524604252405638], [113.89568701568457, 22.524023257899334], [113.8955438803011, 22.523754559223182]]}}, {"type": "Feature", "properties": {"arc": 250, "wealthier": 0.3606424148312941, "beautiful": 0.3110295860043597, "livelier": 0.4553473946426633, "depressing": 0.626574147847206, "safer": 0.3089832123417197, "boring": 0.5406294388699258, "human": 0.0019139607747395, "vehicle": 0.0137590196397569, "construction": 0.1125434875488281, "nature": 0.1611198425292968, "sky": 0.4511500464545356, "object": 0.0093546125623914, "PI": 0.26835314992744613, "NI": 0.41543048771422225, "length": 403.8607407, "source": 120, "target": 115, "direction": "bi-directional"}, "geometry": {"type": "LineString", "coordinates": [[113.93037437992618, 22.52808260933383], [113.92947521914623, 22.5261064075128], [113.92882994801208, 22.52472974959236]]}}, {"type": "Feature", "properties": {"arc": 252, "wealthier": 0.4489770719747786, "beautiful": 0.3834195260553252, "livelier": 0.4755682234730584, "depressing": 0.6070353354694225, "safer": 0.3767045603862455, "boring": 0.590756541395477, "human": 0.0001538594563802, "vehicle": 0.0220770402388139, "construction": 0.095568223433061, "nature": 0.1946597243800307, "sky": 0.4313827861439098, "object": 0.0041036894827178, "PI": 0.29899604602721935, "NI": 0.3838824948167055, "length": 245.4371839, "source": 330, "target": 324, "direction": "bi-directional"}, "geometry": {"type": "LineString", "coordinates": [[114.03613964420929, 22.530547425596584], [114.0358355330959, 22.530459789414493], [114.03552906086281, 22.530406911343285], [114.03378521375981, 22.530217795553547]]}}, {"type": "Feature", "properties": {"arc": 253, "wealthier": 0.3237000372486374, "beautiful": 0.3523551539802177, "livelier": 0.3044903257452291, "depressing": 0.6333507806227426, "safer": 0.28060480367134, "boring": 0.6689359281480219, "human": 4.6849250793457024e-05, "vehicle": 0.0251252253850301, "construction": 0.0282983514997694, "nature": 0.1737138430277507, "sky": 0.5155238972769843, "object": 0.0034777853224012, "PI": 0.21490504733699012, "NI": 0.4022499707492149, "length": 1138.104866, "source": 288, "target": 281, "direction": "bi-directional"}, "geometry": {"type": "LineString", "coordinates": [[114.00434407014667, 22.529953950630947], [114.0034896353315, 22.530048831869102], [114.00304673489889, 22.53008367187411], [114.00227859730077, 22.530121786349422], [114.00165483619675, 22.530111103644636], [114.00098204274644, 22.530062171145577], [114.00028612277079, 22.52997984421802], [113.9996203282434, 22.529862676147655], [113.99889300469708, 22.529694933092852], [113.99804414898485, 22.52942968344201], [113.99757912289463, 22.52926100731101], [113.99694991647682, 22.528989165994695], [113.99638967132124, 22.528716758001295], [113.996058978863, 22.528544066961445], [113.99562520045882, 22.52829194333961], [113.99400126208879, 22.52729009350461]]}}, {"type": "Feature", "properties": {"arc": 254, "wealthier": 0.7065480313152459, "beautiful": 0.6922846656088415, "livelier": 0.6645478727136053, "depressing": 0.2574850831493394, "safer": 0.715928894033802, "boring": 0.3043772039042669, "human": 0.000205569797092, "vehicle": 0.0075659222073025, "construction": 0.0666061772240532, "nature": 0.371931340959337, "sky": 0.3233471711476643, "object": 0.0050343672434488, "PI": 0.5417016065963424, "NI": 0.22590663080793194, "length": 579.8435684, "source": 255, "target": 250, "direction": "bi-directional"}, "geometry": {"type": "LineString", "coordinates": [[113.9735783643793, 22.529671710657595], [113.97366012014992, 22.52912500904185], [113.97368891000451, 22.528737146491572], [113.97368913734678, 22.528517899653565], [113.97367359944253, 22.528419567049827], [113.97362689927674, 22.528311604403793], [113.97358022789224, 22.528259981290667], [113.97348723796235, 22.528207272612615], [113.9733372682059, 22.52817316678928], [113.97311712098482, 22.528160407179204], [113.9720648025319, 22.52817096235422], [113.96951817252764, 22.52816050738984]]}}, {"type": "Feature", "properties": {"arc": 255, "wealthier": 0.7505144792294729, "beautiful": 0.7181033673260956, "livelier": 0.5052912321732239, "depressing": 0.2343372349944662, "safer": 0.7305616372511128, "boring": 0.4547963056908178, "human": 0.0001310507456461, "vehicle": 0.0033841927846272, "construction": 0.0174046754837036, "nature": 0.2674255768458048, "sky": 0.4583864609400431, "object": 0.00288987159729, "PI": 0.4985743137870718, "NI": 0.2533129015686471, "length": 451.8994955, "source": 255, "target": 260, "direction": "bi-directional"}, "geometry": {"type": "LineString", "coordinates": [[113.9735783643793, 22.529671710657595], [113.97643576324316, 22.528674797097686], [113.97703173234274, 22.528486775608076], [113.97771442720241, 22.52830207733246]]}}, {"type": "Feature", "properties": {"arc": 256, "wealthier": 0.5117213265271386, "beautiful": 0.4225823345512522, "livelier": 0.4624162602266106, "depressing": 0.5512907486277618, "safer": 0.469213300679073, "boring": 0.5793171713582027, "human": 0.0008142066724372, "vehicle": 0.0099709539702444, "construction": 0.1660293232310902, "nature": 0.0985181692874792, "sky": 0.4443784193559127, "object": 0.0060718131787849, "PI": 0.31487825574679196, "NI": 0.4012321769230862, "length": 599.5892133, "source": 275, "target": 276, "direction": "bi-directional"}, "geometry": {"type": "LineString", "coordinates": [[113.98852503437683, 22.53020480589067], [113.98944822025238, 22.52485865075937]]}}, {"type": "Feature", "properties": {"arc": 257, "wealthier": 0.4694667307946588, "beautiful": 0.3917469239791048, "livelier": 0.5264563944956103, "depressing": 0.5628810680396562, "safer": 0.411248459423681, "boring": 0.5100836225186388, "human": 0.0007557502159705, "vehicle": 0.0164833883953909, "construction": 0.0913415403447599, "nature": 0.2048548918503981, "sky": 0.4342523395505725, "object": 0.0053655265742896, "PI": 0.3301381529859013, "NI": 0.36468243004189715, "length": 2269.561219, "source": 432, "target": 436, "direction": "bi-directional"}, "geometry": {"type": "LineString", "coordinates": [[114.06827193657715, 22.531740196156413], [114.06818042674459, 22.530863696009], [114.06801504332331, 22.529671035783533], [114.06785691336943, 22.528904690531817], [114.06764671544668, 22.528079635118722], [114.06741233897387, 22.52730573619223], [114.06708721808408, 22.52640059520351], [114.06662481816835, 22.525351330632283], [114.06620979347198, 22.524571508816372], [114.0661749756068, 22.52446576680428], [114.06617096691316, 22.524374069520107], [114.06618788321352, 22.524316966737068], [114.06623627202302, 22.52424990352766], [114.0663046737655, 22.52420059263489], [114.06641361067777, 22.524153932133007], [114.06764521313032, 22.523779887901508], [114.06956244779332, 22.52315912829044], [114.06981068394307, 22.523110570637566], [114.06992631758813, 22.523126361252693], [114.07003189608285, 22.52318224532861], [114.07010582270132, 22.523266046922732], [114.07018082905904, 22.523419954579232], [114.07097605249443, 22.525884324126697], [114.07192553232306, 22.528521462590565], [114.07202972499047, 22.528845177462298], [114.07206610980937, 22.529044124324244], [114.0720779607759, 22.52928182754009], [114.0720464554871, 22.53028445263064], [114.07204118657093, 22.53126490296963], [114.07209387433498, 22.531811238079815]]}}, {"type": "Feature", "properties": {"arc": 258, "wealthier": 0.5133534137601579, "beautiful": 0.4711153572586194, "livelier": 0.5134248583134329, "depressing": 0.475363362302718, "safer": 0.4421615614498829, "boring": 0.4622445388994375, "human": 5.2372614542643234e-05, "vehicle": 0.0377851327260335, "construction": 0.0472095012664795, "nature": 0.2753601471583048, "sky": 0.3988795677820841, "object": 0.0045241117477417, "PI": 0.36412156324409733, "NI": 0.32683974729884374, "length": 393.2945299, "source": 432, "target": 436, "direction": "bi-directional"}, "geometry": {"type": "LineString", "coordinates": [[114.06827193657715, 22.531740196156413], [114.06874868669763, 22.53175592454902], [114.07093988822783, 22.531770808527433], [114.07209387433498, 22.531811238079815]]}}, {"type": "Feature", "properties": {"arc": 259, "wealthier": 0.3146585160697418, "beautiful": 0.3269183576681874, "livelier": 0.3426692762362953, "depressing": 0.6844565067963094, "safer": 0.2918895201839527, "boring": 0.6766902957503567, "human": 0.0004375430120938, "vehicle": 0.0215709520422894, "construction": 0.1603058248326399, "nature": 0.1224354591922483, "sky": 0.4435798810875935, "object": 0.0052482770836871, "PI": 0.21006984796418607, "NI": 0.443964774754366, "length": 1245.00555, "source": 425, "target": 415, "direction": "bi-directional"}, "geometry": {"type": "LineString", "coordinates": [[114.06309444939706, 22.531669191194403], [114.06311505524934, 22.52981260153093], [114.06315527444173, 22.52819653949707], [114.06318402925255, 22.525757940185446], [114.06320595179304, 22.52501868202461], [114.06319333279104, 22.52458929056908], [114.06312041680063, 22.524094979755574], [114.0630073278902, 22.523660406134585], [114.06283391738349, 22.523204086068283], [114.0626377733675, 22.522812511513028], [114.06235607541389, 22.522383262859677], [114.06210876753757, 22.522066304916315], [114.06177286618053, 22.5217259230334], [114.06152315528034, 22.521515754932377], [114.06099083735458, 22.521123922915677]]}}, {"type": "Feature", "properties": {"arc": 260, "wealthier": 0.4459322975966239, "beautiful": 0.4067422595385329, "livelier": 0.5323257472786782, "depressing": 0.5524478323782898, "safer": 0.3729687288179129, "boring": 0.4605974306671482, "human": 0.0001137143089657, "vehicle": 0.033521743047805, "construction": 0.0740257747589595, "nature": 0.2670485481383308, "sky": 0.379384055970207, "object": 0.0027605692545572, "PI": 0.3308338834212466, "NI": 0.32999906724462624, "length": 532.7022501, "source": 425, "target": 432, "direction": "bi-directional"}, "geometry": {"type": "LineString", "coordinates": [[114.06309444939706, 22.531669191194403], [114.06484590802997, 22.53167882094571], [114.06539825509613, 22.531697979650403], [114.06827193657715, 22.531740196156413]]}}, {"type": "Feature", "properties": {"arc": 261, "wealthier": 0.3831592026499516, "beautiful": 0.2606757324521688, "livelier": 0.5621159702704569, "depressing": 0.6886406853940552, "safer": 0.3271767833111767, "boring": 0.5418085866894192, "human": 0.0011454264322916, "vehicle": 0.023916269938151, "construction": 0.1401882171630859, "nature": 0.1431687927246093, "sky": 0.4363936360677083, "object": 0.0055251820882161, "PI": 0.2726232588551446, "NI": 0.4159313135939758, "length": 647.0642455, "source": 408, "target": 413, "direction": "bi-directional"}, "geometry": {"type": "LineString", "coordinates": [[114.05824553924067, 22.53159376824194], [114.0584723343438, 22.53067481059984], [114.05944268958672, 22.52701610022314], [114.05971978956539, 22.525913453189627]]}}, {"type": "Feature", "properties": {"arc": 262, "wealthier": 0.4834175023347579, "beautiful": 0.4877023261955588, "livelier": 0.5400546026821785, "depressing": 0.4762583300278027, "safer": 0.4398518928735198, "boring": 0.458060062777546, "human": 0.0001060243636842, "vehicle": 0.0389046441941034, "construction": 0.0945812104240296, "nature": 0.3331386626712859, "sky": 0.302011974274166, "object": 0.0035029214525979, "PI": 0.3819246666450435, "NI": 0.30950413534604015, "length": 498.9151783, "source": 408, "target": 425, "direction": "bi-directional"}, "geometry": {"type": "LineString", "coordinates": [[114.05824553924067, 22.53159376824194], [114.05880445265392, 22.53160788200648], [114.06028657954633, 22.531610772309293], [114.06309444939706, 22.531669191194403]]}}, {"type": "Feature", "properties": {"arc": 263, "wealthier": 0.3848030766728433, "beautiful": 0.3700220160231998, "livelier": 0.3968402458759077, "depressing": 0.6008958147179394, "safer": 0.3457706746335808, "boring": 0.6105451218410605, "human": 0.0001139958699544, "vehicle": 0.0291213989257812, "construction": 0.0431152979532877, "nature": 0.2773865381876627, "sky": 0.4190979639689127, "object": 0.0033607482910156, "PI": 0.28486410438096355, "NI": 0.3665266510055935, "length": 267.9844398, "source": 398, "target": 385, "direction": "bi-directional"}, "geometry": {"type": "LineString", "coordinates": [[114.05613812725454, 22.531559621973482], [114.0535338074008, 22.531504127007317]]}}, {"type": "Feature", "properties": {"arc": 264, "wealthier": 0.5361655623219059, "beautiful": 0.4691033335757487, "livelier": 0.5103816790216209, "depressing": 0.5075172684041694, "safer": 0.4348114043172701, "boring": 0.5290831526480795, "human": 0.0001977991174768, "vehicle": 0.0650848812527126, "construction": 0.0922002439145688, "nature": 0.1959401589852792, "sky": 0.3560797373453777, "object": 0.0029144287109375, "PI": 0.3478157281697507, "NI": 0.3574166862773927, "length": 216.8894238, "source": 398, "target": 408, "direction": "bi-directional"}, "geometry": {"type": "LineString", "coordinates": [[114.05613812725454, 22.531559621973482], [114.05767892384279, 22.531564001872916], [114.05824553924067, 22.53159376824194]]}}, {"type": "Feature", "properties": {"arc": 265, "wealthier": 0.3678715745131631, "beautiful": 0.3434932018786623, "livelier": 0.4204507967285413, "depressing": 0.6556568710508218, "safer": 0.3211868539044347, "boring": 0.62087470427704, "human": 0.000338872273763, "vehicle": 0.0352184971173604, "construction": 0.125352680683136, "nature": 0.1328348318735758, "sky": 0.4649479985237121, "object": 0.0036111871401468, "PI": 0.243983028469152, "NI": 0.4235410546786939, "length": 876.9227587, "source": 330, "target": 358, "direction": "bi-directional"}, "geometry": {"type": "LineString", "coordinates": [[114.03613964420929, 22.530547425596584], [114.03676787907543, 22.530548180334048], [114.03710765824559, 22.530567833401086], [114.04347078582408, 22.531258554428764], [114.04461418848992, 22.531365664286227]]}}, {"type": "Feature", "properties": {"arc": 266, "wealthier": 0.3775889648785446, "beautiful": 0.3669676670347477, "livelier": 0.3316318684758467, "depressing": 0.6180193420789752, "safer": 0.3244084742063161, "boring": 0.6833887678100562, "human": 0.0002031538221571, "vehicle": 0.016103278266059, "construction": 0.0924108293321397, "nature": 0.1823317633734809, "sky": 0.4581597222222222, "object": 0.0050226423475477, "PI": 0.2439852696794498, "NI": 0.4097317677997178, "length": 389.7013051, "source": 358, "target": 359, "direction": "bi-directional"}, "geometry": {"type": "LineString", "coordinates": [[114.04461418848992, 22.531365664286227], [114.04499736973831, 22.52829878332382], [114.04506655942627, 22.527871921066613]]}}, {"type": "Feature", "properties": {"arc": 267, "wealthier": 0.3589893179239044, "beautiful": 0.4121345650677357, "livelier": 0.3926160893786946, "depressing": 0.6013675910300541, "safer": 0.3257485251651779, "boring": 0.6299334604767577, "human": 3.001803443545387e-05, "vehicle": 0.0385194505964006, "construction": 0.0763851801554361, "nature": 0.2662997472853887, "sky": 0.3829352969215029, "object": 0.003515152704148, "PI": 0.28009641866575635, "NI": 0.37865317073211185, "length": 349.3571833, "source": 366, "target": 381, "direction": "bi-directional"}, "geometry": {"type": "LineString", "coordinates": [[114.04801761247268, 22.531424226192588], [114.05141284885553, 22.531491374343073]]}}, {"type": "Feature", "properties": {"arc": 268, "wealthier": 0.3252260872730204, "beautiful": 0.2666870892129638, "livelier": 0.5217849360426897, "depressing": 0.7200672337990845, "safer": 0.2886854812559, "boring": 0.4751324351314181, "human": 0.0004177093505859, "vehicle": 0.0178459278051403, "construction": 0.1739265884178271, "nature": 0.135714987049932, "sky": 0.4135520769202191, "object": 0.0030190841011379, "PI": 0.23809746929605755, "NI": 0.3948368371884197, "length": 630.5739653, "source": 381, "target": 382, "direction": "bi-directional"}, "geometry": {"type": "LineString", "coordinates": [[114.05141284885553, 22.531491374343073], [114.05148242443339, 22.528883440663392], [114.05153393558192, 22.52579823215474]]}}, {"type": "Feature", "properties": {"arc": 269, "wealthier": 0.4683244757181958, "beautiful": 0.4799979024795836, "livelier": 0.4628947015852424, "depressing": 0.5333516585877376, "safer": 0.3965374740433656, "boring": 0.5942036963760732, "human": 0.0001013014051649, "vehicle": 0.0297080852367259, "construction": 0.1416016331425419, "nature": 0.2304326516610605, "sky": 0.368332686247649, "object": 0.0031885924162688, "PI": 0.32959412255259374, "NI": 0.36864635580047517, "length": 218.1938064, "source": 381, "target": 385, "direction": "bi-directional"}, "geometry": {"type": "LineString", "coordinates": [[114.05141284885553, 22.531491374343073], [114.0535338074008, 22.531504127007317]]}}, {"type": "Feature", "properties": {"arc": 270, "wealthier": 0.3844048803476775, "beautiful": 0.3089713251534289, "livelier": 0.405143656355221, "depressing": 0.6569307623490827, "safer": 0.2963686143749133, "boring": 0.6404163166404458, "human": 0.0003788811819893, "vehicle": 0.0304431007021949, "construction": 0.1446865626743861, "nature": 0.1357521783737909, "sky": 0.4428492046537853, "object": 0.0045181001935686, "PI": 0.23441402419563287, "NI": 0.42939267447997786, "length": 350.2025947, "source": 358, "target": 366, "direction": "bi-directional"}, "geometry": {"type": "LineString", "coordinates": [[114.04461418848992, 22.531365664286227], [114.04568353695211, 22.531400553090325], [114.04801761247268, 22.531424226192588]]}}, {"type": "Feature", "properties": {"arc": 271, "wealthier": 0.3019401912976832, "beautiful": 0.2686373252506116, "livelier": 0.3133598475752052, "depressing": 0.7143584810265107, "safer": 0.2495104456862998, "boring": 0.7264292706697101, "human": 0.0007334877462948, "vehicle": 0.0158683739456475, "construction": 0.1032090280570235, "nature": 0.0966416340248257, "sky": 0.5378070532106886, "object": 0.0038855683569814, "PI": 0.18127060745781795, "NI": 0.4531540034818447, "length": 936.2255993, "source": 315, "target": 320, "direction": "bi-directional"}, "geometry": {"type": "LineString", "coordinates": [[114.0255833201116, 22.531275561503033], [114.02589135219688, 22.530710509790225], [114.02619196572377, 22.530250620754156], [114.02673301587768, 22.529641718504205], [114.02693987035136, 22.529432114308776], [114.02705226270085, 22.52934086844323], [114.02730683937953, 22.529186656061], [114.03266220875138, 22.52622860787538]]}}, {"type": "Feature", "properties": {"arc": 272, "wealthier": 0.2242158350461006, "beautiful": 0.2521061194189458, "livelier": 0.3787615034850782, "depressing": 0.7431678035733384, "safer": 0.2061887984981641, "boring": 0.6640012047611309, "human": 7.744630177815756e-05, "vehicle": 0.02756796280543, "construction": 0.0884845455487569, "nature": 0.1114755272865295, "sky": 0.5108339190483093, "object": 0.0050775210062662, "PI": 0.16534078135136052, "NI": 0.4510528587100692, "length": 858.2050015, "source": 315, "target": 324, "direction": "bi-directional"}, "geometry": {"type": "LineString", "coordinates": [[114.0255833201116, 22.531275561503033], [114.02797149823954, 22.53068971059139], [114.02889453822429, 22.530479204841065], [114.0295270357062, 22.5303523479192], [114.03020937502495, 22.53025396923379], [114.03111555032073, 22.530175459872126], [114.03210913106871, 22.530135756158963], [114.03303316132009, 22.530151142322566], [114.03378521375981, 22.530217795553547]]}}, {"type": "Feature", "properties": {"arc": 274, "wealthier": 0.3526020158134542, "beautiful": 0.3454044280343301, "livelier": 0.3767692559029477, "depressing": 0.6300405831404103, "safer": 0.304020453996297, "boring": 0.6374569030269186, "human": 8.827209472656252e-05, "vehicle": 0.0310618718465169, "construction": 0.052322285970052, "nature": 0.1769236628214518, "sky": 0.4879321797688801, "object": 0.0040531667073567, "PI": 0.23808547472970032, "NI": 0.4041426230261977, "length": 1256.054391, "source": 305, "target": 288, "direction": "bi-directional"}, "geometry": {"type": "LineString", "coordinates": [[114.01633256489193, 22.531250413738395], [114.01514419514454, 22.530944272824367], [114.01468837915999, 22.530859772757108], [114.01179352208881, 22.530188431747064], [114.01032039254207, 22.52987890847623], [114.00956549080412, 22.529744467706166], [114.00891395293472, 22.529667699201095], [114.00790663344259, 22.529621489501906], [114.00749672903065, 22.52962499181337], [114.00701958871794, 22.52964992012585], [114.00553920394388, 22.529797471363686], [114.00434407014667, 22.529953950630947]]}}, {"type": "Feature", "properties": {"arc": 275, "wealthier": 0.8499940256944496, "beautiful": 0.7411796013849465, "livelier": 0.7499046154561464, "depressing": 0.2030257925893806, "safer": 0.7720613433545375, "boring": 0.2139961672942981, "human": 0.0008363391629498, "vehicle": 0.0137822639882861, "construction": 0.0417292390889789, "nature": 0.3803420944593439, "sky": 0.326767641513502, "object": 0.0054765672826055, "PI": 0.6121773145035557, "NI": 0.20026786715327496, "length": 1817.801166, "source": 305, "target": 316, "direction": "bi-directional"}, "geometry": {"type": "LineString", "coordinates": [[114.01633256489193, 22.531250413738395], [114.01656517508246, 22.530286113648142], [114.01678127943525, 22.52961232005355], [114.01701764040752, 22.529050570232922], [114.01736473075526, 22.528390547195105], [114.01766876878554, 22.527920256080783], [114.01791731769536, 22.527587842832784], [114.01816988655645, 22.52728003139179], [114.01857268909156, 22.52684958740243], [114.01906242837576, 22.52640697397285], [114.0196996323199, 22.525920374927708], [114.02028283470013, 22.525556506343854], [114.02110165719644, 22.525114211026768], [114.0289968924288, 22.52073647140032]]}}, {"type": "Feature", "properties": {"arc": 276, "wealthier": 0.4594870344799793, "beautiful": 0.3937266213770219, "livelier": 0.5437123685524067, "depressing": 0.5952548988229154, "safer": 0.3648295798985561, "boring": 0.543407775214924, "human": 0.0002980699726179, "vehicle": 0.0135864183014514, "construction": 0.100447935216567, "nature": 0.2241901322907092, "sky": 0.4225695366952934, "object": 0.005623088163488, "PI": 0.32318569909944295, "NI": 0.3755926758623896, "length": 432.6568499, "source": 96, "target": 98, "direction": "bi-directional"}, "geometry": {"type": "LineString", "coordinates": [[113.92437144587201, 22.529562731903482], [113.92436555808543, 22.528248299172628], [113.9243942927078, 22.527622174879703], [113.9244372823816, 22.527247300775926], [113.92454721086467, 22.526602633083623], [113.92466604507574, 22.525672953856674]]}}, {"type": "Feature", "properties": {"arc": 277, "wealthier": 0.6808092320653168, "beautiful": 0.5749779204913716, "livelier": 0.729384895346306, "depressing": 0.3570836024283401, "safer": 0.5910309552976236, "boring": 0.3002405483618273, "human": 0.0029328940571218, "vehicle": 0.0314989504606827, "construction": 0.0948362488677536, "nature": 0.3970300978508548, "sky": 0.2241166432698567, "object": 0.0083944071894106, "PI": 0.5472152818523278, "NI": 0.26307106259023416, "length": 651.7499299, "source": 96, "target": 120, "direction": "bi-directional"}, "geometry": {"type": "LineString", "coordinates": [[113.92437144587201, 22.529562731903482], [113.9248320823583, 22.52925721355251], [113.92569045884667, 22.528778699446445], [113.92597886299221, 22.528637127616683], [113.926230354722, 22.52855585918426], [113.92668172294792, 22.52848546140783], [113.92963795647582, 22.52817424520946], [113.93037437992618, 22.52808260933383]]}}, {"type": "Feature", "properties": {"arc": 278, "wealthier": 0.9153973318477018, "beautiful": 0.667476154563285, "livelier": 0.9850665090632942, "depressing": 0.1797515488515581, "safer": 0.7940606834820297, "boring": 0.0, "human": 0.0023947954177856, "vehicle": 0.0159843365351359, "construction": 0.0350828965504964, "nature": 0.5127769311269125, "sky": 0.1687109470367432, "object": 0.0036803881327311, "PI": 0.7122858913353382, "NI": 0.10339106346671807, "length": 518.0748291, "source": 194, "target": 188, "direction": "bi-directional"}, "geometry": {"type": "LineString", "coordinates": [[113.94750680453961, 22.530084996801254], [113.94757197425915, 22.52788967777612], [113.9475541533656, 22.52768855709882], [113.94748648605363, 22.527546459489667], [113.9473559649869, 22.527460507261914], [113.94712957644072, 22.527419285340834], [113.945859488639, 22.527405758334996], [113.94523311773484, 22.527421748435525]]}}, {"type": "Feature", "properties": {"arc": 279, "wealthier": 0.4331895430591113, "beautiful": 0.4271452101749397, "livelier": 0.4325263088039365, "depressing": 0.5435229911657558, "safer": 0.3986454243291114, "boring": 0.6237617179540211, "human": 5.97359477609828e-05, "vehicle": 0.0328821375750113, "construction": 0.0518077629199926, "nature": 0.2008792490198992, "sky": 0.4779617198999378, "object": 0.0028577334638954, "PI": 0.3001545209830248, "NI": 0.3771580542364128, "length": 691.277636, "source": 207, "target": 198, "direction": "bi-directional"}, "geometry": {"type": "LineString", "coordinates": [[113.94989028962215, 22.530131805070617], [113.94978073526072, 22.529076182004644], [113.94898263741224, 22.523947525857306]]}}, {"type": "Feature", "properties": {"arc": 280, "wealthier": 0.5926184727742405, "beautiful": 0.4817277775930161, "livelier": 0.6070723719181237, "depressing": 0.426843481730683, "safer": 0.5076320575945243, "boring": 0.4050586535975684, "human": 0.0004412333170572, "vehicle": 0.0148348490397135, "construction": 0.117276382446289, "nature": 0.3401694615681966, "sky": 0.2897799173990885, "object": 0.0041022618611653, "PI": 0.43057182579240716, "NI": 0.28117931432039295, "length": 245.2625523, "source": 194, "target": 207, "direction": "bi-directional"}, "geometry": {"type": "LineString", "coordinates": [[113.94750680453961, 22.530084996801254], [113.94884389122302, 22.530120784493665], [113.94989028962215, 22.530131805070617]]}}, {"type": "Feature", "properties": {"arc": 282, "wealthier": 0.5706314736902443, "beautiful": 0.4546676861431726, "livelier": 0.5332696717521455, "depressing": 0.4333406096225099, "safer": 0.4923427113348642, "boring": 0.3975706064162901, "human": 0.001112429300944, "vehicle": 0.0103883743286132, "construction": 0.1123896280924479, "nature": 0.2267342885335286, "sky": 0.3978943506876627, "object": 0.0068658828735351, "PI": 0.3847734457264724, "NI": 0.32282383060197245, "length": 220.0115007, "source": 175, "target": 187, "direction": "bi-directional"}, "geometry": {"type": "LineString", "coordinates": [[113.94305810100175, 22.530020180500745], [113.94474453067122, 22.530046743787018], [113.94519596270142, 22.53006737106261]]}}, {"type": "Feature", "properties": {"arc": 283, "wealthier": 0.8297424176584169, "beautiful": 0.6548199009609483, "livelier": 0.8465352202496004, "depressing": 0.2646450186303752, "safer": 0.7517374079339347, "boring": 0.1697416049791317, "human": 0.0009308439312559, "vehicle": 0.0158440561005563, "construction": 0.0342904293175899, "nature": 0.5468021739612925, "sky": 0.1132031065044981, "object": 0.0046958923339843, "PI": 0.6507530535079019, "NI": 0.13917534446029214, "length": 292.9951897, "source": 187, "target": 188, "direction": "bi-directional"}, "geometry": {"type": "LineString", "coordinates": [[113.94519596270142, 22.53006737106261], [113.94522360851795, 22.52830564933443], [113.94523311773484, 22.527421748435525]]}}, {"type": "Feature", "properties": {"arc": 284, "wealthier": 0.7117461829536718, "beautiful": 0.5746995703213488, "livelier": 0.6788610107715913, "depressing": 0.3413557314032412, "safer": 0.594864896510965, "boring": 0.2906950455505991, "human": 0.0006946563720703, "vehicle": 0.0156985600789388, "construction": 0.1053684870402018, "nature": 0.3182221094767252, "sky": 0.3169835408528646, "object": 0.0042012532552083, "PI": 0.4953661323059391, "NI": 0.2504247063880188, "length": 237.7335338, "source": 187, "target": 194, "direction": "bi-directional"}, "geometry": {"type": "LineString", "coordinates": [[113.94519596270142, 22.53006737106261], [113.94750680453961, 22.530084996801254]]}}, {"type": "Feature", "properties": {"arc": 285, "wealthier": 0.5045700809309919, "beautiful": 0.4269704857330469, "livelier": 0.6013446051390495, "depressing": 0.5364199986780048, "safer": 0.4453900302816084, "boring": 0.4626760200044035, "human": 0.0019842924895109, "vehicle": 0.016474292896412, "construction": 0.1703440630877459, "nature": 0.1517653853804977, "sky": 0.398014520715784, "object": 0.0070156097412109, "PI": 0.3655120748757847, "NI": 0.37716126473509276, "length": 1168.784505, "source": 171, "target": 120, "direction": "bi-directional"}, "geometry": {"type": "LineString", "coordinates": [[113.94092576190694, 22.530003889029082], [113.94031905234824, 22.529981413730635], [113.93990201715467, 22.529931351613502], [113.93943871725698, 22.529809949843525], [113.93922750950858, 22.52973113744911], [113.93903329389171, 22.529639373826363], [113.93867483856957, 22.52941420202825], [113.93834865787686, 22.529136575108705], [113.9381330072063, 22.52888783572179], [113.93779339445844, 22.528403415819632], [113.9376445553211, 22.528250369999338], [113.93752234611195, 22.528160198496437], [113.93739694294973, 22.528092182353944], [113.93724767925704, 22.528034685167757], [113.93710364663362, 22.52800039767618], [113.93682472561797, 22.52797419289234], [113.93609951381649, 22.527976398614197], [113.9342570856627, 22.528020120413185], [113.93037437992618, 22.52808260933383]]}}, {"type": "Feature", "properties": {"arc": 286, "wealthier": 0.611059569843445, "beautiful": 0.4353037535345392, "livelier": 0.6414106314331882, "depressing": 0.4748347778822066, "safer": 0.5040137717129622, "boring": 0.2993287163935317, "human": 0.0014562960024233, "vehicle": 0.0133972167968749, "construction": 0.0795103708902994, "nature": 0.1756535282841435, "sky": 0.4468024218523944, "object": 0.0065598664460358, "PI": 0.40283866575550037, "NI": 0.3162779399775905, "length": 293.3042903, "source": 171, "target": 172, "direction": "bi-directional"}, "geometry": {"type": "LineString", "coordinates": [[113.94092576190694, 22.530003889029082], [113.94096650351557, 22.527355514191445]]}}, {"type": "Feature", "properties": {"arc": 287, "wealthier": 0.4914225468802018, "beautiful": 0.3864409920422998, "livelier": 0.5266760458010556, "depressing": 0.5312714767532958, "safer": 0.3964075787219085, "boring": 0.4032499909997019, "human": 0.0008766739456741, "vehicle": 0.015453126695421, "construction": 0.0933523531313295, "nature": 0.2006326604772496, "sky": 0.4395604310212312, "object": 0.0064339107937282, "PI": 0.3309322082029872, "NI": 0.3480233607292844, "length": 219.3697515, "source": 171, "target": 175, "direction": "bi-directional"}, "geometry": {"type": "LineString", "coordinates": [[113.94092576190694, 22.530003889029082], [113.94305810100175, 22.530020180500745]]}}, {"type": "Feature", "properties": {"arc": 288, "wealthier": 0.646374217416013, "beautiful": 0.6486222477075433, "livelier": 0.5174486309418135, "depressing": 0.3389551068638513, "safer": 0.6272214970717779, "boring": 0.4729146865135344, "human": 0.0004562499031187, "vehicle": 0.0094421931675502, "construction": 0.0492716289701915, "nature": 0.2964588044181702, "sky": 0.3714911142985026, "object": 0.0044595627557663, "PI": 0.46342157562995917, "NI": 0.2758691033221751, "length": 512.6961796, "source": 280, "target": 275, "direction": "bi-directional"}, "geometry": {"type": "LineString", "coordinates": [[113.99341915333859, 22.531076856889992], [113.99258728033645, 22.53095157267246], [113.98852503437683, 22.53020480589067]]}}, {"type": "Feature", "properties": {"arc": 289, "wealthier": 0.2797189336889584, "beautiful": 0.3046475533599621, "livelier": 0.3341235059383233, "depressing": 0.7264291387365619, "safer": 0.2436595432996138, "boring": 0.7568055015437047, "human": 0.0001481374104817, "vehicle": 0.0062731504440307, "construction": 0.0316734711329142, "nature": 0.1492831309636434, "sky": 0.5609626372655232, "object": 0.0036603212356567, "PI": 0.1929224087541169, "NI": 0.4355082401994557, "length": 423.5979395, "source": 280, "target": 281, "direction": "bi-directional"}, "geometry": {"type": "LineString", "coordinates": [[113.99341915333859, 22.531076856889992], [113.99377788384838, 22.52881919687123], [113.99400126208879, 22.52729009350461]]}}, {"type": "Feature", "properties": {"arc": 290, "wealthier": 0.6418532116535408, "beautiful": 0.6818745462552782, "livelier": 0.6019814131496285, "depressing": 0.2657914183788034, "safer": 0.6880661864857684, "boring": 0.3856721924469244, "human": 0.0003082968971946, "vehicle": 0.0064030271587949, "construction": 0.0695443586869673, "nature": 0.3180646029385653, "sky": 0.3889572837136008, "object": 0.0050034956498579, "PI": 0.4993134187941612, "NI": 0.25969839141445666, "length": 319.3079738, "source": 241, "target": 242, "direction": "bi-directional"}, "geometry": {"type": "LineString", "coordinates": [[113.96588502063368, 22.531009450983777], [113.96587410839912, 22.530435132719514], [113.96589651447748, 22.52912371317622], [113.96593147617352, 22.52812676679533]]}}, {"type": "Feature", "properties": {"arc": 291, "wealthier": 0.3046087580072741, "beautiful": 0.2555168161601311, "livelier": 0.4418714904007115, "depressing": 0.7407182789038853, "safer": 0.2484502356424009, "boring": 0.6878001091878113, "human": 0.0001924832661946, "vehicle": 0.049207329750061, "construction": 0.1360347270965576, "nature": 0.0832136074701945, "sky": 0.4744789997736613, "object": 0.0031671126683553, "PI": 0.19393735459902753, "NI": 0.4643999626679318, "length": 409.3062584, "source": 310, "target": 305, "direction": "bi-directional"}, "geometry": {"type": "LineString", "coordinates": [[114.02021818249261, 22.532037389900754], [114.01924205696416, 22.53188480797699], [114.01834247482222, 22.531695065441895], [114.01686304356552, 22.531352551460298], [114.01633256489193, 22.531250413738395]]}}, {"type": "Feature", "properties": {"arc": 292, "wealthier": 0.2897013927430326, "beautiful": 0.2520664283252407, "livelier": 0.464494872481327, "depressing": 0.7325995825110617, "safer": 0.2434347827365949, "boring": 0.6494765056452665, "human": 0.0002379644484747, "vehicle": 0.0420867980472625, "construction": 0.2084303961859809, "nature": 0.0595951685829768, "sky": 0.4412079462929377, "object": 0.0056269812205481, "PI": 0.18889898756263016, "NI": 0.4802020826168021, "length": 561.6711309, "source": 310, "target": 315, "direction": "bi-directional"}, "geometry": {"type": "LineString", "coordinates": [[114.02021818249261, 22.532037389900754], [114.02096415373062, 22.532062883697197], [114.02128545212355, 22.53206034975013], [114.02209845674462, 22.53200817020077], [114.02269665212299, 22.53193730642952], [114.02334664075339, 22.531816403786724], [114.0255833201116, 22.531275561503033]]}}, {"type": "Feature", "properties": {"arc": 293, "wealthier": 0.7858968162682105, "beautiful": 0.7459824305463572, "livelier": 0.6689450963926096, "depressing": 0.2727299552937296, "safer": 0.7798634749877073, "boring": 0.3741631115912824, "human": 0.0016234185960557, "vehicle": 0.0127875010172526, "construction": 0.120864020453559, "nature": 0.3059094746907552, "sky": 0.3295319345262316, "object": 0.0069227748446994, "PI": 0.5787887077519606, "NI": 0.27553334979629734, "length": 321.7995185, "source": 234, "target": 237, "direction": "bi-directional"}, "geometry": {"type": "LineString", "coordinates": [[113.96223879874758, 22.53100350831222], [113.9622423663245, 22.530367533033413], [113.96228695923638, 22.5287844963637], [113.96230804572217, 22.52853363230407], [113.96237471732948, 22.528103289692385]]}}, {"type": "Feature", "properties": {"arc": 294, "wealthier": 0.6018861450368536, "beautiful": 0.6521883041980016, "livelier": 0.5015721397109967, "depressing": 0.3262778032268874, "safer": 0.6249371879148552, "boring": 0.5146155513632271, "human": 0.0005177543276832, "vehicle": 0.0121425447009858, "construction": 0.1016512371244884, "nature": 0.3599372591291155, "sky": 0.30239014398484, "object": 0.009728885832287, "PI": 0.46951749458596526, "NI": 0.3128614530083576, "length": 375.0994608, "source": 234, "target": 241, "direction": "bi-directional"}, "geometry": {"type": "LineString", "coordinates": [[113.96223879874758, 22.53100350831222], [113.96588502063368, 22.531009450983777]]}}, {"type": "Feature", "properties": {"arc": 295, "wealthier": 0.5264011532523337, "beautiful": 0.5323798477151991, "livelier": 0.4911068091072446, "depressing": 0.4083567629145903, "safer": 0.5421939893973693, "boring": 0.4666937539299001, "human": 0.0005276543753487, "vehicle": 0.0103712990170433, "construction": 0.08713318052746, "nature": 0.2234598341442289, "sky": 0.4448845727103098, "object": 0.0055523826962425, "PI": 0.3837086228379516, "NI": 0.3272023140768234, "length": 334.8176341, "source": 249, "target": 250, "direction": "bi-directional"}, "geometry": {"type": "LineString", "coordinates": [[113.96943986164717, 22.53118295747691], [113.969475857097, 22.530079632159175], [113.96948297940038, 22.529139767626898], [113.96951817252764, 22.52816050738984]]}}, {"type": "Feature", "properties": {"arc": 296, "wealthier": 0.8571484553169004, "beautiful": 0.7753273121492493, "livelier": 0.5835687444138427, "depressing": 0.2248045729405425, "safer": 0.809089686119785, "boring": 0.4293321121671311, "human": 6.075258608217592e-05, "vehicle": 0.0044660921450014, "construction": 0.012394869769061, "nature": 0.2782496346367729, "sky": 0.4533125559488932, "object": 0.0027813381618923, "PI": 0.558413161662367, "NI": 0.24421790193553972, "length": 457.4536849, "source": 249, "target": 255, "direction": "bi-directional"}, "geometry": {"type": "LineString", "coordinates": [[113.96943986164717, 22.53118295747691], [113.9735783643793, 22.529671710657595]]}}, {"type": "Feature", "properties": {"arc": 297, "wealthier": 0.3284648181913228, "beautiful": 0.2465391590645055, "livelier": 0.5950040176753728, "depressing": 0.6629028039771908, "safer": 0.3035732519441807, "boring": 0.4905146343400501, "human": 0.0039939880371093, "vehicle": 0.0696039835611979, "construction": 0.2170469919840495, "nature": 0.041729015774197, "sky": 0.4249887678358289, "object": 0.0045174068874782, "PI": 0.2733878139145038, "NI": 0.4513421416418568, "length": 387.3845904, "source": 79, "target": 75, "direction": "bi-directional"}, "geometry": {"type": "LineString", "coordinates": [[113.91948634605511, 22.530519038697452], [113.91868319115274, 22.52710131026249]]}}, {"type": "Feature", "properties": {"arc": 299, "wealthier": 0.315097318168673, "beautiful": 0.2591732356864167, "livelier": 0.4864616245416632, "depressing": 0.6436815217370551, "safer": 0.2712783978805835, "boring": 0.5590369702267193, "human": 0.0047576339156539, "vehicle": 0.0454048227380823, "construction": 0.1324209283899378, "nature": 0.1242850974754051, "sky": 0.4494258032904731, "object": 0.0042686815615053, "PI": 0.2770266736400782, "NI": 0.41997872608153425, "length": 483.9180062, "source": 61, "target": 64, "direction": "bi-directional"}, "geometry": {"type": "LineString", "coordinates": [[113.91365755471315, 22.53117958204497], [113.91423697780813, 22.529679357383333], [113.91443777689646, 22.529004086710913], [113.91451583732493, 22.52851745383363], [113.91462922184954, 22.527347073991894], [113.91465239742979, 22.526939232915762]]}}, {"type": "Feature", "properties": {"arc": 300, "wealthier": 0.7909696295926325, "beautiful": 0.572900322780931, "livelier": 0.9451791389755656, "depressing": 0.2783327091968718, "safer": 0.6833186726719837, "boring": 0.1206535575978195, "human": 0.0051307413313123, "vehicle": 0.0480885505676269, "construction": 0.0940587255689832, "nature": 0.3656720320383708, "sky": 0.2225154505835639, "object": 0.0043419996897379, "PI": 0.643872784034222, "NI": 0.2039996256070887, "length": 607.2547801, "source": 61, "target": 79, "direction": "bi-directional"}, "geometry": {"type": "LineString", "coordinates": [[113.91365755471315, 22.53117958204497], [113.91425421561722, 22.531196716055202], [113.91552122255871, 22.531199487598272], [113.9160486067601, 22.53118245552099], [113.9163488733492, 22.53113314266241], [113.91948634605511, 22.530519038697452]]}}, {"type": "Feature", "properties": {"arc": 301, "wealthier": 0.3216365471751468, "beautiful": 0.3083990660177789, "livelier": 0.4132173503054691, "depressing": 0.6660825437314699, "safer": 0.2871824080845219, "boring": 0.6159767945128395, "human": 0.0010697185129359, "vehicle": 0.0164032535276551, "construction": 0.108116398686948, "nature": 0.1626709371373273, "sky": 0.4575236500173374, "object": 0.0046682219574416, "PI": 0.23882554006878656, "NI": 0.40958591918645865, "length": 604.93839, "source": 52, "target": 47, "direction": "bi-directional"}, "geometry": {"type": "LineString", "coordinates": [[113.9103594690081, 22.53126835595173], [113.91015138422438, 22.52841056359801], [113.9100782653257, 22.527610683663145], [113.90996899762203, 22.526928504872597], [113.90972991978454, 22.52584499158599]]}}, {"type": "Feature", "properties": {"arc": 303, "wealthier": 0.4476813835999672, "beautiful": 0.4899400653716788, "livelier": 0.3829473647028789, "depressing": 0.4811267122409703, "safer": 0.4535888447951508, "boring": 0.6131491028085655, "human": 0.000124038211883, "vehicle": 0.0029626119704473, "construction": 0.0467331447298564, "nature": 0.154825210571289, "sky": 0.5296552748907181, "object": 0.0049226851690383, "PI": 0.30346958659591156, "NI": 0.3671889421280234, "length": 1084.022479, "source": 284, "target": 280, "direction": "bi-directional"}, "geometry": {"type": "LineString", "coordinates": [[114.00372598444497, 22.53307745924364], [113.99684859622639, 22.53192009916889], [113.99599089575462, 22.531728432751326], [113.99407868290345, 22.53122505861115], [113.99341915333859, 22.531076856889992]]}}, {"type": "Feature", "properties": {"arc": 304, "wealthier": 0.6170531569072268, "beautiful": 0.6582989811707818, "livelier": 0.4835627261745572, "depressing": 0.3271420481141922, "safer": 0.6238686264563111, "boring": 0.4825417822723006, "human": 6.723403930664064e-05, "vehicle": 0.0119438701205783, "construction": 0.1384422514173719, "nature": 0.3636895285712347, "sky": 0.238170305887858, "object": 0.0061206817626953, "PI": 0.46485474164405227, "NI": 0.2794760168635697, "length": 351.6853162, "source": 284, "target": 288, "direction": "bi-directional"}, "geometry": {"type": "LineString", "coordinates": [[114.00372598444497, 22.53307745924364], [114.00434407014667, 22.529953950630947]]}}, {"type": "Feature", "properties": {"arc": 305, "wealthier": 0.5195222254310469, "beautiful": 0.6015720644977146, "livelier": 0.5058573282452449, "depressing": 0.3989740538769801, "safer": 0.5574556818259442, "boring": 0.4906886592562526, "human": 0.0006780170259021, "vehicle": 0.0085422879173642, "construction": 0.0969883146740141, "nature": 0.263270514351981, "sky": 0.3829724448067801, "object": 0.007031758626302, "PI": 0.41276381312137, "NI": 0.3235053514791797, "length": 162.5240472, "source": 240, "target": 241, "direction": "bi-directional"}, "geometry": {"type": "LineString", "coordinates": [[113.96579557067619, 22.532474419042945], [113.96584057719535, 22.531994665371638], [113.96588502063368, 22.531009450983777]]}}, {"type": "Feature", "properties": {"arc": 306, "wealthier": 0.8139823865405929, "beautiful": 0.7479113046696855, "livelier": 0.5919459125841655, "depressing": 0.2768336020171642, "safer": 0.743953646043579, "boring": 0.3839563565237772, "human": 0.0002074347601996, "vehicle": 0.0015624576144748, "construction": 0.0173065185546875, "nature": 0.3139633178710937, "sky": 0.4085431416829427, "object": 0.0025187174479166, "PI": 0.5469852453397006, "NI": 0.23121799091367282, "length": 401.2496957, "source": 240, "target": 249, "direction": "bi-directional"}, "geometry": {"type": "LineString", "coordinates": [[113.96579557067619, 22.532474419042945], [113.96943986164717, 22.53118295747691]]}}, {"type": "Feature", "properties": {"arc": 307, "wealthier": 0.5135060682377374, "beautiful": 0.3679803070620605, "livelier": 0.4944198181914215, "depressing": 0.5790429297453052, "safer": 0.3956639115289729, "boring": 0.5259517414113821, "human": 0.0004497472790704, "vehicle": 0.0421135943868885, "construction": 0.0607947197513304, "nature": 0.1407864888509114, "sky": 0.4903020444123641, "object": 0.0051740010579427, "PI": 0.30455586664715545, "NI": 0.39360123598698155, "length": 649.1659256, "source": 39, "target": 40, "direction": "bi-directional"}, "geometry": {"type": "LineString", "coordinates": [[113.90484503889547, 22.53164591125629], [113.9048860537518, 22.530487759163435], [113.90492900292536, 22.527365871064273], [113.90498467242526, 22.52578543248264]]}}, {"type": "Feature", "properties": {"arc": 308, "wealthier": 0.3125588126276451, "beautiful": 0.3744008818527557, "livelier": 0.4969482056600083, "depressing": 0.5894783542132057, "safer": 0.3247740438784419, "boring": 0.5109029360868333, "human": 0.0020624796549479, "vehicle": 0.0352162679036458, "construction": 0.1144257354736328, "nature": 0.1791189829508463, "sky": 0.3993291727701823, "object": 0.0069827779134114, "PI": 0.28897868976939706, "NI": 0.39108889886084924, "length": 572.2940399, "source": 39, "target": 52, "direction": "bi-directional"}, "geometry": {"type": "LineString", "coordinates": [[113.90484503889547, 22.53164591125629], [113.90551048102019, 22.53148841261225], [113.90664833788004, 22.531273625168147], [113.90697071613151, 22.531228686310595], [113.90778877453859, 22.531220659251012], [113.9103594690081, 22.53126835595173]]}}, {"type": "Feature", "properties": {"arc": 309, "wealthier": 0.889205656083155, "beautiful": 0.7155954666077855, "livelier": 0.8755855640529409, "depressing": 0.2489926920952798, "safer": 0.7683324864751846, "boring": 0.1879014582608402, "human": 0.0015039154977509, "vehicle": 0.009399009473396, "construction": 0.0485164179946437, "nature": 0.4774565841212417, "sky": 0.1631567405931877, "object": 0.005388086492365, "PI": 0.6708282140300247, "NI": 0.15738269439366367, "length": 275.0886805, "source": 186, "target": 187, "direction": "bi-directional"}, "geometry": {"type": "LineString", "coordinates": [[113.9451563799446, 22.532551249725426], [113.94519596270142, 22.53006737106261]]}}, {"type": "Feature", "properties": {"arc": 312, "wealthier": 0.3242095969317105, "beautiful": 0.3834628371793219, "livelier": 0.5268526501370494, "depressing": 0.5456108911825377, "safer": 0.3697391244691545, "boring": 0.4809950718850905, "human": 0.001900831858317, "vehicle": 0.0232518513997395, "construction": 0.1503958702087402, "nature": 0.1189090410868326, "sky": 0.4215110143025716, "object": 0.0042096773783365, "PI": 0.2891522009053807, "NI": 0.3699596383445598, "length": 507.4460184, "source": 186, "target": 194, "direction": "bi-directional"}, "geometry": {"type": "LineString", "coordinates": [[113.9451563799446, 22.532551249725426], [113.94567432189199, 22.532609619360866], [113.94708581208693, 22.53264399298143], [113.94726226487528, 22.532626174367], [113.94732481225763, 22.53260067480498], [113.94738708816823, 22.53255241152829], [113.94745275012595, 22.532422618087324], [113.94747219233443, 22.532275504218113], [113.94750680453961, 22.530084996801254]]}}, {"type": "Feature", "properties": {"arc": 313, "wealthier": 0.3164863237586656, "beautiful": 0.2111553958841521, "livelier": 0.5621923632707337, "depressing": 0.7369466071904838, "safer": 0.2911357048302938, "boring": 0.5486404331333077, "human": 0.0006980260213216, "vehicle": 0.027211316426595, "construction": 0.1879192352294922, "nature": 0.0582624435424804, "sky": 0.4567000706990559, "object": 0.0082340876261393, "PI": 0.21867440085149914, "NI": 0.46586184221568816, "length": 279.6300303, "source": 170, "target": 171, "direction": "bi-directional"}, "geometry": {"type": "LineString", "coordinates": [[113.94087538220244, 22.532528616163034], [113.94092576190694, 22.530003889029082]]}}, {"type": "Feature", "properties": {"arc": 317, "wealthier": 0.8565426969764269, "beautiful": 0.7472822868389559, "livelier": 0.8192382381162576, "depressing": 0.1660211283849587, "safer": 0.8249618130284418, "boring": 0.1744772485278748, "human": 0.0020421680651212, "vehicle": 0.0224768488030684, "construction": 0.1249257974457322, "nature": 0.442708835267184, "sky": 0.1369901289019668, "object": 0.0051658028050472, "PI": 0.6679243971297161, "NI": 0.16570255771022013, "length": 987.6536404, "source": 357, "target": 330, "direction": "bi-directional"}, "geometry": {"type": "LineString", "coordinates": [[114.04455028932982, 22.53466354771791], [114.04374815765601, 22.534565382762057], [114.04327416993516, 22.53445091315239], [114.04272643400513, 22.53423373485033], [114.04096965545018, 22.533451667904433], [114.04057144216158, 22.53324238952035], [114.0401485873445, 22.532991883572237], [114.03833915059487, 22.531800687669797], [114.03786972949064, 22.53153492948064], [114.03681736068329, 22.530973740656698], [114.03613964420929, 22.530547425596584]]}}, {"type": "Feature", "properties": {"arc": 318, "wealthier": 0.3827814031839012, "beautiful": 0.351171180250277, "livelier": 0.276834386818287, "depressing": 0.6219678834583021, "safer": 0.3174388903377254, "boring": 0.7232627060439065, "human": 0.0001435891175881, "vehicle": 0.0066251021165114, "construction": 0.1292358789688501, "nature": 0.130552242963742, "sky": 0.4377257029215494, "object": 0.0023134182661007, "PI": 0.2163599678835457, "NI": 0.4002993674778481, "length": 365.2720129, "source": 357, "target": 358, "direction": "bi-directional"}, "geometry": {"type": "LineString", "coordinates": [[114.04455028932982, 22.53466354771791], [114.04458484606558, 22.533611294678426], [114.04461418848992, 22.531365664286227]]}}, {"type": "Feature", "properties": {"arc": 319, "wealthier": 0.6004100044510743, "beautiful": 0.5040638396493407, "livelier": 0.6981126271698189, "depressing": 0.4411758779029051, "safer": 0.5506210888449504, "boring": 0.3531850991796751, "human": 0.0008617662915996, "vehicle": 0.0397061553655886, "construction": 0.1478668100693646, "nature": 0.2467420615401922, "sky": 0.3420011856976677, "object": 0.006756165448357, "PI": 0.44314766139752737, "NI": 0.33335623212114135, "length": 813.0301945, "source": 309, "target": 305, "direction": "bi-directional"}, "geometry": {"type": "LineString", "coordinates": [[114.0197358767436, 22.534429495490564], [114.01797294227859, 22.53412669766556], [114.01571482541956, 22.53377611498947], [114.01552504499337, 22.533731230623467], [114.01541947872288, 22.533675325209657], [114.0153648557647, 22.533616553493225], [114.01533733304511, 22.533557919333276], [114.01532577804785, 22.53347658145186], [114.01533016315149, 22.53337755656478], [114.0151856086402, 22.53201758772247], [114.01515592678051, 22.531809429226175], [114.01521760337198, 22.53153805222362], [114.01556299228432, 22.5314085313815], [114.01633256489193, 22.531250413738395]]}}, {"type": "Feature", "properties": {"arc": 321, "wealthier": 0.3085212770188714, "beautiful": 0.4259226126522659, "livelier": 0.2290206429284063, "depressing": 0.5638847750392245, "safer": 0.3234323416115303, "boring": 0.7658150303487494, "human": 0.0002447764078776, "vehicle": 0.0202226883325821, "construction": 0.0325250381078475, "nature": 0.1066051874405298, "sky": 0.5692244798709185, "object": 0.0070041754306891, "PI": 0.20434186149924535, "NI": 0.4406977524323237, "length": 293.2851562, "source": 291, "target": 284, "direction": "bi-directional"}, "geometry": {"type": "LineString", "coordinates": [[114.00627820980722, 22.534257067303912], [114.00554549035522, 22.533898010182234], [114.00372598444497, 22.53307745924364]]}}, {"type": "Feature", "properties": {"arc": 322, "wealthier": 0.4317005440726937, "beautiful": 0.3048845948012405, "livelier": 0.5512619084303363, "depressing": 0.6773229277371989, "safer": 0.372005271073142, "boring": 0.5853979101765295, "human": 0.0012632581922743, "vehicle": 0.0250894758436414, "construction": 0.2160455915662977, "nature": 0.0941248575846354, "sky": 0.4059627109103733, "object": 0.0051097869873046, "PI": 0.28413694800186967, "NI": 0.4360314180802502, "length": 427.0590647, "source": 407, "target": 408, "direction": "bi-directional"}, "geometry": {"type": "LineString", "coordinates": [[114.05815775939402, 22.535449265822283], [114.05819846404965, 22.533769128641605], [114.05820497573345, 22.53287476197366], [114.05824553924067, 22.53159376824194]]}}, {"type": "Feature", "properties": {"arc": 324, "wealthier": 0.3577557179084143, "beautiful": 0.32532812291787, "livelier": 0.4200021552143449, "depressing": 0.6619361218439193, "safer": 0.3228816795146614, "boring": 0.6388375197725683, "human": 0.0007389916314019, "vehicle": 0.0229976230197482, "construction": 0.2039995829264322, "nature": 0.0931937323676215, "sky": 0.4119400448269314, "object": 0.0033679962158203, "PI": 0.23417261515001966, "NI": 0.428239594137972, "length": 429.2876137, "source": 424, "target": 425, "direction": "bi-directional"}, "geometry": {"type": "LineString", "coordinates": [[114.0630192106802, 22.535545039005545], [114.06302379695245, 22.534481309527234], [114.06309444939706, 22.531669191194403]]}}, {"type": "Feature", "properties": {"arc": 326, "wealthier": 0.3680012940708346, "beautiful": 0.2682956189171734, "livelier": 0.5650200819321842, "depressing": 0.6791737757202142, "safer": 0.3187866217462045, "boring": 0.5432050429780659, "human": 0.0025503794352213, "vehicle": 0.0180800755818684, "construction": 0.2213852564493815, "nature": 0.0710585276285807, "sky": 0.4016506195068359, "object": 0.0074522654215494, "PI": 0.27021640038148437, "NI": 0.4386112035745586, "length": 216.4301545, "source": 397, "target": 407, "direction": "bi-directional"}, "geometry": {"type": "LineString", "coordinates": [[114.05605454015694, 22.535411966682346], [114.05692037999097, 22.53544400180494], [114.05815775939402, 22.535449265822283]]}}, {"type": "Feature", "properties": {"arc": 327, "wealthier": 0.2432279191555591, "beautiful": 0.2354089394965544, "livelier": 0.4638941944600827, "depressing": 0.7364614670371747, "safer": 0.247624705698213, "boring": 0.6076016275033759, "human": 0.0006798108418782, "vehicle": 0.0201485157012939, "construction": 0.1332688728968302, "nature": 0.1637696027755736, "sky": 0.4175136089324952, "object": 0.0045571327209472, "PI": 0.20996855913485024, "NI": 0.42008501903473583, "length": 427.0019283, "source": 380, "target": 381, "direction": "bi-directional"}, "geometry": {"type": "LineString", "coordinates": [[114.05135059052306, 22.535346832767825], [114.05139266052592, 22.533612946001867], [114.05141284885553, 22.531491374343073]]}}, {"type": "Feature", "properties": {"arc": 328, "wealthier": 0.2850449736481782, "beautiful": 0.2018663218382956, "livelier": 0.533283505503292, "depressing": 0.7446132662555561, "safer": 0.2656626130721877, "boring": 0.6165022870802238, "human": 0.0013463973999023, "vehicle": 0.0376521428426106, "construction": 0.1812831242879231, "nature": 0.0749280929565429, "sky": 0.4388881683349609, "object": 0.0077889124552408, "PI": 0.21381008133176485, "NI": 0.4770729324770509, "length": 214.4096605, "source": 380, "target": 384, "direction": "bi-directional"}, "geometry": {"type": "LineString", "coordinates": [[114.05135059052306, 22.535346832767825], [114.05246209449707, 22.535358997480717], [114.0534336096856, 22.53540349319984]]}}, {"type": "Feature", "properties": {"arc": 330, "wealthier": 0.3289996098384396, "beautiful": 0.2075722962358507, "livelier": 0.4729490160765581, "depressing": 0.7439503215438117, "safer": 0.2780910825216885, "boring": 0.6976312076879172, "human": 0.0013723084420868, "vehicle": 0.0273766373143051, "construction": 0.1608916773940577, "nature": 0.0531757817123875, "sky": 0.4803698568633108, "object": 0.0097774158824573, "PI": 0.20780724629226188, "NI": 0.500615660024421, "length": 269.6168597, "source": 384, "target": 397, "direction": "bi-directional"}, "geometry": {"type": "LineString", "coordinates": [[114.0534336096856, 22.53540349319984], [114.05605454015694, 22.535411966682346]]}}, {"type": "Feature", "properties": {"arc": 331, "wealthier": 0.5717261152009431, "beautiful": 0.4912450089211647, "livelier": 0.6796870815249569, "depressing": 0.4528904607544656, "safer": 0.5126185973568281, "boring": 0.3640088204258508, "human": 0.0019348859786987, "vehicle": 0.0354828437169393, "construction": 0.1042902866999308, "nature": 0.3009970982869466, "sky": 0.2980169455210367, "object": 0.0063916444778442, "PI": 0.45276667478054966, "NI": 0.30584471978845634, "length": 430.7394135, "source": 365, "target": 366, "direction": "bi-directional"}, "geometry": {"type": "LineString", "coordinates": [[114.04795206459293, 22.53531348211546], [114.04801761247268, 22.531424226192588]]}}, {"type": "Feature", "properties": {"arc": 333, "wealthier": 0.6758035301458469, "beautiful": 0.7060900198788337, "livelier": 0.4890307327376813, "depressing": 0.2933096459247659, "safer": 0.6735699112482201, "boring": 0.4698152841760504, "human": 0.0017573527800731, "vehicle": 0.0203694563645582, "construction": 0.1077715555826823, "nature": 0.3169390360514323, "sky": 0.3265237074631911, "object": 0.0043015113243689, "PI": 0.503272626853056, "NI": 0.28062160936986213, "length": 305.4657867, "source": 233, "target": 234, "direction": "bi-directional"}, "geometry": {"type": "LineString", "coordinates": [[113.96217783995213, 22.53376133105119], [113.96221266627673, 22.532631296834335], [113.96223879874758, 22.53100350831222]]}}, {"type": "Feature", "properties": {"arc": 334, "wealthier": 0.6174666091303725, "beautiful": 0.5879426291476271, "livelier": 0.6351274802751956, "depressing": 0.4016677679171138, "safer": 0.5886374150716475, "boring": 0.368467703312689, "human": 0.0009304470486111, "vehicle": 0.0183136410183376, "construction": 0.0587085300021701, "nature": 0.2837496015760633, "sky": 0.3794376797146268, "object": 0.0045435163709852, "PI": 0.4661595554862639, "NI": 0.28116720073473994, "length": 398.5143475, "source": 233, "target": 240, "direction": "bi-directional"}, "geometry": {"type": "LineString", "coordinates": [[113.96217783995213, 22.53376133105119], [113.96579557067619, 22.532474419042945]]}}, {"type": "Feature", "properties": {"arc": 335, "wealthier": 0.6377672335609879, "beautiful": 0.608659983652975, "livelier": 0.6043730374249882, "depressing": 0.3563153512608346, "safer": 0.6172012300227899, "boring": 0.3803267480115628, "human": 0.0008829832077026, "vehicle": 0.027529239654541, "construction": 0.0834639072418212, "nature": 0.2697637875874837, "sky": 0.3571261564890543, "object": 0.0038832823435465, "PI": 0.46838804922810956, "NI": 0.27961284000138553, "length": 446.7718043, "source": 435, "target": 436, "direction": "bi-directional"}, "geometry": {"type": "LineString", "coordinates": [[114.07207293497665, 22.535844007626576], [114.07213362279926, 22.532513283401375], [114.07212531356409, 22.53217320193695], [114.07209387433498, 22.531811238079815]]}}, {"type": "Feature", "properties": {"arc": 337, "wealthier": 0.418430068543604, "beautiful": 0.2825490894929354, "livelier": 0.3338500081660272, "depressing": 0.7450650609085294, "safer": 0.2984313776972258, "boring": 0.6904215524655996, "human": 0.0004825592041015, "vehicle": 0.0115059497309666, "construction": 0.1792869567871093, "nature": 0.0401244817995557, "sky": 0.5022011551202512, "object": 0.0057325176164215, "PI": 0.1992635875325779, "NI": 0.47525733318530033, "length": 450.3678032, "source": 313, "target": 315, "direction": "bi-directional"}, "geometry": {"type": "LineString", "coordinates": [[114.02454403155575, 22.535226137408355], [114.02540583266943, 22.532006464628534], [114.0255833201116, 22.531275561503033]]}}, {"type": "Feature", "properties": {"arc": 338, "wealthier": 0.5289874035187131, "beautiful": 0.461241445070457, "livelier": 0.634495772324305, "depressing": 0.5054174551753178, "safer": 0.5046360165317337, "boring": 0.3923355150359057, "human": 0.0020360828917703, "vehicle": 0.0291855423538773, "construction": 0.1953651993362992, "nature": 0.1984925211211781, "sky": 0.3318375481499566, "object": 0.0060421272560402, "PI": 0.40516939453800943, "NI": 0.35241877807975724, "length": 625.2762213, "source": 538, "target": 523, "direction": "bi-directional"}, "geometry": {"type": "LineString", "coordinates": [[114.11823861366649, 22.537275592027946], [114.1177308838583, 22.536975425731455], [114.11728884775424, 22.53666811278329], [114.1170722590289, 22.536463832542527], [114.11638824707326, 22.535749605923172], [114.11619346965054, 22.5355708122797], [114.11595730623736, 22.535384142674445], [114.11568289596343, 22.535202332681955], [114.11534330096235, 22.53500965142013], [114.11498316143246, 22.534819629698795], [114.1147778496683, 22.534731484716627], [114.11467486060103, 22.534709763248742], [114.11457947195399, 22.534718985479103], [114.11448778678634, 22.534773476407807], [114.11442194100319, 22.534875375647612], [114.11437266068721, 22.535066666490835], [114.11424162297223, 22.53596638738303]]}}, {"type": "Feature", "properties": {"arc": 339, "wealthier": 0.2857643551868176, "beautiful": 0.320576463110707, "livelier": 0.3933145877693946, "depressing": 0.7409801638018024, "safer": 0.2336635603532397, "boring": 0.6237510346274688, "human": 0.0003143734402126, "vehicle": 0.0135551028781467, "construction": 0.0919637891981337, "nature": 0.1364821539984809, "sky": 0.4694720798068575, "object": 0.0058619181315104, "PI": 0.2056407201361299, "NI": 0.4278049909127295, "length": 438.8301744, "source": 279, "target": 280, "direction": "bi-directional"}, "geometry": {"type": "LineString", "coordinates": [[113.99279500659617, 22.534997005167863], [113.99341915333859, 22.531076856889992]]}}, {"type": "Feature", "properties": {"arc": 342, "wealthier": 0.6172800643327061, "beautiful": 0.5061627297587463, "livelier": 0.6276830014373259, "depressing": 0.4120194906067737, "safer": 0.5487407636582147, "boring": 0.3239717533766174, "human": 0.0005649175399389, "vehicle": 0.0188104189359224, "construction": 0.0733620081192407, "nature": 0.232145505073743, "sky": 0.417027106651893, "object": 0.0043937487479967, "PI": 0.4250345245504555, "NI": 0.28978246057731405, "length": 317.5431601, "source": 225, "target": 233, "direction": "bi-directional"}, "geometry": {"type": "LineString", "coordinates": [[113.959257553937, 22.53469044885995], [113.96217783995213, 22.53376133105119]]}}, {"type": "Feature", "properties": {"arc": 343, "wealthier": 0.343195194513602, "beautiful": 0.3831262237512483, "livelier": 0.330805913504808, "depressing": 0.6005804904282208, "safer": 0.3161811005664541, "boring": 0.6864550126588883, "human": 0.0012614091237386, "vehicle": 0.0442347208658854, "construction": 0.0898485501607259, "nature": 0.1081966559092203, "sky": 0.518428389231364, "object": 0.0048604806264241, "PI": 0.23423020443348785, "NI": 0.44252812818200465, "length": 1400.318014, "source": 308, "target": 291, "direction": "bi-directional"}, "geometry": {"type": "LineString", "coordinates": [[114.0194447706161, 22.53602380445069], [114.01702742710692, 22.535628566872255], [114.01581802393575, 22.53540849192055], [114.01496280995265, 22.53528137206395], [114.01470333437207, 22.535226376899267], [114.0143208872777, 22.535078181995832], [114.01194260607458, 22.53397889332827], [114.01166658700379, 22.53387934850741], [114.01136660823548, 22.53381782321322], [114.01103792406643, 22.53380066569629], [114.01064660015615, 22.533821006688093], [114.00714999972442, 22.534242190298375], [114.00688986681797, 22.534255700780164], [114.00627820980722, 22.534257067303912]]}}, {"type": "Feature", "properties": {"arc": 345, "wealthier": 0.345462393367283, "beautiful": 0.3443688368291775, "livelier": 0.4682459973320519, "depressing": 0.6209294697927232, "safer": 0.3481654318728286, "boring": 0.5417225722371247, "human": 0.0004120592801076, "vehicle": 0.0552586969339622, "construction": 0.1335740359324329, "nature": 0.1121312267375442, "sky": 0.4467153129337718, "object": 0.0046878910664492, "PI": 0.24993862084549986, "NI": 0.42220636055362254, "length": 1303.061006, "source": 453, "target": 436, "direction": "bi-directional"}, "geometry": {"type": "LineString", "coordinates": [[114.08182131180244, 22.537349494565415], [114.08141195371829, 22.537194143739786], [114.0809867112391, 22.53701154066473], [114.08077057995334, 22.5369088134174], [114.08053953329407, 22.53677741482546], [114.08032066927893, 22.536632243058868], [114.08009303572358, 22.5364564232718], [114.07990781770572, 22.536291634870913], [114.07972240064835, 22.53609740220365], [114.07946260557209, 22.535775823474484], [114.07923359972153, 22.535425892217127], [114.0777674833797, 22.53269789386202], [114.07765893346611, 22.532548124988015], [114.07752043737055, 22.532401840118084], [114.07735891766072, 22.53226504985276], [114.07716205188514, 22.532135202539504], [114.07692229778142, 22.532018770977544], [114.07671249709615, 22.531946703874183], [114.07645952543716, 22.531892907119648], [114.07616602529411, 22.53186387447784], [114.07496899563067, 22.531858827961383], [114.07320715876307, 22.531816271394593], [114.07209387433498, 22.531811238079815]]}}, {"type": "Feature", "properties": {"arc": 346, "wealthier": 0.41354699709273, "beautiful": 0.4369956196927687, "livelier": 0.3888724611867869, "depressing": 0.5622038711425321, "safer": 0.3814221726250852, "boring": 0.5669833737044827, "human": 0.0017823855082194, "vehicle": 0.0394527753194173, "construction": 0.0951599438985189, "nature": 0.2693271954854329, "sky": 0.3573243459065754, "object": 0.0039189974466959, "PI": 0.3259992637082985, "NI": 0.36263302751370935, "length": 504.8440728, "source": 453, "target": 459, "direction": "bi-directional"}, "geometry": {"type": "LineString", "coordinates": [[114.08182131180244, 22.537349494565415], [114.0823333081152, 22.53736447959992], [114.08386827678144, 22.537365997339442], [114.08466582300012, 22.537397265611258], [114.08672784258077, 22.53742149987004]]}}, {"type": "Feature", "properties": {"arc": 347, "wealthier": 0.3560786405555158, "beautiful": 0.4729003971160824, "livelier": 0.2521346187090095, "depressing": 0.5212179632914379, "safer": 0.3829019679464773, "boring": 0.7266101282779316, "human": 0.0003680591435395, "vehicle": 0.0143953367721202, "construction": 0.0275193739307019, "nature": 0.2071222113084423, "sky": 0.4926586151123046, "object": 0.0030412304308987, "PI": 0.2628530830308545, "NI": 0.3749317393777865, "length": 1077.640618, "source": 279, "target": 283, "direction": "bi-directional"}, "geometry": {"type": "LineString", "coordinates": [[113.99279500659617, 22.534997005167863], [113.99379909215936, 22.534871733336615], [113.99442453258054, 22.534829389184328], [113.99535114413779, 22.534819551939563], [113.99589324281762, 22.534833521953438], [113.99618274711594, 22.53485660704776], [113.99712864515455, 22.534983605377086], [114.00314901873236, 22.536006589187004]]}}, {"type": "Feature", "properties": {"arc": 348, "wealthier": 0.5487083537797854, "beautiful": 0.6198624733605439, "livelier": 0.4286369277082728, "depressing": 0.3839004243498281, "safer": 0.5583409200491349, "boring": 0.5861313710247765, "human": 0.0009326404995388, "vehicle": 0.0199808014763726, "construction": 0.0773151185777452, "nature": 0.2551160918341743, "sky": 0.3853764004177517, "object": 0.0071476830376519, "PI": 0.40754700835537944, "NI": 0.3409324786058443, "length": 329.7502291, "source": 283, "target": 284, "direction": "bi-directional"}, "geometry": {"type": "LineString", "coordinates": [[114.00314901873236, 22.536006589187004], [114.00372598444497, 22.53307745924364]]}}, {"type": "Feature", "properties": {"arc": 349, "wealthier": 0.3028111066979193, "beautiful": 0.3108972769630085, "livelier": 0.5215864334398397, "depressing": 0.6573878305070424, "safer": 0.3165797328838776, "boring": 0.4778775773366551, "human": 0.0036769140334356, "vehicle": 0.0339825948079427, "construction": 0.2061389741443452, "nature": 0.0695364513094463, "sky": 0.4338822137741815, "object": 0.0078676011827256, "PI": 0.27180189950907047, "NI": 0.44131075945392767, "length": 415.4456384, "source": 516, "target": 523, "direction": "bi-directional"}, "geometry": {"type": "LineString", "coordinates": [[114.1121306202565, 22.538035371885865], [114.11218704697328, 22.53752765396455], [114.11238401867176, 22.53639816620052], [114.11246743164311, 22.53614899357375], [114.11253970725781, 22.536031607006414], [114.11261411444568, 22.53594831367325], [114.11272625453591, 22.53586205112624], [114.11286798266799, 22.535794974811544], [114.1130270072913, 22.535755833097973], [114.11318370468648, 22.53574587077593], [114.11338934263765, 22.53576013221258], [114.11367478712693, 22.535808325624345], [114.11424162297223, 22.53596638738303]]}}, {"type": "Feature", "properties": {"arc": 350, "wealthier": 0.5955369313205823, "beautiful": 0.4096968241687668, "livelier": 0.7152277944680907, "depressing": 0.5856311688290554, "safer": 0.5020555287928921, "boring": 0.3502181581403602, "human": 0.0012564482512297, "vehicle": 0.0310178686071325, "construction": 0.3094490192554615, "nature": 0.0353009259259259, "sky": 0.3985824584960937, "object": 0.0021423057273582, "PI": 0.3717361604363736, "NI": 0.3925112864544995, "length": 176.4922966, "source": 516, "target": 522, "direction": "bi-directional"}, "geometry": {"type": "LineString", "coordinates": [[114.1121306202565, 22.538035371885865], [114.11298857997856, 22.538191539377515], [114.11380498809028, 22.53838078044522]]}}, {"type": "Feature", "properties": {"arc": 351, "wealthier": 0.4527259968084466, "beautiful": 0.4007928788782369, "livelier": 0.6282749733068274, "depressing": 0.5485578060443155, "safer": 0.4456432962005967, "boring": 0.452102793526654, "human": 0.0026132143460787, "vehicle": 0.0461540222167968, "construction": 0.233643311720628, "nature": 0.1022894443609775, "sky": 0.3600019797300681, "object": 0.006512715266301, "PI": 0.35244882842212516, "NI": 0.40622301633335806, "length": 273.165388, "source": 522, "target": 523, "direction": "bi-directional"}, "geometry": {"type": "LineString", "coordinates": [[114.11380498809028, 22.53838078044522], [114.11385685532144, 22.537501442856573], [114.11394065111769, 22.536944146025515], [114.11406641624727, 22.536340198866117], [114.11413864169963, 22.53615919994446], [114.11424162297223, 22.53596638738303]]}}, {"type": "Feature", "properties": {"arc": 352, "wealthier": 0.4871616346614114, "beautiful": 0.3929053995750039, "livelier": 0.5045830630822115, "depressing": 0.5695759174002678, "safer": 0.4079924609918628, "boring": 0.4888812848492105, "human": 0.0011731859237428, "vehicle": 0.0112316343519422, "construction": 0.0621939765082465, "nature": 0.1968440858144608, "sky": 0.4678425410437205, "object": 0.0041290162101624, "PI": 0.33188564801310333, "NI": 0.35061754241890286, "length": 1080.562026, "source": 153, "target": 120, "direction": "bi-directional"}, "geometry": {"type": "LineString", "coordinates": [[113.93733344291611, 22.535138197245878], [113.93657440077321, 22.53473640166258], [113.9361496890117, 22.53446905583716], [113.93587326681171, 22.534272662096708], [113.93324805935143, 22.532116536427854], [113.93280931065419, 22.531740410737108], [113.93247292733511, 22.531427817746746], [113.93216037158074, 22.531102220901783], [113.93194910089174, 22.530855160977477], [113.93163481604105, 22.53044141872867], [113.93134349873469, 22.529998842689132], [113.93101621076353, 22.529401845171876], [113.93037437992618, 22.52808260933383]]}}, {"type": "Feature", "properties": {"arc": 354, "wealthier": 0.3853443572308496, "beautiful": 0.4308658287637354, "livelier": 0.2208169870953015, "depressing": 0.5735454854125006, "safer": 0.3385045221563551, "boring": 0.8528332441526513, "human": 0.0002682425759055, "vehicle": 0.0236884030428799, "construction": 0.0511812730268998, "nature": 0.1811340216434363, "sky": 0.4911997246019767, "object": 0.0030130906538529, "PI": 0.2386079955461733, "NI": 0.42052572324921794, "length": 275.6722974, "source": 290, "target": 283, "direction": "bi-directional"}, "geometry": {"type": "LineString", "coordinates": [[114.0057869199543, 22.536445216111098], [114.00314901873236, 22.536006589187004]]}}, {"type": "Feature", "properties": {"arc": 355, "wealthier": 0.545128620261543, "beautiful": 0.5622150787464848, "livelier": 0.4168384127380511, "depressing": 0.4442150561959715, "safer": 0.5148323491603335, "boring": 0.615402301840654, "human": 0.0002117863407841, "vehicle": 0.0181938453956886, "construction": 0.0561531208179615, "nature": 0.228057861328125, "sky": 0.4368168159767434, "object": 0.0068721771240234, "PI": 0.3705100352942898, "NI": 0.3613776885984412, "length": 247.5246704, "source": 290, "target": 291, "direction": "bi-directional"}, "geometry": {"type": "LineString", "coordinates": [[114.0057869199543, 22.536445216111098], [114.00627820980722, 22.534257067303912]]}}, {"type": "Feature", "properties": {"arc": 356, "wealthier": 0.4155867402756286, "beautiful": 0.3141607331687105, "livelier": 0.4996315322362978, "depressing": 0.6577726194095125, "safer": 0.3610792996087451, "boring": 0.5929548114375514, "human": 0.0007948916182558, "vehicle": 0.0379016093718699, "construction": 0.1942843086699135, "nature": 0.0681417905367337, "sky": 0.4659647004217163, "object": 0.0057086455516326, "PI": 0.25869554215222385, "NI": 0.456344233414316, "length": 909.9029223, "source": 497, "target": 516, "direction": "bi-directional"}, "geometry": {"type": "LineString", "coordinates": [[114.1037416585918, 22.538240309164337], [114.10450586508716, 22.537827157852313], [114.10578422382872, 22.53716719563309], [114.10612553768229, 22.537041758925472], [114.1062705889405, 22.537011632926287], [114.10643269990196, 22.53699795431722], [114.10670572457437, 22.537005055927914], [114.1069372964316, 22.537043411009055], [114.10844324337526, 22.53744854253999], [114.10940848052911, 22.53766283878171], [114.1121306202565, 22.538035371885865]]}}, {"type": "Feature", "properties": {"arc": 357, "wealthier": 0.4096075440434767, "beautiful": 0.2973898083140039, "livelier": 0.5198367251464923, "depressing": 0.6495774679314715, "safer": 0.3393421749458621, "boring": 0.5102418663007775, "human": 0.0003047643923291, "vehicle": 0.0782232471540862, "construction": 0.1167090546851064, "nature": 0.1021836598714192, "sky": 0.4875604592117609, "object": 0.0039548686906403, "PI": 0.25704939093541934, "NI": 0.4400573016762009, "length": 417.4011032, "source": 491, "target": 497, "direction": "bi-directional"}, "geometry": {"type": "LineString", "coordinates": [[114.0996909283707, 22.538172644405115], [114.10017588416149, 22.538186389371482], [114.10151672775105, 22.53818934722467], [114.10268724592909, 22.538218768657693], [114.10348647787953, 22.53819457610204], [114.10361073595925, 22.538205426319898], [114.1037416585918, 22.538240309164337]]}}, {"type": "Feature", "properties": {"arc": 358, "wealthier": 0.5021864182925767, "beautiful": 0.3960153099657587, "livelier": 0.5006138222644672, "depressing": 0.5802914953123688, "safer": 0.4199726316277057, "boring": 0.5282436226770997, "human": 0.0001709252073053, "vehicle": 0.046005182098924, "construction": 0.0634502611662212, "nature": 0.2421158238461143, "sky": 0.4158935212252432, "object": 0.0053410781057257, "PI": 0.3350467647091788, "NI": 0.37845331287485123, "length": 482.5091907, "source": 459, "target": 475, "direction": "bi-directional"}, "geometry": {"type": "LineString", "coordinates": [[114.08672784258077, 22.53742149987004], [114.08767738092395, 22.537451907162573], [114.08828188962589, 22.537511804204524], [114.08933432399422, 22.537678977311106], [114.09136209599355, 22.538040593201043]]}}, {"type": "Feature", "properties": {"arc": 359, "wealthier": 0.4097543639421545, "beautiful": 0.3203871197601732, "livelier": 0.5198998707088761, "depressing": 0.6465585284675986, "safer": 0.3578469357385852, "boring": 0.5397132458379335, "human": 0.0006255891587999, "vehicle": 0.0649432288275824, "construction": 0.104646979437934, "nature": 0.1377782185872395, "sky": 0.4746348910861546, "object": 0.0036850399441189, "PI": 0.27752440292402475, "NI": 0.4258404390072294, "length": 856.9488327, "source": 475, "target": 491, "direction": "bi-directional"}, "geometry": {"type": "LineString", "coordinates": [[114.09136209599355, 22.538040593201043], [114.0949797626366, 22.538086854222197], [114.09545985019008, 22.53810533915666], [114.09638229704106, 22.538109461446243], [114.09827389412814, 22.538151091072834], [114.09926211539012, 22.538154869302534], [114.0996909283707, 22.538172644405115]]}}, {"type": "Feature", "properties": {"arc": 361, "wealthier": 0.3531475958285542, "beautiful": 0.2868975561471203, "livelier": 0.5243298977897871, "depressing": 0.7128176224550579, "safer": 0.3273976688594859, "boring": 0.5687963102388223, "human": 0.0013751983642578, "vehicle": 0.0687390786630136, "construction": 0.2841859040436921, "nature": 0.0097317165798611, "sky": 0.3843859919795284, "object": 0.0051114824083116, "PI": 0.23444907493718045, "NI": 0.48769155726903785, "length": 228.9223918, "source": 423, "target": 424, "direction": "bi-directional"}, "geometry": {"type": "LineString", "coordinates": [[114.06297340095847, 22.53761185206481], [114.0630192106802, 22.535545039005545]]}}, {"type": "Feature", "properties": {"arc": 362, "wealthier": 0.4916233172023984, "beautiful": 0.3796353818953082, "livelier": 0.6434526984286235, "depressing": 0.5861919725412464, "safer": 0.4238658967742508, "boring": 0.4937164892489503, "human": 0.0026063565854673, "vehicle": 0.0563799540201823, "construction": 0.2109959920247396, "nature": 0.1407360500759548, "sky": 0.3277578000669126, "object": 0.004359068693938, "PI": 0.36402984761465423, "NI": 0.3985473672489345, "length": 231.187692, "source": 406, "target": 407, "direction": "bi-directional"}, "geometry": {"type": "LineString", "coordinates": [[114.05812901455556, 22.537536714404407], [114.05813462460549, 22.53638317438717], [114.05815775939402, 22.535449265822283]]}}, {"type": "Feature", "properties": {"arc": 363, "wealthier": 0.4201684844266996, "beautiful": 0.3286908961017564, "livelier": 0.5644394702485139, "depressing": 0.6600800945017347, "safer": 0.3657383684706702, "boring": 0.5261911102747743, "human": 0.0015974680582682, "vehicle": 0.030797259012858, "construction": 0.2108141581217447, "nature": 0.1505678494771321, "sky": 0.3569359779357909, "object": 0.0041684468587239, "PI": 0.3064005540875668, "NI": 0.40574129621182237, "length": 498.4268308, "source": 406, "target": 423, "direction": "bi-directional"}, "geometry": {"type": "LineString", "coordinates": [[114.05812901455556, 22.537536714404407], [114.06167451363316, 22.53757259657238], [114.06297340095847, 22.53761185206481]]}}, {"type": "Feature", "properties": {"arc": 364, "wealthier": 0.3795302663560021, "beautiful": 0.3259673821339295, "livelier": 0.6419616749789738, "depressing": 0.6196135872420917, "safer": 0.3591259470545414, "boring": 0.4615492425794859, "human": 0.0031129519144694, "vehicle": 0.0367775758107503, "construction": 0.1901453336079915, "nature": 0.1887858708699544, "sky": 0.3087912400563558, "object": 0.005841573079427, "PI": 0.3414839006470341, "NI": 0.38163940400039587, "length": 229.1170517, "source": 379, "target": 380, "direction": "bi-directional"}, "geometry": {"type": "LineString", "coordinates": [[114.05131407717829, 22.537415563721705], [114.05135059052306, 22.535346832767825]]}}, {"type": "Feature", "properties": {"arc": 365, "wealthier": 0.4368951735341581, "beautiful": 0.358189474089662, "livelier": 0.6068667138732947, "depressing": 0.6253500076357521, "safer": 0.4041905288988009, "boring": 0.4834108796397397, "human": 0.0018611907958984, "vehicle": 0.029118792215983, "construction": 0.2266462961832682, "nature": 0.1096828460693359, "sky": 0.3626768112182617, "object": 0.0062157948811848, "PI": 0.32279306227980065, "NI": 0.40985064134345556, "length": 216.909147, "source": 396, "target": 406, "direction": "bi-directional"}, "geometry": {"type": "LineString", "coordinates": [[114.05602173160878, 22.537478506378882], [114.05687675348013, 22.537520683786006], [114.05812901455556, 22.537536714404407]]}}, {"type": "Feature", "properties": {"arc": 366, "wealthier": 0.3652128154483368, "beautiful": 0.3375267664045777, "livelier": 0.5578613922804452, "depressing": 0.6248934646906659, "safer": 0.3656178801019835, "boring": 0.4649240513233253, "human": 0.0023268649452611, "vehicle": 0.0271416045071785, "construction": 0.1573540202358313, "nature": 0.1914835812752707, "sky": 0.3637487177263226, "object": 0.0050764920418722, "PI": 0.3166265626541402, "NI": 0.37600186329036484, "length": 484.3394045, "source": 379, "target": 396, "direction": "bi-directional"}, "geometry": {"type": "LineString", "coordinates": [[114.05131407717829, 22.537415563721705], [114.05288258301589, 22.537455170858074], [114.05602173160878, 22.537478506378882]]}}, {"type": "Feature", "properties": {"arc": 367, "wealthier": 0.3474594802623865, "beautiful": 0.3228805314315646, "livelier": 0.531186549850802, "depressing": 0.6400190548707395, "safer": 0.3152705096676657, "boring": 0.5040998175164172, "human": 0.0036873994050202, "vehicle": 0.026985521669741, "construction": 0.173252953423394, "nature": 0.1475661948875144, "sky": 0.3883332852964047, "object": 0.0081715760407624, "PI": 0.30312757896742126, "NI": 0.41628548406944405, "length": 227.9210797, "source": 364, "target": 365, "direction": "bi-directional"}, "geometry": {"type": "LineString", "coordinates": [[114.04791111937139, 22.5373713395884], [114.04795206459293, 22.53531348211546]]}}, {"type": "Feature", "properties": {"arc": 368, "wealthier": 0.432177921548448, "beautiful": 0.3572976404911478, "livelier": 0.2982870138702616, "depressing": 0.6148094382369422, "safer": 0.3486750679681983, "boring": 0.740257627168055, "human": 9.750597404711174e-05, "vehicle": 0.0108592293479225, "construction": 0.1087338996656013, "nature": 0.1614271799723307, "sky": 0.4494629484234433, "object": 0.0027966354832504, "PI": 0.24281877532160082, "NI": 0.40463258144796105, "length": 293.277139, "source": 356, "target": 357, "direction": "bi-directional"}, "geometry": {"type": "LineString", "coordinates": [[114.04451942214133, 22.537311790178133], [114.04455028932982, 22.53466354771791]]}}, {"type": "Feature", "properties": {"arc": 369, "wealthier": 0.4593544283094674, "beautiful": 0.3065962223098566, "livelier": 0.4984433254401484, "depressing": 0.6292071561786078, "safer": 0.3756034093905403, "boring": 0.5819304411165992, "human": 0.0009657541910807, "vehicle": 0.014316785903204, "construction": 0.2008506229945591, "nature": 0.1520722252982003, "sky": 0.4060895556495303, "object": 0.0045229139782133, "PI": 0.29035973059307957, "NI": 0.4103231557573413, "length": 348.9614895, "source": 356, "target": 364, "direction": "bi-directional"}, "geometry": {"type": "LineString", "coordinates": [[114.04451942214133, 22.537311790178133], [114.04791111937139, 22.5373713395884]]}}, {"type": "Feature", "properties": {"arc": 370, "wealthier": 0.4873825427942787, "beautiful": 0.3504318655258546, "livelier": 0.6066332695016516, "depressing": 0.5954958957571072, "safer": 0.4352115608561414, "boring": 0.4687230455707535, "human": 0.0019871181911892, "vehicle": 0.0280320909288194, "construction": 0.1830590142144097, "nature": 0.1538283877902561, "sky": 0.3663609398735893, "object": 0.0057906256781684, "PI": 0.3480926830746757, "NI": 0.3853678985251745, "length": 350.1042871, "source": 364, "target": 379, "direction": "bi-directional"}, "geometry": {"type": "LineString", "coordinates": [[114.04791111937139, 22.5373713395884], [114.04982844534732, 22.53740958367873], [114.05131407717829, 22.537415563721705]]}}, {"type": "Feature", "properties": {"arc": 371, "wealthier": 0.5786317339165579, "beautiful": 0.5903983129960644, "livelier": 0.5489671377876704, "depressing": 0.4169811162181064, "safer": 0.5646852173254384, "boring": 0.4711012313266509, "human": 0.0003183623890817, "vehicle": 0.0054954246238425, "construction": 0.0686406971495828, "nature": 0.3310856289333768, "sky": 0.3328789840509862, "object": 0.0036525255368079, "PI": 0.4430607371003901, "NI": 0.277546433907588, "length": 652.2518054, "source": 274, "target": 279, "direction": "bi-directional"}, "geometry": {"type": "LineString", "coordinates": [[113.98662811195027, 22.536268400699264], [113.98702126462416, 22.536267163157788], [113.98771997170518, 22.53622329133121], [113.9881094933006, 22.536169094299343], [113.98856517781563, 22.53607473965416], [113.99118215201017, 22.53538327384327], [113.99279500659617, 22.534997005167863]]}}, {"type": "Feature", "properties": {"arc": 373, "wealthier": 0.4775102179980681, "beautiful": 0.2955676784501768, "livelier": 0.5771042514014607, "depressing": 0.6029588020414188, "safer": 0.3689998316035032, "boring": 0.4957395893307512, "human": 0.0002097896501129, "vehicle": 0.006747937669941, "construction": 0.0596193612790575, "nature": 0.1675874111699123, "sky": 0.4813140607347677, "object": 0.0043279797423119, "PI": 0.29998300838163283, "NI": 0.35869133821630617, "length": 900.9225552, "source": 209, "target": 225, "direction": "bi-directional"}, "geometry": {"type": "LineString", "coordinates": [[113.95058751125642, 22.535837995312843], [113.95166533602738, 22.535681516250197], [113.95801505370476, 22.53483638323487], [113.959257553937, 22.53469044885995]]}}, {"type": "Feature", "properties": {"arc": 374, "wealthier": 0.6365672900878797, "beautiful": 0.5147536267275465, "livelier": 0.7974834649179828, "depressing": 0.4153120424705536, "safer": 0.6134661084883438, "boring": 0.2301696387405085, "human": 0.0018704278128487, "vehicle": 0.0254873548235212, "construction": 0.1212072372436523, "nature": 0.3311100914364769, "sky": 0.253505479721796, "object": 0.0068971997215634, "PI": 0.5154896039748688, "NI": 0.2644460481598152, "length": 356.4007714, "source": 185, "target": 186, "direction": "bi-directional"}, "geometry": {"type": "LineString", "coordinates": [[113.94508835196754, 22.5357689094243], [113.94512604222592, 22.53472094298072], [113.9451563799446, 22.532551249725426]]}}, {"type": "Feature", "properties": {"arc": 375, "wealthier": 0.509837599450619, "beautiful": 0.3159915554787226, "livelier": 0.5824967968808529, "depressing": 0.6470198157065247, "safer": 0.4167258222856868, "boring": 0.5446541086715273, "human": 0.0013075013091598, "vehicle": 0.0422836248425469, "construction": 0.2549831279809924, "nature": 0.0341125432995782, "sky": 0.4179149295972741, "object": 0.0061853934025418, "PI": 0.29914624038165233, "NI": 0.4584181631987185, "length": 565.8039022, "source": 185, "target": 209, "direction": "bi-directional"}, "geometry": {"type": "LineString", "coordinates": [[113.94508835196754, 22.5357689094243], [113.94973274376684, 22.53585309020106], [113.95058751125642, 22.535837995312843]]}}, {"type": "Feature", "properties": {"arc": 376, "wealthier": 0.2847735926287852, "beautiful": 0.2159900058930593, "livelier": 0.4225620551675046, "depressing": 0.7508167124039633, "safer": 0.2378992617660428, "boring": 0.6194626498046404, "human": 0.0008162330178653, "vehicle": 0.0169235678280101, "construction": 0.1315078361361634, "nature": 0.0974657395306755, "sky": 0.4825028064204197, "object": 0.0055124993417777, "PI": 0.18899118655202674, "NI": 0.4455713307293177, "length": 365.7495288, "source": 153, "target": 169, "direction": "bi-directional"}, "geometry": {"type": "LineString", "coordinates": [[113.93733344291611, 22.535138197245878], [113.93822247580205, 22.53542856388795], [113.93869142059054, 22.535539110317252], [113.93901812505229, 22.535597079886063], [113.93987924243052, 22.53568753976704], [113.94080901314373, 22.53570869804891]]}}, {"type": "Feature", "properties": {"arc": 377, "wealthier": 0.412563883356893, "beautiful": 0.266240458074546, "livelier": 0.5318441962507895, "depressing": 0.7281786670126573, "safer": 0.3444901047348451, "boring": 0.6240877589121335, "human": 0.0005986955430772, "vehicle": 0.0415705574883355, "construction": 0.2255645857916938, "nature": 0.0339955223931206, "sky": 0.444005012512207, "object": 0.0073029200236002, "PI": 0.2416310401682961, "NI": 0.4910767877123243, "length": 352.2206538, "source": 169, "target": 170, "direction": "bi-directional"}, "geometry": {"type": "LineString", "coordinates": [[113.94080901314373, 22.53570869804891], [113.94087538220244, 22.532528616163034]]}}, {"type": "Feature", "properties": {"arc": 378, "wealthier": 0.2912821070066274, "beautiful": 0.1751882518790123, "livelier": 0.4709490612714802, "depressing": 0.7913097635458333, "safer": 0.258248894896858, "boring": 0.6317360803285402, "human": 0.0006610949834187, "vehicle": 0.0455975532531738, "construction": 0.1518521706263224, "nature": 0.034866174062093, "sky": 0.5163989464441936, "object": 0.0050479968388875, "PI": 0.1778241959757605, "NI": 0.4892143162242948, "length": 440.2652064, "source": 169, "target": 185, "direction": "bi-directional"}, "geometry": {"type": "LineString", "coordinates": [[113.94080901314373, 22.53570869804891], [113.94508835196754, 22.5357689094243]]}}, {"type": "Feature", "properties": {"arc": 379, "wealthier": 0.644758710903789, "beautiful": 0.52092765625868, "livelier": 0.6777431201778137, "depressing": 0.4322498508835845, "safer": 0.5491308756388665, "boring": 0.3482611214020055, "human": 0.0001800749037, "vehicle": 0.025312148200141, "construction": 0.1217390484280056, "nature": 0.2630840301513671, "sky": 0.3428284751044378, "object": 0.0024489720662434, "PI": 0.4452720646187806, "NI": 0.285862834666963, "length": 714.144081, "source": 103, "target": 96, "direction": "bi-directional"}, "geometry": {"type": "LineString", "coordinates": [[113.92703115571747, 22.535472063655607], [113.92674291092514, 22.534741269433432], [113.92657097721961, 22.53437594340063], [113.92486024337813, 22.531276125475053], [113.92468648055933, 22.53093438070759], [113.92455484384257, 22.530600920177385], [113.92446251123178, 22.530281345961473], [113.92440330913657, 22.529968224752334], [113.92437144587201, 22.529562731903482]]}}, {"type": "Feature", "properties": {"arc": 380, "wealthier": 0.253207210141147, "beautiful": 0.2786953010266295, "livelier": 0.4707562774340003, "depressing": 0.6759796882684637, "safer": 0.2694659712661499, "boring": 0.6205543250944672, "human": 0.0040912628173828, "vehicle": 0.0414288260719992, "construction": 0.139436403910319, "nature": 0.1096784707271691, "sky": 0.4518431461218631, "object": 0.0063532337997898, "PI": 0.2544282888040672, "NI": 0.4493713382309951, "length": 538.2050302, "source": 82, "target": 79, "direction": "bi-directional"}, "geometry": {"type": "LineString", "coordinates": [[113.91998208161003, 22.535349077284], [113.9199762020048, 22.5346752530544], [113.91995256765924, 22.534102826690688], [113.9198614496518, 22.53280556976335], [113.91970462292893, 22.531682880109873], [113.91948634605511, 22.530519038697452]]}}, {"type": "Feature", "properties": {"arc": 381, "wealthier": 0.3123500022321729, "beautiful": 0.2676531672031473, "livelier": 0.4427805851903285, "depressing": 0.6600854774519177, "safer": 0.2633990054871045, "boring": 0.6188258296942558, "human": 0.001692405113807, "vehicle": 0.0241237053504356, "construction": 0.1270644359099559, "nature": 0.124117191021259, "sky": 0.4490294334215995, "object": 0.0079349126571264, "PI": 0.22949230097971118, "NI": 0.4383375214019783, "length": 330.9543495, "source": 82, "target": 93, "direction": "bi-directional"}, "geometry": {"type": "LineString", "coordinates": [[113.91998208161003, 22.535349077284], [113.92319866903273, 22.535407756509674]]}}, {"type": "Feature", "properties": {"arc": 382, "wealthier": 0.4242498087470966, "beautiful": 0.3768317563214323, "livelier": 0.4689118461778951, "depressing": 0.5443006872351542, "safer": 0.3489856501680901, "boring": 0.5825775776690991, "human": 0.0012805064519246, "vehicle": 0.029802918434143, "construction": 0.1019816001256307, "nature": 0.2056298653284708, "sky": 0.4003090461095174, "object": 0.0069928963979085, "PI": 0.3043678732415927, "NI": 0.3878124080869782, "length": 394.3316637, "source": 93, "target": 103, "direction": "bi-directional"}, "geometry": {"type": "LineString", "coordinates": [[113.92319866903273, 22.535407756509674], [113.92364273530596, 22.53542239173509], [113.92551316890176, 22.53543706761382], [113.92703115571747, 22.535472063655607]]}}, {"type": "Feature", "properties": {"arc": 383, "wealthier": 0.3612703714239693, "beautiful": 0.3491529193890735, "livelier": 0.557736232195154, "depressing": 0.616331689640044, "safer": 0.3469908811481328, "boring": 0.4877053275003005, "human": 0.0018515867345473, "vehicle": 0.025760201846852, "construction": 0.1109679726993336, "nature": 0.1644325256347656, "sky": 0.4411864935183057, "object": 0.0050033868527879, "PI": 0.3020915174137006, "NI": 0.3833229818556106, "length": 436.9296493, "source": 53, "target": 52, "direction": "bi-directional"}, "geometry": {"type": "LineString", "coordinates": [[113.91038419321177, 22.53521379899768], [113.91038450847861, 22.532694896321523], [113.9103594690081, 22.53126835595173]]}}, {"type": "Feature", "properties": {"arc": 384, "wealthier": 0.46221134553326, "beautiful": 0.3299374119832295, "livelier": 0.5564459903532633, "depressing": 0.6026383378852201, "safer": 0.3952603215757638, "boring": 0.5039507997307847, "human": 0.0002809736463758, "vehicle": 0.0616255866156684, "construction": 0.0308667924669053, "nature": 0.1312800937228732, "sky": 0.5153203752305774, "object": 0.0038881089952256, "PI": 0.29602870823999106, "NI": 0.3977126328014636, "length": 386.1724819, "source": 38, "target": 39, "direction": "bi-directional"}, "geometry": {"type": "LineString", "coordinates": [[113.90478094554533, 22.535132627417347], [113.90483185052074, 22.532901722664324], [113.90484503889547, 22.53164591125629]]}}, {"type": "Feature", "properties": {"arc": 385, "wealthier": 0.2590475119894471, "beautiful": 0.2932805706212238, "livelier": 0.4455507485662294, "depressing": 0.6804983096699044, "safer": 0.2575782733052179, "boring": 0.5973494539610592, "human": 0.0016241764676743, "vehicle": 0.0244767838630123, "construction": 0.1221431787463202, "nature": 0.1124406897503396, "sky": 0.4659430185953774, "object": 0.0050789929818415, "PI": 0.22072531015424338, "NI": 0.42421312216324014, "length": 576.5180205, "source": 38, "target": 53, "direction": "bi-directional"}, "geometry": {"type": "LineString", "coordinates": [[113.90478094554533, 22.535132627417347], [113.90858359443402, 22.535216606127264], [113.91038419321177, 22.53521379899768]]}}, {"type": "Feature", "properties": {"arc": 386, "wealthier": 0.3167943843977103, "beautiful": 0.2271984105137023, "livelier": 0.3116697590270448, "depressing": 0.7501714761520878, "safer": 0.259579147759449, "boring": 0.739464089486788, "human": 0.0002996808006649, "vehicle": 0.0102114677429199, "construction": 0.0705092293875557, "nature": 0.1217468125479561, "sky": 0.5645549637930733, "object": 0.0031844774881998, "PI": 0.17835428168355882, "NI": 0.45032459036570543, "length": 862.2155297, "source": 27, "target": 26, "direction": "bi-directional"}, "geometry": {"type": "LineString", "coordinates": [[113.89669178047481, 22.535015527607538], [113.89673010513405, 22.53322796368992], [113.8968069264514, 22.53088637664316], [113.89664368115201, 22.529529302342493], [113.89622116390659, 22.528278653435944], [113.89584985973329, 22.527362214329933]]}}, {"type": "Feature", "properties": {"arc": 387, "wealthier": 0.496733590116878, "beautiful": 0.3942522323333294, "livelier": 0.4855539905175791, "depressing": 0.584540373313615, "safer": 0.4418468904292477, "boring": 0.5191730263191875, "human": 0.0013919053254304, "vehicle": 0.0108483279192889, "construction": 0.0960964626736111, "nature": 0.1719977767379195, "sky": 0.5061967284591108, "object": 0.0041111133716724, "PI": 0.33247658785110307, "NI": 0.379814152081303, "length": 832.2614126, "source": 27, "target": 38, "direction": "bi-directional"}, "geometry": {"type": "LineString", "coordinates": [[113.89669178047481, 22.535015527607538], [113.90022488723828, 22.53507908987733], [113.90189762776394, 22.535094570443604], [113.90241248615561, 22.535113306930917], [113.90478094554533, 22.535132627417347]]}}, {"type": "Feature", "properties": {"arc": 388, "wealthier": 0.2964785905987154, "beautiful": 0.2375424587680152, "livelier": 0.5409029619201828, "depressing": 0.6744476769289969, "safer": 0.2639944559218646, "boring": 0.5795464915508627, "human": 0.0036668590470856, "vehicle": 0.0335178749234068, "construction": 0.1706124100030637, "nature": 0.0600812575396369, "sky": 0.4607592937993067, "object": 0.0060510448381012, "PI": 0.24924318754640326, "NI": 0.44679086970563714, "length": 405.8470905, "source": 53, "target": 63, "direction": "bi-directional"}, "geometry": {"type": "LineString", "coordinates": [[113.91038419321177, 22.53521379899768], [113.91366766885939, 22.535474484323018], [113.91431342967608, 22.535541636490763]]}}, {"type": "Feature", "properties": {"arc": 389, "wealthier": 0.4571104826422098, "beautiful": 0.3736993613620054, "livelier": 0.5831990068851427, "depressing": 0.5391555783242551, "safer": 0.4015073004008737, "boring": 0.4419675224485023, "human": 0.0044723086886935, "vehicle": 0.0371473453663013, "construction": 0.1165041393703884, "nature": 0.172478746484827, "sky": 0.4150038825141059, "object": 0.004673922503436, "PI": 0.3728464102128319, "NI": 0.3621817557806078, "length": 487.7704805, "source": 63, "target": 61, "direction": "bi-directional"}, "geometry": {"type": "LineString", "coordinates": [[113.91431342967608, 22.535541636490763], [113.91395293967408, 22.533342706764763], [113.91365755471315, 22.53117958204497]]}}, {"type": "Feature", "properties": {"arc": 390, "wealthier": 0.3297862165055497, "beautiful": 0.2502987973784852, "livelier": 0.5735527189616986, "depressing": 0.6373784606001671, "safer": 0.296658530610363, "boring": 0.5166950900966486, "human": 0.0039600980454596, "vehicle": 0.0353299569392549, "construction": 0.126577515533005, "nature": 0.1030917236770408, "sky": 0.4592724122862886, "object": 0.0059075562850288, "PI": 0.2838847617916637, "NI": 0.41480220034323184, "length": 583.7521975, "source": 63, "target": 82, "direction": "bi-directional"}, "geometry": {"type": "LineString", "coordinates": [[113.91431342967608, 22.535541636490763], [113.91531850128791, 22.535562615686928], [113.91921375505665, 22.535394395739683], [113.91998208161003, 22.535349077284]]}}, {"type": "Feature", "properties": {"arc": 391, "wealthier": 0.6137696455058841, "beautiful": 0.608020576780034, "livelier": 0.5519370698351171, "depressing": 0.3458043093496399, "safer": 0.6039557665676795, "boring": 0.4478295343744895, "human": 0.0019575119018554, "vehicle": 0.0299114863077799, "construction": 0.0693543116251627, "nature": 0.2461829503377278, "sky": 0.3708219528198243, "object": 0.0047133763631184, "PI": 0.4592653110566774, "NI": 0.2955768169329037, "length": 312.5940949, "source": 434, "target": 435, "direction": "bi-directional"}, "geometry": {"type": "LineString", "coordinates": [[114.07202332534241, 22.538666467706197], [114.07207293497665, 22.535844007626576]]}}, {"type": "Feature", "properties": {"arc": 392, "wealthier": 0.4315885615976593, "beautiful": 0.3291348935921949, "livelier": 0.5354828805755976, "depressing": 0.650740121583968, "safer": 0.3772487965753179, "boring": 0.5351194170648038, "human": 0.0001026577419704, "vehicle": 0.0262329949273003, "construction": 0.299900648328993, "nature": 0.0672465006510416, "sky": 0.3902756585015191, "object": 0.0036039988199869, "PI": 0.26507038055155197, "NI": 0.43685098982636267, "length": 326.1368926, "source": 529, "target": 522, "direction": "bi-directional"}, "geometry": {"type": "LineString", "coordinates": [[114.11672387625065, 22.53952264734602], [114.11643122977729, 22.53936806642624], [114.11612051849937, 22.53923492244181], [114.11462506821044, 22.538667618278794], [114.11380498809028, 22.53838078044522]]}}, {"type": "Feature", "properties": {"arc": 393, "wealthier": 0.3745880487473846, "beautiful": 0.2777657488170036, "livelier": 0.5960583133268484, "depressing": 0.6627056862584362, "safer": 0.3599383256690829, "boring": 0.5084091900740456, "human": 0.0007244990422175, "vehicle": 0.0124656481620592, "construction": 0.270603766808143, "nature": 0.1302738678761017, "sky": 0.3517234508807842, "object": 0.0080622159517728, "PI": 0.2780209452239351, "NI": 0.4312670339547231, "length": 293.9254255, "source": 529, "target": 538, "direction": "bi-directional"}, "geometry": {"type": "LineString", "coordinates": [[114.11672387625065, 22.53952264734602], [114.11695255468193, 22.53925560083832], [114.11711663827161, 22.539033437577057], [114.11823861366649, 22.537275592027946]]}}, {"type": "Feature", "properties": {"arc": 394, "wealthier": 0.3275570242108487, "beautiful": 0.2625458442836058, "livelier": 0.4323300326562013, "depressing": 0.705229425176263, "safer": 0.2734598815785806, "boring": 0.6636962473054225, "human": 0.0028747276023582, "vehicle": 0.0474002979419849, "construction": 0.1627847412486135, "nature": 0.1309939490424262, "sky": 0.4247157720871913, "object": 0.0052407347125771, "PI": 0.24755073312775747, "NI": 0.4599554245972881, "length": 546.94566, "source": 431, "target": 423, "direction": "bi-directional"}, "geometry": {"type": "LineString", "coordinates": [[114.06812679712371, 22.538651430358513], [114.06738798170515, 22.538589568255883], [114.06683555875664, 22.538485961700665], [114.06646094762624, 22.538376688596482], [114.06588520034387, 22.538160555644332], [114.06508665389568, 22.53788493339545], [114.06468580603703, 22.537770848946103], [114.06440413349878, 22.537706826595144], [114.06380904011279, 22.537628678922665], [114.06297340095847, 22.53761185206481]]}}, {"type": "Feature", "properties": {"arc": 396, "wealthier": 0.3768899765583712, "beautiful": 0.3093326340690238, "livelier": 0.3790133219433141, "depressing": 0.6479728172901614, "safer": 0.3217969117855466, "boring": 0.6943997710261098, "human": 0.0015811920166015, "vehicle": 0.043851993702076, "construction": 0.0832446769431785, "nature": 0.1377635531955295, "sky": 0.4945815051043475, "object": 0.0040468639797634, "PI": 0.24816045502253484, "NI": 0.4385919431446563, "length": 400.863471, "source": 431, "target": 434, "direction": "bi-directional"}, "geometry": {"type": "LineString", "coordinates": [[114.06812679712371, 22.538651430358513], [114.06948574104779, 22.538644136695396], [114.07035193094316, 22.538666529176645], [114.07202332534241, 22.538666467706197]]}}, {"type": "Feature", "properties": {"arc": 399, "wealthier": 0.4127917764439508, "beautiful": 0.4502184773363484, "livelier": 0.2545479116632335, "depressing": 0.5781486866352648, "safer": 0.3808585936929353, "boring": 0.7848820943612224, "human": 0.0002101461092631, "vehicle": 0.0191067457199096, "construction": 0.0596655209859212, "nature": 0.1611656745274861, "sky": 0.5129797061284385, "object": 0.0027779340744018, "PI": 0.2551297017291419, "NI": 0.4133754863864029, "length": 861.0427109, "source": 301, "target": 290, "direction": "bi-directional"}, "geometry": {"type": "LineString", "coordinates": [[114.01401818588634, 22.53785655009218], [114.0057869199543, 22.536445216111098]]}}, {"type": "Feature", "properties": {"arc": 402, "wealthier": 0.3421742491809883, "beautiful": 0.371701221223229, "livelier": 0.2834042643227238, "depressing": 0.6505018338186951, "safer": 0.3230036025903904, "boring": 0.7732490681699646, "human": 0.0003945184132409, "vehicle": 0.0141259450761098, "construction": 0.1504816025022476, "nature": 0.154543710133386, "sky": 0.419151124500093, "object": 0.0041729457794673, "PI": 0.22452151576413434, "NI": 0.4328481322834472, "length": 482.6245977, "source": 307, "target": 301, "direction": "bi-directional"}, "geometry": {"type": "LineString", "coordinates": [[114.01863487201913, 22.538630860244776], [114.01809785916159, 22.538548730959935], [114.01781328584856, 22.538488687943502], [114.01401818588634, 22.53785655009218]]}}, {"type": "Feature", "properties": {"arc": 404, "wealthier": 0.4477025722185782, "beautiful": 0.3029975631895527, "livelier": 0.5294023250910888, "depressing": 0.6308172728820827, "safer": 0.350945479000754, "boring": 0.5403558398276362, "human": 0.0006791872855944, "vehicle": 0.0170147480108799, "construction": 0.3979352804330679, "nature": 0.0641726713914137, "sky": 0.2561094577495868, "object": 0.0106963622264372, "PI": 0.26380903351252666, "NI": 0.465317680814269, "length": 647.3791442, "source": 551, "target": 538, "direction": "bi-directional"}, "geometry": {"type": "LineString", "coordinates": [[114.12338632525831, 22.54063786026153], [114.1229949529939, 22.540370577514473], [114.12043424195535, 22.53870835773178], [114.11917116950899, 22.537909446750465], [114.11823861366649, 22.537275592027946]]}}, {"type": "Feature", "properties": {"arc": 405, "wealthier": 0.3039430298650618, "beautiful": 0.3056948941335665, "livelier": 0.4281601928343244, "depressing": 0.6697033890584548, "safer": 0.295298025624056, "boring": 0.6286475501374763, "human": 0.0006813473171657, "vehicle": 0.0190818221480758, "construction": 0.1374115414089626, "nature": 0.1272322336832682, "sky": 0.4637256904884621, "object": 0.009948589183666, "PI": 0.2257669693581087, "NI": 0.4577720217877321, "length": 228.5051237, "source": 492, "target": 491, "direction": "bi-directional"}, "geometry": {"type": "LineString", "coordinates": [[114.09971207379041, 22.54023603326361], [114.0996909283707, 22.538172644405115]]}}, {"type": "Feature", "properties": {"arc": 406, "wealthier": 0.5115650788341658, "beautiful": 0.3437303305167351, "livelier": 0.6906654775459428, "depressing": 0.6446695105484932, "safer": 0.3982334440700308, "boring": 0.3571592107943035, "human": 0.0011364972149884, "vehicle": 0.044671305903682, "construction": 0.1864802042643228, "nature": 0.1845917878327546, "sky": 0.3220672607421875, "object": 0.0045619540744357, "PI": 0.3580046124122221, "NI": 0.3683155507973079, "length": 226.400382, "source": 405, "target": 406, "direction": "bi-directional"}, "geometry": {"type": "LineString", "coordinates": [[114.05807705108114, 22.53958062043645], [114.05812901455556, 22.537536714404407]]}}, {"type": "Feature", "properties": {"arc": 407, "wealthier": 0.5093900755090041, "beautiful": 0.3166931025816183, "livelier": 0.6454915835674441, "depressing": 0.6171986230725749, "safer": 0.4072328354778722, "boring": 0.4571002027355587, "human": 0.0017329533894856, "vehicle": 0.031170654296875, "construction": 0.221501859029134, "nature": 0.1208083470662434, "sky": 0.3460134506225585, "object": 0.006221071879069, "PI": 0.3369117447997147, "NI": 0.3990242322694775, "length": 228.7130842, "source": 377, "target": 379, "direction": "bi-directional"}, "geometry": {"type": "LineString", "coordinates": [[114.05126876846201, 22.53948032800741], [114.05130045851863, 22.538666515983497], [114.05131407717829, 22.537415563721705]]}}, {"type": "Feature", "properties": {"arc": 409, "wealthier": 0.5409918274159918, "beautiful": 0.4105231239957824, "livelier": 0.6951872961715517, "depressing": 0.5333939338725543, "safer": 0.5051460687566824, "boring": 0.4259625327890797, "human": 0.0021742361563223, "vehicle": 0.0123394153736255, "construction": 0.1546264931007667, "nature": 0.2598224216037327, "sky": 0.2979643079969618, "object": 0.0100761696144386, "PI": 0.42682503609258376, "NI": 0.3530956619106458, "length": 215.3162269, "source": 395, "target": 405, "direction": "bi-directional"}, "geometry": {"type": "LineString", "coordinates": [[114.05598394507183, 22.53956765813851], [114.05807705108114, 22.53958062043645]]}}, {"type": "Feature", "properties": {"arc": 410, "wealthier": 0.3816653287200472, "beautiful": 0.3037758275288936, "livelier": 0.5236201614717437, "depressing": 0.6796863441047368, "safer": 0.3238596756886679, "boring": 0.6016621385348924, "human": 0.0012927373250325, "vehicle": 0.0222297350565592, "construction": 0.1566315015157063, "nature": 0.1987732569376627, "sky": 0.3566244761149089, "object": 0.0100111007690429, "PI": 0.2881035841577657, "NI": 0.43423338619417723, "length": 485.1619546, "source": 395, "target": 377, "direction": "bi-directional"}, "geometry": {"type": "LineString", "coordinates": [[114.05598394507183, 22.53956765813851], [114.05553365273357, 22.53954892497858], [114.05358365037353, 22.539533182157353], [114.05126876846201, 22.53948032800741]]}}, {"type": "Feature", "properties": {"arc": 411, "wealthier": 0.5716219090942243, "beautiful": 0.4628514665288837, "livelier": 0.7303797358557577, "depressing": 0.467909030062218, "safer": 0.5440132132724855, "boring": 0.3130742677390634, "human": 0.0029647262008101, "vehicle": 0.015528502287688, "construction": 0.172046873304579, "nature": 0.2197173083270037, "sky": 0.3047362433539496, "object": 0.0054338243272569, "PI": 0.45540514793553283, "NI": 0.3029362620012235, "length": 228.6335152, "source": 363, "target": 364, "direction": "bi-directional"}, "geometry": {"type": "LineString", "coordinates": [[114.04786618779222, 22.539435398724937], [114.04789632210822, 22.53866735261414], [114.04791111937139, 22.5373713395884]]}}, {"type": "Feature", "properties": {"arc": 413, "wealthier": 0.423697312851336, "beautiful": 0.3574515320008153, "livelier": 0.3421674026926034, "depressing": 0.5938141274506621, "safer": 0.3466530212886631, "boring": 0.7095537595459023, "human": 0.0001376924060639, "vehicle": 0.0143660590762183, "construction": 0.086729503813244, "nature": 0.1730394817533946, "sky": 0.4787912822905041, "object": 0.0040700095040457, "PI": 0.2529809284116389, "NI": 0.40670682657639184, "length": 230.4667313, "source": 355, "target": 356, "direction": "bi-directional"}, "geometry": {"type": "LineString", "coordinates": [[114.04447813691192, 22.53939263337316], [114.04451942214133, 22.537311790178133]]}}, {"type": "Feature", "properties": {"arc": 415, "wealthier": 0.5373753706406852, "beautiful": 0.472466275220407, "livelier": 0.7054611796795974, "depressing": 0.4348014058894878, "safer": 0.5404622672121446, "boring": 0.2930878716899287, "human": 0.0046206792195638, "vehicle": 0.032841936747233, "construction": 0.1784056345621744, "nature": 0.1948047637939453, "sky": 0.3206281661987305, "object": 0.0097368240356445, "PI": 0.4604476774718074, "NI": 0.3387393008940091, "length": 253.0399114, "source": 520, "target": 522, "direction": "bi-directional"}, "geometry": {"type": "LineString", "coordinates": [[114.1136873458174, 22.540663205896156], [114.11380498809028, 22.53838078044522]]}}, {"type": "Feature", "properties": {"arc": 416, "wealthier": 0.4361374946217646, "beautiful": 0.3743128667427071, "livelier": 0.4716044174606713, "depressing": 0.6238033380181034, "safer": 0.361056719822562, "boring": 0.4763093324227938, "human": 0.0002343104435847, "vehicle": 0.0106053963685647, "construction": 0.0724676083295773, "nature": 0.1698987911909054, "sky": 0.4631503178523137, "object": 0.0057077163305038, "PI": 0.2864107735919555, "NI": 0.3694442070221979, "length": 393.7721168, "source": 278, "target": 279, "direction": "bi-directional"}, "geometry": {"type": "LineString", "coordinates": [[113.99225502860946, 22.53851735092903], [113.99279500659617, 22.534997005167863]]}}, {"type": "Feature", "properties": {"arc": 417, "wealthier": 0.5590431180566954, "beautiful": 0.396849500877385, "livelier": 0.7016176672523134, "depressing": 0.5212135644274773, "safer": 0.4698381774250789, "boring": 0.3706222500287168, "human": 0.0067039772316261, "vehicle": 0.0333214865790473, "construction": 0.2018289212827329, "nature": 0.2427722436410409, "sky": 0.2844923160694263, "object": 0.0049472384982638, "PI": 0.4755549851676826, "NI": 0.3368829282552544, "length": 462.4502167, "source": 442, "target": 434, "direction": "bi-directional"}, "geometry": {"type": "LineString", "coordinates": [[114.07618786066733, 22.540114960306244], [114.07541577529614, 22.540067633808366], [114.0751650392298, 22.540019369503995], [114.07485330479429, 22.53992471708948], [114.0746149424172, 22.539829534505742], [114.0741351286381, 22.539602223250167], [114.07202332534241, 22.538666467706197]]}}, {"type": "Feature", "properties": {"arc": 418, "wealthier": 0.5004653450827269, "beautiful": 0.3717911309431553, "livelier": 0.7469580691808863, "depressing": 0.5691276565608809, "safer": 0.4394527613158081, "boring": 0.380474614804571, "human": 0.0060227711995442, "vehicle": 0.0472520987192789, "construction": 0.2458647886912028, "nature": 0.234731912612915, "sky": 0.2511312961578369, "object": 0.0051999886830647, "PI": 0.45365220519355137, "NI": 0.3641329307481145, "length": 164.3245252, "source": 442, "target": 444, "direction": "bi-directional"}, "geometry": {"type": "LineString", "coordinates": [[114.07618786066733, 22.540114960306244], [114.07739477712913, 22.540225968769324], [114.07777600870247, 22.54027340102021]]}}, {"type": "Feature", "properties": {"arc": 419, "wealthier": 0.5931549550118802, "beautiful": 0.5152152234364847, "livelier": 0.7908267973516454, "depressing": 0.4058069915537347, "safer": 0.5754809601224505, "boring": 0.2668125501321219, "human": 0.0132066938612196, "vehicle": 0.0395558675130208, "construction": 0.2399316074872257, "nature": 0.2782959408230251, "sky": 0.179628449256974, "object": 0.0046273241139421, "PI": 0.6301743474840417, "NI": 0.2837211519432879, "length": 1168.464549, "source": 444, "target": 435, "direction": "bi-directional"}, "geometry": {"type": "LineString", "coordinates": [[114.07777600870247, 22.54027340102021], [114.07746029737636, 22.53701498354532], [114.07739954065184, 22.536635311370258], [114.07729086440348, 22.536182066668005], [114.07722196741801, 22.53601338977037], [114.07711665751272, 22.535854676743533], [114.07663227597564, 22.5352829714729], [114.07597941195229, 22.53444473051671], [114.07583683205625, 22.534304035080275], [114.0757380396651, 22.534254512968996], [114.07565813280442, 22.53424384930327], [114.07553964815872, 22.53426966248343], [114.07542790675316, 22.534329110799252], [114.07377015459396, 22.535649120164777], [114.07356948405993, 22.535795873068945], [114.07340072494794, 22.53588973702704], [114.07329724179753, 22.535922510288707], [114.07315449123637, 22.535940563945346], [114.07273185690025, 22.535942694975166], [114.0724071312425, 22.535915031746953], [114.07207293497665, 22.535844007626576]]}}, {"type": "Feature", "properties": {"arc": 420, "wealthier": 0.5192518013094289, "beautiful": 0.3728883047108171, "livelier": 0.807319059306478, "depressing": 0.5373426112411646, "safer": 0.4620443271328378, "boring": 0.2863451969392763, "human": 0.0081799825032552, "vehicle": 0.0480525758531358, "construction": 0.2234002219306098, "nature": 0.2035968568589952, "sky": 0.2831096649169922, "object": 0.0052422417534722, "PI": 0.4922388165291469, "NI": 0.3442002292475, "length": 107.7991528, "source": 444, "target": 447, "direction": "bi-directional"}, "geometry": {"type": "LineString", "coordinates": [[114.07777600870247, 22.54027340102021], [114.07819033585982, 22.540274594593367], [114.07882241559663, 22.540315657082882]]}}, {"type": "Feature", "properties": {"arc": 423, "wealthier": 0.3168063427321622, "beautiful": 0.2885826441439224, "livelier": 0.3054172846608509, "depressing": 0.7248812107042607, "safer": 0.2831585287489813, "boring": 0.7573522888622118, "human": 0.0006201002332899, "vehicle": 0.0186080327109685, "construction": 0.1980559636676122, "nature": 0.0594100346640934, "sky": 0.4593020847865513, "object": 0.0036687396821521, "PI": 0.18107354261187272, "NI": 0.47024961984001196, "length": 499.4652068, "source": 307, "target": 312, "direction": "bi-directional"}, "geometry": {"type": "LineString", "coordinates": [[114.01863487201913, 22.538630860244776], [114.0191728154972, 22.53871822273007], [114.01943979285996, 22.538776764849395], [114.02340961407465, 22.539447813583152]]}}, {"type": "Feature", "properties": {"arc": 424, "wealthier": 0.2505933701047165, "beautiful": 0.2541662396215427, "livelier": 0.3006704192326828, "depressing": 0.7450005537397735, "safer": 0.2295487243453585, "boring": 0.6781887419296286, "human": 0.0001771714952256, "vehicle": 0.0240489465219003, "construction": 0.2088945530079028, "nature": 0.0378933306093569, "sky": 0.4806268480088975, "object": 0.0039027531941731, "PI": 0.14197773881145534, "NI": 0.474791095449665, "length": 481.8428897, "source": 312, "target": 313, "direction": "bi-directional"}, "geometry": {"type": "LineString", "coordinates": [[114.02340961407465, 22.539447813583152], [114.02454403155575, 22.535226137408355]]}}, {"type": "Feature", "properties": {"arc": 427, "wealthier": 0.4833802434656147, "beautiful": 0.3858821540056302, "livelier": 0.624898038330972, "depressing": 0.5662719617185104, "safer": 0.434787748271334, "boring": 0.3657554666113174, "human": 0.0054500367906358, "vehicle": 0.0415622393290201, "construction": 0.1721154318915473, "nature": 0.1574709150526258, "sky": 0.3846482700771755, "object": 0.0060820579528808, "PI": 0.40214498708244945, "NI": 0.37515509356252097, "length": 302.5141742, "source": 452, "target": 447, "direction": "bi-directional"}, "geometry": {"type": "LineString", "coordinates": [[114.0817353805138, 22.540690955383944], [114.07882241559663, 22.540315657082882]]}}, {"type": "Feature", "properties": {"arc": 428, "wealthier": 0.2557793745845477, "beautiful": 0.2938213497149712, "livelier": 0.424600776929126, "depressing": 0.6817074147258648, "safer": 0.265185641073392, "boring": 0.597522407407161, "human": 0.0026790982200985, "vehicle": 0.0433330535888671, "construction": 0.1916455768403552, "nature": 0.0927450543358212, "sky": 0.4444406146094913, "object": 0.0062185014997209, "PI": 0.22588539766108873, "NI": 0.4617969079541437, "length": 370.1424792, "source": 452, "target": 453, "direction": "bi-directional"}, "geometry": {"type": "LineString", "coordinates": [[114.0817353805138, 22.540690955383944], [114.08178037683555, 22.538425681250878], [114.08182131180244, 22.537349494565415]]}}, {"type": "Feature", "properties": {"arc": 429, "wealthier": 0.4684322699518969, "beautiful": 0.387171736966609, "livelier": 0.7259173212564245, "depressing": 0.5319007813313942, "safer": 0.4438189120853353, "boring": 0.3062254689701286, "human": 0.0130417767693014, "vehicle": 0.0299067403755935, "construction": 0.2552416932349111, "nature": 0.1691115884219898, "sky": 0.3036256677964155, "object": 0.0088139328302121, "PI": 0.5198424936501079, "NI": 0.37110147268666505, "length": 504.5249706, "source": 452, "target": 458, "direction": "bi-directional"}, "geometry": {"type": "LineString", "coordinates": [[114.0817353805138, 22.540690955383944], [114.08377083083107, 22.5407012508706], [114.08565607089882, 22.540745420703697], [114.08663938202704, 22.540736675960883]]}}, {"type": "Feature", "properties": {"arc": 430, "wealthier": 0.4536550749454626, "beautiful": 0.2864007055075822, "livelier": 0.4949492702079362, "depressing": 0.6427353575278648, "safer": 0.3264781827511436, "boring": 0.5927689192802655, "human": 0.0007594426472981, "vehicle": 0.0149030685424804, "construction": 0.5264085928599039, "nature": 0.0288070837656656, "sky": 0.1655844847361246, "object": 0.0131754875183105, "PI": 0.24298928447146664, "NI": 0.5068687276136176, "length": 155.5174066, "source": 555, "target": 551, "direction": "bi-directional"}, "geometry": {"type": "LineString", "coordinates": [[114.12459909348404, 22.54147555688004], [114.12431736132561, 22.541260982778475], [114.12338632525831, 22.54063786026153]]}}, {"type": "Feature", "properties": {"arc": 431, "wealthier": 0.3462593493784969, "beautiful": 0.3501383613342665, "livelier": 0.5130570810314226, "depressing": 0.6119587770797362, "safer": 0.3535008860791612, "boring": 0.5133873578405664, "human": 0.0008524068196614, "vehicle": 0.0295961761474609, "construction": 0.133312505086263, "nature": 0.1780060323079427, "sky": 0.4228059387207032, "object": 0.0062762451171875, "PI": 0.28285463547517825, "NI": 0.39977040502836275, "length": 558.1160731, "source": 506, "target": 497, "direction": "bi-directional"}, "geometry": {"type": "LineString", "coordinates": [[114.10667409255173, 22.541292135136654], [114.10677111988143, 22.540906602743224], [114.10682890000705, 22.54055167501707], [114.1068716534075, 22.540153690426838], [114.10685850499168, 22.539916626172896], [114.1068008309911, 22.539710143687508], [114.10669917909583, 22.539509381675384], [114.10645939746955, 22.53915533377995], [114.10626893192546, 22.53892146099806], [114.10612466558597, 22.538787950924625], [114.10595676746296, 22.538669273741174], [114.10576793904865, 22.5385730751259], [114.10555246685765, 22.53849952077127], [114.10534929155172, 22.538458793440725], [114.10465908883134, 22.53837778410965], [114.1037416585918, 22.538240309164337]]}}, {"type": "Feature", "properties": {"arc": 432, "wealthier": 0.1896782491929564, "beautiful": 0.2433950209528957, "livelier": 0.3360692456566714, "depressing": 0.7488483773735276, "safer": 0.234312352379797, "boring": 0.6603882561968623, "human": 0.0016774495442708, "vehicle": 0.0265501658121744, "construction": 0.1744234720865885, "nature": 0.033374532063802, "sky": 0.4809486389160156, "object": 0.0144920349121093, "PI": 0.15489435351078698, "NI": 0.527594253783593, "length": 104.1847366, "source": 490, "target": 492, "direction": "bi-directional"}, "geometry": {"type": "LineString", "coordinates": [[114.09964759065237, 22.541174949481686], [114.09971207379041, 22.54023603326361]]}}, {"type": "Feature", "properties": {"arc": 433, "wealthier": 0.510390533796994, "beautiful": 0.4070972641902576, "livelier": 0.7228886742221904, "depressing": 0.516298936564723, "safer": 0.4795821593457327, "boring": 0.3591426201661515, "human": 0.0049155810931781, "vehicle": 0.0240253070453265, "construction": 0.2547601235879434, "nature": 0.1154647861515079, "sky": 0.3507052241144954, "object": 0.0074782672229113, "PI": 0.42033474165160495, "NI": 0.37794314349763364, "length": 801.1816865, "source": 490, "target": 506, "direction": "bi-directional"}, "geometry": {"type": "LineString", "coordinates": [[114.09964759065237, 22.541174949481686], [114.10146656213192, 22.541193577147002], [114.10208037083756, 22.541224765339713], [114.10229174663671, 22.541218020945063], [114.10244711614274, 22.541172906189832], [114.10253275175312, 22.541088597322968], [114.10257044507287, 22.54098230218391], [114.10261777534939, 22.540679372230674], [114.10268102709915, 22.540579141434435], [114.10277103608865, 22.540523014134564], [114.10288629991894, 22.54049344636498], [114.10305142779018, 22.540481857207194], [114.10401272501561, 22.540489061214277], [114.10434101740616, 22.540518879583278], [114.10454135922491, 22.540587431102956], [114.10471689893194, 22.5407157901188], [114.10505952981138, 22.541052295730584], [114.10518166324567, 22.54113155839499], [114.105290209381, 22.541173615610987], [114.10556838259853, 22.54122695556615], [114.10612908486891, 22.541285822059663], [114.10636521008415, 22.5412980542883], [114.10667409255173, 22.541292135136654]]}}, {"type": "Feature", "properties": {"arc": 435, "wealthier": 0.2846417014988748, "beautiful": 0.2960621396079468, "livelier": 0.5556060321544527, "depressing": 0.6528274831281069, "safer": 0.3056851808964632, "boring": 0.459783682860107, "human": 0.0032457926916697, "vehicle": 0.0351418691968161, "construction": 0.2622969188387432, "nature": 0.1003322298564608, "sky": 0.3613813188340929, "object": 0.0076357826354011, "PI": 0.27288330837786484, "NI": 0.43493330317884027, "length": 450.1526452, "source": 542, "target": 529, "direction": "bi-directional"}, "geometry": {"type": "LineString", "coordinates": [[114.12021095993875, 22.54170452607877], [114.11998094296071, 22.54128200293125], [114.11973228260132, 22.54091755134947], [114.11953136280538, 22.540706163978367], [114.11922943921199, 22.540488187600793], [114.11898694770274, 22.540356042446557], [114.11866555941505, 22.540222899565048], [114.11672387625065, 22.53952264734602]]}}, {"type": "Feature", "properties": {"arc": 436, "wealthier": 0.3774878115145634, "beautiful": 0.2915437263079819, "livelier": 0.519436161595239, "depressing": 0.6681107621981995, "safer": 0.333991385965757, "boring": 0.5371083193803572, "human": 0.0024241553412543, "vehicle": 0.0190848456488715, "construction": 0.2511106279161241, "nature": 0.0856572892930772, "sky": 0.3966295030381944, "object": 0.0077419281005859, "PI": 0.27200301396293175, "NI": 0.44626623803359583, "length": 347.3576919, "source": 542, "target": 551, "direction": "bi-directional"}, "geometry": {"type": "LineString", "coordinates": [[114.12021095993875, 22.54170452607877], [114.12179429032486, 22.541154909306513], [114.12338632525831, 22.54063786026153]]}}, {"type": "Feature", "properties": {"arc": 437, "wealthier": 0.7150840862090948, "beautiful": 0.6321387568537314, "livelier": 0.630569078992635, "depressing": 0.3619195312754955, "safer": 0.6626997728263508, "boring": 0.369188372475728, "human": 0.0001643995443979, "vehicle": 0.0148442089557647, "construction": 0.0408770143985748, "nature": 0.3464872241020201, "sky": 0.359134684006373, "object": 0.0030542413393656, "PI": 0.5093081980309074, "NI": 0.25109381341293374, "length": 1631.892506, "source": 253, "target": 274, "direction": "bi-directional"}, "geometry": {"type": "LineString", "coordinates": [[113.97135871516953, 22.53910036497453], [113.97282443030859, 22.53854772336034], [113.97545524219724, 22.5373246227879], [113.97645962683183, 22.53690065110985], [113.97672049265194, 22.536804442584994], [113.97705363065569, 22.53670621339537], [113.97770645210912, 22.536550754216346], [113.97834566496736, 22.536458103198736], [113.97916308620003, 22.536409592214866], [113.98592931417882, 22.536270598746302], [113.98662811195027, 22.536268400699264]]}}, {"type": "Feature", "properties": {"arc": 438, "wealthier": 0.5652499065468006, "beautiful": 0.4869604957921025, "livelier": 0.7816627185784012, "depressing": 0.4207453024067675, "safer": 0.5560194438726314, "boring": 0.2497778590585478, "human": 0.0064785639444986, "vehicle": 0.0359261830647786, "construction": 0.1790603001912435, "nature": 0.327101961771647, "sky": 0.1876651128133138, "object": 0.0091829299926757, "PI": 0.5421225963411903, "NI": 0.29102767432296855, "length": 579.4082094, "source": 480, "target": 492, "direction": "bi-directional"}, "geometry": {"type": "LineString", "coordinates": [[114.09529920574177, 22.54142607709652], [114.09525596604014, 22.54100672330411], [114.09526863993604, 22.54049174882752], [114.09532263473787, 22.54032668413557], [114.09537941657743, 22.540263106369228], [114.0954754368521, 22.540213466130083], [114.09557704338678, 22.540191862234852], [114.09579603474985, 22.540183068442975], [114.09725000844476, 22.54021916020476], [114.09971207379041, 22.54023603326361]]}}, {"type": "Feature", "properties": {"arc": 440, "wealthier": 0.4099806181858215, "beautiful": 0.3647655903867381, "livelier": 0.535943407698667, "depressing": 0.6604047867375779, "safer": 0.3380523075090246, "boring": 0.4379568501112468, "human": 0.00822395190858, "vehicle": 0.022175203289902, "construction": 0.2280838280393366, "nature": 0.1182392187285841, "sky": 0.379863839400442, "object": 0.0074665671900699, "PI": 0.3766512604661329, "NI": 0.4159551008620798, "length": 411.4977061, "source": 474, "target": 480, "direction": "bi-directional"}, "geometry": {"type": "LineString", "coordinates": [[114.09130198843596, 22.541497425409396], [114.09186199369856, 22.541510624827886], [114.09275155089153, 22.54149950911286], [114.09385158863127, 22.54150687359212], [114.0944733932578, 22.541484025417052], [114.09529920574177, 22.54142607709652]]}}, {"type": "Feature", "properties": {"arc": 441, "wealthier": 0.4817110191204636, "beautiful": 0.3950898022413536, "livelier": 0.6196061402480404, "depressing": 0.5192926309077404, "safer": 0.4401520894135882, "boring": 0.4010780624112764, "human": 0.0111098433985854, "vehicle": 0.038730881430886, "construction": 0.2124688986575965, "nature": 0.1963045235836144, "sky": 0.3114608995842211, "object": 0.0060776508215701, "PI": 0.4846960721310622, "NI": 0.36361262494578345, "length": 493.4781553, "source": 458, "target": 474, "direction": "bi-directional"}, "geometry": {"type": "LineString", "coordinates": [[114.08663938202704, 22.540736675960883], [114.08826273531064, 22.5413041847735], [114.08854772078664, 22.54139649686846], [114.08871635311813, 22.541434942700313], [114.0889413350518, 22.541454170336156], [114.0895892001163, 22.541473385826855], [114.09078900728765, 22.54147816914682], [114.09130198843596, 22.541497425409396]]}}, {"type": "Feature", "properties": {"arc": 442, "wealthier": 0.4695369598935359, "beautiful": 0.3862246648878052, "livelier": 0.6670811405139909, "depressing": 0.5335061573101939, "safer": 0.4141904577780992, "boring": 0.3886954736850276, "human": 0.004805186438182, "vehicle": 0.0483884962778242, "construction": 0.1998866853259858, "nature": 0.1294352819049169, "sky": 0.3607240101647755, "object": 0.0091267843095083, "PI": 0.3892934374261072, "NI": 0.3991698900471972, "length": 490.9264834, "source": 514, "target": 506, "direction": "bi-directional"}, "geometry": {"type": "LineString", "coordinates": [[114.11138965664618, 22.541953217661444], [114.10985698379362, 22.541747673125737], [114.10735274085943, 22.54144129281063], [114.10707673522252, 22.541395183860466], [114.10667409255173, 22.541292135136654]]}}, {"type": "Feature", "properties": {"arc": 443, "wealthier": 0.453023897342199, "beautiful": 0.4153776361950788, "livelier": 0.6331120944152522, "depressing": 0.5325985871710073, "safer": 0.4419681504533771, "boring": 0.3956551330839036, "human": 0.0026565790176391, "vehicle": 0.0364955266316731, "construction": 0.1680027643839518, "nature": 0.1033785740534464, "sky": 0.4214468002319336, "object": 0.0046314795811971, "PI": 0.3563455774780134, "NI": 0.37055656463423525, "length": 440.5925589, "source": 514, "target": 516, "direction": "bi-directional"}, "geometry": {"type": "LineString", "coordinates": [[114.11138965664618, 22.541953217661444], [114.1119560066109, 22.538771413901298], [114.1121306202565, 22.538035371885865]]}}, {"type": "Feature", "properties": {"arc": 444, "wealthier": 0.4960344938547781, "beautiful": 0.3002188673959897, "livelier": 0.5370414734220164, "depressing": 0.6106188562066815, "safer": 0.3750863930698414, "boring": 0.5873490491429961, "human": 0.0014879703521728, "vehicle": 0.0203707218170166, "construction": 0.5186850229899089, "nature": 0.0267048676808675, "sky": 0.1651931603749593, "object": 0.0139980316162109, "PI": 0.27820098510383473, "NI": 0.5064904842392648, "length": 174.7561658, "source": 564, "target": 555, "direction": "bi-directional"}, "geometry": {"type": "LineString", "coordinates": [[114.12606466688663, 22.542273287783633], [114.12548777010045, 22.541974083581742], [114.12459909348404, 22.54147555688004]]}}, {"type": "Feature", "properties": {"arc": 445, "wealthier": 0.4544527596921384, "beautiful": 0.4457059696285921, "livelier": 0.6901122269181932, "depressing": 0.5019089148680199, "safer": 0.4805925860771843, "boring": 0.3491065137998317, "human": 0.0061877568562825, "vehicle": 0.0562173207600911, "construction": 0.1881338755289713, "nature": 0.1771978378295898, "sky": 0.3174090067545573, "object": 0.0091667811075846, "PI": 0.44309676711057894, "NI": 0.3767132370406871, "length": 235.4197264, "source": 514, "target": 519, "direction": "bi-directional"}, "geometry": {"type": "LineString", "coordinates": [[114.11138965664618, 22.541953217661444], [114.1136230662757, 22.54241739047764]]}}, {"type": "Feature", "properties": {"arc": 446, "wealthier": 0.4892999817618486, "beautiful": 0.4529795998397807, "livelier": 0.6613500608850044, "depressing": 0.4934770355199427, "safer": 0.4956500912123369, "boring": 0.3379106977092767, "human": 0.0051604111989339, "vehicle": 0.0333570639292399, "construction": 0.1833618481953938, "nature": 0.1418910026550293, "sky": 0.3630057175954183, "object": 0.0097010135650634, "PI": 0.42569838974887975, "NI": 0.37072287198463366, "length": 194.366783, "source": 519, "target": 520, "direction": "bi-directional"}, "geometry": {"type": "LineString", "coordinates": [[114.1136230662757, 22.54241739047764], [114.1136873458174, 22.540663205896156]]}}, {"type": "Feature", "properties": {"arc": 447, "wealthier": 0.6913156448015516, "beautiful": 0.5154298636295289, "livelier": 0.7341331328480841, "depressing": 0.4114355465037633, "safer": 0.5714458382188399, "boring": 0.2558947426424057, "human": 0.0002742608388264, "vehicle": 0.0117975870768229, "construction": 0.0515873432159423, "nature": 0.4335571924845377, "sky": 0.2527294953664143, "object": 0.0080300172170003, "PI": 0.5110616167575344, "NI": 0.24237399612936084, "length": 189.5819389, "source": 201, "target": 210, "direction": "bi-directional"}, "geometry": {"type": "LineString", "coordinates": [[113.94913894085919, 22.53939379790438], [113.95074248018543, 22.5385499463977]]}}, {"type": "Feature", "properties": {"arc": 448, "wealthier": 0.617562982750059, "beautiful": 0.4750693174360659, "livelier": 0.6218926961786341, "depressing": 0.4872808399395499, "safer": 0.4956287671163134, "boring": 0.3974159325160018, "human": 0.000843189380787, "vehicle": 0.0138940104731807, "construction": 0.1286448725947627, "nature": 0.2453912805627894, "sky": 0.3678287223533347, "object": 0.0063043170505099, "PI": 0.415844868971972, "NI": 0.32872409609687353, "length": 503.913187, "source": 154, "target": 153, "direction": "bi-directional"}, "geometry": {"type": "LineString", "coordinates": [[113.93746491196119, 22.539184502584515], [113.93650165057377, 22.538032594069012], [113.93638650532469, 22.537828336304763], [113.93634936834228, 22.53763703426503], [113.9363653661468, 22.537479770851466], [113.93643292257805, 22.53727151377439], [113.93733344291611, 22.535138197245878]]}}, {"type": "Feature", "properties": {"arc": 449, "wealthier": 0.518699549831961, "beautiful": 0.394692048176718, "livelier": 0.5909086122163312, "depressing": 0.5939623550841356, "safer": 0.4180241468582137, "boring": 0.456548253550655, "human": 0.0008492072423299, "vehicle": 0.0250454346338907, "construction": 0.0827053785324096, "nature": 0.1984367370605468, "sky": 0.4359711805979411, "object": 0.008501132329305, "PI": 0.3525592400445448, "NI": 0.3839672195774701, "length": 396.2757229, "source": 184, "target": 185, "direction": "bi-directional"}, "geometry": {"type": "LineString", "coordinates": [[113.94503152234213, 22.53934678179247], [113.94504077467, 22.538145483234814], [113.94508162195137, 22.536927990571105], [113.94508835196754, 22.5357689094243]]}}, {"type": "Feature", "properties": {"arc": 450, "wealthier": 0.7479987173269077, "beautiful": 0.5566382512394725, "livelier": 0.7029047937097053, "depressing": 0.320311464293591, "safer": 0.6158825550202429, "boring": 0.2689195837417171, "human": 0.0005608664618598, "vehicle": 0.0092638157032154, "construction": 0.0589259112322772, "nature": 0.3529894440262406, "sky": 0.3224749741730866, "object": 0.0077483918931749, "PI": 0.513640150045276, "NI": 0.24613156217478685, "length": 422.5733387, "source": 184, "target": 201, "direction": "bi-directional"}, "geometry": {"type": "LineString", "coordinates": [[113.94503152234213, 22.53934678179247], [113.94674533548105, 22.53935358159181], [113.94731996063983, 22.539373070594085], [113.94913894085919, 22.53939379790438]]}}, {"type": "Feature", "properties": {"arc": 451, "wealthier": 0.3148538104444887, "beautiful": 0.2053578493471982, "livelier": 0.4498970203557453, "depressing": 0.7463472190355017, "safer": 0.2716351656861485, "boring": 0.6284419856138463, "human": 0.0006498609270368, "vehicle": 0.0176359812418619, "construction": 0.1347646713256836, "nature": 0.1328096389770507, "sky": 0.4458175840831938, "object": 0.0084693091256277, "PI": 0.21013844865175604, "NI": 0.4558035824182792, "length": 394.4704548, "source": 167, "target": 169, "direction": "bi-directional"}, "geometry": {"type": "LineString", "coordinates": [[113.94073917395764, 22.53927031616407], [113.94080901314373, 22.53570869804891]]}}, {"type": "Feature", "properties": {"arc": 452, "wealthier": 0.5219533159209766, "beautiful": 0.3963827723013854, "livelier": 0.5389448315033342, "depressing": 0.522499819347171, "safer": 0.4241825140863796, "boring": 0.4661088954713779, "human": 0.0005722419888365, "vehicle": 0.0122839235791973, "construction": 0.0663593142640356, "nature": 0.2108679752723843, "sky": 0.4354420830221737, "object": 0.0082092659146178, "PI": 0.34399674972411404, "NI": 0.3560908360317124, "length": 441.6228398, "source": 167, "target": 184, "direction": "bi-directional"}, "geometry": {"type": "LineString", "coordinates": [[113.94073917395764, 22.53927031616407], [113.94503152234213, 22.53934678179247]]}}, {"type": "Feature", "properties": {"arc": 453, "wealthier": 0.5490292605069373, "beautiful": 0.4760459263124863, "livelier": 0.5916862627420582, "depressing": 0.4849497936102548, "safer": 0.4767326923672599, "boring": 0.3768255565572387, "human": 0.0012390252315636, "vehicle": 0.0241771466804273, "construction": 0.1059251265092329, "nature": 0.3124376932779947, "sky": 0.3053185434052439, "object": 0.0061873233679569, "PI": 0.41673193164297545, "NI": 0.3069288006041994, "length": 336.976421, "source": 154, "target": 167, "direction": "bi-directional"}, "geometry": {"type": "LineString", "coordinates": [[113.93746491196119, 22.539184502584515], [113.93861691242562, 22.539233508301518], [113.94073917395764, 22.53927031616407]]}}, {"type": "Feature", "properties": {"arc": 454, "wealthier": 0.5747030888787393, "beautiful": 0.4778149649107883, "livelier": 0.6991132119837993, "depressing": 0.4483206255819796, "safer": 0.510303787337732, "boring": 0.336190744253423, "human": 0.0053942998250325, "vehicle": 0.0506387438092912, "construction": 0.1040390559605189, "nature": 0.285974865867978, "sky": 0.3077843075706845, "object": 0.0060989289056687, "PI": 0.4941163766762415, "NI": 0.31206881978191686, "length": 376.1137289, "source": 65, "target": 63, "direction": "bi-directional"}, "geometry": {"type": "LineString", "coordinates": [[113.9147515891724, 22.53891279782764], [113.91454558447701, 22.53762627498691], [113.91431342967608, 22.535541636490763]]}}, {"type": "Feature", "properties": {"arc": 455, "wealthier": 0.3457427808279291, "beautiful": 0.3985408326865801, "livelier": 0.180664745213877, "depressing": 0.6154056490650265, "safer": 0.3259068296410416, "boring": 0.8447318446775582, "human": 0.0002247238159179, "vehicle": 0.0291771570841471, "construction": 0.0616574478149413, "nature": 0.1605988311767578, "sky": 0.5012622197469078, "object": 0.0033081054687499, "PI": 0.21000576449274597, "NI": 0.438693065789074, "length": 1289.788016, "source": 329, "target": 312, "direction": "bi-directional"}, "geometry": {"type": "LineString", "coordinates": [[114.03574639554724, 22.54152815405497], [114.0287595000232, 22.54035201323215], [114.02715508991143, 22.540067802617298], [114.02340961407465, 22.539447813583152]]}}, {"type": "Feature", "properties": {"arc": 456, "wealthier": 0.3160938276419714, "beautiful": 0.2668657771502331, "livelier": 0.4156780613961624, "depressing": 0.6981195931390413, "safer": 0.2808586094516108, "boring": 0.5437258578929255, "human": 0.0006600174249387, "vehicle": 0.0240792667164522, "construction": 0.0695848277970856, "nature": 0.1637763977050781, "sky": 0.495704875272863, "object": 0.0056732028138403, "PI": 0.22461546133531377, "NI": 0.41250827281626057, "length": 495.8641933, "source": 51, "target": 53, "direction": "bi-directional"}, "geometry": {"type": "LineString", "coordinates": [[113.91025407176923, 22.53968999784014], [113.91038419321177, 22.53521379899768]]}}, {"type": "Feature", "properties": {"arc": 457, "wealthier": 0.6563900226137623, "beautiful": 0.512148192273646, "livelier": 0.776386396285439, "depressing": 0.4064253168688498, "safer": 0.5506867969709585, "boring": 0.3123694939150255, "human": 0.0052059858273237, "vehicle": 0.0352247678316556, "construction": 0.1382907476180639, "nature": 0.3520835974277593, "sky": 0.2214420025165264, "object": 0.0055140959910857, "PI": 0.5509259944788902, "NI": 0.2726924046278966, "length": 470.6107742, "source": 51, "target": 65, "direction": "bi-directional"}, "geometry": {"type": "LineString", "coordinates": [[113.91025407176923, 22.53968999784014], [113.91171929243222, 22.539451482720626], [113.91255768187898, 22.539290101403505], [113.9147515891724, 22.53891279782764]]}}, {"type": "Feature", "properties": {"arc": 458, "wealthier": 0.8106798894745428, "beautiful": 0.8595523261826485, "livelier": 0.7030574072067772, "depressing": 0.1330813044982667, "safer": 0.8415334349802117, "boring": 0.2548924992608008, "human": 0.0027499577355763, "vehicle": 0.013099019489591, "construction": 0.0909276689801897, "nature": 0.6113107923477417, "sky": 0.0552963832068064, "object": 0.0044973312862335, "PI": 0.7122255536081354, "NI": 0.12938525655979513, "length": 1012.3352, "source": 273, "target": 263, "direction": "bi-directional"}, "geometry": {"type": "LineString", "coordinates": [[113.98643644985181, 22.53867966870126], [113.9862610922686, 22.538653775824926], [113.98509615294282, 22.538571682161777], [113.98490031602059, 22.538570866870646], [113.98470292360959, 22.53860782166274], [113.98458499317996, 22.538680832702408], [113.98449284356694, 22.53880606918587], [113.984369331576, 22.5391021749199], [113.98430357676402, 22.53921119309576], [113.9841870336135, 22.53931045346366], [113.98403205966359, 22.539366149401094], [113.98357202241357, 22.539396076669465], [113.97952737138185, 22.539534536807047], [113.97917292657692, 22.539570831700196], [113.97898850532407, 22.53962526796166], [113.97880848168616, 22.539719005468083], [113.97865324704306, 22.539837916140453], [113.97846044058727, 22.54002680535116], [113.97808795765779, 22.540426319399813], [113.97795567268618, 22.540594015129564], [113.97787739069763, 22.54073741932247], [113.97779613402652, 22.5409864662158]]}}, {"type": "Feature", "properties": {"arc": 459, "wealthier": 0.4724586545862381, "beautiful": 0.390061268887597, "livelier": 0.7581009785662421, "depressing": 0.5257140942407845, "safer": 0.4702319411234816, "boring": 0.3486116170385647, "human": 0.0066859245300292, "vehicle": 0.0724896748860677, "construction": 0.2133514404296875, "nature": 0.1258146603902181, "sky": 0.3321206410725912, "object": 0.0098731040954589, "PI": 0.4407564269079842, "NI": 0.4094019124082113, "length": 474.7128725, "source": 536, "target": 519, "direction": "bi-directional"}, "geometry": {"type": "LineString", "coordinates": [[114.11801078489309, 22.543641703676347], [114.11767434482249, 22.54345369573554], [114.11735294001473, 22.54329646599127], [114.11699666402642, 22.543138821083158], [114.11674316902864, 22.543051474263642], [114.11494083083801, 22.54267075977533], [114.1136230662757, 22.54241739047764]]}}, {"type": "Feature", "properties": {"arc": 460, "wealthier": 0.3366188384914322, "beautiful": 0.361218516491875, "livelier": 0.5574392538103831, "depressing": 0.6377017761026572, "safer": 0.3569406635886473, "boring": 0.4820983683497071, "human": 0.0070075988769531, "vehicle": 0.0454957424066005, "construction": 0.1604412274482922, "nature": 0.1352271055563902, "sky": 0.4102672185653295, "object": 0.0073135082538311, "PI": 0.3595316969581716, "NI": 0.4222477226560333, "length": 313.450061, "source": 536, "target": 542, "direction": "bi-directional"}, "geometry": {"type": "LineString", "coordinates": [[114.11801078489309, 22.543641703676347], [114.11843230467701, 22.543149997963308], [114.11879683839705, 22.54278203890843], [114.11907004302172, 22.5425306426135], [114.11950526427144, 22.542183596282232], [114.12021095993875, 22.54170452607877]]}}, {"type": "Feature", "properties": {"arc": 461, "wealthier": 0.4433136145607976, "beautiful": 0.2665881287230421, "livelier": 0.4772712970673465, "depressing": 0.7112118886005931, "safer": 0.3166184040063129, "boring": 0.6136911333056652, "human": 0.0002393722534179, "vehicle": 0.0205847422281901, "construction": 0.1607320422217959, "nature": 0.0736260641188848, "sky": 0.4839950289045062, "object": 0.0038594745454334, "PI": 0.23700665558568057, "NI": 0.43985188518960144, "length": 337.8040577, "source": 376, "target": 377, "direction": "bi-directional"}, "geometry": {"type": "LineString", "coordinates": [[114.05122096752096, 22.542530419241928], [114.05125471871051, 22.541111762874348], [114.05126876846201, 22.53948032800741]]}}, {"type": "Feature", "properties": {"arc": 462, "wealthier": 0.500687600084599, "beautiful": 0.4989152867170218, "livelier": 0.3693289808531257, "depressing": 0.498326650984075, "safer": 0.4715330238897061, "boring": 0.629146418160851, "human": 0.0001936957949683, "vehicle": 0.0167066846575055, "construction": 0.0357650575183686, "nature": 0.244907724289667, "sky": 0.4459654490152994, "object": 0.0033285595121837, "PI": 0.33825418595166007, "NI": 0.34688489694678787, "length": 900.1725965, "source": 353, "target": 329, "direction": "bi-directional"}, "geometry": {"type": "LineString", "coordinates": [[114.04441829094878, 22.542409675408468], [114.04048786446053, 22.54233078519696], [114.03995151631402, 22.542249448951388], [114.03574639554724, 22.54152815405497]]}}, {"type": "Feature", "properties": {"arc": 463, "wealthier": 0.5660334494523548, "beautiful": 0.4207297219481152, "livelier": 0.4804031815139306, "depressing": 0.5514469089534894, "safer": 0.4385337203979043, "boring": 0.5604552036214865, "human": 6.300030332623106e-05, "vehicle": 0.0206934611002604, "construction": 0.0667083046653054, "nature": 0.2209531610662287, "sky": 0.4304556413130327, "object": 0.0040801655162464, "PI": 0.3433771277094612, "NI": 0.35770235845869786, "length": 334.1568351, "source": 353, "target": 355, "direction": "bi-directional"}, "geometry": {"type": "LineString", "coordinates": [[114.04441829094878, 22.542409675408468], [114.04447813691192, 22.53939263337316]]}}, {"type": "Feature", "properties": {"arc": 464, "wealthier": 0.4805036557218204, "beautiful": 0.3958512122866297, "livelier": 0.4192264732538907, "depressing": 0.5762872381143962, "safer": 0.4019201658012999, "boring": 0.6516144370225234, "human": 0.0002078432025331, "vehicle": 0.0238290844541607, "construction": 0.1017857175884824, "nature": 0.1874582117254083, "sky": 0.4265953410755504, "object": 0.004350488836115, "PI": 0.29905889006069447, "NI": 0.39247265010495735, "length": 248.9316029, "source": 353, "target": 361, "direction": "bi-directional"}, "geometry": {"type": "LineString", "coordinates": [[114.04441829094878, 22.542409675408468], [114.0457127042665, 22.54245750414747], [114.0468372240796, 22.542449784779656]]}}, {"type": "Feature", "properties": {"arc": 465, "wealthier": 0.3184970565599668, "beautiful": 0.3357013352399647, "livelier": 0.250436273116347, "depressing": 0.6552556654775497, "safer": 0.3079171412557771, "boring": 0.7944024711185295, "human": 0.0013994852701822, "vehicle": 0.038898213704427, "construction": 0.100479253133138, "nature": 0.1338485717773437, "sky": 0.4738979339599609, "object": 0.0078810373942057, "PI": 0.21218767675583294, "NI": 0.4770784601341136, "length": 100.865574, "source": 362, "target": 361, "direction": "bi-directional"}, "geometry": {"type": "LineString", "coordinates": [[114.04781616983853, 22.54250210032623], [114.0468372240796, 22.542449784779656]]}}, {"type": "Feature", "properties": {"arc": 466, "wealthier": 0.4747822736424037, "beautiful": 0.4075849472478974, "livelier": 0.5730723716141428, "depressing": 0.5461210541203021, "safer": 0.4226020734039658, "boring": 0.5010829927655778, "human": 0.0022810981387183, "vehicle": 0.0204418727329799, "construction": 0.17200501759847, "nature": 0.1867673964727493, "sky": 0.3527746200561523, "object": 0.0081108184087844, "PI": 0.35979173731336206, "NI": 0.38332060036297283, "length": 339.6479162, "source": 362, "target": 363, "direction": "bi-directional"}, "geometry": {"type": "LineString", "coordinates": [[114.04781616983853, 22.54250210032623], [114.04785123060154, 22.54111157438785], [114.04786618779222, 22.539435398724937]]}}, {"type": "Feature", "properties": {"arc": 467, "wealthier": 0.3941548897965365, "beautiful": 0.3937435322192861, "livelier": 0.3039486803918856, "depressing": 0.6252239594002763, "safer": 0.3461930465399255, "boring": 0.7200560373226659, "human": 0.0004653930664062, "vehicle": 0.0329679701063368, "construction": 0.1164701249864366, "nature": 0.1215233696831597, "sky": 0.4807233174641927, "object": 0.0035133361816406, "PI": 0.23831039593353168, "NI": 0.4346713371272677, "length": 350.2809584, "source": 362, "target": 376, "direction": "bi-directional"}, "geometry": {"type": "LineString", "coordinates": [[114.04781616983853, 22.54250210032623], [114.04875715068364, 22.542494178281604], [114.05015386824306, 22.542525505182354], [114.05122096752096, 22.542530419241928]]}}, {"type": "Feature", "properties": {"arc": 468, "wealthier": 0.2169609742656631, "beautiful": 0.2600000335104797, "livelier": 0.230456223544731, "depressing": 0.764836802025672, "safer": 0.1864502980522147, "boring": 0.8365956551930888, "human": 0.0009437329841382, "vehicle": 0.0337337725090258, "construction": 0.2043040882457386, "nature": 0.024380654999704, "sky": 0.4739040027965199, "object": 0.0053427725127249, "PI": 0.12240369629240698, "NI": 0.5187691023714729, "length": 256.8439869, "source": 489, "target": 490, "direction": "bi-directional"}, "geometry": {"type": "LineString", "coordinates": [[114.09963128961091, 22.54349397980151], [114.09966132657918, 22.5420309336506], [114.09964759065237, 22.541174949481686]]}}, {"type": "Feature", "properties": {"arc": 469, "wealthier": 0.6484672393337217, "beautiful": 0.6454769807005593, "livelier": 0.7512575909174072, "depressing": 0.2996911397375559, "safer": 0.6615827394381292, "boring": 0.2240334427645445, "human": 0.0040972889333531, "vehicle": 0.0191191521243772, "construction": 0.1056353251139322, "nature": 0.452986426975416, "sky": 0.1648208507593127, "object": 0.007716026859007, "PI": 0.5998470376950115, "NI": 0.21319101955379063, "length": 760.9498286, "source": 263, "target": 253, "direction": "bi-directional"}, "geometry": {"type": "LineString", "coordinates": [[113.97779613402652, 22.5409864662158], [113.97661690357954, 22.54092924325985], [113.97617285028755, 22.54093210186682], [113.97584163374549, 22.54098858426529], [113.97535717782614, 22.541167153256648], [113.97519976587833, 22.541204243095162], [113.97501881676898, 22.54120869380041], [113.97478841667635, 22.541163062448714], [113.97218329341456, 22.540241856149127], [113.9719320398606, 22.540133017160624], [113.97179831929358, 22.540028420571154], [113.97167366850529, 22.53985299891089], [113.971539780097, 22.53957099076019], [113.97135871516953, 22.53910036497453]]}}, {"type": "Feature", "properties": {"arc": 470, "wealthier": 0.5738440329274163, "beautiful": 0.5216883786838644, "livelier": 0.6070030221419038, "depressing": 0.43279418716212, "safer": 0.5198341613392047, "boring": 0.3656886170957258, "human": 0.005393558078342, "vehicle": 0.0412779207582826, "construction": 0.1277279324001736, "nature": 0.3537322856761791, "sky": 0.2386559380425347, "object": 0.0080737361201533, "PI": 0.5027975392931393, "NI": 0.30820338258567714, "length": 224.6367414, "source": 479, "target": 480, "direction": "bi-directional"}, "geometry": {"type": "LineString", "coordinates": [[114.09519910450506, 22.54345208254496], [114.0952590678166, 22.5418699929199], [114.09529920574177, 22.54142607709652]]}}, {"type": "Feature", "properties": {"arc": 471, "wealthier": 0.2941407204376139, "beautiful": 0.304667972463088, "livelier": 0.3785464028178554, "depressing": 0.6855344922995305, "safer": 0.2649085351365437, "boring": 0.6666788024154708, "human": 0.001045580263491, "vehicle": 0.0203104019165039, "construction": 0.1230284726178205, "nature": 0.1300585711443865, "sky": 0.4548652083785446, "object": 0.0035644813820167, "PI": 0.21427804636399897, "NI": 0.42227167146646294, "length": 455.9852599, "source": 479, "target": 489, "direction": "bi-directional"}, "geometry": {"type": "LineString", "coordinates": [[114.09519910450506, 22.54345208254496], [114.09843230139286, 22.543509492566194], [114.09963128961091, 22.54349397980151]]}}, {"type": "Feature", "properties": {"arc": 472, "wealthier": 0.455212688446195, "beautiful": 0.3731119239311432, "livelier": 0.7018944102410746, "depressing": 0.5521783024489236, "safer": 0.4332672590757944, "boring": 0.3406057446854786, "human": 0.0046639297947739, "vehicle": 0.0513494664972478, "construction": 0.1702649665601325, "nature": 0.1432189363421815, "sky": 0.3917915459835168, "object": 0.0066647963090376, "PI": 0.3960888608699138, "NI": 0.3802691954658121, "length": 278.8488451, "source": 451, "target": 452, "direction": "bi-directional"}, "geometry": {"type": "LineString", "coordinates": [[114.08167282318715, 22.54320838795419], [114.0817353805138, 22.540690955383944]]}}, {"type": "Feature", "properties": {"arc": 474, "wealthier": 0.3123957215594064, "beautiful": 0.2902616109495439, "livelier": 0.3763758430895324, "depressing": 0.6876993236256198, "safer": 0.2765110151167176, "boring": 0.7065419688270401, "human": 0.0007165273030598, "vehicle": 0.0375714699427286, "construction": 0.0674587090810139, "nature": 0.1495405038197835, "sky": 0.4842391808827718, "object": 0.0044033924738566, "PI": 0.21707436961959212, "NI": 0.43754930639003947, "length": 406.8104458, "source": 473, "target": 479, "direction": "bi-directional"}, "geometry": {"type": "LineString", "coordinates": [[114.09124493595911, 22.54338470439381], [114.09519910450506, 22.54345208254496]]}}, {"type": "Feature", "properties": {"arc": 476, "wealthier": 0.426677070047192, "beautiful": 0.3290812830982119, "livelier": 0.7509665648821627, "depressing": 0.591609631947984, "safer": 0.3990887363114996, "boring": 0.3113732255954087, "human": 0.0126074684990776, "vehicle": 0.0660462379455566, "construction": 0.27267853418986, "nature": 0.1160958078172472, "sky": 0.3130914900037977, "object": 0.0123931566874186, "PI": 0.48015590672380554, "NI": 0.43940185357177325, "length": 316.5257108, "source": 446, "target": 447, "direction": "bi-directional"}, "geometry": {"type": "LineString", "coordinates": [[114.07874645766537, 22.543173124670194], [114.07882241559663, 22.540315657082882]]}}, {"type": "Feature", "properties": {"arc": 477, "wealthier": 0.3579851302858277, "beautiful": 0.2882636106771812, "livelier": 0.4546413195906393, "depressing": 0.7100375464530043, "safer": 0.2928818390806189, "boring": 0.6195891984507906, "human": 0.0020270714393028, "vehicle": 0.0741778642703325, "construction": 0.182312745314378, "nature": 0.0797913869222005, "sky": 0.4307727813720703, "object": 0.0037178626427283, "PI": 0.2418047185332036, "NI": 0.471433401707815, "length": 301.0616022, "source": 446, "target": 451, "direction": "bi-directional"}, "geometry": {"type": "LineString", "coordinates": [[114.07874645766537, 22.543173124670194], [114.07932048177679, 22.543168305054948], [114.08167282318715, 22.54320838795419]]}}, {"type": "Feature", "properties": {"arc": 478, "wealthier": 0.3856712098546957, "beautiful": 0.3737079452111719, "livelier": 0.2683462277110263, "depressing": 0.6217716596917536, "safer": 0.3409341234438401, "boring": 0.8090724004062202, "human": 0.0012312288637514, "vehicle": 0.0202405364425094, "construction": 0.0660211775037977, "nature": 0.1447645116735388, "sky": 0.5250186213740596, "object": 0.0034514886361581, "PI": 0.24075712431934837, "NI": 0.4358607513856903, "length": 483.9492357, "source": 376, "target": 394, "direction": "bi-directional"}, "geometry": {"type": "LineString", "coordinates": [[114.05122096752096, 22.542530419241928], [114.05591931246569, 22.542757799741143]]}}, {"type": "Feature", "properties": {"arc": 480, "wealthier": 0.406093239339871, "beautiful": 0.3509068533251065, "livelier": 0.5135495786798021, "depressing": 0.6409188240527285, "safer": 0.3544121892052586, "boring": 0.5450677833930218, "human": 0.0022782382802066, "vehicle": 0.0387160472380809, "construction": 0.1788523910392044, "nature": 0.1192257546970986, "sky": 0.4025016849876467, "object": 0.003632569924379, "PI": 0.2969763979376413, "NI": 0.41033741195225554, "length": 984.8684684, "source": 451, "target": 473, "direction": "bi-directional"}, "geometry": {"type": "LineString", "coordinates": [[114.08167282318715, 22.54320838795419], [114.08302267697347, 22.543255988477267], [114.08519184367731, 22.543283373409775], [114.08823943810374, 22.543347921868104], [114.08948612334787, 22.543351102622204], [114.09124493595911, 22.54338470439381]]}}, {"type": "Feature", "properties": {"arc": 481, "wealthier": 0.2178548830744901, "beautiful": 0.2712911081745514, "livelier": 0.3084098036489021, "depressing": 0.7104647576225239, "safer": 0.2047605359187796, "boring": 0.7262934011547187, "human": 0.0011536569306344, "vehicle": 0.0536303664698745, "construction": 0.1645740162242542, "nature": 0.0978542096687085, "sky": 0.4397052996086351, "object": 0.004926045735677, "PI": 0.16404601197583638, "NI": 0.4792730643932694, "length": 257.788338, "source": 443, "target": 446, "direction": "bi-directional"}, "geometry": {"type": "LineString", "coordinates": [[114.07624145329628, 22.54311603777702], [114.07671838832422, 22.543142036051783], [114.07874645766537, 22.543173124670194]]}}, {"type": "Feature", "properties": {"arc": 482, "wealthier": 0.4272975218163169, "beautiful": 0.3539561497073832, "livelier": 0.4395225903968375, "depressing": 0.6583770458833542, "safer": 0.338326520723715, "boring": 0.6068717144172143, "human": 0.0002821109913013, "vehicle": 0.0092425876193576, "construction": 0.0342939518116138, "nature": 0.2646691004435221, "sky": 0.4365529307612667, "object": 0.0053799947102864, "PI": 0.29524693636278737, "NI": 0.3759950910668617, "length": 480.7257281, "source": 430, "target": 431, "direction": "bi-directional"}, "geometry": {"type": "LineString", "coordinates": [[114.06804923114665, 22.542991893483737], [114.0680957548027, 22.539776425552173], [114.06812679712371, 22.538651430358513]]}}, {"type": "Feature", "properties": {"arc": 483, "wealthier": 0.4420231821802684, "beautiful": 0.4271098349146672, "livelier": 0.3106130857714505, "depressing": 0.5892175165674104, "safer": 0.3833287288449595, "boring": 0.6952424292177016, "human": 0.0003676414489746, "vehicle": 0.0138486226399739, "construction": 0.0479527711868286, "nature": 0.1895592212677002, "sky": 0.4758550723393758, "object": 0.0034175713857014, "PI": 0.27636350700998513, "NI": 0.3856456614812758, "length": 399.4130008, "source": 430, "target": 433, "direction": "bi-directional"}, "geometry": {"type": "LineString", "coordinates": [[114.06804923114665, 22.542991893483737], [114.07193132253457, 22.54306586941929]]}}, {"type": "Feature", "properties": {"arc": 485, "wealthier": 0.2701835240655333, "beautiful": 0.3450455447931095, "livelier": 0.274604182595273, "depressing": 0.6468443069569632, "safer": 0.287841584282161, "boring": 0.7401087272152337, "human": 0.0005599574038856, "vehicle": 0.0315998144317091, "construction": 0.1099864892792283, "nature": 0.1246195341411389, "sky": 0.4672052483809621, "object": 0.0057795005932188, "PI": 0.19383566627294455, "NI": 0.4490928601622062, "length": 443.430147, "source": 433, "target": 443, "direction": "bi-directional"}, "geometry": {"type": "LineString", "coordinates": [[114.07193132253457, 22.54306586941929], [114.07364993701749, 22.54307726332609], [114.07433844496222, 22.543098098712793], [114.07568778367414, 22.543099576160934], [114.07624145329628, 22.54311603777702]]}}, {"type": "Feature", "properties": {"arc": 486, "wealthier": 0.3884797373966777, "beautiful": 0.2677923946294864, "livelier": 0.5342742267271184, "depressing": 0.7316897537174084, "safer": 0.3246009745904156, "boring": 0.6319841195960346, "human": 0.0032907516237289, "vehicle": 0.0294041103786892, "construction": 0.3851575700063555, "nature": 0.0026868487161303, "sky": 0.3450948927137586, "object": 0.0051919543553912, "PI": 0.26094245778244557, "NI": 0.4957182838919645, "length": 588.2820897, "source": 422, "target": 423, "direction": "bi-directional"}, "geometry": {"type": "LineString", "coordinates": [[114.06288457309581, 22.54292352428138], [114.06295098879248, 22.53989411264618], [114.06297340095847, 22.53761185206481]]}}, {"type": "Feature", "properties": {"arc": 487, "wealthier": 0.4754890523622208, "beautiful": 0.3695639520694418, "livelier": 0.3964779503889871, "depressing": 0.6491064715527446, "safer": 0.3864600356276387, "boring": 0.6655491707051596, "human": 0.0004367525615389, "vehicle": 0.0188066997225322, "construction": 0.1791651589529854, "nature": 0.0619525606670076, "sky": 0.4660676623147631, "object": 0.0052853236122736, "PI": 0.2576643212704763, "NI": 0.4460833834618892, "length": 531.3406338, "source": 430, "target": 422, "direction": "bi-directional"}, "geometry": {"type": "LineString", "coordinates": [[114.06804923114665, 22.542991893483737], [114.06668801470101, 22.542983207464033], [114.06468571132137, 22.542940708690246], [114.06339994957419, 22.5429377734729], [114.06288457309581, 22.54292352428138]]}}, {"type": "Feature", "properties": {"arc": 488, "wealthier": 0.3208012624462321, "beautiful": 0.2847668287045022, "livelier": 0.2586453476973328, "depressing": 0.6986535196287593, "safer": 0.2809877805606346, "boring": 0.8392028894533032, "human": 0.0001779485631872, "vehicle": 0.0111791822645399, "construction": 0.1025680259422019, "nature": 0.1091527585630063, "sky": 0.5148768248381438, "object": 0.0025467342800564, "PI": 0.178445154905812, "NI": 0.4520054080419089, "length": 216.4105562, "source": 394, "target": 404, "direction": "bi-directional"}, "geometry": {"type": "LineString", "coordinates": [[114.05591931246569, 22.542757799741143], [114.05802065155254, 22.54285305594574]]}}, {"type": "Feature", "properties": {"arc": 489, "wealthier": 0.4331702515115304, "beautiful": 0.2393548999590886, "livelier": 0.597290661264093, "depressing": 0.759679170747796, "safer": 0.3350979685222545, "boring": 0.4820056110961831, "human": 0.0002712836632361, "vehicle": 0.0127688676883012, "construction": 0.19355348440317, "nature": 0.0902780386117788, "sky": 0.4370862520658053, "object": 0.0036890078813601, "PI": 0.2612967537365843, "NI": 0.41643581290983595, "length": 362.4282468, "source": 404, "target": 405, "direction": "bi-directional"}, "geometry": {"type": "LineString", "coordinates": [[114.05802065155254, 22.54285305594574], [114.05807705108114, 22.53958062043645]]}}, {"type": "Feature", "properties": {"arc": 490, "wealthier": 0.443750431767257, "beautiful": 0.343465879110499, "livelier": 0.4269328516541029, "depressing": 0.6538220051706497, "safer": 0.3675146088146493, "boring": 0.6102573268631156, "human": 0.0002672407362196, "vehicle": 0.0131595399644639, "construction": 0.203013261159261, "nature": 0.0747741593254937, "sky": 0.4407297240363226, "object": 0.0051172574361165, "PI": 0.2510070156370463, "NI": 0.43279154215255317, "length": 500.3913305, "source": 404, "target": 422, "direction": "bi-directional"}, "geometry": {"type": "LineString", "coordinates": [[114.05802065155254, 22.54285305594574], [114.06006650018575, 22.54287213808013], [114.06288457309581, 22.54292352428138]]}}, {"type": "Feature", "properties": {"arc": 491, "wealthier": 0.2673740307994187, "beautiful": 0.2628766434471191, "livelier": 0.3227560650941046, "depressing": 0.7181726280461039, "safer": 0.2234269247496987, "boring": 0.7532223195871012, "human": 0.0002086559931437, "vehicle": 0.0293124914169311, "construction": 0.1409240961074829, "nature": 0.0982749859491984, "sky": 0.5122190316518148, "object": 0.0048803091049194, "PI": 0.16528572215324264, "NI": 0.4796257535163278, "length": 430.4040406, "source": 569, "target": 564, "direction": "bi-directional"}, "geometry": {"type": "LineString", "coordinates": [[114.12969492988483, 22.544200832858397], [114.12853269091612, 22.543549508746644], [114.12717930625627, 22.542908191198737], [114.12606466688663, 22.542273287783633]]}}, {"type": "Feature", "properties": {"arc": 493, "wealthier": 0.3638736849263148, "beautiful": 0.2478978018009832, "livelier": 0.4698615916241051, "depressing": 0.752206591043174, "safer": 0.3273282084384547, "boring": 0.6868741566996861, "human": 0.0007079795554832, "vehicle": 0.0427864215992115, "construction": 0.2001827381275318, "nature": 0.0250492095947265, "sky": 0.4962146193892867, "object": 0.0067958125361689, "PI": 0.21384294204089435, "NI": 0.5104582708553412, "length": 244.3374132, "source": 165, "target": 167, "direction": "bi-directional"}, "geometry": {"type": "LineString", "coordinates": [[113.940701903562, 22.54147649775083], [113.94073917395764, 22.53927031616407]]}}, {"type": "Feature", "properties": {"arc": 494, "wealthier": 0.5171233509311494, "beautiful": 0.4010730908603734, "livelier": 0.5780554496912454, "depressing": 0.5358106439730591, "safer": 0.4376389189167556, "boring": 0.4987148292549958, "human": 0.0027246122007016, "vehicle": 0.0445351070827908, "construction": 0.1879909303453233, "nature": 0.1484147884227611, "sky": 0.3911386066012913, "object": 0.0032453890200014, "PI": 0.3655215168355286, "NI": 0.3848282571640496, "length": 458.8792258, "source": 165, "target": 154, "direction": "bi-directional"}, "geometry": {"type": "LineString", "coordinates": [[113.940701903562, 22.54147649775083], [113.94020100494606, 22.541517021329472], [113.93961817917122, 22.541498088233404], [113.93937549274375, 22.541463243427796], [113.93920110227337, 22.541376341941362], [113.93901202799036, 22.54118389962189], [113.93803921402184, 22.53995701772811], [113.93746491196119, 22.539184502584515]]}}, {"type": "Feature", "properties": {"arc": 496, "wealthier": 0.4540364520781268, "beautiful": 0.5122922675200521, "livelier": 0.5256718763617525, "depressing": 0.4811141134454807, "safer": 0.4832607615607771, "boring": 0.4771964662963997, "human": 0.0020120216138435, "vehicle": 0.0238370606393525, "construction": 0.1072058244185014, "nature": 0.2653543298894709, "sky": 0.3314843900275953, "object": 0.0058041485873135, "PI": 0.3931740822279571, "NI": 0.3289180315325748, "length": 593.758188, "source": 298, "target": 301, "direction": "bi-directional"}, "geometry": {"type": "LineString", "coordinates": [[114.01225927049111, 22.54296338840516], [114.01401818588634, 22.53785655009218]]}}, {"type": "Feature", "properties": {"arc": 497, "wealthier": 0.6107940665118237, "beautiful": 0.4742923662588723, "livelier": 0.7226098519745227, "depressing": 0.4396007635462738, "safer": 0.5362834365872958, "boring": 0.2811356829331503, "human": 0.0014451344807942, "vehicle": 0.014904318915473, "construction": 0.1050709194607204, "nature": 0.343663109673394, "sky": 0.2765549977620443, "object": 0.0087242550320095, "PI": 0.4733504958051473, "NI": 0.2823092883836109, "length": 443.3821805, "source": 165, "target": 183, "direction": "bi-directional"}, "geometry": {"type": "LineString", "coordinates": [[113.940701903562, 22.54147649775083], [113.94109709959113, 22.541545262540122], [113.94146847997573, 22.541576491209042], [113.94500034573726, 22.541722134578407]]}}, {"type": "Feature", "properties": {"arc": 498, "wealthier": 0.6833633189467305, "beautiful": 0.4723255673137385, "livelier": 0.6575848674462916, "depressing": 0.4975524198539419, "safer": 0.5298234477998401, "boring": 0.3404339013850625, "human": 0.0008272691206498, "vehicle": 0.0127135190096768, "construction": 0.0583433093446673, "nature": 0.1823443788470644, "sky": 0.4702963973536636, "object": 0.0120075110233191, "PI": 0.4236589263530159, "NI": 0.3599185582116642, "length": 263.0766862, "source": 183, "target": 184, "direction": "bi-directional"}, "geometry": {"type": "LineString", "coordinates": [[113.94500034573726, 22.541722134578407], [113.94499570648529, 22.541153377512675], [113.94503152234213, 22.53934678179247]]}}, {"type": "Feature", "properties": {"arc": 499, "wealthier": 0.5975445475456339, "beautiful": 0.5472861113570244, "livelier": 0.5208663164612458, "depressing": 0.4307317489945332, "safer": 0.5484766004067393, "boring": 0.4975687921908769, "human": 0.0003913804596545, "vehicle": 0.0196769564759497, "construction": 0.0339025796628465, "nature": 0.2526030446968827, "sky": 0.4475784114762848, "object": 0.0036455790201822, "PI": 0.4113359236504776, "NI": 0.3154258739419755, "length": 887.8450064, "source": 239, "target": 253, "direction": "bi-directional"}, "geometry": {"type": "LineString", "coordinates": [[113.96334766711468, 22.54208418174682], [113.96642998327344, 22.54094772305118], [113.97135871516953, 22.53910036497453]]}}, {"type": "Feature", "properties": {"arc": 500, "wealthier": 0.3866076096930145, "beautiful": 0.3253827822714147, "livelier": 0.4286031856006051, "depressing": 0.6636736824064536, "safer": 0.33736351909198, "boring": 0.6257163072035841, "human": 0.0010617574055989, "vehicle": 0.0176215230682749, "construction": 0.1742985336868851, "nature": 0.0985188425323109, "sky": 0.4354341530505521, "object": 0.0056385935088734, "PI": 0.24879331787470557, "NI": 0.43299215286808446, "length": 701.9140915, "source": 505, "target": 489, "direction": "bi-directional"}, "geometry": {"type": "LineString", "coordinates": [[114.10631863732544, 22.54472797854067], [114.10182803453591, 22.543816124001157], [114.10079093524851, 22.543616976318837], [114.10031208168493, 22.54354531016848], [114.09963128961091, 22.54349397980151]]}}, {"type": "Feature", "properties": {"arc": 501, "wealthier": 0.4914137921755854, "beautiful": 0.4165201037014083, "livelier": 0.6224141985487249, "depressing": 0.529180710637893, "safer": 0.4274691239448532, "boring": 0.4153033405349334, "human": 0.0031384785970052, "vehicle": 0.0739671919080946, "construction": 0.1448348575168186, "nature": 0.2341319190131293, "sky": 0.3125693003336589, "object": 0.0074169582790798, "PI": 0.39749296350372126, "NI": 0.3803215160691907, "length": 382.3819461, "source": 505, "target": 506, "direction": "bi-directional"}, "geometry": {"type": "LineString", "coordinates": [[114.10631863732544, 22.54472797854067], [114.10664814962895, 22.5419399794882], [114.10667409255173, 22.541292135136654]]}}, {"type": "Feature", "properties": {"arc": 502, "wealthier": 0.295560197890529, "beautiful": 0.3097057837866539, "livelier": 0.3896175522537196, "depressing": 0.6817196824663854, "safer": 0.3035321381861471, "boring": 0.6477637047731057, "human": 0.0006806585523817, "vehicle": 0.021418465508355, "construction": 0.1493121253119574, "nature": 0.0854895379808213, "sky": 0.4734862115648057, "object": 0.0078427526685926, "PI": 0.20850655663066253, "NI": 0.4587507453992437, "length": 313.8482732, "source": 563, "target": 564, "direction": "bi-directional"}, "geometry": {"type": "LineString", "coordinates": [[114.1260034697272, 22.54510676289878], [114.12602561736955, 22.54345528890096], [114.12606466688663, 22.542273287783633]]}}, {"type": "Feature", "properties": {"arc": 503, "wealthier": 0.7117361003286278, "beautiful": 0.6775585863832817, "livelier": 0.8294410973465378, "depressing": 0.2307910052949589, "safer": 0.6804005441286172, "boring": 0.184700301649616, "human": 0.0040453708533084, "vehicle": 0.0335378357858368, "construction": 0.1817128152558298, "nature": 0.3778747789787523, "sky": 0.141000054099343, "object": 0.0064740036473129, "PI": 0.6158530131212158, "NI": 0.21482815106025813, "length": 411.9993668, "source": 552, "target": 555, "direction": "bi-directional"}, "geometry": {"type": "LineString", "coordinates": [[114.12404323509257, 22.545087875742457], [114.12407738032327, 22.544138440431585], [114.12408458905388, 22.543115979285847], [114.12411446483185, 22.542424726592778], [114.12414132759764, 22.542300112117005], [114.12419006666835, 22.542179932460918], [114.12445248236828, 22.541754384636548], [114.12459909348404, 22.54147555688004]]}}, {"type": "Feature", "properties": {"arc": 504, "wealthier": 0.3406097211093015, "beautiful": 0.3406872430554374, "livelier": 0.4455683780418949, "depressing": 0.6768651208772118, "safer": 0.320156743348778, "boring": 0.5261751240702637, "human": 0.0025122607195818, "vehicle": 0.014047622680664, "construction": 0.2018511030409071, "nature": 0.0759256857412832, "sky": 0.4269363262035228, "object": 0.0076914893256293, "PI": 0.25663453842370276, "NI": 0.43434448889625826, "length": 201.6461936, "source": 552, "target": 563, "direction": "bi-directional"}, "geometry": {"type": "LineString", "coordinates": [[114.12404323509257, 22.545087875742457], [114.1260034697272, 22.54510676289878]]}}, {"type": "Feature", "properties": {"arc": 505, "wealthier": 0.2703952016784646, "beautiful": 0.3245521295653272, "livelier": 0.6308171142191012, "depressing": 0.6844990742130913, "safer": 0.3078720994108802, "boring": 0.4035388905216519, "human": 0.004984180132548, "vehicle": 0.0373537937800089, "construction": 0.2757331530253092, "nature": 0.0671244064966837, "sky": 0.3576884667078654, "object": 0.0057372252146402, "PI": 0.3043778001854767, "NI": 0.42419672845033984, "length": 430.4486477, "source": 547, "target": 542, "direction": "bi-directional"}, "geometry": {"type": "LineString", "coordinates": [[114.1223067151028, 22.54506875635266], [114.12124746156559, 22.54332725841663], [114.12021095993875, 22.54170452607877]]}}, {"type": "Feature", "properties": {"arc": 506, "wealthier": 0.4801985110480249, "beautiful": 0.4177793912981474, "livelier": 0.6561669853914528, "depressing": 0.5661977758263717, "safer": 0.442562390388619, "boring": 0.335470030156233, "human": 0.0028315385182698, "vehicle": 0.037866989771525, "construction": 0.1452267169952392, "nature": 0.147384484608968, "sky": 0.4158110618591308, "object": 0.0056306521097819, "PI": 0.3793492738358126, "NI": 0.36424690835888823, "length": 178.6359895, "source": 547, "target": 552, "direction": "bi-directional"}, "geometry": {"type": "LineString", "coordinates": [[114.1223067151028, 22.54506875635266], [114.12404323509257, 22.545087875742457]]}}, {"type": "Feature", "properties": {"arc": 507, "wealthier": 0.6194629518917222, "beautiful": 0.5019902600799732, "livelier": 0.7274166340708297, "depressing": 0.3855544624052288, "safer": 0.544263200110142, "boring": 0.2805592982082174, "human": 0.0020086500379774, "vehicle": 0.0308877803661205, "construction": 0.1176532816003869, "nature": 0.3013998667399089, "sky": 0.2884990904066297, "object": 0.0088105731540256, "PI": 0.478868288482236, "NI": 0.29199964915584053, "length": 421.1688794, "source": 200, "target": 183, "direction": "bi-directional"}, "geometry": {"type": "LineString", "coordinates": [[113.94909021374272, 22.54189691506476], [113.94850194450169, 22.541882101980647], [113.94694780749604, 22.54180189825036], [113.94500034573726, 22.541722134578407]]}}, {"type": "Feature", "properties": {"arc": 509, "wealthier": 0.6080593992370623, "beautiful": 0.5029196337519177, "livelier": 0.7257038710071239, "depressing": 0.4088144686913457, "safer": 0.538872776253164, "boring": 0.2907680502471251, "human": 0.0015311096653793, "vehicle": 0.0219350294633345, "construction": 0.1242434472748727, "nature": 0.339006655143969, "sky": 0.2543401140155214, "object": 0.0095504124959309, "PI": 0.4791735829461902, "NI": 0.28867654261256476, "length": 677.219596, "source": 200, "target": 210, "direction": "bi-directional"}, "geometry": {"type": "LineString", "coordinates": [[113.94909021374272, 22.54189691506476], [113.95109867255928, 22.54194683987766], [113.95135899458272, 22.541930923425024], [113.95152779753886, 22.541866609397935], [113.95167168721784, 22.541755417759184], [113.95189639748122, 22.541488482786775], [113.95207006695314, 22.54122549741894], [113.95211640280952, 22.541100349911655], [113.95213106115283, 22.540968086236827], [113.95210948307422, 22.54083387526781], [113.9520546992606, 22.54069487108428], [113.95074248018543, 22.5385499463977]]}}, {"type": "Feature", "properties": {"arc": 511, "wealthier": 0.2823036666033233, "beautiful": 0.3020711756300114, "livelier": 0.5398727909393874, "depressing": 0.6771486258539012, "safer": 0.314553285639997, "boring": 0.4332722026763932, "human": 0.001555675930447, "vehicle": 0.0356908586290147, "construction": 0.1985134124755859, "nature": 0.0662192026774088, "sky": 0.4485527038574218, "object": 0.0094307369656032, "PI": 0.2421641153093835, "NI": 0.44940551948364665, "length": 384.654363, "source": 568, "target": 563, "direction": "bi-directional"}, "geometry": {"type": "LineString", "coordinates": [[114.12968331015546, 22.545724735837894], [114.1260034697272, 22.54510676289878]]}}, {"type": "Feature", "properties": {"arc": 512, "wealthier": 0.5560665843384237, "beautiful": 0.4930216237300843, "livelier": 0.6588553211515281, "depressing": 0.4394003295558141, "safer": 0.5179757955172362, "boring": 0.3733931295804965, "human": 0.0017803737095424, "vehicle": 0.0172578720819382, "construction": 0.1792963118780226, "nature": 0.1898827325730097, "sky": 0.3331161680675688, "object": 0.0085322970435732, "PI": 0.4174624859558187, "NI": 0.3386579923003348, "length": 168.757742, "source": 568, "target": 569, "direction": "bi-directional"}, "geometry": {"type": "LineString", "coordinates": [[114.12968331015546, 22.545724735837894], [114.12969492988483, 22.544200832858397]]}}, {"type": "Feature", "properties": {"arc": 513, "wealthier": 0.3123166131055153, "beautiful": 0.2833043420018389, "livelier": 0.4176574501177065, "depressing": 0.7119291039004723, "safer": 0.2824561926742971, "boring": 0.6337986198373412, "human": 0.0011909979361074, "vehicle": 0.032234580428512, "construction": 0.2303279947351525, "nature": 0.0925076449358904, "sky": 0.3933917857982494, "object": 0.0045672522650824, "PI": 0.21654369193432052, "NI": 0.45392158220573336, "length": 462.5224903, "source": 513, "target": 505, "direction": "bi-directional"}, "geometry": {"type": "LineString", "coordinates": [[114.11074984343892, 22.545437157138387], [114.10631863732544, 22.54472797854067]]}}, {"type": "Feature", "properties": {"arc": 514, "wealthier": 0.5424740418071581, "beautiful": 0.4301804600005684, "livelier": 0.599028793171121, "depressing": 0.5166722971325098, "safer": 0.4786359105036621, "boring": 0.4475189021037196, "human": 0.0018024020724826, "vehicle": 0.0188246409098307, "construction": 0.1450489891899956, "nature": 0.1473638746473524, "sky": 0.4140648312038845, "object": 0.004808595445421, "PI": 0.37459458394923906, "NI": 0.3554339232206274, "length": 391.3766585, "source": 513, "target": 514, "direction": "bi-directional"}, "geometry": {"type": "LineString", "coordinates": [[114.11074984343892, 22.545437157138387], [114.11138965664618, 22.541953217661444]]}}, {"type": "Feature", "properties": {"arc": 515, "wealthier": 0.31334248475212, "beautiful": 0.3212158536222734, "livelier": 0.5926376905505044, "depressing": 0.7353276831656804, "safer": 0.2878717493292205, "boring": 0.3304982246965094, "human": 0.0013788396661931, "vehicle": 0.0485669338341915, "construction": 0.1840104767770478, "nature": 0.0736481637665719, "sky": 0.43482578161991, "object": 0.007587143869111, "PI": 0.2564403199799718, "NI": 0.4316547472038845, "length": 272.0348504, "source": 298, "target": 302, "direction": "bi-directional"}, "geometry": {"type": "LineString", "coordinates": [[114.01225927049111, 22.54296338840516], [114.01477769392773, 22.543713135570194]]}}, {"type": "Feature", "properties": {"arc": 516, "wealthier": 0.3059314628475509, "beautiful": 0.2884756151148198, "livelier": 0.5607104710451811, "depressing": 0.7727366024630408, "safer": 0.2869853456251376, "boring": 0.3784586406769519, "human": 0.0007975029222892, "vehicle": 0.0088585362289891, "construction": 0.1241356242786754, "nature": 0.1320162108450225, "sky": 0.4610478372284861, "object": 0.0067175084894353, "PI": 0.24995135747151134, "NI": 0.4003149838938294, "length": 257.3974024, "source": 306, "target": 302, "direction": "bi-directional"}, "geometry": {"type": "LineString", "coordinates": [[114.01723735020957, 22.54414049689958], [114.01477769392773, 22.543713135570194]]}}, {"type": "Feature", "properties": {"arc": 517, "wealthier": 0.3957512899739657, "beautiful": 0.3822063341590753, "livelier": 0.551995945510466, "depressing": 0.6104044680244016, "safer": 0.3922360643968853, "boring": 0.498151998426587, "human": 0.0020181262303912, "vehicle": 0.0124203515431237, "construction": 0.1315880730038597, "nature": 0.2161686004154266, "sky": 0.3812171693832155, "object": 0.0073658473907955, "PI": 0.33599354669053777, "NI": 0.3788261021997998, "length": 627.2956915, "source": 306, "target": 307, "direction": "bi-directional"}, "geometry": {"type": "LineString", "coordinates": [[114.01723735020957, 22.54414049689958], [114.01735066122755, 22.54364424534742], [114.0176621109945, 22.542016334084582], [114.01863487201913, 22.538630860244776]]}}, {"type": "Feature", "properties": {"arc": 518, "wealthier": 0.4468830630787032, "beautiful": 0.3862105489471724, "livelier": 0.4764034509648219, "depressing": 0.613120970738957, "safer": 0.4059502241759207, "boring": 0.5847452065556412, "human": 0.0011464578134042, "vehicle": 0.0287687513563368, "construction": 0.1204722369158709, "nature": 0.1283030333342375, "sky": 0.4569976947925709, "object": 0.0042203267415364, "PI": 0.30028116040412534, "NI": 0.4046692741738059, "length": 234.2479181, "source": 472, "target": 473, "direction": "bi-directional"}, "geometry": {"type": "LineString", "coordinates": [[114.09122791516609, 22.545499664004772], [114.09125492754316, 22.54458746760546], [114.09124493595911, 22.54338470439381]]}}, {"type": "Feature", "properties": {"arc": 519, "wealthier": 0.4494592095735444, "beautiful": 0.3269961647252767, "livelier": 0.5705880250932187, "depressing": 0.6843709376452255, "safer": 0.3967136936140105, "boring": 0.486449507786008, "human": 0.0011752201960637, "vehicle": 0.0393440540020282, "construction": 0.2919727227626703, "nature": 0.0505015055338541, "sky": 0.3688279176369691, "object": 0.0043242038824619, "PI": 0.2873365279994887, "NI": 0.439929937099357, "length": 312.6103413, "source": 513, "target": 521, "direction": "bi-directional"}, "geometry": {"type": "LineString", "coordinates": [[114.11074984343892, 22.545437157138387], [114.11374255420841, 22.54592856901701]]}}, {"type": "Feature", "properties": {"arc": 520, "wealthier": 0.4556654617704195, "beautiful": 0.4076924304842094, "livelier": 0.6198046148476567, "depressing": 0.5449737634568229, "safer": 0.4539076036379219, "boring": 0.4311625441661625, "human": 0.0035670598347981, "vehicle": 0.0188496907552083, "construction": 0.1983679362705775, "nature": 0.1923177809942336, "sky": 0.312587647210984, "object": 0.0089961006527855, "PI": 0.3886133863783057, "NI": 0.3725000147925053, "length": 389.0140093, "source": 521, "target": 519, "direction": "bi-directional"}, "geometry": {"type": "LineString", "coordinates": [[114.11374255420841, 22.54592856901701], [114.1136230662757, 22.54241739047764]]}}, {"type": "Feature", "properties": {"arc": 521, "wealthier": 0.3602104296674185, "beautiful": 0.375476935281763, "livelier": 0.4722752890689873, "depressing": 0.6090419049612865, "safer": 0.3616746005202609, "boring": 0.4922608923892471, "human": 0.0004180625632957, "vehicle": 0.0203231528953269, "construction": 0.0380471194231951, "nature": 0.2052968696311668, "sky": 0.4588745258472583, "object": 0.0060016137582284, "PI": 0.28481663642191635, "NI": 0.3661635972169237, "length": 585.0452597, "source": 277, "target": 278, "direction": "bi-directional"}, "geometry": {"type": "LineString", "coordinates": [[113.99145950345631, 22.54374857917331], [113.99225502860946, 22.53851735092903]]}}, {"type": "Feature", "properties": {"arc": 522, "wealthier": 0.4944260148401661, "beautiful": 0.5179071944979389, "livelier": 0.4217202459461543, "depressing": 0.4909549192690252, "safer": 0.4871123180679536, "boring": 0.5114332002379388, "human": 0.0004732536547111, "vehicle": 0.0293853644168738, "construction": 0.0763476978648792, "nature": 0.2367576252330432, "sky": 0.386134234341708, "object": 0.0037259766549775, "PI": 0.3550781153394169, "NI": 0.33321678410555977, "length": 251.8361546, "source": 441, "target": 443, "direction": "bi-directional"}, "geometry": {"type": "LineString", "coordinates": [[114.07618427320301, 22.545388836126524], [114.07618201946242, 22.54454766149002], [114.07620673059965, 22.543591885084926], [114.07624145329628, 22.54311603777702]]}}, {"type": "Feature", "properties": {"arc": 523, "wealthier": 0.7885260949533093, "beautiful": 0.6410690324223433, "livelier": 0.7330287637417029, "depressing": 0.3064097494956598, "safer": 0.7141700146925376, "boring": 0.2782717058105942, "human": 0.0001670519510904, "vehicle": 0.0107737268720354, "construction": 0.0703138169788178, "nature": 0.3578878130231586, "sky": 0.3167531603858584, "object": 0.0026021457853771, "PI": 0.5554814557908087, "NI": 0.2171357800144882, "length": 724.0152404, "source": 135, "target": 164, "direction": "bi-directional"}, "geometry": {"type": "LineString", "coordinates": [[113.93362528621417, 22.542566725375753], [113.93404234478868, 22.54257971079122], [113.94065584010151, 22.54287695464591]]}}, {"type": "Feature", "properties": {"arc": 524, "wealthier": 0.5751358707832347, "beautiful": 0.3711688046107849, "livelier": 0.58472313557007, "depressing": 0.6050476846464142, "safer": 0.4100976806685507, "boring": 0.4908805648940767, "human": 0.0006799697875976, "vehicle": 0.0483247439066569, "construction": 0.2704442342122395, "nature": 0.1169216632843017, "sky": 0.349799394607544, "object": 0.0067609151204427, "PI": 0.33289645185122546, "NI": 0.43550441172236803, "length": 155.1712847, "source": 164, "target": 165, "direction": "bi-directional"}, "geometry": {"type": "LineString", "coordinates": [[113.94065584010151, 22.54287695464591], [113.94069336338673, 22.542056555292508], [113.940701903562, 22.54147649775083]]}}, {"type": "Feature", "properties": {"arc": 525, "wealthier": 0.7383637712553548, "beautiful": 0.7126635170804128, "livelier": 0.6024772745127267, "depressing": 0.2846326874055239, "safer": 0.7036316437112817, "boring": 0.335133156063463, "human": 0.0005975781065044, "vehicle": 0.0221736985023575, "construction": 0.0758487431689946, "nature": 0.3277815809153548, "sky": 0.3338324228922525, "object": 0.0035941384055397, "PI": 0.530733472543647, "NI": 0.24407180998498212, "length": 954.6337393, "source": 226, "target": 225, "direction": "bi-directional"}, "geometry": {"type": "LineString", "coordinates": [[113.959758363369, 22.543260310153926], [113.9591028175965, 22.538996327846057], [113.9590514435154, 22.53855953592237], [113.95906395455341, 22.538036909302264], [113.959257553937, 22.53469044885995]]}}, {"type": "Feature", "properties": {"arc": 526, "wealthier": 0.626539509018776, "beautiful": 0.5519378975565671, "livelier": 0.5841353378871815, "depressing": 0.3865490274824752, "safer": 0.5802075182098859, "boring": 0.4503868309840043, "human": 0.0006379520191865, "vehicle": 0.0323055117738013, "construction": 0.0380104289335363, "nature": 0.2462866166058708, "sky": 0.4288495381673177, "object": 0.0040757422353707, "PI": 0.43657851632965655, "NI": 0.3071527458332006, "length": 392.2209683, "source": 226, "target": 239, "direction": "bi-directional"}, "geometry": {"type": "LineString", "coordinates": [[113.959758363369, 22.543260310153926], [113.96066249681164, 22.543051701849798], [113.96127621120164, 22.542863376523655], [113.96219036058376, 22.54253391340251], [113.96334766711468, 22.54208418174682]]}}, {"type": "Feature", "properties": {"arc": 527, "wealthier": 0.655568658650127, "beautiful": 0.5555084788628765, "livelier": 0.6201095761097337, "depressing": 0.3972803214800649, "safer": 0.589085539713371, "boring": 0.3501874404783209, "human": 7.842568790211398e-05, "vehicle": 0.0071436938117532, "construction": 0.0971627702900008, "nature": 0.3049689648198146, "sky": 0.3573067982991536, "object": 0.0022563186346315, "PI": 0.45846114618718886, "NI": 0.26138656685565803, "length": 442.2479974, "source": 182, "target": 164, "direction": "bi-directional"}, "geometry": {"type": "LineString", "coordinates": [[113.94495075485669, 22.543057865607658], [113.94065584010151, 22.54287695464591]]}}, {"type": "Feature", "properties": {"arc": 528, "wealthier": 0.678025926844976, "beautiful": 0.4892820207498808, "livelier": 0.5258972473034905, "depressing": 0.4374651975064174, "safer": 0.5031724214794988, "boring": 0.4314502844721873, "human": 0.0008025699191623, "vehicle": 0.0052611033121744, "construction": 0.2457733154296875, "nature": 0.2244241502549913, "sky": 0.3125519222683377, "object": 0.0054998397827148, "PI": 0.4058729080135644, "NI": 0.3370983795035301, "length": 148.0036687, "source": 182, "target": 183, "direction": "bi-directional"}, "geometry": {"type": "LineString", "coordinates": [[113.94495075485669, 22.543057865607658], [113.94500034573726, 22.541722134578407]]}}, {"type": "Feature", "properties": {"arc": 529, "wealthier": 0.56181561007521, "beautiful": 0.4548149682298821, "livelier": 0.4756455252409864, "depressing": 0.4958647673030731, "safer": 0.4847801233291088, "boring": 0.5365508280752341, "human": 0.0001350936069283, "vehicle": 0.0371959235078544, "construction": 0.100621848978022, "nature": 0.2181315063148417, "sky": 0.4266301226872269, "object": 0.0023826886248844, "PI": 0.3562375252240106, "NI": 0.3550917678730126, "length": 807.4147857, "source": 104, "target": 103, "direction": "bi-directional"}, "geometry": {"type": "LineString", "coordinates": [[113.92703727680991, 22.542755920092958], [113.92701935243274, 22.542131472213594], [113.92715226238921, 22.536735995369035], [113.9271308716002, 22.53627540503411], [113.92703115571747, 22.535472063655607]]}}, {"type": "Feature", "properties": {"arc": 530, "wealthier": 0.8086924443252527, "beautiful": 0.6315229949159468, "livelier": 0.7717374408675548, "depressing": 0.3045210353016213, "safer": 0.7385021796927074, "boring": 0.2611930574463582, "human": 0.0001456431853465, "vehicle": 0.0072556031055939, "construction": 0.0662116026267027, "nature": 0.3349734330788637, "sky": 0.3367429879995492, "object": 0.002788103543795, "PI": 0.562942284526169, "NI": 0.21652452001040193, "length": 678.2896089, "source": 104, "target": 135, "direction": "bi-directional"}, "geometry": {"type": "LineString", "coordinates": [[113.92703727680991, 22.542755920092958], [113.93119493058593, 22.542565807232894], [113.93200090551818, 22.54254061342012], [113.93274144788484, 22.54253920465256], [113.93362528621417, 22.542566725375753]]}}, {"type": "Feature", "properties": {"arc": 531, "wealthier": 0.4063005794971212, "beautiful": 0.3290671292572428, "livelier": 0.7058320490600981, "depressing": 0.6142728785766964, "safer": 0.3891740733296104, "boring": 0.3664700575856029, "human": 0.0071060899375141, "vehicle": 0.031458122142847, "construction": 0.3557883000028307, "nature": 0.0664507548014322, "sky": 0.2945379174273947, "object": 0.0074148730955262, "PI": 0.38416555850533846, "NI": 0.41931439301351975, "length": 1553.269086, "source": 441, "target": 472, "direction": "bi-directional"}, "geometry": {"type": "LineString", "coordinates": [[114.07618427320301, 22.545388836126524], [114.07792988994844, 22.54538339730123], [114.07911474537764, 22.54540960489839], [114.07947941162446, 22.545442150652736], [114.08050275892882, 22.545615624353363], [114.08262114381566, 22.545637782193058], [114.08370065498733, 22.545722032953563], [114.08397077900985, 22.545704746526024], [114.08441974078642, 22.545622159953318], [114.08510670173901, 22.545606487950742], [114.0853521619198, 22.545588424600613], [114.08625215486542, 22.545450301902], [114.08676607435362, 22.545409029129587], [114.0880100083589, 22.545410603494197], [114.08865318214795, 22.545364579119436], [114.08933606733157, 22.545360331088908], [114.08961975796298, 22.54537720160822], [114.09023910247573, 22.54545360324526], [114.09082857240318, 22.54547016633522], [114.09122791516609, 22.545499664004772]]}}, {"type": "Feature", "properties": {"arc": 533, "wealthier": 0.6106276638210272, "beautiful": 0.502059228980793, "livelier": 0.5657884850990059, "depressing": 0.4499384790758699, "safer": 0.540421050017229, "boring": 0.4902033794919009, "human": 0.0003364158399177, "vehicle": 0.0238176114631421, "construction": 0.0698993856256658, "nature": 0.2534318981748639, "sky": 0.4218929753159031, "object": 0.0035657882690429, "PI": 0.4120669759179347, "NI": 0.32474281754932083, "length": 567.5793359, "source": 218, "target": 226, "direction": "bi-directional"}, "geometry": {"type": "LineString", "coordinates": [[113.95424935628246, 22.543338183999026], [113.95813306197783, 22.543405459290756], [113.95905997948496, 22.543342795281887], [113.959758363369, 22.543260310153926]]}}, {"type": "Feature", "properties": {"arc": 534, "wealthier": 0.6910904833450089, "beautiful": 0.5515330389535393, "livelier": 0.6642099161710047, "depressing": 0.4051417581416506, "safer": 0.6119279738887422, "boring": 0.3298927643125633, "human": 0.0003688953540943, "vehicle": 0.0098565066302264, "construction": 0.1018960740831163, "nature": 0.2825941156457972, "sky": 0.3544904214364511, "object": 0.0029630661010742, "PI": 0.47450414015019654, "NI": 0.26629560664873403, "length": 431.6673539, "source": 182, "target": 202, "direction": "bi-directional"}, "geometry": {"type": "LineString", "coordinates": [[113.94495075485669, 22.543057865607658], [113.94824259014337, 22.543207525523], [113.94914125164786, 22.54326375739218]]}}, {"type": "Feature", "properties": {"arc": 535, "wealthier": 0.4072064525272498, "beautiful": 0.3104355081547337, "livelier": 0.5483854875824595, "depressing": 0.634652768339169, "safer": 0.3384294196673276, "boring": 0.5452031360237423, "human": 0.0035669803619384, "vehicle": 0.0166576703389485, "construction": 0.1541056632995605, "nature": 0.1307098070780436, "sky": 0.4017580350240071, "object": 0.0123453934987386, "PI": 0.3128217066481534, "NI": 0.43787353955295366, "length": 151.9295672, "source": 202, "target": 200, "direction": "bi-directional"}, "geometry": {"type": "LineString", "coordinates": [[113.94914125164786, 22.54326375739218], [113.94908765323905, 22.542959363688166], [113.94906676331534, 22.542725567576657], [113.94909021374272, 22.54189691506476]]}}, {"type": "Feature", "properties": {"arc": 536, "wealthier": 0.5738020736785798, "beautiful": 0.5011287804335672, "livelier": 0.5408103825362818, "depressing": 0.4880256244910646, "safer": 0.5085743243352943, "boring": 0.4986753160549168, "human": 0.0007676321362692, "vehicle": 0.0198118119012741, "construction": 0.1059119209410652, "nature": 0.2226456233433314, "sky": 0.3974139501178075, "object": 0.0033915686228918, "PI": 0.3928630653737937, "NI": 0.33406219663504505, "length": 525.5356132, "source": 202, "target": 218, "direction": "bi-directional"}, "geometry": {"type": "LineString", "coordinates": [[113.94914125164786, 22.54326375739218], [113.95010171566491, 22.543260357404662], [113.9529953431397, 22.543324627878917], [113.95424935628246, 22.543338183999026]]}}, {"type": "Feature", "properties": {"arc": 537, "wealthier": 0.347880270477919, "beautiful": 0.2612538983332079, "livelier": 0.5666404364309193, "depressing": 0.6773248362631911, "safer": 0.300800665028422, "boring": 0.4658515664156692, "human": 0.0002718123178633, "vehicle": 0.051251971532428, "construction": 0.1785400935581752, "nature": 0.0451752496144128, "sky": 0.4737492818681019, "object": 0.0051697625054253, "PI": 0.2273443550741657, "NI": 0.44111660870249486, "length": 539.5401754, "source": 585, "target": 569, "direction": "bi-directional"}, "geometry": {"type": "LineString", "coordinates": [[114.13416542796773, 22.546741090697257], [114.13355972733038, 22.54631946695217], [114.1331495339065, 22.546067675470088], [114.12969492988483, 22.544200832858397]]}}, {"type": "Feature", "properties": {"arc": 539, "wealthier": 0.3682697432095111, "beautiful": 0.3030097060768488, "livelier": 0.4963689663075207, "depressing": 0.6982901440204256, "safer": 0.3115868625890515, "boring": 0.6231931048392825, "human": 0.0016082582019624, "vehicle": 0.0344780967349097, "construction": 0.2555285408383324, "nature": 0.0928572700137183, "sky": 0.3503440221150716, "object": 0.0047316324143182, "PI": 0.2556721519180392, "NI": 0.448516625682907, "length": 358.9549375, "source": 532, "target": 521, "direction": "bi-directional"}, "geometry": {"type": "LineString", "coordinates": [[114.11718056910131, 22.546484249383283], [114.11374255420841, 22.54592856901701]]}}, {"type": "Feature", "properties": {"arc": 540, "wealthier": 0.3732668507020315, "beautiful": 0.3440001931648917, "livelier": 0.5876473331467846, "depressing": 0.6079148010046181, "safer": 0.3806775356731817, "boring": 0.4835738496661991, "human": 0.0048682349068777, "vehicle": 0.0591092336745489, "construction": 0.2254847117832728, "nature": 0.1137527284168061, "sky": 0.3613372530255999, "object": 0.0032065255301339, "PI": 0.34027906355095494, "NI": 0.4096409919765825, "length": 328.4837949, "source": 532, "target": 536, "direction": "bi-directional"}, "geometry": {"type": "LineString", "coordinates": [[114.11718056910131, 22.546484249383283], [114.11729950929733, 22.545671396814587], [114.11740510081832, 22.54513393496817], [114.11748569681784, 22.544821617641716], [114.1176445107171, 22.54438078054091], [114.11801078489309, 22.543641703676347]]}}, {"type": "Feature", "properties": {"arc": 541, "wealthier": 0.4283607334044313, "beautiful": 0.3690042928989564, "livelier": 0.6392623308223984, "depressing": 0.5261294733296276, "safer": 0.4307541786689605, "boring": 0.3882554528859844, "human": 0.0035603841145833, "vehicle": 0.0652243296305338, "construction": 0.1635409196217855, "nature": 0.1660727659861247, "sky": 0.3686580657958984, "object": 0.0109229882558186, "PI": 0.36979380559804204, "NI": 0.4114582797924533, "length": 182.3092198, "source": 504, "target": 505, "direction": "bi-directional"}, "geometry": {"type": "LineString", "coordinates": [[114.10613389649814, 22.54636505334457], [114.10618760429672, 22.545750327937398], [114.10631863732544, 22.54472797854067]]}}, {"type": "Feature", "properties": {"arc": 543, "wealthier": 0.6256467920296745, "beautiful": 0.5515064422398548, "livelier": 0.5515118802270701, "depressing": 0.3957917583114354, "safer": 0.5780516694160905, "boring": 0.4052346583624449, "human": 4.91672092013889e-05, "vehicle": 0.0105680536340784, "construction": 0.0679227334481698, "nature": 0.2421701219346788, "sky": 0.4101506692391855, "object": 0.0017026265462239, "PI": 0.42114843574508437, "NI": 0.27503365768926236, "length": 479.9572262, "source": 90, "target": 104, "direction": "bi-directional"}, "geometry": {"type": "LineString", "coordinates": [[113.92237766497719, 22.542981154684604], [113.92703727680991, 22.542755920092958]]}}, {"type": "Feature", "properties": {"arc": 544, "wealthier": 0.3885848405285926, "beautiful": 0.3299198883158875, "livelier": 0.4203129514858313, "depressing": 0.6898562912474827, "safer": 0.3218843381269367, "boring": 0.6597466135680238, "human": 0.00077486038208, "vehicle": 0.0220126575893826, "construction": 0.2135301166110569, "nature": 0.1130896144443088, "sky": 0.3890940348307292, "object": 0.0037793583340115, "PI": 0.24572377986001337, "NI": 0.43555749904475016, "length": 302.9874041, "source": 403, "target": 404, "direction": "bi-directional"}, "geometry": {"type": "LineString", "coordinates": [[114.05797717540591, 22.545588839956057], [114.05802065155254, 22.54285305594574]]}}, {"type": "Feature", "properties": {"arc": 545, "wealthier": 0.4565805672953596, "beautiful": 0.3623627354836443, "livelier": 0.5387989146459915, "depressing": 0.6204016063350781, "safer": 0.3944764525108309, "boring": 0.4951340060991636, "human": 0.0002789413719846, "vehicle": 0.0086100059643126, "construction": 0.115617551301655, "nature": 0.1538055821468955, "sky": 0.4248314907676294, "object": 0.0037952891567297, "PI": 0.3031277444359498, "NI": 0.3624327181475297, "length": 491.967973, "source": 306, "target": 311, "direction": "bi-directional"}, "geometry": {"type": "LineString", "coordinates": [[114.01723735020957, 22.54414049689958], [114.02194359120148, 22.544931891348856]]}}, {"type": "Feature", "properties": {"arc": 546, "wealthier": 0.5203489044557531, "beautiful": 0.3728413591595325, "livelier": 0.4740739940606148, "depressing": 0.6193739250884605, "safer": 0.4197248611370269, "boring": 0.5811467514286075, "human": 0.0002357372339221, "vehicle": 0.0200150254843891, "construction": 0.2223175712253736, "nature": 0.0256053813989611, "sky": 0.3991907921390257, "object": 0.0077644016431725, "PI": 0.2752960435335801, "NI": 0.43735766044141294, "length": 625.737419, "source": 311, "target": 312, "direction": "bi-directional"}, "geometry": {"type": "LineString", "coordinates": [[114.02194359120148, 22.544931891348856], [114.02340961407465, 22.539447813583152]]}}, {"type": "Feature", "properties": {"arc": 547, "wealthier": 0.3106279841886741, "beautiful": 0.2846152520004426, "livelier": 0.4610069846201053, "depressing": 0.6949045711533648, "safer": 0.2846588999409593, "boring": 0.623134786039084, "human": 0.0010926352606879, "vehicle": 0.0388596004909939, "construction": 0.1666474236382378, "nature": 0.0933446248372395, "sky": 0.4582840813530816, "object": 0.0073929044935438, "PI": 0.22428134479136008, "NI": 0.4682905104695956, "length": 868.5106913, "source": 77, "target": 82, "direction": "bi-directional"}, "geometry": {"type": "LineString", "coordinates": [[113.91907986133158, 22.54314415024019], [113.91985546889632, 22.537292901512167], [113.91990502703752, 22.53671016348874], [113.91998208161003, 22.535349077284]]}}, {"type": "Feature", "properties": {"arc": 548, "wealthier": 0.8246849452716845, "beautiful": 0.6147464439522654, "livelier": 0.7648398740036856, "depressing": 0.3289541315131634, "safer": 0.7000991263455518, "boring": 0.2448300581037345, "human": 0.0002557314359224, "vehicle": 0.0318778111384465, "construction": 0.0873101552327473, "nature": 0.2526602622790214, "sky": 0.3568694774921124, "object": 0.0033987485445462, "PI": 0.5354251970352165, "NI": 0.25223877377684895, "length": 339.7063573, "source": 77, "target": 90, "direction": "bi-directional"}, "geometry": {"type": "LineString", "coordinates": [[113.91907986133158, 22.54314415024019], [113.92237766497719, 22.542981154684604]]}}, {"type": "Feature", "properties": {"arc": 549, "wealthier": 0.6434616465478823, "beautiful": 0.4950222704282041, "livelier": 0.7810852043851398, "depressing": 0.4220638497194767, "safer": 0.5585912031802757, "boring": 0.2661309029197445, "human": 0.0036380688349405, "vehicle": 0.0427017609278361, "construction": 0.1314382155736287, "nature": 0.2797932624816894, "sky": 0.2981426318486531, "object": 0.0048079093297322, "PI": 0.5098512144637383, "NI": 0.2875132985004975, "length": 492.2929104, "source": 67, "target": 65, "direction": "bi-directional"}, "geometry": {"type": "LineString", "coordinates": [[113.91555168052278, 22.543295810304926], [113.9147515891724, 22.53891279782764]]}}, {"type": "Feature", "properties": {"arc": 550, "wealthier": 0.6365681245642951, "beautiful": 0.5071173776786753, "livelier": 0.6668954755299099, "depressing": 0.4004110915230107, "safer": 0.6079533559930811, "boring": 0.3246399638433389, "human": 0.0003900739881727, "vehicle": 0.0314559936523437, "construction": 0.0840212927924262, "nature": 0.1882626003689236, "sky": 0.4290638393825954, "object": 0.0053867763943142, "PI": 0.43321878871672864, "NI": 0.30987759114734315, "length": 363.3178767, "source": 67, "target": 77, "direction": "bi-directional"}, "geometry": {"type": "LineString", "coordinates": [[113.91555168052278, 22.543295810304926], [113.91693462263984, 22.54324544134971], [113.91907986133158, 22.54314415024019]]}}, {"type": "Feature", "properties": {"arc": 551, "wealthier": 0.6300768220306365, "beautiful": 0.479481559023965, "livelier": 0.8705703928711129, "depressing": 0.3622970162350838, "safer": 0.5998024306378607, "boring": 0.1904493719042942, "human": 0.0049868689643012, "vehicle": 0.0488255818684895, "construction": 0.1314637925889757, "nature": 0.309096442328559, "sky": 0.2397650259512442, "object": 0.0033432995831524, "PI": 0.5535317207788094, "NI": 0.24284451498687296, "length": 201.0357754, "source": 510, "target": 504, "direction": "bi-directional"}, "geometry": {"type": "LineString", "coordinates": [[114.10797611095161, 22.54697076365623], [114.10723179683731, 22.546712228702308], [114.10613389649814, 22.54636505334457]]}}, {"type": "Feature", "properties": {"arc": 552, "wealthier": 0.3390052634322079, "beautiful": 0.3094699631107696, "livelier": 0.4675544813986196, "depressing": 0.6623157002537421, "safer": 0.3365411721736044, "boring": 0.5881003059697052, "human": 0.0009185054845977, "vehicle": 0.027772635744329, "construction": 0.2542931071498938, "nature": 0.0563490683572334, "sky": 0.4039920003790604, "object": 0.0028004897268194, "PI": 0.23260914729612803, "NI": 0.43352410195841573, "length": 492.1452183, "source": 532, "target": 545, "direction": "bi-directional"}, "geometry": {"type": "LineString", "coordinates": [[114.11718056910131, 22.546484249383283], [114.12189442874468, 22.547245332629036]]}}, {"type": "Feature", "properties": {"arc": 554, "wealthier": 0.6765975385249897, "beautiful": 0.4579303781718732, "livelier": 0.6565789646794159, "depressing": 0.474866674017289, "safer": 0.562054820362278, "boring": 0.3777072378281914, "human": 0.0013075669606526, "vehicle": 0.0390814940134684, "construction": 0.0875942707061767, "nature": 0.1737996737162272, "sky": 0.423595666885376, "object": 0.005076249440511, "PI": 0.42908774258949256, "NI": 0.3360849685013316, "length": 193.76207, "source": 471, "target": 472, "direction": "bi-directional"}, "geometry": {"type": "LineString", "coordinates": [[114.09118207850283, 22.547248489164133], [114.09122878984797, 22.546218022144767], [114.09122791516609, 22.545499664004772]]}}, {"type": "Feature", "properties": {"arc": 556, "wealthier": 0.3503203823005101, "beautiful": 0.3393574959042583, "livelier": 0.4602807476754145, "depressing": 0.6539557401424031, "safer": 0.3251868044590181, "boring": 0.5670548817530618, "human": 0.0021029079661649, "vehicle": 0.0342427422018612, "construction": 0.1751124438117532, "nature": 0.1138242833754595, "sky": 0.4093424105176739, "object": 0.0045368718165977, "PI": 0.2661280189968112, "NI": 0.4194704326650132, "length": 421.8195133, "source": 562, "target": 545, "direction": "bi-directional"}, "geometry": {"type": "LineString", "coordinates": [[114.12593058773489, 22.547918056635893], [114.12303318430284, 22.54745425386722], [114.12189442874468, 22.547245332629036]]}}, {"type": "Feature", "properties": {"arc": 557, "wealthier": 0.2869739704387352, "beautiful": 0.3213672348367072, "livelier": 0.3350912451670432, "depressing": 0.6855087892614369, "safer": 0.2772706446548871, "boring": 0.6702262679762893, "human": 0.002112070719401, "vehicle": 0.0266323089599609, "construction": 0.1398601002163357, "nature": 0.0898925463358561, "sky": 0.4625777668423123, "object": 0.0089370939466688, "PI": 0.21322538809339822, "NI": 0.467807797186599, "length": 311.4320378, "source": 562, "target": 563, "direction": "bi-directional"}, "geometry": {"type": "LineString", "coordinates": [[114.12593058773489, 22.547918056635893], [114.12597201281564, 22.547018054835487], [114.1260034697272, 22.54510676289878]]}}, {"type": "Feature", "properties": {"arc": 558, "wealthier": 0.5024046549692694, "beautiful": 0.465586901529313, "livelier": 0.4005887819193356, "depressing": 0.504569783977906, "safer": 0.4620007378681569, "boring": 0.5138055155947125, "human": 0.000770092010498, "vehicle": 0.03371262550354, "construction": 0.0683106581370035, "nature": 0.2311023871103922, "sky": 0.4030145804087321, "object": 0.0039309660593668, "PI": 0.34061796802690153, "NI": 0.3425804976785405, "length": 180.7804575, "source": 440, "target": 441, "direction": "bi-directional"}, "geometry": {"type": "LineString", "coordinates": [[114.07615210965277, 22.547021072987544], [114.07618427320301, 22.545388836126524]]}}, {"type": "Feature", "properties": {"arc": 560, "wealthier": 0.4823804046893133, "beautiful": 0.3165875675639344, "livelier": 0.6724596502413602, "depressing": 0.6169569738436324, "safer": 0.4139904578819001, "boring": 0.3990109433212727, "human": 0.0034909103855942, "vehicle": 0.035369873046875, "construction": 0.2080232446843927, "nature": 0.1316993019797585, "sky": 0.3437942736076586, "object": 0.0059998252175071, "PI": 0.3635392799498205, "NI": 0.3855289328897766, "length": 251.2835676, "source": 512, "target": 510, "direction": "bi-directional"}, "geometry": {"type": "LineString", "coordinates": [[114.11028260824379, 22.54771821881877], [114.10882193043484, 22.547234379124845], [114.10797611095161, 22.54697076365623]]}}, {"type": "Feature", "properties": {"arc": 561, "wealthier": 0.4436750360504269, "beautiful": 0.3423316218313588, "livelier": 0.6543869768243221, "depressing": 0.5759792113996555, "safer": 0.404869085297271, "boring": 0.3736593332282682, "human": 0.0020256620464902, "vehicle": 0.0180338657263553, "construction": 0.1550249619917436, "nature": 0.1484124154755563, "sky": 0.4131822875051787, "object": 0.00831210974491, "PI": 0.3421674471538398, "NI": 0.37696208636804956, "length": 257.241752, "source": 512, "target": 513, "direction": "bi-directional"}, "geometry": {"type": "LineString", "coordinates": [[114.11028260824379, 22.54771821881877], [114.11043599280508, 22.54712945546813], [114.11074984343892, 22.545437157138387]]}}, {"type": "Feature", "properties": {"arc": 562, "wealthier": 0.2406813665308835, "beautiful": 0.3004930160877367, "livelier": 0.2537765316219634, "depressing": 0.7150904295785417, "safer": 0.2383319149197116, "boring": 0.7601033406947315, "human": 0.0011222689759497, "vehicle": 0.0306958217246859, "construction": 0.1172193639418658, "nature": 0.0876749824075138, "sky": 0.496601890115177, "object": 0.0061109206255744, "PI": 0.1656639164641842, "NI": 0.47680529440858904, "length": 449.805303, "source": 488, "target": 489, "direction": "bi-directional"}, "geometry": {"type": "LineString", "coordinates": [[114.09954712339737, 22.54755506098758], [114.0995962729339, 22.544646714902203], [114.09963128961091, 22.54349397980151]]}}, {"type": "Feature", "properties": {"arc": 563, "wealthier": 0.2551141415308296, "beautiful": 0.2729695190117729, "livelier": 0.2497812376744388, "depressing": 0.7498104868579681, "safer": 0.2233636980757509, "boring": 0.7747628020226246, "human": 0.0002240339914957, "vehicle": 0.0217317475212944, "construction": 0.049612628089057, "nature": 0.1929716798994276, "sky": 0.4885288609398736, "object": 0.0038018226623535, "PI": 0.1747112582145398, "NI": 0.4409534823021278, "length": 624.0451051, "source": 282, "target": 277, "direction": "bi-directional"}, "geometry": {"type": "LineString", "coordinates": [[113.99706298518849, 22.545908100253623], [113.9961504955241, 22.545541425110198], [113.99145950345631, 22.54374857917331]]}}, {"type": "Feature", "properties": {"arc": 564, "wealthier": 0.4242963297779015, "beautiful": 0.3644551001713906, "livelier": 0.6323694613417, "depressing": 0.5485532337071937, "safer": 0.4108560027401296, "boring": 0.3548862990632296, "human": 0.0026310814751519, "vehicle": 0.0425210175690827, "construction": 0.2208259723804615, "nature": 0.1250810269956235, "sky": 0.3612851743344907, "object": 0.0060303299515335, "PI": 0.34146172053283347, "NI": 0.37973890805285543, "length": 198.5882196, "source": 530, "target": 532, "direction": "bi-directional"}, "geometry": {"type": "LineString", "coordinates": [[114.11677909443989, 22.54823711092908], [114.11690305914453, 22.547540023867153], [114.11718056910131, 22.546484249383283]]}}, {"type": "Feature", "properties": {"arc": 565, "wealthier": 0.3681896721926045, "beautiful": 0.3409743080471986, "livelier": 0.4128739522418688, "depressing": 0.6757259536399328, "safer": 0.3264466249264151, "boring": 0.6679713418731753, "human": 0.0016802379063197, "vehicle": 0.0309489568074544, "construction": 0.1575805573236374, "nature": 0.0715565000261579, "sky": 0.4584910983131046, "object": 0.00590637751988, "PI": 0.2446057593801431, "NI": 0.45495789037991147, "length": 384.6112735, "source": 562, "target": 567, "direction": "bi-directional"}, "geometry": {"type": "LineString", "coordinates": [[114.12593058773489, 22.547918056635893], [114.12842349910456, 22.548333186079464], [114.12961417971367, 22.54851405076684]]}}, {"type": "Feature", "properties": {"arc": 567, "wealthier": 0.5244687875440095, "beautiful": 0.4553081928380512, "livelier": 0.49996831954549, "depressing": 0.4708424869722687, "safer": 0.4991722338998555, "boring": 0.5026529214783256, "human": 0.0001033500388816, "vehicle": 0.0130730734931098, "construction": 0.0693946767736364, "nature": 0.2091825273301866, "sky": 0.4492819397537797, "object": 0.0047420572351526, "PI": 0.35439579528090936, "NI": 0.337395802533049, "length": 420.8251694, "source": 56, "target": 67, "direction": "bi-directional"}, "geometry": {"type": "LineString", "coordinates": [[113.91168314688088, 22.544524418577552], [113.91216311694066, 22.544415134207863], [113.91273607013372, 22.544247312688327], [113.91555168052278, 22.543295810304926]]}}, {"type": "Feature", "properties": {"arc": 568, "wealthier": 0.3886151317274123, "beautiful": 0.2982299502781766, "livelier": 0.4453524368913834, "depressing": 0.6426638740643627, "safer": 0.3212288278164168, "boring": 0.5575020563698818, "human": 0.0003691221538342, "vehicle": 0.0235773387708162, "construction": 0.0815605029725192, "nature": 0.1846918808786492, "sky": 0.4611724050421464, "object": 0.0055952239454838, "PI": 0.2573923368524382, "NI": 0.3983686821394083, "length": 549.3570545, "source": 48, "target": 51, "direction": "bi-directional"}, "geometry": {"type": "LineString", "coordinates": [[113.90979199355381, 22.544632281357675], [113.91025407176923, 22.53968999784014]]}}, {"type": "Feature", "properties": {"arc": 569, "wealthier": 0.4777158397894693, "beautiful": 0.4425216917177623, "livelier": 0.3069214897584028, "depressing": 0.5139076766729759, "safer": 0.4229729743729866, "boring": 0.7023141076216782, "human": 3.616015116373698e-05, "vehicle": 0.0173819065093994, "construction": 0.0597538948059081, "nature": 0.1429206530253092, "sky": 0.5269602139790853, "object": 0.0033100446065266, "PI": 0.275702330769905, "NI": 0.3930463821813787, "length": 195.2874809, "source": 48, "target": 56, "direction": "bi-directional"}, "geometry": {"type": "LineString", "coordinates": [[113.90979199355381, 22.544632281357675], [113.91051842053803, 22.544642134861682], [113.91099836158335, 22.54460789868512], [113.91168314688088, 22.544524418577552]]}}, {"type": "Feature", "properties": {"arc": 571, "wealthier": 0.4465116587858247, "beautiful": 0.4147617630369952, "livelier": 0.5139245927709709, "depressing": 0.5965914712660073, "safer": 0.4107090456895463, "boring": 0.5152688449052705, "human": 0.0005084496957284, "vehicle": 0.0380642149183485, "construction": 0.1717923835471824, "nature": 0.0990845009132667, "sky": 0.4286019360577618, "object": 0.0038447556672272, "PI": 0.2982827187690668, "NI": 0.402767920870794, "length": 510.9205872, "source": 421, "target": 422, "direction": "bi-directional"}, "geometry": {"type": "LineString", "coordinates": [[114.0627996942378, 22.547536641323823], [114.06288457309581, 22.54292352428138]]}}, {"type": "Feature", "properties": {"arc": 572, "wealthier": 0.5360350489058207, "beautiful": 0.3948580264415386, "livelier": 0.6703802779316501, "depressing": 0.5437348407587012, "safer": 0.4588709495828882, "boring": 0.3841316905549865, "human": 0.0018805335549747, "vehicle": 0.0194212969611672, "construction": 0.1440175374348958, "nature": 0.2560236313763786, "sky": 0.3102834364947151, "object": 0.009503869449391, "PI": 0.40557593044584683, "NI": 0.34929363967908705, "length": 455.3094221, "source": 414, "target": 403, "direction": "bi-directional"}, "geometry": {"type": "LineString", "coordinates": [[114.06020789541657, 22.547495531760656], [114.06030197758828, 22.547245276630203], [114.0603550143884, 22.547032334254258], [114.06040374579517, 22.546279337566954], [114.0603980589273, 22.54583351237661], [114.06036863029215, 22.545719248163515], [114.06029309288309, 22.545610092869413], [114.06016623618338, 22.545542344227012], [114.05997466374274, 22.545510511115364], [114.0592823332223, 22.545514576457578], [114.05875978649156, 22.545497352590456], [114.05837830090955, 22.545512605667433], [114.05797717540591, 22.545588839956057]]}}, {"type": "Feature", "properties": {"arc": 573, "wealthier": 0.2922167611217554, "beautiful": 0.3155360225084484, "livelier": 0.4129224547342459, "depressing": 0.6597937721715929, "safer": 0.3011023182033727, "boring": 0.5742326437986878, "human": 0.0012906392415364, "vehicle": 0.0234524408976237, "construction": 0.0853022893269856, "nature": 0.1830054601033528, "sky": 0.4333269119262695, "object": 0.0047262827555338, "PI": 0.24525149179557482, "NI": 0.3925765957687166, "length": 266.6340664, "source": 421, "target": 414, "direction": "bi-directional"}, "geometry": {"type": "LineString", "coordinates": [[114.0627996942378, 22.547536641323823], [114.06020789541657, 22.547495531760656]]}}, {"type": "Feature", "properties": {"arc": 574, "wealthier": 0.4662530433001197, "beautiful": 0.3544834103975366, "livelier": 0.6408819856660802, "depressing": 0.5750126109176762, "safer": 0.4070204140338926, "boring": 0.4048908432738754, "human": 0.0035318894819779, "vehicle": 0.0392840992320667, "construction": 0.1262932979699337, "nature": 0.2381699301979758, "sky": 0.3229659687389026, "object": 0.0066473122799035, "PI": 0.3876100147523771, "NI": 0.35356176532425315, "length": 531.2322646, "source": 421, "target": 429, "direction": "bi-directional"}, "geometry": {"type": "LineString", "coordinates": [[114.0627996942378, 22.547536641323823], [114.06510857578864, 22.547567161172235], [114.06573709966035, 22.547597116501706], [114.06796314960987, 22.547610592595355]]}}, {"type": "Feature", "properties": {"arc": 575, "wealthier": 0.2875480725354419, "beautiful": 0.2829077947379056, "livelier": 0.5406515842672107, "depressing": 0.7044412190493687, "safer": 0.2877704780747374, "boring": 0.5289629718238185, "human": 0.0018524328867594, "vehicle": 0.0215547879536946, "construction": 0.1127639611562093, "nature": 0.2339940865834553, "sky": 0.3553297519683838, "object": 0.0083938439687093, "PI": 0.28080168091028246, "NI": 0.40105824790282724, "length": 206.709487, "source": 401, "target": 403, "direction": "bi-directional"}, "geometry": {"type": "LineString", "coordinates": [[114.05794698743843, 22.547455287648763], [114.05797717540591, 22.545588839956057]]}}, {"type": "Feature", "properties": {"arc": 576, "wealthier": 0.3800092911522925, "beautiful": 0.368325285059269, "livelier": 0.5592146436837044, "depressing": 0.6233301421459884, "safer": 0.3658609854753953, "boring": 0.4529822236381555, "human": 0.0016507466634114, "vehicle": 0.0091272989908854, "construction": 0.0765106836954752, "nature": 0.2313111623128255, "sky": 0.4012252807617187, "object": 0.0084789911905924, "PI": 0.3266747697202397, "NI": 0.36528603865422493, "length": 232.6021793, "source": 401, "target": 414, "direction": "bi-directional"}, "geometry": {"type": "LineString", "coordinates": [[114.05794698743843, 22.547455287648763], [114.06020789541657, 22.547495531760656]]}}, {"type": "Feature", "properties": {"arc": 577, "wealthier": 0.37952165439678, "beautiful": 0.3177241770691451, "livelier": 0.4184089209573852, "depressing": 0.6391349941709048, "safer": 0.3231080602193651, "boring": 0.5870170558418154, "human": 0.0001038216255806, "vehicle": 0.0370079074893985, "construction": 0.0222357157114389, "nature": 0.1639500351639481, "sky": 0.5231973459054757, "object": 0.0045622920130824, "PI": 0.24596933211719177, "NI": 0.40437201010782714, "length": 1046.051536, "source": 37, "target": 38, "direction": "bi-directional"}, "geometry": {"type": "LineString", "coordinates": [[113.90462357759212, 22.54457722758603], [113.90460837809994, 22.54394644777507], [113.90478094554533, 22.535132627417347]]}}, {"type": "Feature", "properties": {"arc": 578, "wealthier": 0.3781875958177487, "beautiful": 0.3559583339212037, "livelier": 0.2242691172910968, "depressing": 0.6345725204515063, "safer": 0.2950781740667443, "boring": 0.819336186291722, "human": 6.392507842092806e-05, "vehicle": 0.0153731432828036, "construction": 0.1232340263597892, "nature": 0.0807854045521129, "sky": 0.5295479803374319, "object": 0.0038393772009647, "PI": 0.18889380140353815, "NI": 0.4585472528630341, "length": 531.7923479, "source": 37, "target": 48, "direction": "bi-directional"}, "geometry": {"type": "LineString", "coordinates": [[113.90462357759212, 22.54457722758603], [113.90534849264067, 22.54456113608678], [113.90637553798777, 22.544561696569662], [113.90837767461811, 22.544604205913508], [113.90935711344572, 22.544608727491077], [113.90979199355381, 22.544632281357675]]}}, {"type": "Feature", "properties": {"arc": 580, "wealthier": 0.3222958235094124, "beautiful": 0.3194362398354528, "livelier": 0.3942300290576132, "depressing": 0.7334321366474713, "safer": 0.2650499422302274, "boring": 0.6188688203153836, "human": 0.0019474735966435, "vehicle": 0.0099157404016565, "construction": 0.0790963349518952, "nature": 0.1946068516484013, "sky": 0.4368157563386139, "object": 0.0052033883553964, "PI": 0.2525698296005627, "NI": 0.40573216384511546, "length": 216.8016363, "source": 393, "target": 401, "direction": "bi-directional"}, "geometry": {"type": "LineString", "coordinates": [[114.05583946171532, 22.547429253515702], [114.05794698743843, 22.547455287648763]]}}, {"type": "Feature", "properties": {"arc": 581, "wealthier": 0.3718889510358398, "beautiful": 0.2989034525419254, "livelier": 0.4719998963010293, "depressing": 0.7091652613663837, "safer": 0.3192837795282692, "boring": 0.5691276436636222, "human": 0.0005946477254231, "vehicle": 0.0234696706136067, "construction": 0.1273519198099772, "nature": 0.1126272519429524, "sky": 0.4663100560506185, "object": 0.0056852340698242, "PI": 0.24426271298431965, "NI": 0.42920040421061395, "length": 535.6325718, "source": 375, "target": 376, "direction": "bi-directional"}, "geometry": {"type": "LineString", "coordinates": [[114.05114462713873, 22.5473667548083], [114.05114543686263, 22.546546255700694], [114.05122096752096, 22.542530419241928]]}}, {"type": "Feature", "properties": {"arc": 582, "wealthier": 0.2620932088973283, "beautiful": 0.2753794773102437, "livelier": 0.3996117770367122, "depressing": 0.7555872118454945, "safer": 0.2340110023320602, "boring": 0.6234782843097261, "human": 0.0012213086325024, "vehicle": 0.0099231780521453, "construction": 0.1155945308624751, "nature": 0.1908217233324808, "sky": 0.414365011548239, "object": 0.0061797187441871, "PI": 0.21944989598527506, "NI": 0.4221416693532643, "length": 482.9981285, "source": 375, "target": 393, "direction": "bi-directional"}, "geometry": {"type": "LineString", "coordinates": [[114.05114462713873, 22.5473667548083], [114.05276928054307, 22.547371316522522], [114.05421841793081, 22.547413028361635], [114.05583946171532, 22.547429253515702]]}}, {"type": "Feature", "properties": {"arc": 583, "wealthier": 0.4188046058883523, "beautiful": 0.3466869215161637, "livelier": 0.4289745666299066, "depressing": 0.6324893772903667, "safer": 0.3498051345393879, "boring": 0.5863432481408227, "human": 0.0001316388448079, "vehicle": 0.0188567479451497, "construction": 0.091427993774414, "nature": 0.1992165565490722, "sky": 0.436501948038737, "object": 0.0042860031127929, "PI": 0.2740486590800788, "NI": 0.3865508907476594, "length": 535.2253443, "source": 352, "target": 353, "direction": "bi-directional"}, "geometry": {"type": "LineString", "coordinates": [[114.04433470298447, 22.54724228831678], [114.04436098150597, 22.545157623017516], [114.04441829094878, 22.542409675408468]]}}, {"type": "Feature", "properties": {"arc": 585, "wealthier": 0.5823537159271481, "beautiful": 0.4943899591651388, "livelier": 0.6662161476315877, "depressing": 0.4587535638295606, "safer": 0.4897893667358087, "boring": 0.3685189004732176, "human": 0.0007093429565429, "vehicle": 0.0105639457702636, "construction": 0.1124480883280436, "nature": 0.3595966021219889, "sky": 0.2604535420735677, "object": 0.0068882306416829, "PI": 0.4478340188588621, "NI": 0.28473763212186665, "length": 536.7128139, "source": 360, "target": 361, "direction": "bi-directional"}, "geometry": {"type": "LineString", "coordinates": [[114.04674064110493, 22.547295430143475], [114.04680043533675, 22.545519190135078], [114.0468372240796, 22.542449784779656]]}}, {"type": "Feature", "properties": {"arc": 586, "wealthier": 0.4057737952587652, "beautiful": 0.3468089654387659, "livelier": 0.5471179896395035, "depressing": 0.6458395710311337, "safer": 0.3359062913891338, "boring": 0.5053532459337668, "human": 0.0014096366034613, "vehicle": 0.0119763833505136, "construction": 0.0694506963094075, "nature": 0.2601581149631077, "sky": 0.3826897939046224, "object": 0.0064002849437572, "PI": 0.3238164257405512, "NI": 0.360622196338005, "length": 453.0903258, "source": 360, "target": 375, "direction": "bi-directional"}, "geometry": {"type": "LineString", "coordinates": [[114.04674064110493, 22.547295430143475], [114.04846335872132, 22.54730359733222], [114.05114462713873, 22.5473667548083]]}}, {"type": "Feature", "properties": {"arc": 587, "wealthier": 0.2921287289670597, "beautiful": 0.2537279573889963, "livelier": 0.5933156135392846, "depressing": 0.6820894605448821, "safer": 0.2955006265240667, "boring": 0.5192615846394544, "human": 0.0043024789719354, "vehicle": 0.033379282270159, "construction": 0.2884658177693684, "nature": 0.049562999180385, "sky": 0.3525414693923223, "object": 0.0056185949416387, "PI": 0.2725327852152581, "NI": 0.4431644538029382, "length": 277.3684298, "source": 199, "target": 202, "direction": "bi-directional"}, "geometry": {"type": "LineString", "coordinates": [[113.94902131067943, 22.54574728842403], [113.94907297649489, 22.545424633167098], [113.94914698840468, 22.54504840595901], [113.94921483265529, 22.544770861297316], [113.94923025180314, 22.544616669818605], [113.94917782670039, 22.544101670279684], [113.94913773691594, 22.54360054797384], [113.94914125164786, 22.54326375739218]]}}, {"type": "Feature", "properties": {"arc": 588, "wealthier": 0.2452649667392134, "beautiful": 0.2995838737190915, "livelier": 0.383249953765391, "depressing": 0.698419709530644, "safer": 0.2722509454812065, "boring": 0.6953444861641925, "human": 0.0015825695461697, "vehicle": 0.026375170107241, "construction": 0.1330129482128001, "nature": 0.1382291228682906, "sky": 0.4274071234243887, "object": 0.0051386797869646, "PI": 0.21582519408146972, "NI": 0.4393462565189641, "length": 443.9451769, "source": 583, "target": 567, "direction": "bi-directional"}, "geometry": {"type": "LineString", "coordinates": [[114.13386324380906, 22.54921672141708], [114.13367704253285, 22.54919241366257], [114.12961417971367, 22.54851405076684]]}}, {"type": "Feature", "properties": {"arc": 589, "wealthier": 0.5689559869368152, "beautiful": 0.5899923293851514, "livelier": 0.5469171839377269, "depressing": 0.3810201113995591, "safer": 0.5863298200576906, "boring": 0.4240088910636581, "human": 0.0008828103005349, "vehicle": 0.0243751250945769, "construction": 0.0545050474974486, "nature": 0.2538445790608724, "sky": 0.3902979498510963, "object": 0.0066759779646589, "PI": 0.43242254206050895, "NI": 0.3062383564983107, "length": 862.3716424, "source": 429, "target": 440, "direction": "bi-directional"}, "geometry": {"type": "LineString", "coordinates": [[114.06796314960987, 22.547610592595355], [114.07034599874966, 22.54804759757003], [114.07090270133745, 22.548102596904474], [114.0711835763434, 22.54811060996721], [114.07146093840514, 22.548100189238696], [114.07188181990101, 22.548049393909913], [114.0721948226559, 22.547991042690903], [114.07492414768657, 22.54730586701461], [114.07615210965277, 22.547021072987544]]}}, {"type": "Feature", "properties": {"arc": 591, "wealthier": 0.4035231184070794, "beautiful": 0.3161718534150877, "livelier": 0.4940868235823093, "depressing": 0.6602532800134943, "safer": 0.3343644723188103, "boring": 0.6000851201751453, "human": 0.0004112243652343, "vehicle": 0.0457361857096354, "construction": 0.1458377838134765, "nature": 0.1125299453735351, "sky": 0.4643601099650065, "object": 0.0036608378092447, "PI": 0.2575496499571864, "NI": 0.4352057444218196, "length": 235.5836908, "source": 590, "target": 583, "direction": "bi-directional"}, "geometry": {"type": "LineString", "coordinates": [[114.13613129515551, 22.549512793671354], [114.13386324380906, 22.54921672141708]]}}, {"type": "Feature", "properties": {"arc": 592, "wealthier": 0.4191772825980844, "beautiful": 0.3647278316951957, "livelier": 0.5967082876545016, "depressing": 0.5933149895866575, "safer": 0.3760150580002133, "boring": 0.4535935304252865, "human": 0.0004378159840901, "vehicle": 0.0655311743418375, "construction": 0.2066123882929484, "nature": 0.035767118136088, "sky": 0.4571355581283569, "object": 0.004221757253011, "PI": 0.27759758780280647, "NI": 0.43290480995509456, "length": 368.3816385, "source": 590, "target": 585, "direction": "bi-directional"}, "geometry": {"type": "LineString", "coordinates": [[114.13613129515551, 22.549512793671354], [114.1357918718967, 22.548949538196087], [114.13515408468903, 22.547945980535122], [114.13461462026575, 22.54724838937011], [114.13416542796773, 22.546741090697257]]}}, {"type": "Feature", "properties": {"arc": 593, "wealthier": 0.333223479536533, "beautiful": 0.3409080411095012, "livelier": 0.34392279613208, "depressing": 0.683920628719969, "safer": 0.3026236062594349, "boring": 0.7200335321321125, "human": 0.0004884863412508, "vehicle": 0.0083860787012243, "construction": 0.0454169447704027, "nature": 0.2471026143720073, "sky": 0.4508533272691952, "object": 0.0034632323890604, "PI": 0.24986179035908265, "NI": 0.3957708102336774, "length": 738.4210698, "source": 286, "target": 282, "direction": "bi-directional"}, "geometry": {"type": "LineString", "coordinates": [[114.0040881515388, 22.547121274456906], [114.00329969238983, 22.54686452720851], [114.00273410642372, 22.546741193221717], [114.00216500207254, 22.546668723979085], [113.99818081831945, 22.54624626767332], [113.99766186033098, 22.54612420573146], [113.99706298518849, 22.545908100253623]]}}, {"type": "Feature", "properties": {"arc": 594, "wealthier": 0.7426227295617411, "beautiful": 0.5608004890660769, "livelier": 0.6715886294114037, "depressing": 0.3592848747797731, "safer": 0.597103471432448, "boring": 0.3016859228289998, "human": 0.0010312398274739, "vehicle": 0.0046633084615071, "construction": 0.0321457386016845, "nature": 0.379443367322286, "sky": 0.3264242013295491, "object": 0.00821320215861, "PI": 0.5167099192305148, "NI": 0.25084929449993326, "length": 276.8882317, "source": 121, "target": 134, "direction": "bi-directional"}, "geometry": {"type": "LineString", "coordinates": [[113.93087876748467, 22.545784284791253], [113.93095856157494, 22.545774647823823], [113.93103295896339, 22.54575653032508], [113.93121066464259, 22.54568213293659], [113.93146199675293, 22.5456088919842], [113.93172970058575, 22.54555823444039], [113.93210834119866, 22.545531790787475], [113.93274617921018, 22.545529782339113], [113.93318506668463, 22.54553737799853], [113.9335304063328, 22.545562570540095]]}}, {"type": "Feature", "properties": {"arc": 596, "wealthier": 0.1953528600818364, "beautiful": 0.1798565574277251, "livelier": 0.3026444220927644, "depressing": 0.8259728752121286, "safer": 0.1592747628637591, "boring": 0.7702261165856364, "human": 0.0001365570794968, "vehicle": 0.0236006691342308, "construction": 0.1401149658929734, "nature": 0.0459725062052408, "sky": 0.5341543015979586, "object": 0.0021529878888811, "PI": 0.10829583154315237, "NI": 0.48719303557560306, "length": 326.9730441, "source": 219, "target": 218, "direction": "bi-directional"}, "geometry": {"type": "LineString", "coordinates": [[113.95449108339152, 22.546263385815337], [113.95433874229222, 22.54572417771239], [113.95424345099238, 22.54524590237568], [113.95422173569646, 22.54496984758492], [113.95421814738019, 22.544541855948303], [113.95424935628246, 22.543338183999026]]}}, {"type": "Feature", "properties": {"arc": 597, "wealthier": 0.4344081926778962, "beautiful": 0.393640026087386, "livelier": 0.3976669870269784, "depressing": 0.5705460646176619, "safer": 0.3783953739262044, "boring": 0.643317054471349, "human": 0.0001270098563952, "vehicle": 0.1027449094332181, "construction": 0.0780515915308243, "nature": 0.1563742221930088, "sky": 0.4926547026022888, "object": 0.002756852370042, "PI": 0.2735568003221695, "NI": 0.4486713608898211, "length": 335.4092578, "source": 105, "target": 104, "direction": "bi-directional"}, "geometry": {"type": "LineString", "coordinates": [[113.92722079305096, 22.54576673124048], [113.92715986376335, 22.545562424741544], [113.92706659936098, 22.545094800076978], [113.92701807853011, 22.54463113471628], [113.92701441410388, 22.543841666828985], [113.92703727680991, 22.542755920092958]]}}, {"type": "Feature", "properties": {"arc": 599, "wealthier": 0.423048494825225, "beautiful": 0.3894173438077557, "livelier": 0.6937579544420606, "depressing": 0.5566880410130908, "safer": 0.4307992833445784, "boring": 0.3801107928163987, "human": 0.0106572832380022, "vehicle": 0.0776502700079055, "construction": 0.1927401406424385, "nature": 0.1610495976039341, "sky": 0.3286173139299665, "object": 0.006370362781343, "PI": 0.471698726287445, "NI": 0.3953907325036397, "length": 983.9888983, "source": 561, "target": 530, "direction": "bi-directional"}, "geometry": {"type": "LineString", "coordinates": [[114.12591191316828, 22.54950225806841], [114.12305600703408, 22.54853880100784], [114.12121639074029, 22.547818613237542], [114.12088142295545, 22.547714613328605], [114.12058240872392, 22.54766047565307], [114.1201605783961, 22.547631530131895], [114.11968328551487, 22.547665642445498], [114.11938558055752, 22.547722560649788], [114.11873681177225, 22.54789883075193], [114.11838259894259, 22.547978547465043], [114.11759038937417, 22.54811580710071], [114.11677909443989, 22.54823711092908]]}}, {"type": "Feature", "properties": {"arc": 600, "wealthier": 0.399213166730255, "beautiful": 0.4230500670012355, "livelier": 0.4631220136435601, "depressing": 0.566961928539689, "safer": 0.4170739896967036, "boring": 0.6230875642167653, "human": 0.0021165211995442, "vehicle": 0.0479605538504464, "construction": 0.1048029036748977, "nature": 0.1602209182012648, "sky": 0.4298293704078311, "object": 0.0061479296003069, "PI": 0.3184118701690704, "NI": 0.4162723898170773, "length": 175.4414188, "source": 561, "target": 562, "direction": "bi-directional"}, "geometry": {"type": "LineString", "coordinates": [[114.12591191316828, 22.54950225806841], [114.12593058773489, 22.547918056635893]]}}, {"type": "Feature", "properties": {"arc": 601, "wealthier": 0.554772864136533, "beautiful": 0.3918521789468726, "livelier": 0.6830977483990051, "depressing": 0.565316916648944, "safer": 0.4508692917896089, "boring": 0.3616769355218626, "human": 0.0021612705328525, "vehicle": 0.0137724265074118, "construction": 0.2774619567088592, "nature": 0.1435363965156751, "sky": 0.3393590389153896, "object": 0.0096759796142578, "PI": 0.3847621064323965, "NI": 0.3973751405493484, "length": 350.5720046, "source": 181, "target": 182, "direction": "bi-directional"}, "geometry": {"type": "LineString", "coordinates": [[113.9448960353992, 22.546223245005116], [113.94495075485669, 22.543057865607658]]}}, {"type": "Feature", "properties": {"arc": 603, "wealthier": 1.0, "beautiful": 1.0, "livelier": 0.7728345068358378, "depressing": 0.0, "safer": 1.0, "boring": 0.1810968137386864, "human": 0.0009265668464429, "vehicle": 0.0077560501869278, "construction": 0.0661115742693043, "nature": 0.6553178652368409, "sky": 0.0247409512298275, "object": 0.0035183839123658, "PI": 0.8002521645957824, "NI": 0.06590219442960708, "length": 772.3121737, "source": 265, "target": 263, "direction": "bi-directional"}, "geometry": {"type": "LineString", "coordinates": [[113.97848224771798, 22.546870924182638], [113.97824588176418, 22.54669801923069], [113.97804222298939, 22.54652677369581], [113.9778712862103, 22.546362076731167], [113.97777392459022, 22.546235977035312], [113.97771115969252, 22.546103145484306], [113.97767983581404, 22.545959337476553], [113.97767134957336, 22.545794027860076], [113.97768694433611, 22.545570642527938], [113.9777431464833, 22.545337343753964], [113.97779631591517, 22.545243675767058], [113.97787323969173, 22.5451550054329], [113.97805829747169, 22.54501687657004], [113.97862307094104, 22.54468099248426], [113.9787422050614, 22.544580123524884], [113.97882644007416, 22.544471209832114], [113.97889529906845, 22.54430167428555], [113.9789213148637, 22.544126707959666], [113.97893347013013, 22.543669900825268], [113.97892110744144, 22.543447762273082], [113.97888487280613, 22.54328394009424], [113.97881239976265, 22.543138461690965], [113.97870854598987, 22.543006243025953], [113.97834624233704, 22.542622955783994], [113.97822199113793, 22.54243503595459], [113.97817261093654, 22.54225545568447], [113.97814916795936, 22.541757658266693], [113.97812080823381, 22.541596474694735], [113.97805657720458, 22.541449808722152], [113.9778764748476, 22.541169462472023], [113.97779613402652, 22.5409864662158]]}}, {"type": "Feature", "properties": {"arc": 604, "wealthier": 0.3569576881355521, "beautiful": 0.2510145275927231, "livelier": 0.5071866753568559, "depressing": 0.6770790732918436, "safer": 0.3086510334819057, "boring": 0.5727500780415253, "human": 0.0008366478814019, "vehicle": 0.0224341922336154, "construction": 0.1954079522026909, "nature": 0.1179582383897569, "sky": 0.4048658582899306, "object": 0.0040237850613064, "PI": 0.24215510584059996, "NI": 0.41822371062855285, "length": 364.4744706, "source": 162, "target": 164, "direction": "bi-directional"}, "geometry": {"type": "LineString", "coordinates": [[113.94061602185715, 22.546167789364052], [113.94066611270645, 22.543726174795275], [113.94065584010151, 22.54287695464591]]}}, {"type": "Feature", "properties": {"arc": 605, "wealthier": 0.786806491705995, "beautiful": 0.6221285990249668, "livelier": 0.8705653276472463, "depressing": 0.2992957480903797, "safer": 0.7098568680070783, "boring": 0.1318500324488378, "human": 0.003370397231158, "vehicle": 0.0291421179677925, "construction": 0.0971020343256931, "nature": 0.4391380384856579, "sky": 0.1555590536080154, "object": 0.008362190396178, "PI": 0.6385107381376598, "NI": 0.20288631766112256, "length": 440.3368179, "source": 162, "target": 181, "direction": "bi-directional"}, "geometry": {"type": "LineString", "coordinates": [[113.94061602185715, 22.546167789364052], [113.94305854816092, 22.546226967005797], [113.9448960353992, 22.546223245005116]]}}, {"type": "Feature", "properties": {"arc": 606, "wealthier": 0.4509023319156118, "beautiful": 0.4363677602169351, "livelier": 0.7028925066543298, "depressing": 0.5062914125974874, "safer": 0.4519330689207863, "boring": 0.3089713306713545, "human": 0.005314826965332, "vehicle": 0.0490021932692754, "construction": 0.1691706975301107, "nature": 0.2022494815644763, "sky": 0.3351323718116396, "object": 0.0058793567475818, "PI": 0.4335313789410706, "NI": 0.3438977272807655, "length": 344.1456589, "source": 503, "target": 504, "direction": "bi-directional"}, "geometry": {"type": "LineString", "coordinates": [[114.10491683221746, 22.549258203574276], [114.10505055158393, 22.5489656835696], [114.10528085491381, 22.548305950051805], [114.10613389649814, 22.54636505334457]]}}, {"type": "Feature", "properties": {"arc": 608, "wealthier": 0.5909811547477243, "beautiful": 0.5069970021786536, "livelier": 0.5542885309090649, "depressing": 0.4287524461417449, "safer": 0.4921477321851306, "boring": 0.3991665693428399, "human": 0.0034666767826786, "vehicle": 0.0124003798873336, "construction": 0.0755705656828703, "nature": 0.32429892928512, "sky": 0.3467606438530816, "object": 0.0055104714852792, "PI": 0.45629653705032097, "NI": 0.28948519995404237, "length": 386.5728781, "source": 134, "target": 151, "direction": "bi-directional"}, "geometry": {"type": "LineString", "coordinates": [[113.9335304063328, 22.545562570540095], [113.93415179445954, 22.545554275918175], [113.93514454031674, 22.54556599157696], [113.93571360995836, 22.545609705071893], [113.93598891036474, 22.545676581448006], [113.93639042309634, 22.545818688105413], [113.9368375869606, 22.545996427742395], [113.9371687708529, 22.546154301937413]]}}, {"type": "Feature", "properties": {"arc": 609, "wealthier": 0.4944243341399256, "beautiful": 0.4482125393211743, "livelier": 0.5872856801848835, "depressing": 0.484130272679754, "safer": 0.4321396830004098, "boring": 0.4226244883498949, "human": 0.0052947998046874, "vehicle": 0.0301838375273204, "construction": 0.0914928345453171, "nature": 0.2119283676147461, "sky": 0.398862430027553, "object": 0.0081920623779296, "PI": 0.4195687026993913, "NI": 0.35255115565234835, "length": 354.6636155, "source": 151, "target": 162, "direction": "bi-directional"}, "geometry": {"type": "LineString", "coordinates": [[113.9371687708529, 22.546154301937413], [113.93765652941148, 22.546137920259383], [113.93857213099575, 22.54613655276592], [113.9393422343745, 22.54615766554383], [113.94061602185715, 22.546167789364052]]}}, {"type": "Feature", "properties": {"arc": 611, "wealthier": 0.1521044282167821, "beautiful": 0.2386500587754912, "livelier": 0.1703958433005902, "depressing": 0.7694197731454705, "safer": 0.1484517426814231, "boring": 0.8667645801102125, "human": 0.0001643710666232, "vehicle": 0.0069104795102719, "construction": 0.0266091099491825, "nature": 0.1090182551631221, "sky": 0.5838316599527994, "object": 0.0063921186659071, "PI": 0.10022455250532952, "NI": 0.4844092119050587, "length": 1191.777635, "source": 24, "target": 27, "direction": "bi-directional"}, "geometry": {"type": "LineString", "coordinates": [[113.89502083082306, 22.54540313280284], [113.89528970543374, 22.545077204365693], [113.89578904399654, 22.544438648461814], [113.89598109728992, 22.544137107146923], [113.89611553459527, 22.54383556517326], [113.89624997190064, 22.54351628471839], [113.89642281986467, 22.542966411092653], [113.89657646249938, 22.542345583398582], [113.89661487315806, 22.541777967063375], [113.89665328381673, 22.54060725100068], [113.89661487315801, 22.53854960477044], [113.8966916944754, 22.535604988718045], [113.89669178047481, 22.535015527607538]]}}, {"type": "Feature", "properties": {"arc": 612, "wealthier": 0.906499058800556, "beautiful": 0.9119319064165028, "livelier": 0.72525733483492, "depressing": 0.0631316859657152, "safer": 0.9115614657365314, "boring": 0.2178821931571829, "human": 0.0013586290839578, "vehicle": 0.00887174022441, "construction": 0.0809642246791294, "nature": 0.6283568557427853, "sky": 0.0466504259174372, "object": 0.0027316346460459, "PI": 0.7417595049006994, "NI": 0.09071308653808952, "length": 1272.046056, "source": 267, "target": 273, "direction": "bi-directional"}, "geometry": {"type": "LineString", "coordinates": [[113.9813000609658, 22.54713300227508], [113.98134464118367, 22.54710555555775], [113.98141529320607, 22.54700325774567], [113.98157053767942, 22.546484880142966], [113.98166056025076, 22.54627779319746], [113.98179613834125, 22.546098367697436], [113.98194096074643, 22.545975581490033], [113.9820729832074, 22.545898912577957], [113.98221309393345, 22.545843454882593], [113.9835849088122, 22.545440333202333], [113.98393679034027, 22.545309646070173], [113.9841880596092, 22.54519505612406], [113.98448923489312, 22.545022339115146], [113.98477235736324, 22.54482805968166], [113.98578729052608, 22.54401120885849], [113.98588751619837, 22.543907211748817], [113.98597853519414, 22.54377756497996], [113.98606735457507, 22.543549785516248], [113.9861074339551, 22.543266207574494], [113.98619775425902, 22.542238091864238], [113.98622234988227, 22.5420930447648], [113.98626057968711, 22.54197047973649], [113.98632726134367, 22.541857627013236], [113.98643368171012, 22.54175598188544], [113.98654410339734, 22.541693306990936], [113.98677583051456, 22.5415988865466], [113.98685676837256, 22.541546412969904], [113.98690525998953, 22.541491050070892], [113.98693970248262, 22.541401733770737], [113.98693675032538, 22.54126149672859], [113.98683204468809, 22.54085490547921], [113.98680644916634, 22.540586844743643], [113.98684260417296, 22.540142349151576], [113.98694395043735, 22.539350982791618], [113.9869416583389, 22.539096506240572], [113.98689995325716, 22.538964628100807], [113.98681283111786, 22.538840985980666], [113.98670831177223, 22.538761273185607], [113.98654844159935, 22.538696205079923], [113.98643644985181, 22.53867966870126]]}}, {"type": "Feature", "properties": {"arc": 613, "wealthier": 0.3724204100721832, "beautiful": 0.3362103184271269, "livelier": 0.428221641551859, "depressing": 0.6586418740872759, "safer": 0.3094621118892446, "boring": 0.617960230395337, "human": 0.0002016678355098, "vehicle": 0.0060180963254442, "construction": 0.0304696700152228, "nature": 0.196242625417273, "sky": 0.49709969564201, "object": 0.0054684931935827, "PI": 0.25705437417568416, "NI": 0.3916162064633835, "length": 1342.229995, "source": 326, "target": 311, "direction": "bi-directional"}, "geometry": {"type": "LineString", "coordinates": [[114.03448991345023, 22.5481786249024], [114.03379186772504, 22.547956457920456], [114.02982146556381, 22.54677087440358], [114.02640403896824, 22.54572650727232], [114.02586646020565, 22.545602318027225], [114.02538622308215, 22.54550930072556], [114.02194359120148, 22.544931891348856]]}}, {"type": "Feature", "properties": {"arc": 614, "wealthier": 0.3925918844203198, "beautiful": 0.4471402952995119, "livelier": 0.5158227708702368, "depressing": 0.5649996682874098, "safer": 0.4089623489277589, "boring": 0.4626805146866607, "human": 0.0011215699024689, "vehicle": 0.0246348258776542, "construction": 0.0586538559351211, "nature": 0.2888843829815204, "sky": 0.3679761642064803, "object": 0.0067933155940129, "PI": 0.35025122018100635, "NI": 0.34255981535299246, "length": 747.7128798, "source": 326, "target": 329, "direction": "bi-directional"}, "geometry": {"type": "LineString", "coordinates": [[114.03448991345023, 22.5481786249024], [114.03574639554724, 22.54152815405497]]}}, {"type": "Feature", "properties": {"arc": 615, "wealthier": 0.601749516037443, "beautiful": 0.6228132496950872, "livelier": 0.5556981976161123, "depressing": 0.3678943010985182, "safer": 0.5909731870386057, "boring": 0.4195240922161406, "human": 0.0009315441816281, "vehicle": 0.0265589004907852, "construction": 0.0551040600507687, "nature": 0.3135757446289062, "sky": 0.3319314809945913, "object": 0.0043314420259915, "PI": 0.46233038597034576, "NI": 0.2745005505308795, "length": 607.0925867, "source": 294, "target": 298, "direction": "bi-directional"}, "geometry": {"type": "LineString", "coordinates": [[114.00950381682547, 22.547745573903736], [114.00998181304554, 22.547229052482365], [114.01025949124093, 22.546887636018315], [114.01090975841076, 22.54597419119901], [114.01138764351937, 22.545253964225704], [114.01154454773891, 22.544948769766428], [114.0117081295259, 22.544550437110335], [114.01225927049111, 22.54296338840516]]}}, {"type": "Feature", "properties": {"arc": 617, "wealthier": 0.8108183173852768, "beautiful": 0.8186376116927017, "livelier": 0.697020470295576, "depressing": 0.1459174611386647, "safer": 0.8120627331088239, "boring": 0.2388542116767489, "human": 8.824666341145835e-05, "vehicle": 0.0061481051974826, "construction": 0.0578589121500651, "nature": 0.6683514065212673, "sky": 0.0459126790364583, "object": 0.0020067850748697, "PI": 0.6790277534560453, "NI": 0.09534996113179728, "length": 298.1023343, "source": 265, "target": 267, "direction": "bi-directional"}, "geometry": {"type": "LineString", "coordinates": [[113.97848224771798, 22.546870924182638], [113.97877998911223, 22.546994546807515], [113.97898298833326, 22.547058077603108], [113.97953970444098, 22.54719382419042], [113.9798038435731, 22.54723588050304], [113.98016352983049, 22.54725034535667], [113.98088478060399, 22.5472206997024], [113.98109010820707, 22.547204556370886], [113.98124535348643, 22.54716668402993], [113.9813000609658, 22.54713300227508]]}}, {"type": "Feature", "properties": {"arc": 618, "wealthier": 0.6046189572453528, "beautiful": 0.4217758102125438, "livelier": 0.6332182963162306, "depressing": 0.5241094003249743, "safer": 0.5011591049173658, "boring": 0.3930357589286302, "human": 0.000515478628653, "vehicle": 0.0194547441270616, "construction": 0.0816499215585214, "nature": 0.171076739275897, "sky": 0.4425664831090856, "object": 0.0068027355052806, "PI": 0.38407700821693863, "NI": 0.34714790978874976, "length": 227.9311519, "source": 470, "target": 471, "direction": "bi-directional"}, "geometry": {"type": "LineString", "coordinates": [[114.0911570770892, 22.54930646335913], [114.091185906548, 22.548171318688226], [114.09118207850283, 22.547248489164133]]}}, {"type": "Feature", "properties": {"arc": 622, "wealthier": 0.5469773878866439, "beautiful": 0.4290495241783034, "livelier": 0.6748972199671358, "depressing": 0.5227519843199614, "safer": 0.4886326378506819, "boring": 0.3717123279556543, "human": 0.0030177661350795, "vehicle": 0.0376911844526018, "construction": 0.1289279574439638, "nature": 0.2141469092596144, "sky": 0.3767899558657692, "object": 0.0042716207958403, "PI": 0.4237423909583335, "NI": 0.33829072274951666, "length": 726.1459378, "source": 599, "target": 590, "direction": "bi-directional"}, "geometry": {"type": "LineString", "coordinates": [[114.14313915655538, 22.550295154843592], [114.14182560666451, 22.55011953706588], [114.13967844766117, 22.54988106299512], [114.13800421425145, 22.549742957754063], [114.13613129515551, 22.549512793671354]]}}, {"type": "Feature", "properties": {"arc": 624, "wealthier": 0.4714978205815253, "beautiful": 0.4600800646071639, "livelier": 0.4494736151152353, "depressing": 0.5343248863958074, "safer": 0.4524844870088715, "boring": 0.5169666937063889, "human": 0.0003496805826822, "vehicle": 0.0361999935574001, "construction": 0.045214193838614, "nature": 0.2751365237765842, "sky": 0.3732688338668258, "object": 0.0027198085078486, "PI": 0.3477986099251506, "NI": 0.32732005432923866, "length": 229.7551604, "source": 439, "target": 440, "direction": "bi-directional"}, "geometry": {"type": "LineString", "coordinates": [[114.0760991333087, 22.549095257707304], [114.07615210965277, 22.547021072987544]]}}, {"type": "Feature", "properties": {"arc": 625, "wealthier": 0.4687937193937055, "beautiful": 0.4556072831182541, "livelier": 0.7088189638565605, "depressing": 0.4551744378579603, "safer": 0.5046635641867181, "boring": 0.3053974228932315, "human": 0.0075945709690903, "vehicle": 0.0513837120749733, "construction": 0.178557453733502, "nature": 0.2442372350981741, "sky": 0.2638383634162671, "object": 0.0063918142607717, "PI": 0.48979110583252455, "NI": 0.32223607193100606, "length": 821.1214046, "source": 439, "target": 457, "direction": "bi-directional"}, "geometry": {"type": "LineString", "coordinates": [[114.0760991333087, 22.549095257707304], [114.07726168475794, 22.549109492454313], [114.07876397377412, 22.549150125844193], [114.08009256618584, 22.549153086169767], [114.0817992293241, 22.549195598797997], [114.08408054246043, 22.549219917103514]]}}, {"type": "Feature", "properties": {"arc": 629, "wealthier": 0.3379395509815957, "beautiful": 0.328818785618355, "livelier": 0.4591099958428224, "depressing": 0.6828075763829125, "safer": 0.3044097035017337, "boring": 0.5559050335941167, "human": 0.0003636678059895, "vehicle": 0.0104839183666087, "construction": 0.0687891642252604, "nature": 0.1815801549840856, "sky": 0.4741275222213179, "object": 0.0079815476029007, "PI": 0.25318851065550035, "NI": 0.40974432542590544, "length": 221.0457632, "source": 332, "target": 326, "direction": "bi-directional"}, "geometry": {"type": "LineString", "coordinates": [[114.0365647720887, 22.548698384401217], [114.03448991345023, 22.5481786249024]]}}, {"type": "Feature", "properties": {"arc": 631, "wealthier": 0.3105715066813182, "beautiful": 0.33383981487668, "livelier": 0.4640605037528961, "depressing": 0.6721243557000248, "safer": 0.2979412119573719, "boring": 0.5857822482766767, "human": 0.0017250908745659, "vehicle": 0.021765391031901, "construction": 0.1192430566858362, "nature": 0.2076891439932363, "sky": 0.3749159353750724, "object": 0.0057228936089409, "PI": 0.2729412485054165, "NI": 0.39656264035499683, "length": 209.7295107, "source": 400, "target": 401, "direction": "bi-directional"}, "geometry": {"type": "LineString", "coordinates": [[114.05791006258401, 22.549348687880116], [114.057907096158, 22.54876768912538], [114.05794698743843, 22.547455287648763]]}}, {"type": "Feature", "properties": {"arc": 632, "wealthier": 0.4804185207073652, "beautiful": 0.4599624292655722, "livelier": 0.8326446918615809, "depressing": 0.4714885768816818, "safer": 0.5270530754627146, "boring": 0.2006815630020118, "human": 0.0069066910516648, "vehicle": 0.0501967384701683, "construction": 0.1694901784261067, "nature": 0.3160827727544875, "sky": 0.2171024140857515, "object": 0.0085846583048502, "PI": 0.529896674360338, "NI": 0.30345798710352057, "length": 368.1873989, "source": 566, "target": 561, "direction": "bi-directional"}, "geometry": {"type": "LineString", "coordinates": [[114.1292350972547, 22.5507326287362], [114.12897870144594, 22.550605043054855], [114.1282911952845, 22.550348420345287], [114.12591191316828, 22.54950225806841]]}}, {"type": "Feature", "properties": {"arc": 633, "wealthier": 0.4281959484820921, "beautiful": 0.3741934571188738, "livelier": 0.5750601805814566, "depressing": 0.6070767632660785, "safer": 0.3791596038847071, "boring": 0.4977611904248761, "human": 0.001922861735026, "vehicle": 0.0113892237345377, "construction": 0.1704957008361816, "nature": 0.2260157267252604, "sky": 0.3221153259277344, "object": 0.0101832389831542, "PI": 0.34365531461373644, "NI": 0.39085106387644736, "length": 461.3098838, "source": 400, "target": 414, "direction": "bi-directional"}, "geometry": {"type": "LineString", "coordinates": [[114.05791006258401, 22.549348687880116], [114.05825325645034, 22.549440083591733], [114.05858291229221, 22.549473167047516], [114.05995950256792, 22.549512794660433], [114.06012952924988, 22.549491884919355], [114.06022332874721, 22.54944326425202], [114.06030025001225, 22.549337881236067], [114.06033618318868, 22.549168637125078], [114.06035092513166, 22.54828819945357], [114.06032705809021, 22.547922341052136], [114.06020789541657, 22.547495531760656]]}}, {"type": "Feature", "properties": {"arc": 634, "wealthier": 0.3412427865184951, "beautiful": 0.3035187359380398, "livelier": 0.7499363846800455, "depressing": 0.6162815387687418, "safer": 0.3614393615959784, "boring": 0.3036243189901721, "human": 0.0080780347188313, "vehicle": 0.0647836367289225, "construction": 0.3833851496378581, "nature": 0.0194195429484049, "sky": 0.3182304382324219, "object": 0.0025228182474772, "PI": 0.3723831614864343, "NI": 0.4187532404320942, "length": 426.7353157, "source": 581, "target": 566, "direction": "bi-directional"}, "geometry": {"type": "LineString", "coordinates": [[114.13319419430393, 22.550420506980224], [114.1322877063637, 22.55033934289201], [114.13203961950482, 22.550346499428848], [114.13183949018136, 22.55038087370298], [114.13165588413999, 22.550438754583677], [114.13152009593148, 22.550501075033612], [114.13094443223517, 22.550862071600235], [114.1308027908691, 22.55091692509952], [114.1306655471533, 22.55094523498749], [114.1304708873741, 22.5509455544442], [114.13010090764132, 22.55090145264536], [114.1292350972547, 22.5507326287362]]}}, {"type": "Feature", "properties": {"arc": 636, "wealthier": 0.5260541661769625, "beautiful": 0.4809462978179426, "livelier": 0.6826617423264657, "depressing": 0.4761998988589487, "safer": 0.5056055683111039, "boring": 0.2970228358594694, "human": 0.0008501779465448, "vehicle": 0.0204638526553199, "construction": 0.0639789672124953, "nature": 0.3044851393926711, "sky": 0.3585862205142067, "object": 0.0094489143008277, "PI": 0.4294281433059644, "NI": 0.3095508786385879, "length": 350.8586861, "source": 332, "target": 339, "direction": "bi-directional"}, "geometry": {"type": "LineString", "coordinates": [[114.0365647720887, 22.548698384401217], [114.03985866030511, 22.54952159793275]]}}, {"type": "Feature", "properties": {"arc": 638, "wealthier": 0.4230228339667993, "beautiful": 0.3726111832835945, "livelier": 0.4793980245455385, "depressing": 0.6372376721573545, "safer": 0.381629725875174, "boring": 0.6266809397937471, "human": 8.817703004867315e-05, "vehicle": 0.0273677129594106, "construction": 0.0594823625352647, "nature": 0.2102850202530148, "sky": 0.4857033774966284, "object": 0.0058911641438802, "PI": 0.29713717244966437, "NI": 0.4137394441788513, "length": 1112.578339, "source": 269, "target": 277, "direction": "bi-directional"}, "geometry": {"type": "LineString", "coordinates": [[113.98238536091245, 22.54846663988233], [113.98269707074176, 22.548218708893213], [113.98670314936366, 22.544834280598838], [113.98697468325497, 22.544624611929905], [113.98726220092922, 22.544444749286715], [113.9875017412995, 22.54432858908218], [113.9877653379063, 22.544228702109592], [113.98801826212141, 22.544152813209667], [113.98824624136363, 22.544105629264596], [113.9904152936565, 22.543841751417407], [113.99145950345631, 22.54374857917331]]}}, {"type": "Feature", "properties": {"arc": 639, "wealthier": 0.6477480955305409, "beautiful": 0.6016312722657472, "livelier": 0.7136922704617225, "depressing": 0.3539797088655411, "safer": 0.6205119962437182, "boring": 0.3370020463984998, "human": 0.0021729324803207, "vehicle": 0.0306331750118371, "construction": 0.1346063902883818, "nature": 0.2470615849350438, "sky": 0.3338391275116892, "object": 0.0073672785903468, "PI": 0.5012911800242577, "NI": 0.3051933475493998, "length": 277.3407882, "source": 297, "target": 294, "direction": "bi-directional"}, "geometry": {"type": "LineString", "coordinates": [[114.01175337431614, 22.549126254664134], [114.00950381682547, 22.547745573903736]]}}, {"type": "Feature", "properties": {"arc": 640, "wealthier": 0.5570924429983338, "beautiful": 0.555354922203658, "livelier": 0.6192684164703418, "depressing": 0.3952579902752143, "safer": 0.5537475849400111, "boring": 0.3525024190937506, "human": 0.0023331377241346, "vehicle": 0.0242122544182671, "construction": 0.1196992927127414, "nature": 0.2038421365949842, "sky": 0.3811365233527289, "object": 0.0067813661363389, "PI": 0.43818375911768936, "NI": 0.3153534654558395, "length": 681.2136776, "source": 297, "target": 302, "direction": "bi-directional"}, "geometry": {"type": "LineString", "coordinates": [[114.01175337431614, 22.549126254664134], [114.01378473675636, 22.5462632120861], [114.01398143891385, 22.54595562410413], [114.01412614826934, 22.545675100712902], [114.01422589498135, 22.545427083552], [114.01462499118159, 22.5442267071092], [114.01477769392773, 22.543713135570194]]}}, {"type": "Feature", "properties": {"arc": 641, "wealthier": 0.4649329434564545, "beautiful": 0.4297546662931829, "livelier": 0.7536557317241401, "depressing": 0.464562576015692, "safer": 0.5031465706761545, "boring": 0.2475819882018272, "human": 0.0094486685360179, "vehicle": 0.0739112554811963, "construction": 0.2446105807435278, "nature": 0.1501542633655024, "sky": 0.3036878623214423, "object": 0.0054651896158854, "PI": 0.4926439555063185, "NI": 0.3570209377698834, "length": 345.7585908, "source": 533, "target": 530, "direction": "bi-directional"}, "geometry": {"type": "LineString", "coordinates": [[114.11723937118201, 22.551159915081733], [114.116977068078, 22.550797251800788], [114.11673293287213, 22.550394200193], [114.11659117292054, 22.550076520991784], [114.11651801240929, 22.549796954527302], [114.11649646527805, 22.549461507750102], [114.11652617879973, 22.549167993690595], [114.11664245756813, 22.54868092376562], [114.11677909443989, 22.54823711092908]]}}, {"type": "Feature", "properties": {"arc": 642, "wealthier": 0.2218787345098681, "beautiful": 0.324517602718223, "livelier": 0.2390037202523479, "depressing": 0.7452155523781467, "safer": 0.2280647970819558, "boring": 0.7539589458257696, "human": 0.0003088209364149, "vehicle": 0.0161692301432291, "construction": 0.0348358154296875, "nature": 0.2065285576714409, "sky": 0.4800227695041233, "object": 0.0042794545491536, "PI": 0.1816945694716893, "NI": 0.42816333576409066, "length": 366.6292184, "source": 292, "target": 286, "direction": "bi-directional"}, "geometry": {"type": "LineString", "coordinates": [[114.00672985153352, 22.549324846356797], [114.00559665164305, 22.548232714125135], [114.00517183091205, 22.547848608329613], [114.0047840361471, 22.54755273497496], [114.0040881515388, 22.547121274456906]]}}, {"type": "Feature", "properties": {"arc": 643, "wealthier": 0.4965345450179901, "beautiful": 0.4960656103625555, "livelier": 0.5350097461482594, "depressing": 0.4641091830265407, "safer": 0.4927951223958302, "boring": 0.5171081261008119, "human": 0.0017987145317925, "vehicle": 0.0277228037516276, "construction": 0.0499779595269097, "nature": 0.2446005503336588, "sky": 0.3984852261013454, "object": 0.006774436102973, "PI": 0.39312947083972033, "NI": 0.3415454633391622, "length": 335.2143989, "source": 292, "target": 294, "direction": "bi-directional"}, "geometry": {"type": "LineString", "coordinates": [[114.00672985153352, 22.549324846356797], [114.00784457460735, 22.54876324036947], [114.0084574223175, 22.548437761135514], [114.00892608314481, 22.54814115692854], [114.00950381682547, 22.547745573903736]]}}, {"type": "Feature", "properties": {"arc": 644, "wealthier": 0.8033701344682598, "beautiful": 0.6524906314725314, "livelier": 0.8821834680193813, "depressing": 0.2844151701702544, "safer": 0.7040519420645549, "boring": 0.1941834327638849, "human": 0.0041979330557364, "vehicle": 0.0399952641239872, "construction": 0.0630104630081742, "nature": 0.3987422519259982, "sky": 0.2378272303828487, "object": 0.0046361993860315, "PI": 0.648654431045602, "NI": 0.20805619406516204, "length": 238.2094485, "source": 180, "target": 181, "direction": "bi-directional"}, "geometry": {"type": "LineString", "coordinates": [[113.94488235208226, 22.54837365475053], [113.94486204933052, 22.5479448932727], [113.9448960353992, 22.546223245005116]]}}, {"type": "Feature", "properties": {"arc": 647, "wealthier": 0.4067819220536602, "beautiful": 0.376407212927638, "livelier": 0.5962139513018907, "depressing": 0.5644611916916561, "safer": 0.3922597266657801, "boring": 0.4150690626601331, "human": 0.0015012599803783, "vehicle": 0.0289808555885597, "construction": 0.0924482698793764, "nature": 0.2107989346539533, "sky": 0.4010058862191659, "object": 0.0069830152723524, "PI": 0.3375758473730612, "NI": 0.35847644852680965, "length": 470.4113219, "source": 351, "target": 339, "direction": "bi-directional"}, "geometry": {"type": "LineString", "coordinates": [[114.04426688324907, 22.550652792305932], [114.03985866030511, 22.54952159793275]]}}, {"type": "Feature", "properties": {"arc": 648, "wealthier": 0.393877704349362, "beautiful": 0.3827735747891802, "livelier": 0.4096648710868463, "depressing": 0.6397650745082234, "safer": 0.3337022607730486, "boring": 0.6111191443693524, "human": 0.000863302321661, "vehicle": 0.0376707258678618, "construction": 0.07720642998105, "nature": 0.1858700343540736, "sky": 0.4505776450747535, "object": 0.0049907139369419, "PI": 0.2757910588965936, "NI": 0.4095927453867869, "length": 377.7359712, "source": 351, "target": 352, "direction": "bi-directional"}, "geometry": {"type": "LineString", "coordinates": [[114.04426688324907, 22.550652792305932], [114.04433470298447, 22.54724228831678]]}}, {"type": "Feature", "properties": {"arc": 649, "wealthier": 0.5572881836978336, "beautiful": 0.5426057619201315, "livelier": 0.5520211474891663, "depressing": 0.4201069202029991, "safer": 0.5345584467394883, "boring": 0.4686684146960878, "human": 0.0020126060203269, "vehicle": 0.0120201110839843, "construction": 0.0974844473379629, "nature": 0.252756189416956, "sky": 0.3468930986192491, "object": 0.0088823106553819, "PI": 0.4276386588104295, "NI": 0.32750769052591083, "length": 234.3724832, "source": 300, "target": 297, "direction": "bi-directional"}, "geometry": {"type": "LineString", "coordinates": [[114.01370034931945, 22.550221542908343], [114.01320548327385, 22.5499913185686], [114.01175337431614, 22.549126254664134]]}}, {"type": "Feature", "properties": {"arc": 650, "wealthier": 0.4125442201898193, "beautiful": 0.4622055491050723, "livelier": 0.4708123043886069, "depressing": 0.5663721102977474, "safer": 0.4287224820693359, "boring": 0.484760711999323, "human": 0.0006401697794596, "vehicle": 0.0067068735758463, "construction": 0.0331381479899088, "nature": 0.3385294384426541, "sky": 0.4206408394707573, "object": 0.0091944164699978, "PI": 0.3575221329895027, "NI": 0.3544168360468936, "length": 771.7351996, "source": 300, "target": 306, "direction": "bi-directional"}, "geometry": {"type": "LineString", "coordinates": [[114.01370034931945, 22.550221542908343], [114.01634779338121, 22.546441565854362], [114.0165498741884, 22.546126963456697], [114.01675927534691, 22.545710131376133], [114.01695702422057, 22.54518878116504], [114.01705069341371, 22.54488768624154], [114.01723735020957, 22.54414049689958]]}}, {"type": "Feature", "properties": {"arc": 651, "wealthier": 0.4150092077247075, "beautiful": 0.3313630491279962, "livelier": 0.4494942399979339, "depressing": 0.6838668394421391, "safer": 0.3653893218720845, "boring": 0.645384888532505, "human": 0.0011414421929253, "vehicle": 0.0228506724039713, "construction": 0.1453154528582537, "nature": 0.0648565645571108, "sky": 0.4855471010561343, "object": 0.0067190240930627, "PI": 0.25633370116322146, "NI": 0.454962736784216, "length": 272.5217838, "source": 469, "target": 470, "direction": "bi-directional"}, "geometry": {"type": "LineString", "coordinates": [[114.09111632935564, 22.551767009504694], [114.09115969007748, 22.549802746788583], [114.0911570770892, 22.54930646335913]]}}, {"type": "Feature", "properties": {"arc": 652, "wealthier": 0.4113459497473039, "beautiful": 0.3900030572488342, "livelier": 0.5527377943313865, "depressing": 0.5503139841519271, "safer": 0.4336042774812615, "boring": 0.4841740326016063, "human": 0.0034470876057942, "vehicle": 0.0348712921142578, "construction": 0.1363715762183779, "nature": 0.1696561177571614, "sky": 0.4066354479108538, "object": 0.006384531656901, "PI": 0.3538465667963968, "NI": 0.3844959540571682, "length": 860.7166363, "source": 469, "target": 487, "direction": "bi-directional"}, "geometry": {"type": "LineString", "coordinates": [[114.09111632935564, 22.551767009504694], [114.09571432294578, 22.551826701743632], [114.09731735364468, 22.551869125913317], [114.09884143538416, 22.551870615203335], [114.09912101627208, 22.551883772054158], [114.09947987178295, 22.551927087114887]]}}, {"type": "Feature", "properties": {"arc": 653, "wealthier": 0.2689892195068279, "beautiful": 0.3052908219502043, "livelier": 0.3114470683767993, "depressing": 0.6966672078052213, "safer": 0.2699117657811429, "boring": 0.7196879484423332, "human": 0.0014926415902596, "vehicle": 0.0389347076416015, "construction": 0.1832557254367404, "nature": 0.0517332642166702, "sky": 0.4566010369194877, "object": 0.0054733488294813, "PI": 0.18384444891106608, "NI": 0.47886216877621285, "length": 484.2031528, "source": 487, "target": 488, "direction": "bi-directional"}, "geometry": {"type": "LineString", "coordinates": [[114.09947987178295, 22.551927087114887], [114.09952200779367, 22.549904363478774], [114.09954712339737, 22.54755506098758]]}}, {"type": "Feature", "properties": {"arc": 655, "wealthier": 0.4466259133671943, "beautiful": 0.4236539428952536, "livelier": 0.4495864727143036, "depressing": 0.5507603713188157, "safer": 0.4169681898315389, "boring": 0.4984706489302662, "human": 0.0039419516538962, "vehicle": 0.0387206933437249, "construction": 0.0934415474916115, "nature": 0.1457100403614533, "sky": 0.4584729610345303, "object": 0.0099384601299579, "PI": 0.3435641103571325, "NI": 0.41194223837378535, "length": 332.8799989, "source": 462, "target": 469, "direction": "bi-directional"}, "geometry": {"type": "LineString", "coordinates": [[114.08788041327283, 22.551720208998837], [114.09111632935564, 22.551767009504694]]}}, {"type": "Feature", "properties": {"arc": 656, "wealthier": 0.5961785241630354, "beautiful": 0.5315099302015246, "livelier": 0.6941144573807796, "depressing": 0.3697836828022213, "safer": 0.5684696443074374, "boring": 0.3524058146382585, "human": 0.0074982498631332, "vehicle": 0.0233138691295277, "construction": 0.160599101673473, "nature": 0.2583192767518939, "sky": 0.2821958137281013, "object": 0.0048551848440459, "PI": 0.5365676270726208, "NI": 0.28428976407192086, "length": 270.0050742, "source": 456, "target": 457, "direction": "bi-directional"}, "geometry": {"type": "LineString", "coordinates": [[114.0840485773474, 22.551657974547936], [114.08408054246043, 22.549219917103514]]}}, {"type": "Feature", "properties": {"arc": 657, "wealthier": 0.6019635319267876, "beautiful": 0.53510405039686, "livelier": 0.669668713583642, "depressing": 0.4372980017351472, "safer": 0.5595082172013427, "boring": 0.3379888047575143, "human": 0.0024355720071231, "vehicle": 0.0270537582098269, "construction": 0.100016201243681, "nature": 0.2368372000899969, "sky": 0.3796140633377374, "object": 0.0095536475088082, "PI": 0.46259580462580674, "NI": 0.33261235987579724, "length": 394.2151812, "source": 456, "target": 462, "direction": "bi-directional"}, "geometry": {"type": "LineString", "coordinates": [[114.0840485773474, 22.551657974547936], [114.08589053424834, 22.551678400527827], [114.0867739948985, 22.55170786967085], [114.08788041327283, 22.551720208998837]]}}, {"type": "Feature", "properties": {"arc": 658, "wealthier": 0.2501000811650316, "beautiful": 0.2976135780171476, "livelier": 0.3620155652639297, "depressing": 0.6747543538604229, "safer": 0.2797685689625118, "boring": 0.677613887264422, "human": 0.0029074350992838, "vehicle": 0.0266171657677852, "construction": 0.1607294371633818, "nature": 0.0781260981704249, "sky": 0.461630156545928, "object": 0.0054379665490352, "PI": 0.2151527153165889, "NI": 0.4523319703542053, "length": 255.4261066, "source": 450, "target": 456, "direction": "bi-directional"}, "geometry": {"type": "LineString", "coordinates": [[114.08156579027201, 22.5516186358356], [114.08246375577043, 22.5516210975908], [114.0840485773474, 22.551657974547936]]}}, {"type": "Feature", "properties": {"arc": 660, "wealthier": 0.6036690865806924, "beautiful": 0.5382927766764698, "livelier": 0.656033026214914, "depressing": 0.4194456355388747, "safer": 0.5664065075433898, "boring": 0.3966022659749326, "human": 0.0007606014128654, "vehicle": 0.0404445279029107, "construction": 0.0424588726412865, "nature": 0.3339002670780305, "sky": 0.2914812846850323, "object": 0.0041707766953335, "PI": 0.4651598871127977, "NI": 0.27380268976795596, "length": 840.5935536, "source": 428, "target": 438, "direction": "bi-directional"}, "geometry": {"type": "LineString", "coordinates": [[114.06791153705532, 22.551020935272227], [114.06895328007299, 22.55102714950512], [114.07160557244012, 22.55107977629681], [114.07208961267692, 22.55111832671998], [114.07605653231023, 22.551532178300604]]}}, {"type": "Feature", "properties": {"arc": 661, "wealthier": 0.4186035090572562, "beautiful": 0.367950885116408, "livelier": 0.3844325009066435, "depressing": 0.6474225696140731, "safer": 0.3555284702846301, "boring": 0.6641245302124889, "human": 0.0002770857377485, "vehicle": 0.044015190818093, "construction": 0.0382614135742187, "nature": 0.168518759987571, "sky": 0.4911277077414773, "object": 0.0060584906375769, "PI": 0.26443750123909726, "NI": 0.43002630426800553, "length": 269.9057274, "source": 438, "target": 439, "direction": "bi-directional"}, "geometry": {"type": "LineString", "coordinates": [[114.07605653231023, 22.551532178300604], [114.07608494739706, 22.550569239680016], [114.0760991333087, 22.549095257707304]]}}, {"type": "Feature", "properties": {"arc": 662, "wealthier": 0.2361770429370936, "beautiful": 0.2890539632284218, "livelier": 0.3821022251870516, "depressing": 0.6792180530983619, "safer": 0.2737294642122851, "boring": 0.6446874835832028, "human": 0.0021656976229902, "vehicle": 0.0466375212738479, "construction": 0.1052071391672327, "nature": 0.100072777789572, "sky": 0.4873009280882021, "object": 0.006301078243532, "PI": 0.21012623024841284, "NI": 0.4563988585396281, "length": 566.7973173, "source": 438, "target": 450, "direction": "bi-directional"}, "geometry": {"type": "LineString", "coordinates": [[114.07605653231023, 22.551532178300604], [114.07766222633924, 22.551571310993022], [114.07905614248321, 22.551574571923048], [114.08062754477005, 22.551617001539114], [114.08156579027201, 22.5516186358356]]}}, {"type": "Feature", "properties": {"arc": 664, "wealthier": 0.3532490868340365, "beautiful": 0.3438923790710512, "livelier": 0.3196541007648442, "depressing": 0.630647217001811, "safer": 0.3203392615014398, "boring": 0.7242565788105427, "human": 0.0008643281226064, "vehicle": 0.0404607735428155, "construction": 0.1084885690726485, "nature": 0.0983568827311197, "sky": 0.4895263372683057, "object": 0.0037477530685125, "PI": 0.21974132878106575, "NI": 0.4431604316187574, "length": 429.2731282, "source": 420, "target": 421, "direction": "bi-directional"}, "geometry": {"type": "LineString", "coordinates": [[114.06272428889609, 22.551412445313467], [114.06276707499481, 22.549736265406544], [114.0627996942378, 22.547536641323823]]}}, {"type": "Feature", "properties": {"arc": 665, "wealthier": 0.4456074404097943, "beautiful": 0.3696225635265284, "livelier": 0.5729895630918739, "depressing": 0.6478228553983514, "safer": 0.3466290431516226, "boring": 0.4738530316370971, "human": 0.0008140246073404, "vehicle": 0.0468982696533203, "construction": 0.0524932225545247, "nature": 0.2533461888631185, "sky": 0.3795901298522949, "object": 0.0066548983256022, "PI": 0.33266167835096505, "NI": 0.37626488212092996, "length": 535.3102254, "source": 420, "target": 428, "direction": "bi-directional"}, "geometry": {"type": "LineString", "coordinates": [[114.06272428889609, 22.551412445313467], [114.06791153705532, 22.551020935272227]]}}, {"type": "Feature", "properties": {"arc": 666, "wealthier": 0.280113522402107, "beautiful": 0.2914261636917209, "livelier": 0.4610918329633156, "depressing": 0.7096133936874179, "safer": 0.2710260355323058, "boring": 0.6271122126116132, "human": 0.0017113862214265, "vehicle": 0.0223664177788628, "construction": 0.1031375461154513, "nature": 0.2360272584138093, "sky": 0.3665750291612413, "object": 0.0075336032443576, "PI": 0.2614404999656899, "NI": 0.4145916858932816, "length": 218.9754336, "source": 399, "target": 400, "direction": "bi-directional"}, "geometry": {"type": "LineString", "coordinates": [[114.05787054309758, 22.551325770272697], [114.05791006258401, 22.549348687880116]]}}, {"type": "Feature", "properties": {"arc": 668, "wealthier": 0.4915308687059175, "beautiful": 0.3245903982243825, "livelier": 0.5695710338806483, "depressing": 0.6884964610199408, "safer": 0.3771889480536524, "boring": 0.5751648533926799, "human": 0.0010207494099934, "vehicle": 0.0199874560038248, "construction": 0.0845059712727864, "nature": 0.0778085708618164, "sky": 0.5202184359232584, "object": 0.0040713310241699, "PI": 0.29554293192479264, "NI": 0.4151183456488712, "length": 499.3526409, "source": 399, "target": 420, "direction": "bi-directional"}, "geometry": {"type": "LineString", "coordinates": [[114.05787054309758, 22.551325770272697], [114.06047985859593, 22.551388457984935], [114.06272428889609, 22.551412445313467]]}}, {"type": "Feature", "properties": {"arc": 670, "wealthier": 0.4625599389302025, "beautiful": 0.3450865068667711, "livelier": 0.4611709856829729, "depressing": 0.6905745638235169, "safer": 0.3587493740894958, "boring": 0.6581579534426055, "human": 0.0007392742015697, "vehicle": 0.011166113394278, "construction": 0.0518115714744285, "nature": 0.1226093150951244, "sky": 0.5137305789523654, "object": 0.0035054948594835, "PI": 0.2776841803961322, "NI": 0.40779982145160143, "length": 216.554086, "source": 392, "target": 399, "direction": "bi-directional"}, "geometry": {"type": "LineString", "coordinates": [[114.05576521367485, 22.55131451961607], [114.05787054309758, 22.551325770272697]]}}, {"type": "Feature", "properties": {"arc": 671, "wealthier": 0.4337523049678229, "beautiful": 0.3748532033315147, "livelier": 0.4889084470391654, "depressing": 0.6580873929176607, "safer": 0.3478151230637082, "boring": 0.6578512095294771, "human": 0.0012567543689115, "vehicle": 0.0149592882321204, "construction": 0.0429940871250482, "nature": 0.1606150968575183, "sky": 0.4888835954077449, "object": 0.0043518867021725, "PI": 0.2977769992580442, "NI": 0.4000756437536627, "length": 701.694942, "source": 374, "target": 351, "direction": "bi-directional"}, "geometry": {"type": "LineString", "coordinates": [[114.05106010008906, 22.55123367455724], [114.04426688324907, 22.550652792305932]]}}, {"type": "Feature", "properties": {"arc": 672, "wealthier": 0.405063425254475, "beautiful": 0.365425905656533, "livelier": 0.4956543881572607, "depressing": 0.6210401375249527, "safer": 0.3275805609613724, "boring": 0.5296915637163456, "human": 0.001806100209554, "vehicle": 0.0467246373494466, "construction": 0.038728912671407, "nature": 0.3078129291534424, "sky": 0.3524476289749145, "object": 0.0042964220046997, "PI": 0.33264357194367017, "NI": 0.35479208926268674, "length": 428.302282, "source": 374, "target": 375, "direction": "bi-directional"}, "geometry": {"type": "LineString", "coordinates": [[114.05106010008906, 22.55123367455724], [114.05114462713873, 22.5473667548083]]}}, {"type": "Feature", "properties": {"arc": 673, "wealthier": 0.4857226236928657, "beautiful": 0.3416797843537863, "livelier": 0.4769049728238686, "depressing": 0.6492003266318308, "safer": 0.3677625669630419, "boring": 0.6084461197715005, "human": 0.0011701416551021, "vehicle": 0.009556352046498, "construction": 0.0869147986696477, "nature": 0.1048217572663959, "sky": 0.500313775581226, "object": 0.0070235603734066, "PI": 0.2866942808780974, "NI": 0.41944422957502, "length": 484.042713, "source": 374, "target": 392, "direction": "bi-directional"}, "geometry": {"type": "LineString", "coordinates": [[114.05106010008906, 22.55123367455724], [114.05576521367485, 22.55131451961607]]}}, {"type": "Feature", "properties": {"arc": 674, "wealthier": 0.6824746799436704, "beautiful": 0.6190002902701595, "livelier": 0.6624364749109248, "depressing": 0.3688264950648931, "safer": 0.6327769539132192, "boring": 0.3428648173861555, "human": 0.0007569789886474, "vehicle": 0.0319046974182128, "construction": 0.0323385927412245, "nature": 0.3091013696458604, "sky": 0.3842227194044325, "object": 0.0035372840033637, "PI": 0.5003534095888819, "NI": 0.26732600506724585, "length": 703.79946, "source": 229, "target": 226, "direction": "bi-directional"}, "geometry": {"type": "LineString", "coordinates": [[113.96072436074452, 22.549552203286627], [113.959758363369, 22.543260310153926]]}}, {"type": "Feature", "properties": {"arc": 675, "wealthier": 0.6802681455733619, "beautiful": 0.5976143981145116, "livelier": 0.7893139827627911, "depressing": 0.3451404398438725, "safer": 0.6580040086789921, "boring": 0.2926853714689192, "human": 0.0119740259079706, "vehicle": 0.0549956367129371, "construction": 0.1501625787644159, "nature": 0.3190961746942429, "sky": 0.2220929827008929, "object": 0.0046951112293061, "PI": 0.6692688908090151, "NI": 0.27163275622370026, "length": 1098.741414, "source": 229, "target": 239, "direction": "bi-directional"}, "geometry": {"type": "LineString", "coordinates": [[113.96072436074452, 22.549552203286627], [113.96295528465441, 22.54957202119278], [113.96311497248958, 22.549544118644167], [113.96321220915888, 22.54949442966923], [113.96327513556491, 22.549425600664545], [113.96331927597731, 22.5493327405759], [113.96336435453435, 22.54913751328675], [113.96363952489912, 22.54729355078891], [113.96406346412469, 22.54519814374917], [113.9641069824825, 22.54482121504675], [113.96409398146433, 22.54461403942806], [113.96405543187149, 22.544434557131158], [113.96384912212758, 22.543813529696983], [113.96334766711468, 22.54208418174682]]}}, {"type": "Feature", "properties": {"arc": 676, "wealthier": 0.4052173835972326, "beautiful": 0.4266455597679423, "livelier": 0.4075751449215348, "depressing": 0.604483261800359, "safer": 0.3772879972810792, "boring": 0.6757700137563598, "human": 0.0001377692589393, "vehicle": 0.0227260589599609, "construction": 0.0952788621951372, "nature": 0.2069164667374048, "sky": 0.4555236620780749, "object": 0.0060458061022636, "PI": 0.2891442570584935, "NI": 0.4172207841768132, "length": 319.848819, "source": 266, "target": 269, "direction": "bi-directional"}, "geometry": {"type": "LineString", "coordinates": [[113.97982472356723, 22.550097400267234], [113.98034204081999, 22.549816352991293], [113.9810155879297, 22.54942635145812], [113.98160914993353, 22.549037385099126], [113.98224667610732, 22.548576948093448], [113.98238536091245, 22.54846663988233]]}}, {"type": "Feature", "properties": {"arc": 677, "wealthier": 0.5505921767648513, "beautiful": 0.4990168450766826, "livelier": 0.6276814105291206, "depressing": 0.4619265473091377, "safer": 0.5224031623574517, "boring": 0.4445824149785849, "human": 0.0012553078787667, "vehicle": 0.0448312759399414, "construction": 0.1164538065592447, "nature": 0.2435483932495117, "sky": 0.3455140704200382, "object": 0.0039000738234747, "PI": 0.41911985180611766, "NI": 0.3303642974080239, "length": 364.2640748, "source": 560, "target": 561, "direction": "bi-directional"}, "geometry": {"type": "LineString", "coordinates": [[114.12585517346916, 22.5527911127526], [114.12590592837452, 22.55081593825956], [114.12591191316828, 22.54950225806841]]}}, {"type": "Feature", "properties": {"arc": 678, "wealthier": 0.6581036464909755, "beautiful": 0.5243186365517197, "livelier": 0.5796457703549605, "depressing": 0.3935631399932923, "safer": 0.5213950341214391, "boring": 0.3793154146678618, "human": 0.0009039772881401, "vehicle": 0.0092757013108995, "construction": 0.0382922490437825, "nature": 0.3810189035203721, "sky": 0.3350440131293402, "object": 0.0085588561164008, "PI": 0.46302084407940014, "NI": 0.2805744842184943, "length": 351.6430669, "source": 150, "target": 151, "direction": "bi-directional"}, "geometry": {"type": "LineString", "coordinates": [[113.93709430815161, 22.54932887399184], [113.93713057231668, 22.548391259652668], [113.9371687708529, 22.546154301937413]]}}, {"type": "Feature", "properties": {"arc": 679, "wealthier": 0.4424128970521212, "beautiful": 0.3950467549006113, "livelier": 0.4702730481716646, "depressing": 0.5327008841116507, "safer": 0.3763575451386199, "boring": 0.5367749294429643, "human": 0.0004403988520304, "vehicle": 0.0038692951202392, "construction": 0.0441531340281168, "nature": 0.2313965956370036, "sky": 0.4533156951268514, "object": 0.0091643730799357, "PI": 0.3117445430375632, "NI": 0.36774797077217597, "length": 415.322144, "source": 136, "target": 134, "direction": "bi-directional"}, "geometry": {"type": "LineString", "coordinates": [[113.9338884190364, 22.54928081061989], [113.93374065023104, 22.54862707171314], [113.93355439109645, 22.54764196750622], [113.93351107839344, 22.54732823533149], [113.9335050513093, 22.546363092092875], [113.9335304063328, 22.545562570540095]]}}, {"type": "Feature", "properties": {"arc": 680, "wealthier": 0.3831122839819103, "beautiful": 0.36928978389137, "livelier": 0.3491916917468386, "depressing": 0.5976512348944631, "safer": 0.3270753569564337, "boring": 0.6892489251564511, "human": 0.000128564380464, "vehicle": 0.0037080673944382, "construction": 0.0329491297403971, "nature": 0.2912083126249767, "sky": 0.4774169013613745, "object": 0.0052222751435779, "PI": 0.27557701378492994, "NI": 0.3852490026889133, "length": 329.8316914, "source": 136, "target": 150, "direction": "bi-directional"}, "geometry": {"type": "LineString", "coordinates": [[113.9338884190364, 22.54928081061989], [113.93610788194609, 22.549333183332436], [113.93709430815161, 22.54932887399184]]}}, {"type": "Feature", "properties": {"arc": 681, "wealthier": 0.7290983810626553, "beautiful": 0.5761141185355616, "livelier": 0.7420930759188511, "depressing": 0.3079251294195563, "safer": 0.6334290929623814, "boring": 0.2621208078907614, "human": 0.0007294673545687, "vehicle": 0.0188383962593826, "construction": 0.035929287181181, "nature": 0.3753356185613893, "sky": 0.332645902446672, "object": 0.0075065014409083, "PI": 0.5323531985828823, "NI": 0.24359591835600555, "length": 389.7850553, "source": 123, "target": 121, "direction": "bi-directional"}, "geometry": {"type": "LineString", "coordinates": [[113.93126802952813, 22.549262357764153], [113.93114298573367, 22.54885291782277], [113.93101564584353, 22.548361909526765], [113.93091853479599, 22.54793168136618], [113.93088497241298, 22.547707616979732], [113.93087116408117, 22.546356360715542], [113.93087606913375, 22.546050650570724], [113.93087876748467, 22.545784284791253]]}}, {"type": "Feature", "properties": {"arc": 682, "wealthier": 0.5622000399758731, "beautiful": 0.532428773927917, "livelier": 0.5112669345722158, "depressing": 0.4352776217478414, "safer": 0.4926764271220652, "boring": 0.4448840624340817, "human": 0.0003067363392223, "vehicle": 0.0103355754505504, "construction": 0.022234483198686, "nature": 0.3354382948441939, "sky": 0.4358721646395596, "object": 0.004578330300071, "PI": 0.4105934872196934, "NI": 0.29881634749316605, "length": 269.5526925, "source": 123, "target": 136, "direction": "bi-directional"}, "geometry": {"type": "LineString", "coordinates": [[113.93126802952813, 22.549262357764153], [113.93326932187534, 22.549266581674058], [113.9338884190364, 22.54928081061989]]}}, {"type": "Feature", "properties": {"arc": 683, "wealthier": 0.5118389275501808, "beautiful": 0.5576071759826537, "livelier": 0.4965839681318421, "depressing": 0.4293713531718359, "safer": 0.5037564326344389, "boring": 0.4993214964264615, "human": 0.0010039409001668, "vehicle": 0.0495707194010416, "construction": 0.0769895315170288, "nature": 0.3693565924962361, "sky": 0.3036548296610514, "object": 0.004900852839152, "PI": 0.42285671799669894, "NI": 0.31932949844294317, "length": 416.5063684, "source": 114, "target": 105, "direction": "bi-directional"}, "geometry": {"type": "LineString", "coordinates": [[113.9286917187122, 22.549267630631913], [113.9282866325461, 22.54820634921236], [113.92741638808555, 22.546330148360607], [113.92727976071178, 22.54596445983027], [113.92722079305096, 22.54576673124048]]}}, {"type": "Feature", "properties": {"arc": 685, "wealthier": 0.6639953211727565, "beautiful": 0.5514048645353457, "livelier": 0.7137248199394557, "depressing": 0.3274145460356676, "safer": 0.6014719421208358, "boring": 0.21141193615284, "human": 0.0028782193622891, "vehicle": 0.0165114629836309, "construction": 0.0925482492598276, "nature": 0.3802026112874349, "sky": 0.2698076944502573, "object": 0.006956312391493, "PI": 0.5337416361952921, "NI": 0.2341730506984354, "length": 692.423787, "source": 92, "target": 90, "direction": "bi-directional"}, "geometry": {"type": "LineString", "coordinates": [[113.92308884363223, 22.549191785289256], [113.92251916052857, 22.545574374712434], [113.9224550970303, 22.544796813858696], [113.92237766497719, 22.542981154684604]]}}, {"type": "Feature", "properties": {"arc": 686, "wealthier": 0.7825803518176383, "beautiful": 0.5933445483938531, "livelier": 0.7560359261443557, "depressing": 0.2958269622154146, "safer": 0.6342616001348188, "boring": 0.2686115873056423, "human": 0.0024282932281494, "vehicle": 0.0309256712595621, "construction": 0.0457352532280816, "nature": 0.406485186682807, "sky": 0.2658609284294976, "object": 0.0056748655107286, "PI": 0.5770043513326248, "NI": 0.2250190924609354, "length": 576.4421116, "source": 92, "target": 114, "direction": "bi-directional"}, "geometry": {"type": "LineString", "coordinates": [[113.92308884363223, 22.549191785289256], [113.92421709635944, 22.549200571745445], [113.92534757558941, 22.549241665949708], [113.92652755062538, 22.549244604051925], [113.92722513589973, 22.54926565111174], [113.9286917187122, 22.549267630631913]]}}, {"type": "Feature", "properties": {"arc": 687, "wealthier": 0.5264523630247151, "beautiful": 0.4247788423756264, "livelier": 0.6497750039682798, "depressing": 0.5039499136142515, "safer": 0.4621684726731337, "boring": 0.382333434752576, "human": 0.0010272471110026, "vehicle": 0.0263349405924479, "construction": 0.1229153442382812, "nature": 0.2093785095214844, "sky": 0.4059085083007812, "object": 0.0046606190999348, "PI": 0.3835731829555103, "NI": 0.3368604668498158, "length": 673.4736991, "source": 74, "target": 77, "direction": "bi-directional"}, "geometry": {"type": "LineString", "coordinates": [[113.91845249284833, 22.54919782188889], [113.91864034410895, 22.54727109545794], [113.91907986133158, 22.54314415024019]]}}, {"type": "Feature", "properties": {"arc": 688, "wealthier": 0.7238181843524153, "beautiful": 0.6232309299152905, "livelier": 0.6659500663975692, "depressing": 0.2764511255042959, "safer": 0.6380509491157598, "boring": 0.3270019319139263, "human": 0.0023545310610816, "vehicle": 0.0165299006870814, "construction": 0.0379503795078822, "nature": 0.4603741963704427, "sky": 0.211776506333124, "object": 0.0035373142787388, "PI": 0.5679995457801855, "NI": 0.19076472045741036, "length": 476.8947045, "source": 74, "target": 92, "direction": "bi-directional"}, "geometry": {"type": "LineString", "coordinates": [[113.91845249284833, 22.54919782188889], [113.92308884363223, 22.549191785289256]]}}, {"type": "Feature", "properties": {"arc": 689, "wealthier": 0.3376798165353186, "beautiful": 0.2738967198081467, "livelier": 0.2058890288242524, "depressing": 0.7443910741698041, "safer": 0.2461118558713614, "boring": 0.8474693484653562, "human": 0.0002477736700148, "vehicle": 0.0067777179536365, "construction": 0.1330691746303013, "nature": 0.0742403060670883, "sky": 0.5384484548417348, "object": 0.0066112942165798, "PI": 0.1552194496359934, "NI": 0.49965351331152164, "length": 640.71671, "source": 31, "target": 24, "direction": "bi-directional"}, "geometry": {"type": "LineString", "coordinates": [[113.89996426775721, 22.548872273075446], [113.8989503200067, 22.54838979532796], [113.89679732378679, 22.54695072807471], [113.89635560121204, 22.54661371740192], [113.89606752127199, 22.546347655763118], [113.89562579869724, 22.545957431098383], [113.89502083082306, 22.54540313280284]]}}, {"type": "Feature", "properties": {"arc": 690, "wealthier": 0.4429701399643785, "beautiful": 0.3950135833088294, "livelier": 0.2364394039845898, "depressing": 0.6029426247570228, "safer": 0.3415672662499801, "boring": 0.8244147385032531, "human": 5.687811435797274e-05, "vehicle": 0.0060537778414212, "construction": 0.0605081656040289, "nature": 0.1236936862652118, "sky": 0.548185593042618, "object": 0.0042785008748372, "PI": 0.22849295855587792, "NI": 0.4343674560789208, "length": 679.4794276, "source": 31, "target": 37, "direction": "bi-directional"}, "geometry": {"type": "LineString", "coordinates": [[113.89996426775721, 22.548872273075446], [113.90181350560135, 22.546808217029767], [113.90217957865576, 22.546416574264], [113.90263871009373, 22.545973860938552], [113.90312273342109, 22.54556807940261], [113.903703557415, 22.545145235538797], [113.90462357759212, 22.54457722758603]]}}, {"type": "Feature", "properties": {"arc": 693, "wealthier": 0.3039079942340762, "beautiful": 0.2153158381396594, "livelier": 0.5476071161566749, "depressing": 0.732273173429528, "safer": 0.2749072967363696, "boring": 0.5575189656190797, "human": 0.002074468703497, "vehicle": 0.0342226936703636, "construction": 0.1948370706467401, "nature": 0.062756720043364, "sky": 0.4483849661690848, "object": 0.0064032872517903, "PI": 0.23013604767445114, "NI": 0.4605168208242038, "length": 412.6646743, "source": 161, "target": 162, "direction": "bi-directional"}, "geometry": {"type": "LineString", "coordinates": [[113.94054833451014, 22.54989376329569], [113.94061602185715, 22.546167789364052]]}}, {"type": "Feature", "properties": {"arc": 696, "wealthier": 0.8289265643246956, "beautiful": 0.6799414044576164, "livelier": 0.8433187950055131, "depressing": 0.2284923443290697, "safer": 0.745134682853677, "boring": 0.1207158361888708, "human": 0.0041495337002519, "vehicle": 0.0237464904785156, "construction": 0.0945890951847684, "nature": 0.4769543910372085, "sky": 0.1556563722914543, "object": 0.0073387588279834, "PI": 0.6767034393051783, "NI": 0.1770902590203055, "length": 495.4097414, "source": 161, "target": 180, "direction": "bi-directional"}, "geometry": {"type": "LineString", "coordinates": [[113.94054833451014, 22.54989376329569], [113.94106660753319, 22.54992774623081], [113.941709690523, 22.549927375107238], [113.9420108799306, 22.54989433756919], [113.94229450633317, 22.549819935121956], [113.94257038904124, 22.54969918612117], [113.94279803810167, 22.549564810204178], [113.94303630225856, 22.549382478668903], [113.9435182548468, 22.548974904218074], [113.94381797001051, 22.548769806138544], [113.94407889336078, 22.548651415058323], [113.94455445420995, 22.548502156198513], [113.94488235208226, 22.54837365475053]]}}, {"type": "Feature", "properties": {"arc": 698, "wealthier": 0.6323664852182037, "beautiful": 0.5397504543560114, "livelier": 0.8513895528290896, "depressing": 0.3837818005338115, "safer": 0.6192072029524809, "boring": 0.2001660096394708, "human": 0.0060285235208178, "vehicle": 0.0334826272631448, "construction": 0.1323143792530846, "nature": 0.3872542608351935, "sky": 0.1552928742908295, "object": 0.0065496232774522, "PI": 0.5974923865357136, "NI": 0.23371666150039574, "length": 497.1479705, "source": 502, "target": 487, "direction": "bi-directional"}, "geometry": {"type": "LineString", "coordinates": [[114.10414130422667, 22.553051843499972], [114.1038480720595, 22.55300975045931], [114.10364053785895, 22.55295885865597], [114.10067901481223, 22.552075778917533], [114.10042354531112, 22.552027902727794], [114.09988873087546, 22.55199206517646], [114.09947987178295, 22.551927087114887]]}}, {"type": "Feature", "properties": {"arc": 699, "wealthier": 0.5298502214805562, "beautiful": 0.4622630343529404, "livelier": 0.7744016735069909, "depressing": 0.4806900114131011, "safer": 0.5042969812379584, "boring": 0.2484880556496187, "human": 0.0045787811279296, "vehicle": 0.0316865603129069, "construction": 0.2488009452819824, "nature": 0.2819295247395833, "sky": 0.1955861727396647, "object": 0.0079795519510904, "PI": 0.4857124562418645, "NI": 0.31601175722333075, "length": 454.8725448, "source": 502, "target": 503, "direction": "bi-directional"}, "geometry": {"type": "LineString", "coordinates": [[114.10414130422667, 22.553051843499972], [114.10435147812508, 22.552753497922822], [114.10464206031259, 22.55227541101631], [114.10507708396169, 22.551690276925644], [114.10517670342088, 22.551499749236086], [114.10523382790014, 22.551314925480536], [114.10525652692989, 22.551106818976383], [114.10523674904235, 22.550820853165114], [114.1050297541094, 22.549709585467298], [114.10491683221746, 22.549258203574276]]}}, {"type": "Feature", "properties": {"arc": 702, "wealthier": 0.4513792176776923, "beautiful": 0.3606279303802192, "livelier": 0.571497521747325, "depressing": 0.6231870208544017, "safer": 0.3750290831348031, "boring": 0.5253458522592628, "human": 0.0022969496877569, "vehicle": 0.027021006533974, "construction": 0.2434661932158889, "nature": 0.1017688951994243, "sky": 0.3659290514494243, "object": 0.0053096570466694, "PI": 0.3173821212511425, "NI": 0.4161135399465729, "length": 539.6688675, "source": 197, "target": 199, "direction": "bi-directional"}, "geometry": {"type": "LineString", "coordinates": [[113.94891683562145, 22.55061951180267], [113.9489645563205, 22.548647271396774], [113.94896895363082, 22.54751965326528], [113.94902131067943, 22.54574728842403]]}}, {"type": "Feature", "properties": {"arc": 703, "wealthier": 0.534035557062564, "beautiful": 0.4087064775258673, "livelier": 0.8406953666753525, "depressing": 0.4888164554573829, "safer": 0.5000973668063124, "boring": 0.2265914913905658, "human": 0.0089241209484282, "vehicle": 0.0268307277134486, "construction": 0.2534302666073754, "nature": 0.1667525518508184, "sky": 0.3072805858793712, "object": 0.0059606279645647, "PI": 0.5147198078699273, "NI": 0.33007060625805634, "length": 998.8315323, "source": 502, "target": 510, "direction": "bi-directional"}, "geometry": {"type": "LineString", "coordinates": [[114.10414130422667, 22.553051843499972], [114.1045856139226, 22.553274893217782], [114.10499732885715, 22.553434461719107], [114.10532643558727, 22.553516076577115], [114.10556598386097, 22.553522765792977], [114.10574323628171, 22.553487872521924], [114.10591052943747, 22.55342204405929], [114.10643548356106, 22.553138927469874], [114.10714306032433, 22.552831970109413], [114.10722888460798, 22.552778082361375], [114.10730393234358, 22.55269383741861], [114.10734338932949, 22.552601095719947], [114.10737117063046, 22.552418418171346], [114.10738812138307, 22.551458542204678], [114.10742954455964, 22.55100275848494], [114.10768230383, 22.549058009269114], [114.10797611095161, 22.54697076365623]]}}, {"type": "Feature", "properties": {"arc": 704, "wealthier": 0.6988878511456287, "beautiful": 0.5417316644065107, "livelier": 0.8786687261800283, "depressing": 0.3715043487270961, "safer": 0.6594271583588663, "boring": 0.1855991349778691, "human": 0.0076431345056604, "vehicle": 0.0364595342565465, "construction": 0.157374311376501, "nature": 0.3323803654423466, "sky": 0.2032483595388906, "object": 0.0080037823429814, "PI": 0.6283598578747615, "NI": 0.2612892213493221, "length": 902.0716061, "source": 526, "target": 512, "direction": "bi-directional"}, "geometry": {"type": "LineString", "coordinates": [[114.11526205098026, 22.55374163176556], [114.11489032471067, 22.55346281096238], [114.11462339758296, 22.553211625478287], [114.11441010018211, 22.55292459978338], [114.11407848103124, 22.552394766208497], [114.11395470347814, 22.55214241083329], [114.11387497775698, 22.551901753580086], [114.11359250875836, 22.550537683977957], [114.11351952657307, 22.550304272671102], [114.11340850946448, 22.55012680276603], [114.1130958938607, 22.54978224704935], [114.11297407387188, 22.549623124048363], [114.11257015336791, 22.54887675969657], [114.1124099730702, 22.548642690696987], [114.11222101931892, 22.548452102310296], [114.11192120241489, 22.54822029939792], [114.11162984579443, 22.548016996513617], [114.11141156209627, 22.54790377422928], [114.11122685440458, 22.547837580767375], [114.11099959268347, 22.54778717696204], [114.11028260824379, 22.54771821881877]]}}, {"type": "Feature", "properties": {"arc": 705, "wealthier": 0.4070308923955385, "beautiful": 0.322184304598469, "livelier": 0.7392366634033462, "depressing": 0.5883219008386754, "safer": 0.4125558199379148, "boring": 0.3480058765496272, "human": 0.0071968805222284, "vehicle": 0.0335132962181454, "construction": 0.2874358495076498, "nature": 0.0739427294049944, "sky": 0.355323973156157, "object": 0.0069554192679268, "PI": 0.3965689634345208, "NI": 0.4046958280591965, "length": 350.9821294, "source": 526, "target": 533, "direction": "bi-directional"}, "geometry": {"type": "LineString", "coordinates": [[114.11526205098026, 22.55374163176556], [114.11557007683314, 22.55328727066972], [114.11606103601068, 22.552680822255716], [114.11723937118201, 22.551159915081733]]}}, {"type": "Feature", "properties": {"arc": 706, "wealthier": 0.3204666129107995, "beautiful": 0.1931284298933085, "livelier": 0.4294046349230423, "depressing": 0.7621285772000063, "safer": 0.2641591444621722, "boring": 0.6382193136237362, "human": 0.0003108978271484, "vehicle": 0.0129994286431206, "construction": 0.1422253449757893, "nature": 0.0380276574028862, "sky": 0.5407550070020889, "object": 0.003313144048055, "PI": 0.1755466011630267, "NI": 0.4541801799540692, "length": 569.0823093, "source": 216, "target": 219, "direction": "bi-directional"}, "geometry": {"type": "LineString", "coordinates": [[113.95380901865529, 22.551150460085378], [113.9544906094629, 22.549858658421428], [113.95468875719924, 22.549437875754037], [113.95480859481793, 22.549069472160063], [113.95489089508675, 22.54862387267388], [113.95490639694115, 22.548109649690748], [113.95489099891766, 22.547897789877435], [113.95484865802328, 22.547621624923185], [113.95468198258182, 22.546939067095224], [113.95449108339152, 22.546263385815337]]}}, {"type": "Feature", "properties": {"arc": 712, "wealthier": 0.5161390471090043, "beautiful": 0.4885001236981662, "livelier": 0.7566018010821024, "depressing": 0.4671808995924686, "safer": 0.5175024845677912, "boring": 0.3193022601720787, "human": 0.0064929326375325, "vehicle": 0.0559657017389933, "construction": 0.1967529455820719, "nature": 0.3474399248758951, "sky": 0.1543253660202026, "object": 0.0039089520772298, "PI": 0.527605307664521, "NI": 0.2908119165176617, "length": 461.5321485, "source": 571, "target": 566, "direction": "bi-directional"}, "geometry": {"type": "LineString", "coordinates": [[114.1303046523089, 22.55464135142671], [114.130333810921, 22.554206961557977], [114.13036649293637, 22.553192771499123], [114.130351593549, 22.552835795414914], [114.13030533809213, 22.552594877057288], [114.13024903017659, 22.552433912752587], [114.13017427160042, 22.55228227097647], [114.12974702860507, 22.551646986285036], [114.12948124846075, 22.55114707101385], [114.1292350972547, 22.5507326287362]]}}, {"type": "Feature", "properties": {"arc": 713, "wealthier": 0.7775257039140856, "beautiful": 0.8200714562650205, "livelier": 0.6929492861891183, "depressing": 0.1893653624057346, "safer": 0.7839197382960782, "boring": 0.2401092071004576, "human": 0.0006375153859456, "vehicle": 0.0083029905954996, "construction": 0.0527443250020345, "nature": 0.6435711860656739, "sky": 0.0839492479960123, "object": 0.0038634141286214, "PI": 0.6685846953990967, "NI": 0.12517650920574558, "length": 1016.130757, "source": 254, "target": 265, "direction": "bi-directional"}, "geometry": {"type": "LineString", "coordinates": [[113.9723879765477, 22.55191047465763], [113.97223732378761, 22.55027142249724], [113.97222293394587, 22.549926943160035], [113.972253670073, 22.549717239612452], [113.97231314001283, 22.54955569656067], [113.9724070702056, 22.549408389412182], [113.97255521702603, 22.549259735245144], [113.97281454211667, 22.54909537521597], [113.97404779035756, 22.54846693228939], [113.974264826995, 22.548367569305817], [113.97441994083674, 22.548319180214428], [113.97463416588981, 22.54830898238706], [113.97528054722139, 22.548424061243807], [113.97561057107407, 22.54844528375834], [113.97671539872067, 22.548365427812197], [113.97694601812582, 22.548324239534274], [113.97715683275757, 22.548254824267584], [113.97731136241023, 22.54818312785122], [113.97745103627096, 22.54809643347271], [113.97759858143519, 22.54798079270314], [113.97774475126499, 22.547841207583712], [113.97821478561607, 22.547300098102912], [113.97832401377394, 22.5471436600965], [113.97848224771798, 22.546870924182638]]}}, {"type": "Feature", "properties": {"arc": 714, "wealthier": 0.2408731431566931, "beautiful": 0.2850266518931208, "livelier": 0.2213599654994541, "depressing": 0.757532816961696, "safer": 0.2101577518489323, "boring": 0.7303350702189904, "human": 0.0005525931333884, "vehicle": 0.0340835864727313, "construction": 0.0481387896415514, "nature": 0.117949461325621, "sky": 0.528708237868089, "object": 0.006909932845678, "PI": 0.15203134771398827, "NI": 0.47312524381080695, "length": 328.5335462, "source": 445, "target": 438, "direction": "bi-directional"}, "geometry": {"type": "LineString", "coordinates": [[114.07795721971405, 22.55391650049563], [114.07605653231023, 22.551532178300604]]}}, {"type": "Feature", "properties": {"arc": 716, "wealthier": 0.5361464572012024, "beautiful": 0.4316330543036621, "livelier": 0.4646897945977596, "depressing": 0.5684444779400484, "safer": 0.4562107220044195, "boring": 0.5834853932779882, "human": 0.0009127934773763, "vehicle": 0.035860252380371, "construction": 0.0805754343668619, "nature": 0.1417409896850586, "sky": 0.4780773162841797, "object": 0.005598513285319, "PI": 0.3310896055662868, "NI": 0.4028188422109424, "length": 266.1922627, "source": 468, "target": 469, "direction": "bi-directional"}, "geometry": {"type": "LineString", "coordinates": [[114.09107051585733, 22.554170439306482], [114.09111632935564, 22.551767009504694]]}}, {"type": "Feature", "properties": {"arc": 717, "wealthier": 0.6669819094480148, "beautiful": 0.5621058377999834, "livelier": 0.7272381291860085, "depressing": 0.3595337248781761, "safer": 0.6036285151895777, "boring": 0.2895613271223414, "human": 0.0037822723388671, "vehicle": 0.0232039364901455, "construction": 0.0727041417902166, "nature": 0.4167396083022609, "sky": 0.2207224296801018, "object": 0.0063659205581202, "PI": 0.5598283390530315, "NI": 0.23510815134781873, "length": 366.9146192, "source": 445, "target": 449, "direction": "bi-directional"}, "geometry": {"type": "LineString", "coordinates": [[114.07795721971405, 22.55391650049563], [114.08091620961588, 22.553950756560454], [114.08114656344345, 22.553964351348778], [114.08151978707615, 22.554015193696674]]}}, {"type": "Feature", "properties": {"arc": 718, "wealthier": 0.4680338696971286, "beautiful": 0.486048991840094, "livelier": 0.5009536923829968, "depressing": 0.5188783362245862, "safer": 0.4671596994673204, "boring": 0.5206448168564112, "human": 0.002498857902758, "vehicle": 0.023834517507842, "construction": 0.1129035949707031, "nature": 0.249969482421875, "sky": 0.3797260631214488, "object": 0.0064241813890861, "PI": 0.385437586633768, "NI": 0.3623297002708065, "length": 265.4778466, "source": 449, "target": 450, "direction": "bi-directional"}, "geometry": {"type": "LineString", "coordinates": [[114.08151978707615, 22.554015193696674], [114.08151179354044, 22.55362498698472], [114.0815271402644, 22.552654424279975], [114.08156579027201, 22.5516186358356]]}}, {"type": "Feature", "properties": {"arc": 720, "wealthier": 0.8604295688357346, "beautiful": 0.7855936466797313, "livelier": 0.8424960192506425, "depressing": 0.1588888616901886, "safer": 0.8602251339434835, "boring": 0.1530036995544047, "human": 0.0017401604425339, "vehicle": 0.0158098084586007, "construction": 0.07748658316476, "nature": 0.4968935421534948, "sky": 0.1160085314796084, "object": 0.0074455397469656, "PI": 0.6960930169700825, "NI": 0.14848517961087473, "length": 788.6719434, "source": 340, "target": 332, "direction": "bi-directional"}, "geometry": {"type": "LineString", "coordinates": [[114.03990861603506, 22.55336935693735], [114.03917126708704, 22.55322182899413], [114.03866176145395, 22.55308673603479], [114.03842333116168, 22.55300277111776], [114.03624672676133, 22.55190152009138], [114.03608018636126, 22.551799350317957], [114.0359832417151, 22.551699119855567], [114.0359475278782, 22.551621933983498], [114.03593330521005, 22.55154156683352], [114.0359548783694, 22.551318175730355], [114.0365647720887, 22.548698384401217]]}}, {"type": "Feature", "properties": {"arc": 721, "wealthier": 0.5816771746916944, "beautiful": 0.572362560050448, "livelier": 0.7931882792799094, "depressing": 0.3961714302367541, "safer": 0.574277387517412, "boring": 0.1458300138079123, "human": 0.0026217815922755, "vehicle": 0.0369130676867915, "construction": 0.1052112953335631, "nature": 0.2989796283198338, "sky": 0.2819250144210516, "object": 0.0062236785888671, "PI": 0.5105081132467435, "NI": 0.2530791644419336, "length": 426.3054814, "source": 340, "target": 339, "direction": "bi-directional"}, "geometry": {"type": "LineString", "coordinates": [[114.03990861603506, 22.55336935693735], [114.03986804556452, 22.55297404856484], [114.03985843015155, 22.552673952728416], [114.03985866030511, 22.54952159793275]]}}, {"type": "Feature", "properties": {"arc": 722, "wealthier": 0.1708600452345857, "beautiful": 0.2613333393275989, "livelier": 0.2797577067996927, "depressing": 0.7640479130709852, "safer": 0.1830223247535984, "boring": 0.7544579892386813, "human": 0.0008114459467869, "vehicle": 0.0193948184742647, "construction": 0.1153263765222886, "nature": 0.1109048805984796, "sky": 0.4623103422277113, "object": 0.0048826629040287, "PI": 0.14361934966316078, "NI": 0.45887902282809373, "length": 475.1904437, "source": 293, "target": 292, "direction": "bi-directional"}, "geometry": {"type": "LineString", "coordinates": [[114.00934576559949, 22.55286167206418], [114.00887627925422, 22.552246312644638], [114.00672985153352, 22.549324846356797]]}}, {"type": "Feature", "properties": {"arc": 723, "wealthier": 0.5789701862841216, "beautiful": 0.555042528279593, "livelier": 0.6317610635987408, "depressing": 0.4127356888006803, "safer": 0.5683051992018646, "boring": 0.3874260554922691, "human": 0.001664046085242, "vehicle": 0.0210742083462801, "construction": 0.0621737855853456, "nature": 0.3808670332937529, "sky": 0.3200668277162494, "object": 0.0047692385586825, "PI": 0.4827492041248754, "NI": 0.27466712901804796, "length": 553.3153154, "source": 293, "target": 300, "direction": "bi-directional"}, "geometry": {"type": "LineString", "coordinates": [[114.00934576559949, 22.55286167206418], [114.01036705855448, 22.5525504693753], [114.01141510831746, 22.55220386882725], [114.01186267872664, 22.552014909295234], [114.01217300081096, 22.551844909629757], [114.01235386892803, 22.551727079272318], [114.01259332151209, 22.551544552701298], [114.01295305210147, 22.55120104879417], [114.01325109324237, 22.550851405421334], [114.01370034931945, 22.550221542908343]]}}, {"type": "Feature", "properties": {"arc": 726, "wealthier": 0.5756126144009137, "beautiful": 0.5741250951868476, "livelier": 0.7221325551315931, "depressing": 0.4004528833885891, "safer": 0.6005673643009323, "boring": 0.2813878314766562, "human": 0.0009463917125355, "vehicle": 0.0156988664106889, "construction": 0.047013860760313, "nature": 0.4193042119344075, "sky": 0.2526136167121656, "object": 0.0061028798421223, "PI": 0.509432150004035, "NI": 0.23447627289749992, "length": 599.5797374, "source": 322, "target": 326, "direction": "bi-directional"}, "geometry": {"type": "LineString", "coordinates": [[114.0334900672241, 22.55351279224513], [114.03448991345023, 22.5481786249024]]}}, {"type": "Feature", "properties": {"arc": 728, "wealthier": 0.4795577626796423, "beautiful": 0.3911489032880279, "livelier": 0.6059799197249854, "depressing": 0.5656319724296905, "safer": 0.4081658422907211, "boring": 0.421127580065018, "human": 0.0025298254830496, "vehicle": 0.0217938650222051, "construction": 0.1524883451915922, "nature": 0.1823093323480515, "sky": 0.3944966452462333, "object": 0.0062645503452845, "PI": 0.36350991590043774, "NI": 0.3677467023283573, "length": 586.7571981, "source": 600, "target": 599, "direction": "bi-directional"}, "geometry": {"type": "LineString", "coordinates": [[114.14396084748623, 22.555538516558382], [114.14313915655538, 22.550295154843592]]}}, {"type": "Feature", "properties": {"arc": 731, "wealthier": 0.4639558210524302, "beautiful": 0.371199378969606, "livelier": 0.4870614129554879, "depressing": 0.5758024055186234, "safer": 0.3817250201101961, "boring": 0.544033878813152, "human": 0.001104264032273, "vehicle": 0.0205723898751395, "construction": 0.11398256392706, "nature": 0.2050652276901972, "sky": 0.4034252166748047, "object": 0.0050167810349237, "PI": 0.3170479065683823, "NI": 0.3727044487847686, "length": 352.0910403, "source": 268, "target": 266, "direction": "bi-directional"}, "geometry": {"type": "LineString", "coordinates": [[113.9819451606944, 22.552592419344897], [113.98154528345745, 22.552165375153525], [113.97982472356723, 22.550097400267234]]}}, {"type": "Feature", "properties": {"arc": 732, "wealthier": 0.4239416254659749, "beautiful": 0.4065465369886341, "livelier": 0.2985430897332897, "depressing": 0.5883002213851389, "safer": 0.3658443543374722, "boring": 0.7207050046441227, "human": 5.6803911581806735e-05, "vehicle": 0.0248918971796145, "construction": 0.0384285587003861, "nature": 0.1715786374848464, "sky": 0.5037036654592931, "object": 0.00444089955297, "PI": 0.2555901469864051, "NI": 0.40887657128530014, "length": 1737.031873, "source": 268, "target": 282, "direction": "bi-directional"}, "geometry": {"type": "LineString", "coordinates": [[113.9819451606944, 22.552592419344897], [113.98533323084924, 22.550342765426876], [113.98580512564256, 22.550049401483257], [113.9862469976825, 22.549839743673232], [113.99183368469131, 22.54733026287742], [113.99215128515496, 22.547198454420133], [113.9924132378945, 22.547116429740253], [113.99598601678206, 22.54621075012744], [113.99706298518849, 22.545908100253623]]}}, {"type": "Feature", "properties": {"arc": 738, "wealthier": 0.2736473684676552, "beautiful": 0.2510060103139915, "livelier": 0.4275913109863262, "depressing": 0.6908887532787443, "safer": 0.2576331496395146, "boring": 0.6283800378264901, "human": 0.0004399822604271, "vehicle": 0.0259093417916246, "construction": 0.1384295801962576, "nature": 0.0850958465248025, "sky": 0.4980070052608367, "object": 0.0045811642882644, "PI": 0.1901017915196488, "NI": 0.44368353447975634, "length": 802.7742787, "source": 596, "target": 590, "direction": "bi-directional"}, "geometry": {"type": "LineString", "coordinates": [[114.13960119461498, 22.555935862427766], [114.13946170359108, 22.555332821909797], [114.1392039219412, 22.55446242258906], [114.13907914993806, 22.554135327938464], [114.13891201469264, 22.553756852743618], [114.13862553573, 22.55318639706717], [114.13844332423123, 22.552880040606706], [114.13811241517232, 22.552386188509203], [114.1370978120917, 22.55096474539963], [114.13613129515551, 22.549512793671354]]}}, {"type": "Feature", "properties": {"arc": 739, "wealthier": 0.2444773543894267, "beautiful": 0.2473217997911095, "livelier": 0.3225766774592661, "depressing": 0.7939917487949785, "safer": 0.1879969765522802, "boring": 0.7288268267580611, "human": 0.0003569753546463, "vehicle": 0.0231353023595977, "construction": 0.0470440847831859, "nature": 0.1070784853215802, "sky": 0.5389671325683594, "object": 0.0022823936060855, "PI": 0.15633568902188608, "NI": 0.4457567539882115, "length": 450.6378446, "source": 596, "target": 600, "direction": "bi-directional"}, "geometry": {"type": "LineString", "coordinates": [[114.13960119461498, 22.555935862427766], [114.14019693364966, 22.55586166934704], [114.14192421461549, 22.55569265303593], [114.14396084748623, 22.555538516558382]]}}, {"type": "Feature", "properties": {"arc": 740, "wealthier": 0.7201906587838581, "beautiful": 0.6508180107853829, "livelier": 0.792448247957471, "depressing": 0.2896698228758312, "safer": 0.6777260544191672, "boring": 0.1912845887971887, "human": 0.0040737498890269, "vehicle": 0.0236204128072719, "construction": 0.0930034945709536, "nature": 0.4576725815281725, "sky": 0.1424422986579664, "object": 0.0050815042823252, "PI": 0.625020770885577, "NI": 0.18262043541447257, "length": 1188.511755, "source": 449, "target": 468, "direction": "bi-directional"}, "geometry": {"type": "LineString", "coordinates": [[114.08151978707615, 22.554015193696674], [114.08190586107044, 22.553983458685455], [114.08248553006639, 22.553979710715204], [114.0827686089742, 22.55400172658059], [114.0829949113997, 22.554056819372384], [114.08316486383158, 22.554133547874518], [114.08333891792746, 22.554255440522706], [114.08390064862279, 22.554806117816607], [114.08406532249319, 22.554946493792563], [114.08419526946493, 22.555006976834882], [114.084307255544, 22.555008570428377], [114.08443662500963, 22.554955944281094], [114.08462805647349, 22.554807570948057], [114.08634388944904, 22.553224390012577], [114.08648190967942, 22.55312985120598], [114.08661800060713, 22.5530955422995], [114.08675043594047, 22.55313026990056], [114.08689373008416, 22.553232355142], [114.0880805470694, 22.554396370948815], [114.08820393438671, 22.554493318563782], [114.08833136930579, 22.554550842599237], [114.08842518247096, 22.55455609773945], [114.08853071650671, 22.55452377561488], [114.08864795649518, 22.554449636776294], [114.08897080465941, 22.554196483152946], [114.08910292726246, 22.554135905048078], [114.08925273286954, 22.554099138008535], [114.08958738058782, 22.554080245992306], [114.09051877689211, 22.554099799881882], [114.09073457978154, 22.554116152354098], [114.09107051585733, 22.554170439306482]]}}, {"type": "Feature", "properties": {"arc": 741, "wealthier": 0.3749196208429877, "beautiful": 0.3533410985783659, "livelier": 0.414953927948346, "depressing": 0.6410102700267983, "safer": 0.3275152068362134, "boring": 0.6351279552509306, "human": 0.0002735985649956, "vehicle": 0.0449242532989125, "construction": 0.0519245524465301, "nature": 0.1569189613248095, "sky": 0.4923504723442925, "object": 0.0036593543158637, "PI": 0.25227076024266126, "NI": 0.41458459834777983, "length": 685.2106527, "source": 600, "target": 601, "direction": "bi-directional"}, "geometry": {"type": "LineString", "coordinates": [[114.14396084748623, 22.555538516558382], [114.14502961744716, 22.55543755724509], [114.14582717104432, 22.555432461284354], [114.14618033080119, 22.555447620082465], [114.14692009135989, 22.555554504632152], [114.15053366082586, 22.556238569344295]]}}, {"type": "Feature", "properties": {"arc": 743, "wealthier": 0.7280915701603958, "beautiful": 0.7049020179884583, "livelier": 0.6140823500824739, "depressing": 0.3163230375895057, "safer": 0.6902756165559335, "boring": 0.3919329546407238, "human": 0.0004229423327323, "vehicle": 0.0188150161351913, "construction": 0.1027615865071614, "nature": 0.3966297247470954, "sky": 0.2255125779371995, "object": 0.0032639625744941, "PI": 0.5424873735587963, "NI": 0.23419554289820696, "length": 361.0648034, "source": 231, "target": 229, "direction": "bi-directional"}, "geometry": {"type": "LineString", "coordinates": [[113.96122377250678, 22.552779575189636], [113.96072436074452, 22.549552203286627]]}}, {"type": "Feature", "properties": {"arc": 744, "wealthier": 0.8157395436625335, "beautiful": 0.8277086604453565, "livelier": 0.7438008550939725, "depressing": 0.1666787623880908, "safer": 0.8414297990493399, "boring": 0.2454768756382619, "human": 0.0021172276249638, "vehicle": 0.0139797917118778, "construction": 0.0647274865044488, "nature": 0.6187270270453561, "sky": 0.0633644386574074, "object": 0.0040088794849537, "PI": 0.7089564873331082, "NI": 0.12525146504152437, "length": 1219.551259, "source": 231, "target": 254, "direction": "bi-directional"}, "geometry": {"type": "LineString", "coordinates": [[113.96122377250678, 22.552779575189636], [113.96155999012899, 22.552632078205985], [113.96191214735626, 22.552532322314118], [113.96209755662258, 22.552454609797685], [113.96228507849402, 22.552333709109465], [113.96267605263373, 22.552017662381452], [113.96301449111975, 22.551824905015206], [113.96332180421138, 22.551716552089466], [113.96364072467057, 22.551665868809174], [113.964291771926, 22.55166628531529], [113.96462060306106, 22.55172310147651], [113.96492214534798, 22.551839217461268], [113.96632642483424, 22.55250906036396], [113.96655669043562, 22.552577318786234], [113.96682344864529, 22.552602735057384], [113.96949051857486, 22.55263818261243], [113.96999967687316, 22.552659749568043], [113.970267237929, 22.552651986396477], [113.97043423064648, 22.55262184584041], [113.97062002353839, 22.552561350006883], [113.97147091855652, 22.552190150659545], [113.9723879765477, 22.55191047465763]]}}, {"type": "Feature", "properties": {"arc": 745, "wealthier": 0.3607920497358594, "beautiful": 0.2410337442009158, "livelier": 0.5085282365006968, "depressing": 0.6950521039773272, "safer": 0.3287606132756693, "boring": 0.6281440915176355, "human": 0.0014260609944661, "vehicle": 0.0252367166372445, "construction": 0.2088314936711238, "nature": 0.0390310532007461, "sky": 0.4509531656901041, "object": 0.007845218365009, "PI": 0.2323777090453402, "NI": 0.4735924870238319, "length": 315.9954217, "source": 160, "target": 161, "direction": "bi-directional"}, "geometry": {"type": "LineString", "coordinates": [[113.94049168279422, 22.552746730140075], [113.94051792013155, 22.55083376000634], [113.94054833451014, 22.54989376329569]]}}, {"type": "Feature", "properties": {"arc": 747, "wealthier": 0.4728733996609818, "beautiful": 0.3109545961606332, "livelier": 0.5480123858826927, "depressing": 0.5991198691797339, "safer": 0.3442441289572725, "boring": 0.4279954742395241, "human": 0.0001787038949819, "vehicle": 0.0014383854010166, "construction": 0.0141470004350711, "nature": 0.2982478508582482, "sky": 0.4668038197052784, "object": 0.0064007685734675, "PI": 0.32442973875263553, "NI": 0.33609532296844646, "length": 377.5588184, "source": 143, "target": 136, "direction": "bi-directional"}, "geometry": {"type": "LineString", "coordinates": [[113.93452864345589, 22.5526379362961], [113.93403199276942, 22.550096930855013], [113.9338884190364, 22.54928081061989]]}}, {"type": "Feature", "properties": {"arc": 748, "wealthier": 0.7107983202246049, "beautiful": 0.5417833067145373, "livelier": 0.6615324964906165, "depressing": 0.3425447150032089, "safer": 0.5845770002632212, "boring": 0.2786198813386488, "human": 0.0006230937110053, "vehicle": 0.0073732799953884, "construction": 0.0722935199737548, "nature": 0.3242969777848986, "sky": 0.3449772198994954, "object": 0.0060898992750379, "PI": 0.48454111394942795, "NI": 0.2509214958247609, "length": 613.4858231, "source": 143, "target": 160, "direction": "bi-directional"}, "geometry": {"type": "LineString", "coordinates": [[113.93452864345589, 22.5526379362961], [113.93494716516933, 22.55265639031669], [113.93665931208196, 22.552671782417498], [113.94049168279422, 22.552746730140075]]}}, {"type": "Feature", "properties": {"arc": 749, "wealthier": 0.7134507565227954, "beautiful": 0.5558369838306466, "livelier": 0.7174761833176291, "depressing": 0.3467524394399989, "safer": 0.5982036583674499, "boring": 0.2449351937169331, "human": 0.0003985780658143, "vehicle": 0.0105533888845732, "construction": 0.0372802271987452, "nature": 0.3503619974309747, "sky": 0.3630668755733606, "object": 0.0050458908081054, "PI": 0.5045520761942641, "NI": 0.2353958786505669, "length": 624.9310761, "source": 143, "target": 123, "direction": "bi-directional"}, "geometry": {"type": "LineString", "coordinates": [[113.93452864345589, 22.5526379362961], [113.9331015738127, 22.552617503033005], [113.93242922061823, 22.55262292508136], [113.93221124082191, 22.552590990223422], [113.93208513946142, 22.552515493620124], [113.93200178840276, 22.552385690856948], [113.93193180097227, 22.55216044609617], [113.93139882843079, 22.54991780408449], [113.93126802952813, 22.549262357764153]]}}, {"type": "Feature", "properties": {"arc": 750, "wealthier": 0.3782465738894784, "beautiful": 0.3253868119030441, "livelier": 0.509358763737984, "depressing": 0.6371052148261056, "safer": 0.3455008188082519, "boring": 0.5440309717457763, "human": 0.0013928943210177, "vehicle": 0.0252549206769024, "construction": 0.1279236475626627, "nature": 0.1356484448468243, "sky": 0.4374168184068468, "object": 0.0063222955774377, "PI": 0.2779451209439962, "NI": 0.4091051279285591, "length": 481.7591662, "source": 565, "target": 560, "direction": "bi-directional"}, "geometry": {"type": "LineString", "coordinates": [[114.12828808925346, 22.556508630912624], [114.12585517346916, 22.5527911127526]]}}, {"type": "Feature", "properties": {"arc": 751, "wealthier": 0.4636616412609321, "beautiful": 0.4819479766911144, "livelier": 0.5914868016772555, "depressing": 0.4723169596078471, "safer": 0.4705054461616326, "boring": 0.3974410852724709, "human": 0.0035113581904658, "vehicle": 0.0238620616771556, "construction": 0.0715364526819299, "nature": 0.4129854838053385, "sky": 0.193248466209129, "object": 0.0068445558901186, "PI": 0.45572617018409156, "NI": 0.2700089648275847, "length": 293.8949204, "source": 565, "target": 571, "direction": "bi-directional"}, "geometry": {"type": "LineString", "coordinates": [[114.12828808925346, 22.556508630912624], [114.12868398177191, 22.556147966393745], [114.12997316491946, 22.555056507447688], [114.13014887244957, 22.55487293322716], [114.1303046523089, 22.55464135142671]]}}, {"type": "Feature", "properties": {"arc": 753, "wealthier": 0.6721096533599029, "beautiful": 0.5917382105294438, "livelier": 0.7078766025456013, "depressing": 0.370698393107728, "safer": 0.5889955177801344, "boring": 0.2668860171809124, "human": 0.0007611910502115, "vehicle": 0.0084805488586425, "construction": 0.0222894880506727, "nature": 0.5517791112263998, "sky": 0.2027277946472168, "object": 0.0070037841796875, "PI": 0.5555873347051296, "NI": 0.20496040256956907, "length": 298.7817432, "source": 256, "target": 254, "direction": "bi-directional"}, "geometry": {"type": "LineString", "coordinates": [[113.97440189469897, 22.553853857408132], [113.97293609373449, 22.55247985700618], [113.9723879765477, 22.55191047465763]]}}, {"type": "Feature", "properties": {"arc": 754, "wealthier": 0.348232787678631, "beautiful": 0.3656591278012273, "livelier": 0.3864343081739746, "depressing": 0.6642373261924374, "safer": 0.3251426321360749, "boring": 0.7022141342203623, "human": 0.000125293073983, "vehicle": 0.0182555406943134, "construction": 0.0924336663607893, "nature": 0.2122690266576307, "sky": 0.4589818757155846, "object": 0.0064021581890939, "PI": 0.25593545475674145, "NI": 0.4316491860099872, "length": 698.8359043, "source": 256, "target": 266, "direction": "bi-directional"}, "geometry": {"type": "LineString", "coordinates": [[113.97440189469897, 22.553853857408132], [113.9760703970174, 22.552415856627277], [113.97643813625871, 22.55212694973413], [113.97704055770912, 22.55168758441497], [113.97755644581498, 22.551350146426675], [113.97831071683679, 22.550905885960184], [113.97982472356723, 22.550097400267234]]}}, {"type": "Feature", "properties": {"arc": 755, "wealthier": 0.2327527283431904, "beautiful": 0.2839045629970416, "livelier": 0.3737822073025722, "depressing": 0.7359260772928605, "safer": 0.2322727930916995, "boring": 0.7177970150556892, "human": 0.0006658554077148, "vehicle": 0.0134951909383138, "construction": 0.1398023605346679, "nature": 0.178555425008138, "sky": 0.3908532460530599, "object": 0.0050298690795898, "PI": 0.20050526229012153, "NI": 0.43212152055355596, "length": 235.4122662, "source": 327, "target": 322, "direction": "bi-directional"}, "geometry": {"type": "LineString", "coordinates": [[114.03511230912856, 22.55501241395842], [114.0334900672241, 22.55351279224513]]}}, {"type": "Feature", "properties": {"arc": 756, "wealthier": 0.627798602178595, "beautiful": 0.6268993002850958, "livelier": 0.7370677825343851, "depressing": 0.3685782241103618, "safer": 0.6469832590242939, "boring": 0.3103277762004229, "human": 0.0038624263945079, "vehicle": 0.0155526115780785, "construction": 0.0764621098836263, "nature": 0.5222801026843844, "sky": 0.1071368626185825, "object": 0.004317874000186, "PI": 0.6018883018937774, "NI": 0.1922320621299899, "length": 502.8815374, "source": 584, "target": 571, "direction": "bi-directional"}, "geometry": {"type": "LineString", "coordinates": [[114.13388521052629, 22.556888481822824], [114.13273976596874, 22.555199940399554], [114.13251444265426, 22.55494766765775], [114.13224490547817, 22.554734863445056], [114.13201942643377, 22.554612566629405], [114.13178798070017, 22.55452387750807], [114.13155101255423, 22.55446944068553], [114.13130108674173, 22.554442326864287], [114.13109059545586, 22.554444367421272], [114.13088879182405, 22.554470807548782], [114.1303046523089, 22.55464135142671]]}}, {"type": "Feature", "properties": {"arc": 757, "wealthier": 0.3855690282942035, "beautiful": 0.3236134355812867, "livelier": 0.7374325957138396, "depressing": 0.5894125866083259, "safer": 0.4114849280506242, "boring": 0.2934633303901144, "human": 0.0056395530700683, "vehicle": 0.0416165457831488, "construction": 0.3683401743570964, "nature": 0.0492553446027967, "sky": 0.2875543965233696, "object": 0.0030693213144938, "PI": 0.3667012048010334, "NI": 0.38509758431911817, "length": 1054.36976, "source": 584, "target": 581, "direction": "bi-directional"}, "geometry": {"type": "LineString", "coordinates": [[114.13388521052629, 22.556888481822824], [114.13458457902021, 22.556429484383838], [114.13488419046409, 22.55617357721385], [114.13564553899789, 22.55535338526782], [114.13578799276682, 22.55515085770815], [114.13588561516586, 22.55492896697986], [114.1359272928736, 22.554733682575485], [114.13594097826605, 22.554476335991666], [114.13592382671891, 22.55123364431956], [114.13590310163171, 22.55100580657813], [114.13586989801792, 22.550903388581247], [114.13581510345495, 22.550812260902443], [114.13571566742377, 22.550720325564022], [114.13557438118768, 22.55065357133017], [114.13540074186162, 22.55061579852649], [114.13494426500331, 22.55057890144106], [114.1347791125642, 22.550547242321304], [114.1345764532827, 22.55047110457645], [114.1341148961421, 22.55024311609833], [114.13400153624103, 22.55020629197986], [114.1339137095645, 22.550195058405862], [114.13379348929291, 22.550220687830876], [114.13359641658009, 22.55037853033669], [114.13343507203886, 22.550421359902384], [114.13319419430393, 22.550420506980224]]}}, {"type": "Feature", "properties": {"arc": 764, "wealthier": 0.4488531023906163, "beautiful": 0.3760768383461126, "livelier": 0.6005158669093142, "depressing": 0.6008850948839453, "safer": 0.410545777045767, "boring": 0.4448264374935182, "human": 0.0014589290426235, "vehicle": 0.042211070205226, "construction": 0.2319296249235519, "nature": 0.1487189398871528, "sky": 0.3671013417870107, "object": 0.0036976168854068, "PI": 0.3327576511160604, "NI": 0.39582433355334296, "length": 840.069912, "source": 544, "target": 533, "direction": "bi-directional"}, "geometry": {"type": "LineString", "coordinates": [[114.12182175185679, 22.557251113389146], [114.12133318884715, 22.557025610108397], [114.12079327319144, 22.556709944814813], [114.12047435115424, 22.556453997827496], [114.12022627956793, 22.556181704799794], [114.11990751132312, 22.555682470806488], [114.11766867390328, 22.551959664994072], [114.1174467259521, 22.551574819252096], [114.11723937118201, 22.551159915081733]]}}, {"type": "Feature", "properties": {"arc": 765, "wealthier": 0.5068683576784986, "beautiful": 0.4277637716462983, "livelier": 0.5594111057127533, "depressing": 0.5606784050087789, "safer": 0.4482010336625182, "boring": 0.5319379828349259, "human": 0.0006234380933973, "vehicle": 0.0255039797888861, "construction": 0.1768512725830078, "nature": 0.221248255835639, "sky": 0.3558522595299614, "object": 0.0032528241475423, "PI": 0.3585818972759749, "NI": 0.36794346000902983, "length": 645.0090361, "source": 544, "target": 560, "direction": "bi-directional"}, "geometry": {"type": "LineString", "coordinates": [[114.12182175185679, 22.557251113389146], [114.12585517346916, 22.5527911127526]]}}, {"type": "Feature", "properties": {"arc": 768, "wealthier": 0.8054977670836699, "beautiful": 0.6568391608529375, "livelier": 0.6460455156864296, "depressing": 0.3128934129362556, "safer": 0.6728845012116768, "boring": 0.3489544278755742, "human": 0.0005114608340793, "vehicle": 0.0121626589033338, "construction": 0.1006497806972927, "nature": 0.3171862496270074, "sky": 0.2965944608052572, "object": 0.0046875476837158, "PI": 0.531482616995505, "NI": 0.2487138186897763, "length": 677.1177191, "source": 299, "target": 300, "direction": "bi-directional"}, "geometry": {"type": "LineString", "coordinates": [[114.0126346028523, 22.555357244370427], [114.01258770705238, 22.554874800694808], [114.01259477523274, 22.554497848686104], [114.0126269872432, 22.554243395820166], [114.01269179356116, 22.554098506051528], [114.01276469815802, 22.55400764262569], [114.01290030426905, 22.553884010945996], [114.01437551414362, 22.552713069559083], [114.01452765890473, 22.55254157393072], [114.01458344082278, 22.55243735639676], [114.01461293874165, 22.55234302908435], [114.01462457015585, 22.552244056698378], [114.01461316211962, 22.55210883192401], [114.01451764211633, 22.551822613388236], [114.01399971944318, 22.5506824736544], [114.01388551616172, 22.550486633307735], [114.01370034931945, 22.550221542908343]]}}, {"type": "Feature", "properties": {"arc": 769, "wealthier": 0.4103638607052835, "beautiful": 0.3394479649742833, "livelier": 0.411404388996773, "depressing": 0.6411383301821123, "safer": 0.3242931199705002, "boring": 0.6511120184039596, "human": 0.0003017034286107, "vehicle": 0.015207290649414, "construction": 0.0549074319692758, "nature": 0.1733581347343249, "sky": 0.4686872531206179, "object": 0.0066816378862429, "PI": 0.2590855576295855, "NI": 0.40846573814749126, "length": 318.2948798, "source": 299, "target": 304, "direction": "bi-directional"}, "geometry": {"type": "LineString", "coordinates": [[114.0126346028523, 22.555357244370427], [114.0157284624394, 22.555419731099903]]}}, {"type": "Feature", "properties": {"arc": 770, "wealthier": 0.4536785658247354, "beautiful": 0.3603005001388168, "livelier": 0.3984120082550164, "depressing": 0.6430725716182488, "safer": 0.3751133861294334, "boring": 0.6356043500242209, "human": 0.0001124038177282, "vehicle": 0.0225145897897733, "construction": 0.0579147468618795, "nature": 0.1891664907234866, "sky": 0.4430479451912601, "object": 0.0043024595091943, "PI": 0.278312580022048, "NI": 0.39087312145371805, "length": 1333.420976, "source": 304, "target": 311, "direction": "bi-directional"}, "geometry": {"type": "LineString", "coordinates": [[114.0157284624394, 22.555419731099903], [114.01611924092548, 22.55458782315497], [114.01638701073851, 22.554130697516467], [114.02033946102827, 22.54850097332136], [114.02071075695024, 22.547947163724146], [114.02091942129208, 22.547609151308535], [114.02120165722332, 22.54708238807149], [114.02149519792361, 22.54641201455735], [114.02171435211372, 22.545757200392977], [114.02194359120148, 22.544931891348856]]}}, {"type": "Feature", "properties": {"arc": 772, "wealthier": 0.2201829296949845, "beautiful": 0.277351358556467, "livelier": 0.3377137786957137, "depressing": 0.7551740110646484, "safer": 0.2161125202458256, "boring": 0.725565642085548, "human": 0.0007847150166829, "vehicle": 0.0189913643731011, "construction": 0.1298888524373372, "nature": 0.1240124702453613, "sky": 0.4385586314731174, "object": 0.0058356920878092, "PI": 0.17513099994969042, "NI": 0.45586093193340355, "length": 323.8061112, "source": 296, "target": 293, "direction": "bi-directional"}, "geometry": {"type": "LineString", "coordinates": [[114.01070344551948, 22.55541021202746], [114.01029891540647, 22.55514549829801], [114.01018522010922, 22.555027327523845], [114.01008206332546, 22.554868578370606], [114.00995536834307, 22.554564653409045], [114.00934576559949, 22.55286167206418]]}}, {"type": "Feature", "properties": {"arc": 773, "wealthier": 0.224400482408921, "beautiful": 0.2807355592011579, "livelier": 0.3112734170767057, "depressing": 0.7340876720306877, "safer": 0.2214224995250563, "boring": 0.7118615907560615, "human": 0.0004386266072591, "vehicle": 0.0062009175618489, "construction": 0.0801666259765624, "nature": 0.1643706639607747, "sky": 0.4513378143310546, "object": 0.0075571695963541, "PI": 0.17799464399367693, "NI": 0.43815045041165296, "length": 199.0738444, "source": 296, "target": 299, "direction": "bi-directional"}, "geometry": {"type": "LineString", "coordinates": [[114.01070344551948, 22.55541021202746], [114.01108888871272, 22.55536112779102], [114.01136724525409, 22.555343736853374], [114.0126346028523, 22.555357244370427]]}}, {"type": "Feature", "properties": {"arc": 774, "wealthier": 0.2396921706758165, "beautiful": 0.289639678056604, "livelier": 0.3697061293011017, "depressing": 0.716157527671621, "safer": 0.2406132044395215, "boring": 0.683411206474201, "human": 0.0006402668200041, "vehicle": 0.0143520622922663, "construction": 0.1204554909153988, "nature": 0.1737088989793208, "sky": 0.4228790684750205, "object": 0.0033774459571169, "PI": 0.2018895694664048, "NI": 0.41561977159258645, "length": 366.686282, "source": 335, "target": 327, "direction": "bi-directional"}, "geometry": {"type": "LineString", "coordinates": [[114.03836729160781, 22.556086587958507], [114.03789601602912, 22.55605803857161], [114.03703726422854, 22.555972406312854], [114.03675251125858, 22.55592464335073], [114.03642125735841, 22.555832951780804], [114.03605750553861, 22.55569201709244], [114.03574806248172, 22.55552277959439], [114.03553746866548, 22.555371416025412], [114.03511230912856, 22.55501241395842]]}}, {"type": "Feature", "properties": {"arc": 775, "wealthier": 0.3924387383440314, "beautiful": 0.3944397042054232, "livelier": 0.6642048361046001, "depressing": 0.5554074866203058, "safer": 0.4074123583041815, "boring": 0.3420182191490095, "human": 0.0030738115310668, "vehicle": 0.0211532910664876, "construction": 0.2123229503631591, "nature": 0.1661685705184936, "sky": 0.3197803099950155, "object": 0.0096054474512735, "PI": 0.36297973785325865, "NI": 0.3706249553005538, "length": 348.3707942, "source": 335, "target": 340, "direction": "bi-directional"}, "geometry": {"type": "LineString", "coordinates": [[114.03836729160781, 22.556086587958507], [114.03881392824742, 22.555545655382836], [114.03957119198532, 22.554542409504958], [114.03974877859864, 22.55427946111539], [114.03981661996397, 22.554130605994857], [114.03984675335133, 22.554005301239187], [114.03990861603506, 22.55336935693735]]}}, {"type": "Feature", "properties": {"arc": 777, "wealthier": 0.2495545785144012, "beautiful": 0.2662269346586162, "livelier": 0.379957929308135, "depressing": 0.7452490992091412, "safer": 0.2245732022008474, "boring": 0.6756322833238086, "human": 0.0012546597105084, "vehicle": 0.0167574738011215, "construction": 0.1473323359633937, "nature": 0.1397559715039802, "sky": 0.4226376504609078, "object": 0.0041006261652166, "PI": 0.1977423361133214, "NI": 0.43433706430831626, "length": 577.7597597, "source": 349, "target": 335, "direction": "bi-directional"}, "geometry": {"type": "LineString", "coordinates": [[114.04393845874392, 22.55674539451597], [114.04342634644208, 22.556664278265767], [114.03915406966621, 22.556203107279007], [114.03836729160781, 22.556086587958507]]}}, {"type": "Feature", "properties": {"arc": 778, "wealthier": 0.4974081454099668, "beautiful": 0.4470294042545196, "livelier": 0.4147818344106788, "depressing": 0.5686454228646176, "safer": 0.4270216418479335, "boring": 0.5787153248426795, "human": 0.0006248568311149, "vehicle": 0.016567748269917, "construction": 0.0339580582983699, "nature": 0.2739661181414569, "sky": 0.4114630428361303, "object": 0.0057753339225863, "PI": 0.341923788291352, "NI": 0.3554969912515337, "length": 678.3607857, "source": 349, "target": 351, "direction": "bi-directional"}, "geometry": {"type": "LineString", "coordinates": [[114.04393845874392, 22.55674539451597], [114.04413209781114, 22.5562143652225], [114.04417459204439, 22.55593686499153], [114.04419742676227, 22.55530234672565], [114.04426688324907, 22.550652792305932]]}}, {"type": "Feature", "properties": {"arc": 779, "wealthier": 0.6264243494776652, "beautiful": 0.5598771673396201, "livelier": 0.6146120466415961, "depressing": 0.3933911830925074, "safer": 0.5649241657907834, "boring": 0.3591068662171459, "human": 0.000360848247141, "vehicle": 0.0138542617576709, "construction": 0.054386221844217, "nature": 0.2860460696013077, "sky": 0.411096655804178, "object": 0.0044667340707087, "PI": 0.4477910194936268, "NI": 0.2816069721237666, "length": 984.8914841, "source": 285, "target": 286, "direction": "bi-directional"}, "geometry": {"type": "LineString", "coordinates": [[114.00389106038153, 22.556013043093376], [114.00396907869667, 22.553470708257638], [114.00404379847512, 22.54848625576333], [114.0040881515388, 22.547121274456906]]}}, {"type": "Feature", "properties": {"arc": 782, "wealthier": 0.3154052525554505, "beautiful": 0.2721005471953838, "livelier": 0.3744773232847723, "depressing": 0.7291398167759998, "safer": 0.2715720552432328, "boring": 0.699312692525945, "human": 0.0006344204857235, "vehicle": 0.0162498042696998, "construction": 0.061877965927124, "nature": 0.1433624994187128, "sky": 0.486819755463373, "object": 0.005681106022426, "PI": 0.21041204437805217, "NI": 0.4348547771854161, "length": 1419.341492, "source": 317, "target": 304, "direction": "bi-directional"}, "geometry": {"type": "LineString", "coordinates": [[114.02941931721864, 22.55657306245504], [114.02491963582156, 22.555719035484497], [114.02436023636467, 22.555638799248605], [114.02395768004487, 22.55560009782909], [114.02362455069459, 22.555576679419858], [114.02323421768916, 22.555569984920478], [114.0219918342906, 22.55557147639213], [114.02134412960864, 22.55559252894699], [114.02084021661062, 22.555591694908735], [114.018862227126, 22.555465920947082], [114.0182020539467, 22.555437680551503], [114.0157284624394, 22.555419731099903]]}}, {"type": "Feature", "properties": {"arc": 783, "wealthier": 0.4554080016860884, "beautiful": 0.4265617455677828, "livelier": 0.5225086740402999, "depressing": 0.592670392901038, "safer": 0.4217142299185314, "boring": 0.5036644332966967, "human": 0.0003478686014811, "vehicle": 0.0270498911539713, "construction": 0.0446151415506998, "nature": 0.4010627428690592, "sky": 0.2581733385721842, "object": 0.002665106455485, "PI": 0.3791780302517405, "NI": 0.29662343112886236, "length": 538.6591897, "source": 317, "target": 322, "direction": "bi-directional"}, "geometry": {"type": "LineString", "coordinates": [[114.02941931721864, 22.55657306245504], [114.0334900672241, 22.55351279224513]]}}, {"type": "Feature", "properties": {"arc": 784, "wealthier": 0.6565911403710397, "beautiful": 0.537982559254418, "livelier": 0.8163588470886132, "depressing": 0.4175040739453602, "safer": 0.6345412313251045, "boring": 0.3127352268295412, "human": 0.0043190850151909, "vehicle": 0.0340568754408094, "construction": 0.0859138700697157, "nature": 0.3845200008816189, "sky": 0.2150870429144965, "object": 0.0072086122300889, "PI": 0.5749234507846411, "NI": 0.26552623811329873, "length": 226.1286719, "source": 587, "target": 584, "direction": "bi-directional"}, "geometry": {"type": "LineString", "coordinates": [[114.13507276474415, 22.558606975916287], [114.13388521052629, 22.556888481822824]]}}, {"type": "Feature", "properties": {"arc": 785, "wealthier": 0.3631668280383922, "beautiful": 0.3467149741812584, "livelier": 0.466040839262309, "depressing": 0.6392288528801165, "safer": 0.3253867938481597, "boring": 0.5822183480609925, "human": 0.0004990660114052, "vehicle": 0.0165085027247299, "construction": 0.0687246911319685, "nature": 0.1862180497911242, "sky": 0.4703041830180603, "object": 0.0047054761721764, "PI": 0.26875450544163476, "NI": 0.3898506623363702, "length": 581.1070452, "source": 587, "target": 596, "direction": "bi-directional"}, "geometry": {"type": "LineString", "coordinates": [[114.13507276474415, 22.558606975916287], [114.13582876609394, 22.557810962935648], [114.13623693725178, 22.557421368321236], [114.1369143457401, 22.556696702445585], [114.13709414811039, 22.55654011787174], [114.13729880573744, 22.556402036548725], [114.1374982363699, 22.556295656854378], [114.1377509545307, 22.556184667957297], [114.13795978804939, 22.556112125226818], [114.13817779633966, 22.556057249241647], [114.13849685490155, 22.55600967588225], [114.13906576689614, 22.555958974280024], [114.13960119461498, 22.555935862427766]]}}, {"type": "Feature", "properties": {"arc": 787, "wealthier": 0.329573721319758, "beautiful": 0.1933526560209238, "livelier": 0.475483724011482, "depressing": 0.7364867262341229, "safer": 0.2429137507698082, "boring": 0.6723137395917693, "human": 0.0012696006081321, "vehicle": 0.0300461162220348, "construction": 0.1103914434259588, "nature": 0.071883403893673, "sky": 0.5101773811109138, "object": 0.0120221918279474, "PI": 0.20307644919171228, "NI": 0.5023046354075121, "length": 280.4437372, "source": 159, "target": 160, "direction": "bi-directional"}, "geometry": {"type": "LineString", "coordinates": [[113.94044498211649, 22.555278860432814], [113.94049168279422, 22.552746730140075]]}}, {"type": "Feature", "properties": {"arc": 788, "wealthier": 0.4561415539628948, "beautiful": 0.3974469085484696, "livelier": 0.4604669455635788, "depressing": 0.5297842632556417, "safer": 0.4017877885903839, "boring": 0.5404670665321881, "human": 0.0006317725548377, "vehicle": 0.0395692678598257, "construction": 0.037505736717811, "nature": 0.1976922108576848, "sky": 0.4842307017399715, "object": 0.0040051142374674, "PI": 0.31103672767366297, "NI": 0.36900964548109755, "length": 653.5763416, "source": 113, "target": 114, "direction": "bi-directional"}, "geometry": {"type": "LineString", "coordinates": [[113.92860385948286, 22.555163385781338], [113.92870933272243, 22.551360567789775], [113.92877344361692, 22.550494521692173], [113.9287661468313, 22.550090740310793], [113.9286917187122, 22.549267630631913]]}}, {"type": "Feature", "properties": {"arc": 790, "wealthier": 0.5183832485214331, "beautiful": 0.4761960493365504, "livelier": 0.3935871292675549, "depressing": 0.50610456734397, "safer": 0.4516399294165955, "boring": 0.6036666793069876, "human": 2.3275181867074277e-05, "vehicle": 0.0204487676205842, "construction": 0.0155924368595731, "nature": 0.2407901598059612, "sky": 0.4796537316363791, "object": 0.003505181575167, "PI": 0.33521873818980646, "NI": 0.35039563829362536, "length": 597.5205168, "source": 113, "target": 142, "direction": "bi-directional"}, "geometry": {"type": "LineString", "coordinates": [[113.92860385948286, 22.555163385781338], [113.92973536166114, 22.55516063883983], [113.93110698955749, 22.55518694128688], [113.9344094959438, 22.555326069674344]]}}, {"type": "Feature", "properties": {"arc": 792, "wealthier": 0.3573420937264348, "beautiful": 0.3970811505721421, "livelier": 0.4095670714503268, "depressing": 0.614997993657235, "safer": 0.3401380506945043, "boring": 0.4633575286532375, "human": 7.645289103190105e-05, "vehicle": 0.0392000675201416, "construction": 0.018484354019165, "nature": 0.2007146676381428, "sky": 0.4806210994720458, "object": 0.0022503534952799, "PI": 0.26695303286120964, "NI": 0.35283499996319384, "length": 185.0037557, "source": 289, "target": 285, "direction": "bi-directional"}, "geometry": {"type": "LineString", "coordinates": [[114.00554461544404, 22.556668758284914], [114.00481497455719, 22.556353544497696], [114.00389106038153, 22.556013043093376]]}}, {"type": "Feature", "properties": {"arc": 795, "wealthier": 0.4623968963485351, "beautiful": 0.4237633317392864, "livelier": 0.4088734980190145, "depressing": 0.5615808046545642, "safer": 0.4007533002420673, "boring": 0.5438804423893804, "human": 0.0001547495524088, "vehicle": 0.0403112030029296, "construction": 0.0509474945068359, "nature": 0.1881331634521484, "sky": 0.4604071044921876, "object": 0.0048623402913411, "PI": 0.2983816037230746, "NI": 0.378933935890893, "length": 621.9439458, "source": 142, "target": 159, "direction": "bi-directional"}, "geometry": {"type": "LineString", "coordinates": [[113.9344094959438, 22.555326069674344], [113.93804803356514, 22.555462584698777], [113.93835784860104, 22.55544822815415], [113.94044498211649, 22.555278860432814]]}}, {"type": "Feature", "properties": {"arc": 796, "wealthier": 0.4621208324858823, "beautiful": 0.4120854250069806, "livelier": 0.6129632962968511, "depressing": 0.5392955565500746, "safer": 0.4374380829168684, "boring": 0.416163520265245, "human": 0.0017496479882134, "vehicle": 0.021554152170817, "construction": 0.2093900044759114, "nature": 0.218316740459866, "sky": 0.3285853597852918, "object": 0.0065637959374321, "PI": 0.36993255083004545, "NI": 0.3639843030654972, "length": 568.5993465, "source": 527, "target": 526, "direction": "bi-directional"}, "geometry": {"type": "LineString", "coordinates": [[114.11532647033016, 22.55880809630641], [114.11550540837273, 22.558275831545405], [114.11560418648814, 22.557876282603026], [114.11566455729384, 22.55742712067543], [114.11567497227175, 22.557004613230617], [114.11561979405175, 22.556271206317984], [114.11541925301901, 22.554366461314967], [114.11536181440489, 22.55405440910004], [114.11526205098026, 22.55374163176556]]}}, {"type": "Feature", "properties": {"arc": 797, "wealthier": 0.3431682601621377, "beautiful": 0.3408449138032082, "livelier": 0.2864155659145016, "depressing": 0.6435261017337149, "safer": 0.3111001388550251, "boring": 0.7465873171306373, "human": 0.0011218176947699, "vehicle": 0.0256170908610026, "construction": 0.0958327399359808, "nature": 0.1008744557698567, "sky": 0.5127202775743273, "object": 0.0062474992540147, "PI": 0.21323574018934963, "NI": 0.4560540755080533, "length": 359.9966128, "source": 515, "target": 527, "direction": "bi-directional"}, "geometry": {"type": "LineString", "coordinates": [[114.11183683356181, 22.558677447539544], [114.11204070542422, 22.55873356578847], [114.11229550761372, 22.55875665512151], [114.11532647033016, 22.55880809630641]]}}, {"type": "Feature", "properties": {"arc": 798, "wealthier": 0.3017718507417923, "beautiful": 0.3036475597171598, "livelier": 0.1423515187062264, "depressing": 0.6714741639444098, "safer": 0.2630330930559943, "boring": 0.8654066869246283, "human": 0.0004554324679904, "vehicle": 0.0220293115686487, "construction": 0.0745823824847186, "nature": 0.0749480282818829, "sky": 0.5616106103967737, "object": 0.004278748123734, "PI": 0.1478458595005111, "NI": 0.47399771973170096, "length": 441.3829806, "source": 509, "target": 515, "direction": "bi-directional"}, "geometry": {"type": "LineString", "coordinates": [[114.10754734279786, 22.558684330071593], [114.1095187327758, 22.558721959846213], [114.11083792601062, 22.558722727296946], [114.11111759300826, 22.5587204341266], [114.11183683356181, 22.558677447539544]]}}, {"type": "Feature", "properties": {"arc": 799, "wealthier": 0.4821636571983089, "beautiful": 0.397161072640307, "livelier": 0.6636910968895419, "depressing": 0.5421659815474997, "safer": 0.4401247866176956, "boring": 0.4214773225876373, "human": 0.0077460317900686, "vehicle": 0.0426884275494199, "construction": 0.2232818892507842, "nature": 0.1329382983121004, "sky": 0.3585570653279623, "object": 0.0080458323160807, "PI": 0.4353741512961328, "NI": 0.40271874287640136, "length": 617.6694133, "source": 501, "target": 502, "direction": "bi-directional"}, "geometry": {"type": "LineString", "coordinates": [[114.10407922309956, 22.55862875984136], [114.10411897811156, 22.555530891171145], [114.10416010638437, 22.553880452470622], [114.10414130422667, 22.553051843499972]]}}, {"type": "Feature", "properties": {"arc": 800, "wealthier": 0.3797119220493153, "beautiful": 0.3612245211269959, "livelier": 0.3126190401480897, "depressing": 0.6256885596219697, "safer": 0.3247722599969136, "boring": 0.6542253622998166, "human": 0.0012358256748744, "vehicle": 0.02072084517706, "construction": 0.0783190046037946, "nature": 0.1567427317301432, "sky": 0.4706810088384719, "object": 0.0039454868861607, "PI": 0.24628689737773737, "NI": 0.4017185561694496, "length": 356.7589407, "source": 501, "target": 509, "direction": "bi-directional"}, "geometry": {"type": "LineString", "coordinates": [[114.10407922309956, 22.55862875984136], [114.10754734279786, 22.558684330071593]]}}, {"type": "Feature", "properties": {"arc": 801, "wealthier": 0.2904343684567615, "beautiful": 0.3029790649392292, "livelier": 0.3716508988190434, "depressing": 0.7123989669239654, "safer": 0.2774968876242147, "boring": 0.6722466776512301, "human": 0.0016434110444167, "vehicle": 0.0530824551637145, "construction": 0.1803477934037131, "nature": 0.0730506195419136, "sky": 0.4388778511135057, "object": 0.0054736740287693, "PI": 0.20742453356828383, "NI": 0.4779338371530839, "length": 733.6267553, "source": 486, "target": 487, "direction": "bi-directional"}, "geometry": {"type": "LineString", "coordinates": [[114.09936633721249, 22.55855077386008], [114.09936644544389, 22.55759181594555], [114.09940711932605, 22.555968155237213], [114.09941318196815, 22.5549905864385], [114.09947550857196, 22.55273934021083], [114.09947987178295, 22.551927087114887]]}}, {"type": "Feature", "properties": {"arc": 802, "wealthier": 0.3426252781803652, "beautiful": 0.2894783997398735, "livelier": 0.3822144090417821, "depressing": 0.6948918252305887, "safer": 0.3103798511220801, "boring": 0.6970026006603285, "human": 0.0010116577148437, "vehicle": 0.0465606053670247, "construction": 0.1339191436767578, "nature": 0.104596201578776, "sky": 0.457882563273112, "object": 0.0050084431966145, "PI": 0.22164720662778428, "NI": 0.4617005413435556, "length": 243.3275479, "source": 486, "target": 495, "direction": "bi-directional"}, "geometry": {"type": "LineString", "coordinates": [[114.09936633721249, 22.55855077386008], [114.10173167009489, 22.558593619109242]]}}, {"type": "Feature", "properties": {"arc": 803, "wealthier": 0.4214526677356971, "beautiful": 0.3696357306328094, "livelier": 0.4691325561041628, "depressing": 0.6149129467408608, "safer": 0.3906264538568557, "boring": 0.5454248403818749, "human": 0.0012943267822265, "vehicle": 0.0555140177408854, "construction": 0.1022831598917643, "nature": 0.1688456853230794, "sky": 0.4196001052856445, "object": 0.0056109110514322, "PI": 0.3007251218869031, "NI": 0.40996990341091005, "length": 241.5174378, "source": 495, "target": 501, "direction": "bi-directional"}, "geometry": {"type": "LineString", "coordinates": [[114.10173167009489, 22.558593619109242], [114.10224245488736, 22.55860827652857], [114.10358151789525, 22.558610567455872], [114.10407922309956, 22.55862875984136]]}}, {"type": "Feature", "properties": {"arc": 805, "wealthier": 0.2700764252203316, "beautiful": 0.2690383214284799, "livelier": 0.3049224933257951, "depressing": 0.7231533868605254, "safer": 0.2495264786421191, "boring": 0.7142534502513775, "human": 0.0002093170628403, "vehicle": 0.0267357681736801, "construction": 0.1265162843646425, "nature": 0.1152548934474135, "sky": 0.4792551560835404, "object": 0.0038296092640269, "PI": 0.17218937232184506, "NI": 0.4516466027790713, "length": 596.7287356, "source": 448, "target": 445, "direction": "bi-directional"}, "geometry": {"type": "LineString", "coordinates": [[114.0814206859777, 22.558239300794536], [114.08096599397169, 22.557699958110156], [114.07795721971405, 22.55391650049563]]}}, {"type": "Feature", "properties": {"arc": 806, "wealthier": 0.7514829765105843, "beautiful": 0.642402507235447, "livelier": 0.7550560742112149, "depressing": 0.2978202200329247, "safer": 0.699270001753726, "boring": 0.2218711748527959, "human": 0.0013919406467013, "vehicle": 0.014119960643627, "construction": 0.1407142215304904, "nature": 0.4034866403650354, "sky": 0.2007613005461516, "object": 0.0041632475676359, "PI": 0.5778882581468542, "NI": 0.20843465494207467, "length": 467.8947895, "source": 448, "target": 449, "direction": "bi-directional"}, "geometry": {"type": "LineString", "coordinates": [[114.0814206859777, 22.558239300794536], [114.08148203234296, 22.554970473918402], [114.08151978707615, 22.554015193696674]]}}, {"type": "Feature", "properties": {"arc": 807, "wealthier": 0.5688648875153178, "beautiful": 0.4188652421027752, "livelier": 0.5860038310678253, "depressing": 0.534740394270557, "safer": 0.5034727986990765, "boring": 0.4994616284876552, "human": 0.0007932804248951, "vehicle": 0.0158619704069914, "construction": 0.0880160508332429, "nature": 0.1469588809543185, "sky": 0.4664120144314236, "object": 0.0062155193752712, "PI": 0.3659799927777925, "NI": 0.37020866143044295, "length": 471.3553952, "source": 467, "target": 468, "direction": "bi-directional"}, "geometry": {"type": "LineString", "coordinates": [[114.09100034603318, 22.558426173013387], [114.09103020777746, 22.556336351916748], [114.09107062846047, 22.555120881040484], [114.09107051585733, 22.554170439306482]]}}, {"type": "Feature", "properties": {"arc": 808, "wealthier": 0.2790068290119052, "beautiful": 0.2805696910253817, "livelier": 0.3287815520901546, "depressing": 0.7417904664733251, "safer": 0.2358498999119637, "boring": 0.6811329942921814, "human": 0.0005229041689918, "vehicle": 0.0253004891531807, "construction": 0.0902836209251767, "nature": 0.1489339374360584, "sky": 0.462122090657552, "object": 0.0043651035853794, "PI": 0.19057633270659233, "NI": 0.4349702156473771, "length": 860.640429, "source": 467, "target": 486, "direction": "bi-directional"}, "geometry": {"type": "LineString", "coordinates": [[114.09100034603318, 22.558426173013387], [114.09144383883586, 22.558446336265412], [114.0924168494491, 22.558451496418552], [114.0929209640785, 22.558469831917712], [114.09415963490751, 22.55847294856955], [114.09771921213118, 22.55853838075615], [114.09936633721249, 22.55855077386008]]}}, {"type": "Feature", "properties": {"arc": 809, "wealthier": 0.3517683053543648, "beautiful": 0.2859029757672494, "livelier": 0.3596280464672515, "depressing": 0.73738184231628, "safer": 0.2850472645137389, "boring": 0.6765826146108639, "human": 0.0008121565276501, "vehicle": 0.0242482166664273, "construction": 0.1216470306994868, "nature": 0.0926595201679304, "sky": 0.5043388254502242, "object": 0.0068424262252508, "PI": 0.208301176760716, "NI": 0.46946538647353037, "length": 985.6629663, "source": 448, "target": 467, "direction": "bi-directional"}, "geometry": {"type": "LineString", "coordinates": [[114.0814206859777, 22.558239300794536], [114.08210077403422, 22.558287123112066], [114.08620096647672, 22.558347972158323], [114.08675815991873, 22.55836738919935], [114.09046033058277, 22.558405226406986], [114.09100034603318, 22.558426173013387]]}}, {"type": "Feature", "properties": {"arc": 810, "wealthier": 0.4926263194860634, "beautiful": 0.4254646477834891, "livelier": 0.4202244215990582, "depressing": 0.5630555187760751, "safer": 0.4102659074865744, "boring": 0.5969381661582897, "human": 7.85294399466566e-05, "vehicle": 0.0315664558000461, "construction": 0.0632822180307039, "nature": 0.1651755507274341, "sky": 0.4668825416154758, "object": 0.0032688469015141, "PI": 0.3011055905694956, "NI": 0.37819025008876234, "length": 790.7394923, "source": 195, "target": 159, "direction": "bi-directional"}, "geometry": {"type": "LineString", "coordinates": [[113.9480536021723, 22.555802032885993], [113.94674214649444, 22.555540624291087], [113.94519641628878, 22.555242338241495], [113.94445627624587, 22.555145653776986], [113.94397314742385, 22.55510753226616], [113.94343877020323, 22.555092485293923], [113.94295674135412, 22.555105583655006], [113.94044498211649, 22.555278860432814]]}}, {"type": "Feature", "properties": {"arc": 812, "wealthier": 0.3803132035860364, "beautiful": 0.3759363440923838, "livelier": 0.3269197420883043, "depressing": 0.6225177690384076, "safer": 0.3426494258754384, "boring": 0.6965129045850086, "human": 0.0004139963785807, "vehicle": 0.0244310251871744, "construction": 0.0322288258870442, "nature": 0.2182907358805338, "sky": 0.4807667541503905, "object": 0.004708760579427, "PI": 0.26002357889802885, "NI": 0.40380605694061417, "length": 780.5369047, "source": 427, "target": 428, "direction": "bi-directional"}, "geometry": {"type": "LineString", "coordinates": [[114.0677746666623, 22.558068300505546], [114.06791153705532, 22.551020935272227]]}}, {"type": "Feature", "properties": {"arc": 813, "wealthier": 0.367254403922287, "beautiful": 0.3294988487968643, "livelier": 0.346907068166816, "depressing": 0.70124151203368, "safer": 0.3004388254810977, "boring": 0.6650076646113865, "human": 0.0005482449943636, "vehicle": 0.0219985820628978, "construction": 0.0785130748042354, "nature": 0.1355143064334068, "sky": 0.4997972205833152, "object": 0.0050345997751494, "PI": 0.22668878814368162, "NI": 0.43299684719605375, "length": 1403.890605, "source": 427, "target": 448, "direction": "bi-directional"}, "geometry": {"type": "LineString", "coordinates": [[114.0677746666623, 22.558068300505546], [114.0696945329574, 22.558104514751864], [114.07067131235391, 22.55810810921483], [114.07122914691058, 22.558127201349595], [114.07220967994705, 22.558130970096453], [114.0727989592402, 22.558150401799786], [114.07376822793468, 22.558153875544594], [114.0743468650743, 22.558173179666696], [114.07534840245147, 22.558177197333812], [114.07659855686676, 22.558218016611846], [114.07917610025687, 22.558245065171228], [114.07984000832336, 22.558265514250635], [114.08078278232556, 22.558264807724775], [114.0814206859777, 22.558239300794536]]}}, {"type": "Feature", "properties": {"arc": 816, "wealthier": 0.3181243368258845, "beautiful": 0.2497416821044272, "livelier": 0.4614295224688815, "depressing": 0.7058256242124386, "safer": 0.2737705887468593, "boring": 0.6552374367181948, "human": 0.0013550519943237, "vehicle": 0.042261521021525, "construction": 0.2349741856257121, "nature": 0.1108459631601969, "sky": 0.4090505043665568, "object": 0.0062477986017862, "PI": 0.22499736824478525, "NI": 0.4799849878582865, "length": 404.9567839, "source": 559, "target": 544, "direction": "bi-directional"}, "geometry": {"type": "LineString", "coordinates": [[114.12516543836735, 22.55918040962304], [114.12275857895813, 22.55782659179437], [114.12221857604061, 22.55750743257339], [114.12182175185679, 22.557251113389146]]}}, {"type": "Feature", "properties": {"arc": 817, "wealthier": 0.6106114033173782, "beautiful": 0.6057276239557703, "livelier": 0.7038860685912621, "depressing": 0.3504097171600776, "safer": 0.6442966840980879, "boring": 0.2902198158490852, "human": 0.0041650136311848, "vehicle": 0.0346380380483774, "construction": 0.0851946610670823, "nature": 0.3903682415301982, "sky": 0.2056044554099058, "object": 0.0061187255076873, "PI": 0.5588216978212344, "NI": 0.24032256044362896, "length": 436.7331821, "source": 559, "target": 565, "direction": "bi-directional"}, "geometry": {"type": "LineString", "coordinates": [[114.12516543836735, 22.55918040962304], [114.12759375884714, 22.557137277893233], [114.12828808925346, 22.556508630912624]]}}, {"type": "Feature", "properties": {"arc": 819, "wealthier": 0.5651386230930556, "beautiful": 0.4758836521341318, "livelier": 0.4705286022336182, "depressing": 0.509337672453896, "safer": 0.4737919825599631, "boring": 0.5763093157257617, "human": 6.765307802142519e-05, "vehicle": 0.0474850336710612, "construction": 0.0145807844219785, "nature": 0.2024404352361505, "sky": 0.4948704748442679, "object": 0.0026163043397845, "PI": 0.35306868422574106, "NI": 0.36445798686058023, "length": 581.3970084, "source": 91, "target": 113, "direction": "bi-directional"}, "geometry": {"type": "LineString", "coordinates": [[113.92296033262762, 22.5554602909746], [113.92860385948286, 22.555163385781338]]}}, {"type": "Feature", "properties": {"arc": 820, "wealthier": 0.3138991178179175, "beautiful": 0.3066759787225746, "livelier": 0.2161742247645168, "depressing": 0.6820049657237754, "safer": 0.2779235654621709, "boring": 0.8283067053979213, "human": 0.0003847663785204, "vehicle": 0.030735887127158, "construction": 0.0834410161147883, "nature": 0.1024569994137611, "sky": 0.5259149103988836, "object": 0.0052412763053988, "PI": 0.1734599343551865, "NI": 0.47466389922630453, "length": 765.4948193, "source": 419, "target": 420, "direction": "bi-directional"}, "geometry": {"type": "LineString", "coordinates": [[114.06261998667517, 22.558324251253172], [114.06261481120319, 22.557788802267513], [114.06267660125975, 22.554878881144784], [114.06272428889609, 22.551412445313467]]}}, {"type": "Feature", "properties": {"arc": 821, "wealthier": 0.3491123278771894, "beautiful": 0.2805501177569889, "livelier": 0.3679464396709013, "depressing": 0.7346915390992539, "safer": 0.26601454132175, "boring": 0.6970272905173632, "human": 0.0005175825478374, "vehicle": 0.0148699940114781, "construction": 0.1217466990152994, "nature": 0.1344059930331465, "sky": 0.4649466362552367, "object": 0.0043200064396512, "PI": 0.21191150183635987, "NI": 0.439511125594531, "length": 534.2901945, "source": 419, "target": 427, "direction": "bi-directional"}, "geometry": {"type": "LineString", "coordinates": [[114.06261998667517, 22.558324251253172], [114.06328461116239, 22.558130293157287], [114.06364860217356, 22.55806786401221], [114.06393851231336, 22.55804110676971], [114.0652406463882, 22.558038087559293], [114.06598498932034, 22.558059582194264], [114.0677746666623, 22.558068300505546]]}}, {"type": "Feature", "properties": {"arc": 822, "wealthier": 0.4616543596956473, "beautiful": 0.4098165530958402, "livelier": 0.4062651485287163, "depressing": 0.5501131105733249, "safer": 0.4052068851252706, "boring": 0.616983778001017, "human": 8.112011533794981e-05, "vehicle": 0.0756073865023526, "construction": 0.0231087713530569, "nature": 0.1746121608849727, "sky": 0.4881188652732154, "object": 0.0027987740256569, "PI": 0.2915992964573982, "NI": 0.401650907914231, "length": 507.4551235, "source": 195, "target": 215, "direction": "bi-directional"}, "geometry": {"type": "LineString", "coordinates": [[113.9480536021723, 22.555802032885993], [113.94997514895744, 22.556110840627138], [113.9503049075778, 22.556148861444242], [113.95183709003055, 22.5562584184973], [113.95295093604281, 22.55629662383351]]}}, {"type": "Feature", "properties": {"arc": 823, "wealthier": 0.3539886677166289, "beautiful": 0.2699148732263534, "livelier": 0.3824145504491382, "depressing": 0.6841972368552852, "safer": 0.2853708031821511, "boring": 0.6556281334410705, "human": 0.0001694194057531, "vehicle": 0.0275815997207373, "construction": 0.1057129575495134, "nature": 0.086443215085749, "sky": 0.5131916246916118, "object": 0.0052867688630756, "PI": 0.20052681399454594, "NI": 0.44637576190477884, "length": 578.8385309, "source": 215, "target": 216, "direction": "bi-directional"}, "geometry": {"type": "LineString", "coordinates": [[113.95295093604281, 22.55629662383351], [113.95299734769445, 22.55547227802188], [113.95309021774375, 22.554554971309752], [113.95340574272625, 22.55249060456532], [113.9534943065542, 22.55204348551718], [113.9536244642525, 22.551606560534246], [113.95380901865529, 22.551150460085378]]}}, {"type": "Feature", "properties": {"arc": 825, "wealthier": 0.4344124813629866, "beautiful": 0.3146588258066184, "livelier": 0.498977128120779, "depressing": 0.5930316524722314, "safer": 0.3635494075874492, "boring": 0.5477810742228252, "human": 0.0012234663351988, "vehicle": 0.0140499701866736, "construction": 0.09894593556722, "nature": 0.1565031393980368, "sky": 0.4748807809291743, "object": 0.0059820810953776, "PI": 0.28990607015686454, "NI": 0.39241464029641254, "length": 718.9263009, "source": 72, "target": 74, "direction": "bi-directional"}, "geometry": {"type": "LineString", "coordinates": [[113.9183623771103, 22.555689098644706], [113.91835905668285, 22.554228913988595], [113.91844551107854, 22.55044529429377], [113.91845249284833, 22.54919782188889]]}}, {"type": "Feature", "properties": {"arc": 826, "wealthier": 0.3054552603770249, "beautiful": 0.399569344049507, "livelier": 0.2558665744364245, "depressing": 0.7959825812074516, "safer": 0.203834265895579, "boring": 0.5606494492965106, "human": 2.5992299996170346e-05, "vehicle": 0.0255209604899088, "construction": 0.0439910888671875, "nature": 0.1852842592725566, "sky": 0.4765344507553998, "object": 0.0026855094760072, "PI": 0.20045005618666956, "NI": 0.40256631930552533, "length": 473.6123364, "source": 72, "target": 91, "direction": "bi-directional"}, "geometry": {"type": "LineString", "coordinates": [[113.9183623771103, 22.555689098644706], [113.92223107966711, 22.555485974423544], [113.92296033262762, 22.5554602909746]]}}, {"type": "Feature", "properties": {"arc": 828, "wealthier": 0.4359455168074859, "beautiful": 0.3920983658642987, "livelier": 0.4759293861203515, "depressing": 0.6073517207483261, "safer": 0.3813920506304427, "boring": 0.5985211179980667, "human": 0.0007292429606119, "vehicle": 0.0270291283017113, "construction": 0.1477938152494884, "nature": 0.2026679023863777, "sky": 0.3936211419483971, "object": 0.0070632752918061, "PI": 0.3084940796919914, "NI": 0.41344873768485807, "length": 507.4883628, "source": 541, "target": 527, "direction": "bi-directional"}, "geometry": {"type": "LineString", "coordinates": [[114.12005063239873, 22.559641825508276], [114.11964716124247, 22.559372896784968], [114.11916978415505, 22.55912097206875], [114.1188255238052, 22.558988112120346], [114.11844339603242, 22.558895741818784], [114.11808265719566, 22.558852532457415], [114.11728099755038, 22.558817846490918], [114.11532647033016, 22.55880809630641]]}}, {"type": "Feature", "properties": {"arc": 829, "wealthier": 0.4917997644783203, "beautiful": 0.4461827531806604, "livelier": 0.4580809027748588, "depressing": 0.5019046135919237, "safer": 0.4510341941216037, "boring": 0.5714192863689473, "human": 5.9899829682849696e-05, "vehicle": 0.0063703173682803, "construction": 0.1708961668468657, "nature": 0.2640649250575474, "sky": 0.3618219466436477, "object": 0.0045548847743443, "PI": 0.3437418447271143, "NI": 0.3578161503801464, "length": 323.3951011, "source": 541, "target": 544, "direction": "bi-directional"}, "geometry": {"type": "LineString", "coordinates": [[114.12005063239873, 22.559641825508276], [114.12036534560416, 22.558989438128922], [114.12051767664575, 22.55874966253531], [114.12134388376461, 22.5577770223601], [114.12182175185679, 22.557251113389146]]}}, {"type": "Feature", "properties": {"arc": 830, "wealthier": 0.3938248290251582, "beautiful": 0.3391752868853321, "livelier": 0.3871330770704703, "depressing": 0.6314081281409145, "safer": 0.3224995938404434, "boring": 0.6541992571584726, "human": 0.0004493862974877, "vehicle": 0.0969416113460765, "construction": 0.0266517938352098, "nature": 0.1260882919909907, "sky": 0.5196196425194834, "object": 0.0041385351442823, "PI": 0.24114759579873798, "NI": 0.45659495265212113, "length": 913.8742872, "source": 232, "target": 215, "direction": "bi-directional"}, "geometry": {"type": "LineString", "coordinates": [[113.96181987540172, 22.556729789689914], [113.96093530855728, 22.556623763614592], [113.960172228117, 22.556560212921994], [113.95913245223981, 22.556536840281897], [113.95386859592179, 22.55634235262214], [113.95295093604281, 22.55629662383351]]}}, {"type": "Feature", "properties": {"arc": 831, "wealthier": 0.6342736781848111, "beautiful": 0.4752836723843402, "livelier": 0.5363416479955904, "depressing": 0.4868959379571547, "safer": 0.492163884899077, "boring": 0.4912295404166447, "human": 0.0004038016001383, "vehicle": 0.0141808191935221, "construction": 0.02849809328715, "nature": 0.2779876788457234, "sky": 0.4302111864089964, "object": 0.0023813247680664, "PI": 0.4041504097542649, "NI": 0.30625336883622506, "length": 441.7141704, "source": 232, "target": 231, "direction": "bi-directional"}, "geometry": {"type": "LineString", "coordinates": [[113.96181987540172, 22.556729789689914], [113.96122377250678, 22.552779575189636]]}}, {"type": "Feature", "properties": {"arc": 832, "wealthier": 0.580302779808208, "beautiful": 0.3570700477477128, "livelier": 0.6579980040095338, "depressing": 0.5696592151924152, "safer": 0.4539767397877526, "boring": 0.437348815411031, "human": 0.0001203971996641, "vehicle": 0.0105210689076206, "construction": 0.0542102612947162, "nature": 0.2809109269526967, "sky": 0.4197735702782347, "object": 0.0036921250192742, "PI": 0.38699216673446063, "NI": 0.32256152779064057, "length": 544.552194, "source": 252, "target": 256, "direction": "bi-directional"}, "geometry": {"type": "LineString", "coordinates": [[113.9705735048872, 22.557249147831936], [113.97127290560641, 22.556576033204692], [113.97440189469897, 22.553853857408132]]}}, {"type": "Feature", "properties": {"arc": 833, "wealthier": 0.459568469847171, "beautiful": 0.4149163380811001, "livelier": 0.4259156990983999, "depressing": 0.5533132598056717, "safer": 0.3744368935344098, "boring": 0.5907075589679976, "human": 9.918212890625004e-05, "vehicle": 0.0293819109598795, "construction": 0.0409700075785319, "nature": 0.2184011595589773, "sky": 0.4492223830450149, "object": 0.0033770515805199, "PI": 0.30190052360360503, "NI": 0.362292932250919, "length": 605.9883133, "source": 252, "target": 258, "direction": "bi-directional"}, "geometry": {"type": "LineString", "coordinates": [[113.9705735048872, 22.557249147831936], [113.97148649254825, 22.557071523464682], [113.97310105796443, 22.556646914604773], [113.97337695679028, 22.556603114145524], [113.97377809141678, 22.55656200129031], [113.97448961941998, 22.55655260703744], [113.97492881020159, 22.55658361580618], [113.97548556059294, 22.55667228460647], [113.97634210877374, 22.55686165213077]]}}, {"type": "Feature", "properties": {"arc": 834, "wealthier": 0.4364575079552202, "beautiful": 0.5136809632996572, "livelier": 0.6633366410445218, "depressing": 0.4628427334779415, "safer": 0.4864665220325064, "boring": 0.3267097400054629, "human": 0.0032984945509168, "vehicle": 0.0265348222520616, "construction": 0.0967862870958116, "nature": 0.3671465979682074, "sky": 0.221857123904758, "object": 0.0105764071146647, "PI": 0.4594696168161025, "NI": 0.2965912565689065, "length": 291.0321827, "source": 319, "target": 317, "direction": "bi-directional"}, "geometry": {"type": "LineString", "coordinates": [[114.03131976004228, 22.55852018777555], [114.02941931721864, 22.55657306245504]]}}, {"type": "Feature", "properties": {"arc": 835, "wealthier": 0.5162418436659714, "beautiful": 0.532195293694231, "livelier": 0.6871237377255939, "depressing": 0.412209158199929, "safer": 0.5204125217022734, "boring": 0.2977757491285501, "human": 0.0028481660065827, "vehicle": 0.011967694317853, "construction": 0.1378452512953016, "nature": 0.233576703954626, "sky": 0.3335870460227684, "object": 0.0109887652926974, "PI": 0.44817205053741976, "NI": 0.31821553122388185, "length": 550.5001257, "source": 319, "target": 327, "direction": "bi-directional"}, "geometry": {"type": "LineString", "coordinates": [[114.03131976004228, 22.55852018777555], [114.03511230912856, 22.55501241395842]]}}, {"type": "Feature", "properties": {"arc": 838, "wealthier": 0.3369125780632788, "beautiful": 0.3476902858966442, "livelier": 0.2635960264929288, "depressing": 0.665224560813575, "safer": 0.2851373935388013, "boring": 0.7607500306776376, "human": 8.610316685267858e-05, "vehicle": 0.0795136103554377, "construction": 0.0226807064480251, "nature": 0.1256268516419425, "sky": 0.53490968734499, "object": 0.0024027445959666, "PI": 0.19761310720638872, "NI": 0.46104781451078813, "length": 504.9387751, "source": 232, "target": 245, "direction": "bi-directional"}, "geometry": {"type": "LineString", "coordinates": [[113.96181987540172, 22.556729789689914], [113.96297022339856, 22.556917625067246], [113.96427330379478, 22.557210531999168], [113.96485286110753, 22.557321077636452], [113.9658499409066, 22.557460086838198], [113.96664627292483, 22.557537595257806]]}}, {"type": "Feature", "properties": {"arc": 839, "wealthier": 0.3951693010588521, "beautiful": 0.3107981688301681, "livelier": 0.5342440864123126, "depressing": 0.6702841919792886, "safer": 0.3216179874715952, "boring": 0.492556765965618, "human": 0.0002970308870882, "vehicle": 0.0223850903210339, "construction": 0.1708005441201699, "nature": 0.0947053926485078, "sky": 0.4488808743588558, "object": 0.0057586979221653, "PI": 0.25481039823092705, "NI": 0.41758681695497923, "length": 896.0698339, "source": 603, "target": 601, "direction": "bi-directional"}, "geometry": {"type": "LineString", "coordinates": [[114.15747174250876, 22.561027821742798], [114.1566006564698, 22.560405656971042], [114.15466765133348, 22.558870968374553], [114.15314578230716, 22.557632643851186], [114.1522470678519, 22.556963443622582], [114.15188979243311, 22.55674174840891], [114.15143565357829, 22.556517686095905], [114.15115976639721, 22.55641838269386], [114.15053366082586, 22.556238569344295]]}}, {"type": "Feature", "properties": {"arc": 840, "wealthier": 0.3982053682677947, "beautiful": 0.3726743579689626, "livelier": 0.4127980370302408, "depressing": 0.5976088737977786, "safer": 0.3547783779924516, "boring": 0.6028220086514545, "human": 8.307562934027778e-05, "vehicle": 0.0493962676436812, "construction": 0.0835108933625397, "nature": 0.164162000020345, "sky": 0.4580482906765407, "object": 0.0026901033189561, "PI": 0.2636142721977778, "NI": 0.39916770708167143, "length": 406.6917173, "source": 245, "target": 252, "direction": "bi-directional"}, "geometry": {"type": "LineString", "coordinates": [[113.96664627292483, 22.557537595257806], [113.96768263556046, 22.55755868957863], [113.96859835189838, 22.5575306222434], [113.96928438591115, 22.557465196782413], [113.96998108720601, 22.557373596699296], [113.97033503687767, 22.557311722181797], [113.9705735048872, 22.557249147831936]]}}, {"type": "Feature", "properties": {"arc": 843, "wealthier": 0.4919986789040661, "beautiful": 0.4156617406424806, "livelier": 0.477350523754075, "depressing": 0.5413184780320093, "safer": 0.4113064927415969, "boring": 0.4984979196799445, "human": 0.0001244368376555, "vehicle": 0.0405027248241283, "construction": 0.0644885169135199, "nature": 0.1582298985234013, "sky": 0.446817574677644, "object": 0.0032662992124204, "PI": 0.30931536460473635, "NI": 0.3583363950553858, "length": 468.5114029, "source": 295, "target": 289, "direction": "bi-directional"}, "geometry": {"type": "LineString", "coordinates": [[114.00967922142769, 22.558444259016657], [114.00554461544404, 22.556668758284914]]}}, {"type": "Feature", "properties": {"arc": 847, "wealthier": 0.5352471709721977, "beautiful": 0.4387415611863821, "livelier": 0.59461963323495, "depressing": 0.5323620679547655, "safer": 0.4929150324413461, "boring": 0.4853187448750063, "human": 0.0001710255940755, "vehicle": 0.0141884485880533, "construction": 0.0858996709187825, "nature": 0.2941514121161567, "sky": 0.3770612080891927, "object": 0.0046376122368706, "PI": 0.39267170756410713, "NI": 0.33114564794243345, "length": 143.8841586, "source": 539, "target": 541, "direction": "bi-directional"}, "geometry": {"type": "LineString", "coordinates": [[114.11955754619578, 22.560857092341365], [114.11989022739917, 22.560092216340134], [114.12005063239873, 22.559641825508276]]}}, {"type": "Feature", "properties": {"arc": 850, "wealthier": 0.5324307526965066, "beautiful": 0.4389346267549588, "livelier": 0.6304374812085912, "depressing": 0.5212248122521124, "safer": 0.4625652173695482, "boring": 0.4438891764538942, "human": 0.0003955629136827, "vehicle": 0.0568348036872016, "construction": 0.0503857400682237, "nature": 0.2715587615966797, "sky": 0.3746460278828938, "object": 0.0046478907267252, "PI": 0.39114101545674057, "NI": 0.34101968218551154, "length": 311.7243326, "source": 463, "target": 467, "direction": "bi-directional"}, "geometry": {"type": "LineString", "coordinates": [[114.08969259779117, 22.56096561694721], [114.09100034603318, 22.558426173013387]]}}, {"type": "Feature", "properties": {"arc": 851, "wealthier": 0.5099867895688788, "beautiful": 0.4945751428304535, "livelier": 0.6023938277262136, "depressing": 0.4461326501481281, "safer": 0.504390874892495, "boring": 0.3565675935766423, "human": 0.001164436340332, "vehicle": 0.0344376669989691, "construction": 0.0791625128851996, "nature": 0.3098813374837238, "sky": 0.3179789225260416, "object": 0.0046705245971679, "PI": 0.41864743732472554, "NI": 0.2894339086248799, "length": 761.5362693, "source": 576, "target": 559, "direction": "bi-directional"}, "geometry": {"type": "LineString", "coordinates": [[114.13186368023518, 22.56197600543464], [114.13075251171884, 22.561687844635404], [114.12877675117836, 22.561140604906058], [114.12848270055183, 22.56104163308952], [114.12826270569182, 22.56093341655199], [114.12751614843017, 22.560499162357292], [114.12516543836735, 22.55918040962304]]}}, {"type": "Feature", "properties": {"arc": 852, "wealthier": 0.4476216148137298, "beautiful": 0.4151759017933375, "livelier": 0.5452639868287209, "depressing": 0.5412463189999493, "safer": 0.4472346095284048, "boring": 0.4449028469271572, "human": 0.0008300634530874, "vehicle": 0.0106165470221103, "construction": 0.0388348897298177, "nature": 0.2105815104949168, "sky": 0.4513239249204978, "object": 0.0083277775691105, "PI": 0.3429310355779276, "NI": 0.35073759315666814, "length": 708.3917514, "source": 576, "target": 565, "direction": "bi-directional"}, "geometry": {"type": "LineString", "coordinates": [[114.13186368023518, 22.56197600543464], [114.13127703035141, 22.561097767845634], [114.12828808925346, 22.556508630912624]]}}, {"type": "Feature", "properties": {"arc": 853, "wealthier": 0.3822796041971168, "beautiful": 0.3783560392700326, "livelier": 0.5316793193541706, "depressing": 0.5966596511787025, "safer": 0.3722446655470131, "boring": 0.4872200633433532, "human": 0.0007912953694661, "vehicle": 0.0185780843098958, "construction": 0.0557951291402181, "nature": 0.2252520879109701, "sky": 0.4423346201578776, "object": 0.0063310305277506, "PI": 0.31230048164431656, "NI": 0.36493866689507976, "length": 498.2482654, "source": 576, "target": 587, "direction": "bi-directional"}, "geometry": {"type": "LineString", "coordinates": [[114.13186368023518, 22.56197600543464], [114.13215118924235, 22.561714814504928], [114.13242170062016, 22.561437055361893], [114.13507276474415, 22.558606975916287]]}}, {"type": "Feature", "properties": {"arc": 855, "wealthier": 0.3454752661876319, "beautiful": 0.3146425027090105, "livelier": 0.4971664659758288, "depressing": 0.6542325373191553, "safer": 0.323505419390716, "boring": 0.4791348149702693, "human": 0.0001303752263387, "vehicle": 0.0256494681040445, "construction": 0.038501501083374, "nature": 0.187892476717631, "sky": 0.4964278936386109, "object": 0.0047642389933268, "PI": 0.26119695528725234, "NI": 0.3789382957021814, "length": 449.1624302, "source": 606, "target": 603, "direction": "bi-directional"}, "geometry": {"type": "LineString", "coordinates": [[114.16147081973286, 22.56263412129493], [114.16060771233873, 22.56238607692308], [114.15982058733204, 22.562098474652625], [114.1584492683708, 22.561516287301902], [114.15747174250876, 22.561027821742798]]}}, {"type": "Feature", "properties": {"arc": 858, "wealthier": 0.5839440893304682, "beautiful": 0.4485875562404864, "livelier": 0.8065310129366478, "depressing": 0.453942689198535, "safer": 0.566768646084356, "boring": 0.2552280069352795, "human": 0.0044114854600694, "vehicle": 0.0446505546569824, "construction": 0.1097062958611382, "nature": 0.2546160486009386, "sky": 0.3195876015557183, "object": 0.0073844591776529, "PI": 0.5006648584023864, "NI": 0.30738140838833156, "length": 332.2882049, "source": 500, "target": 501, "direction": "bi-directional"}, "geometry": {"type": "LineString", "coordinates": [[114.10402560579624, 22.561629019181186], [114.10407922309956, 22.55862875984136]]}}, {"type": "Feature", "properties": {"arc": 859, "wealthier": 0.4383847719739899, "beautiful": 0.363706138997941, "livelier": 0.4413369359585971, "depressing": 0.683963755190599, "safer": 0.3528636809376886, "boring": 0.5575878497500594, "human": 0.000225854298425, "vehicle": 0.0201697425236777, "construction": 0.1364918512011331, "nature": 0.1169219395470997, "sky": 0.4759733866131495, "object": 0.0053918929327101, "PI": 0.26415035225965267, "NI": 0.42400845866413706, "length": 1042.252443, "source": 619, "target": 620, "direction": "bi-directional"}, "geometry": {"type": "LineString", "coordinates": [[114.17255112078378, 22.562850920011606], [114.17346536388963, 22.5626355825955], [114.1739146749431, 22.562497218061935], [114.17442381575385, 22.56228100146238], [114.17493886653142, 22.562008478215155], [114.17542812762234, 22.561684314577114], [114.17767411933096, 22.56003131829859], [114.17891538249866, 22.559174534317407], [114.1806287608164, 22.557914202463863], [114.18088120497447, 22.557808073101647], [114.18096162729107, 22.557773709623763]]}}, {"type": "Feature", "properties": {"arc": 860, "wealthier": 0.1642449414324281, "beautiful": 0.2318775605198111, "livelier": 0.1966729323864962, "depressing": 0.7928862635847779, "safer": 0.1812667837187927, "boring": 0.8090372265516756, "human": 0.0014497805864383, "vehicle": 0.0341554788442758, "construction": 0.1286617670303736, "nature": 0.0799402579283103, "sky": 0.4790583879519731, "object": 0.0061645996876252, "PI": 0.12081247959505265, "NI": 0.5012738088577392, "length": 332.0207742, "source": 484, "target": 486, "direction": "bi-directional"}, "geometry": {"type": "LineString", "coordinates": [[114.09930735065778, 22.561548454142457], [114.09933860024063, 22.560518054220307], [114.09936633721249, 22.55855077386008]]}}, {"type": "Feature", "properties": {"arc": 861, "wealthier": 0.265436598698056, "beautiful": 0.2401415265502284, "livelier": 0.5514753199595274, "depressing": 0.7002647221456688, "safer": 0.2816974920352292, "boring": 0.5276871265942883, "human": 0.0036251761696555, "vehicle": 0.0400668057528409, "construction": 0.2146389123165246, "nature": 0.0513236883914831, "sky": 0.4330318335330848, "object": 0.0089482972116181, "PI": 0.24670775303401848, "NI": 0.4714142113578708, "length": 241.773629, "source": 494, "target": 500, "direction": "bi-directional"}, "geometry": {"type": "LineString", "coordinates": [[114.10167559816246, 22.561581082020652], [114.10302687224574, 22.561620907600496], [114.10402560579624, 22.561629019181186]]}}, {"type": "Feature", "properties": {"arc": 862, "wealthier": 0.2341310826384733, "beautiful": 0.2178745417928917, "livelier": 0.5146252565179847, "depressing": 0.7244972168709332, "safer": 0.2556465443030551, "boring": 0.6006112382350772, "human": 0.002986040982333, "vehicle": 0.0365120858857125, "construction": 0.2155554800322561, "nature": 0.0368035056374289, "sky": 0.443799741340406, "object": 0.0090497334798177, "PI": 0.21372903637722127, "NI": 0.4899099860546867, "length": 243.6482628, "source": 484, "target": 494, "direction": "bi-directional"}, "geometry": {"type": "LineString", "coordinates": [[114.09930735065778, 22.561548454142457], [114.1000067589534, 22.561577529399944], [114.10167559816246, 22.561581082020652]]}}, {"type": "Feature", "properties": {"arc": 863, "wealthier": 0.688981250047738, "beautiful": 0.5599728736759652, "livelier": 0.8766474932429882, "depressing": 0.3507915584929907, "safer": 0.6530082101826536, "boring": 0.1465531039676731, "human": 0.0044376232005931, "vehicle": 0.0360206321433738, "construction": 0.1108136000456633, "nature": 0.3592372470431856, "sky": 0.2339079821551287, "object": 0.0061583342375578, "PI": 0.5947533897180906, "NI": 0.23248727326522725, "length": 479.1890659, "source": 478, "target": 484, "direction": "bi-directional"}, "geometry": {"type": "LineString", "coordinates": [[114.09464911195447, 22.561479582884804], [114.09719579325895, 22.561530861698138], [114.09873984318095, 22.561533264817065], [114.09930735065778, 22.561548454142457]]}}, {"type": "Feature", "properties": {"arc": 864, "wealthier": 0.6807810177552615, "beautiful": 0.5256855317843415, "livelier": 0.8603572980473015, "depressing": 0.4035560923946011, "safer": 0.6475849181433002, "boring": 0.232938919369684, "human": 0.003401862250434, "vehicle": 0.0393995708889431, "construction": 0.1119567023383246, "nature": 0.3846631579928928, "sky": 0.2211893929375542, "object": 0.0028955671522352, "PI": 0.5761123676169425, "NI": 0.23673779757108523, "length": 122.7114137, "source": 466, "target": 463, "direction": "bi-directional"}, "geometry": {"type": "LineString", "coordinates": [[114.09077680272303, 22.56142507336479], [114.09026165147871, 22.56117759369792], [114.08969259779117, 22.56096561694721]]}}, {"type": "Feature", "properties": {"arc": 865, "wealthier": 0.710241386991203, "beautiful": 0.5870141475709681, "livelier": 0.7863351723574576, "depressing": 0.3397347407751242, "safer": 0.6565843508854132, "boring": 0.2565707859062252, "human": 0.0026170015335083, "vehicle": 0.0287150541941324, "construction": 0.0642958879470825, "nature": 0.4023228883743286, "sky": 0.230268637339274, "object": 0.0068223476409912, "PI": 0.5743081260117832, "NI": 0.23244230747726746, "length": 398.3156074, "source": 466, "target": 478, "direction": "bi-directional"}, "geometry": {"type": "LineString", "coordinates": [[114.09077680272303, 22.56142507336479], [114.09464911195447, 22.561479582884804]]}}, {"type": "Feature", "properties": {"arc": 866, "wealthier": 0.3257094922752491, "beautiful": 0.3789471189394574, "livelier": 0.4099276167809009, "depressing": 0.6141499558297528, "safer": 0.3415350701954548, "boring": 0.5448944059483233, "human": 0.0001491970486111, "vehicle": 0.0110574298434787, "construction": 0.0593317879570855, "nature": 0.1623485353257921, "sky": 0.5095106760660808, "object": 0.005309952629937, "PI": 0.2496876253704994, "NI": 0.38618170174775357, "length": 165.0149079, "source": 617, "target": 619, "direction": "bi-directional"}, "geometry": {"type": "LineString", "coordinates": [[114.17094760820282, 22.56284762209794], [114.17178487854474, 22.56287442775788], [114.17255112078378, 22.562850920011606]]}}, {"type": "Feature", "properties": {"arc": 867, "wealthier": 0.4797291846745622, "beautiful": 0.4247773029033396, "livelier": 0.4794789457144736, "depressing": 0.5528382108507427, "safer": 0.4106204362715884, "boring": 0.484790238390907, "human": 9.72747802734375e-05, "vehicle": 0.0133829381730821, "construction": 0.066169261932373, "nature": 0.2193098333146837, "sky": 0.4450621075100369, "object": 0.0027541584438747, "PI": 0.3241203983021709, "NI": 0.33507294321400977, "length": 664.9481518, "source": 611, "target": 617, "direction": "bi-directional"}, "geometry": {"type": "LineString", "coordinates": [[114.16448321849634, 22.562750297013114], [114.17094760820282, 22.56284762209794]]}}, {"type": "Feature", "properties": {"arc": 868, "wealthier": 0.4487315779881239, "beautiful": 0.4042809660259343, "livelier": 0.4792830544930627, "depressing": 0.5735692768722748, "safer": 0.3924907155953276, "boring": 0.4602853414501376, "human": 0.0001526333036876, "vehicle": 0.0156227293468657, "construction": 0.0343059812273298, "nature": 0.220183009193057, "sky": 0.4763064611525763, "object": 0.0031207856677827, "PI": 0.3126568572619795, "NI": 0.3367063830371367, "length": 310.3483042, "source": 606, "target": 611, "direction": "bi-directional"}, "geometry": {"type": "LineString", "coordinates": [[114.16147081973286, 22.56263412129493], [114.16227798149687, 22.562711667549962], [114.16282472044685, 22.56273794831013], [114.16448321849634, 22.562750297013114]]}}, {"type": "Feature", "properties": {"arc": 869, "wealthier": 0.4429027864528218, "beautiful": 0.4021545673002852, "livelier": 0.4126103416007436, "depressing": 0.5637187151563768, "safer": 0.3574390607894701, "boring": 0.5612465721919001, "human": 0.0001729329427083, "vehicle": 0.0365462239583333, "construction": 0.0991929117838541, "nature": 0.1059937286376953, "sky": 0.4746051279703777, "object": 0.0034509023030598, "PI": 0.2638868267073818, "NI": 0.39054843712541465, "length": 579.7884195, "source": 303, "target": 295, "direction": "bi-directional"}, "geometry": {"type": "LineString", "coordinates": [[114.0149942565946, 22.560114108369508], [114.01437827329114, 22.56001419725841], [114.01359282726186, 22.559856594792638], [114.01296318904076, 22.559700597870737], [114.01233480997719, 22.559518066910858], [114.01176374851508, 22.559324125386006], [114.0112703249364, 22.559135444273906], [114.00967922142769, 22.558444259016657]]}}, {"type": "Feature", "properties": {"arc": 870, "wealthier": 0.5033578277760546, "beautiful": 0.4015658222255017, "livelier": 0.3736510027618772, "depressing": 0.6149230070245912, "safer": 0.4113426958848589, "boring": 0.6294848445504088, "human": 0.0001121097140842, "vehicle": 0.0179954811378761, "construction": 0.13313862129494, "nature": 0.1182863447401258, "sky": 0.4656671594690393, "object": 0.007059061968768, "PI": 0.27832652911464023, "NI": 0.4287301088795572, "length": 525.3070967, "source": 303, "target": 304, "direction": "bi-directional"}, "geometry": {"type": "LineString", "coordinates": [[114.0149942565946, 22.560114108369508], [114.01547000843902, 22.55700115902652], [114.0157284624394, 22.555419731099903]]}}, {"type": "Feature", "properties": {"arc": 872, "wealthier": 0.429981328277095, "beautiful": 0.435586838329092, "livelier": 0.6126992480770205, "depressing": 0.514021533580234, "safer": 0.4284508211110927, "boring": 0.4181540912282847, "human": 0.0058043064215244, "vehicle": 0.0550497495211087, "construction": 0.1233758192795973, "nature": 0.2487923548771785, "sky": 0.3227186447534806, "object": 0.005108417608799, "PI": 0.42596701716361557, "NI": 0.3459924736422944, "length": 329.3460964, "source": 557, "target": 559, "direction": "bi-directional"}, "geometry": {"type": "LineString", "coordinates": [[114.1248216936272, 22.56213732801444], [114.12516543836735, 22.55918040962304]]}}, {"type": "Feature", "properties": {"arc": 876, "wealthier": 0.6809158698776796, "beautiful": 0.5073754196131061, "livelier": 0.6711375487833243, "depressing": 0.4252762189516428, "safer": 0.5734456904887346, "boring": 0.2859466221716081, "human": 0.0002797444661458, "vehicle": 0.0378509097629123, "construction": 0.0321983761257595, "nature": 0.2510444499828198, "sky": 0.4242085350884331, "object": 0.0048816822193287, "PI": 0.4501993725520681, "NI": 0.2910992666454444, "length": 224.1998606, "source": 243, "target": 245, "direction": "bi-directional"}, "geometry": {"type": "LineString", "coordinates": [[113.96607405675974, 22.559491192002408], [113.96664627292483, 22.557537595257806]]}}, {"type": "Feature", "properties": {"arc": 877, "wealthier": 0.4163676169282704, "beautiful": 0.5106274800908525, "livelier": 0.569006219936549, "depressing": 0.4663975196376028, "safer": 0.4619322296783403, "boring": 0.4064186681126822, "human": 0.0020712650183475, "vehicle": 0.0174739722049597, "construction": 0.0786099289402817, "nature": 0.3653817610307173, "sky": 0.2556466767282196, "object": 0.0113377426609848, "PI": 0.4168546425386553, "NI": 0.3126675647503856, "length": 354.6034383, "source": 323, "target": 319, "direction": "bi-directional"}, "geometry": {"type": "LineString", "coordinates": [[114.03362787768734, 22.56089891170294], [114.03131976004228, 22.55852018777555]]}}, {"type": "Feature", "properties": {"arc": 878, "wealthier": 0.5278076969410576, "beautiful": 0.5323448875884611, "livelier": 0.7035517746147638, "depressing": 0.4265474810477276, "safer": 0.5479883310772871, "boring": 0.3263503560939391, "human": 0.0031139161851671, "vehicle": 0.0379567676120334, "construction": 0.1336343129475911, "nature": 0.2850012037489148, "sky": 0.2763742870754666, "object": 0.006991958618164, "PI": 0.474400590548514, "NI": 0.3034398981963509, "length": 728.2140307, "source": 323, "target": 335, "direction": "bi-directional"}, "geometry": {"type": "LineString", "coordinates": [[114.03362787768734, 22.56089891170294], [114.03400870341629, 22.56046692467761], [114.03418493261223, 22.56029970058318], [114.03633115470357, 22.558645256357277], [114.03672340956358, 22.55831137800844], [114.03692865168824, 22.558063327534715], [114.03790434505723, 22.5567468667107], [114.03836729160781, 22.556086587958507]]}}, {"type": "Feature", "properties": {"arc": 882, "wealthier": 0.3667997963735983, "beautiful": 0.4091315244390647, "livelier": 0.3562526796752807, "depressing": 0.6259101776125156, "safer": 0.3253312387879981, "boring": 0.5773161876951297, "human": 8.78931061039126e-05, "vehicle": 0.0377134617751206, "construction": 0.0316885351165523, "nature": 0.1280043687277693, "sky": 0.5419030073212415, "object": 0.0054239257564389, "PI": 0.23985084262364786, "NI": 0.4142418463216668, "length": 1034.914775, "source": 303, "target": 314, "direction": "bi-directional"}, "geometry": {"type": "LineString", "coordinates": [[114.0149942565946, 22.560114108369508], [114.01618155552389, 22.56020389216851], [114.01672489758114, 22.560230244375866], [114.01752650235744, 22.560228393276404], [114.0182894652158, 22.56018989789148], [114.01934232862067, 22.560161701614007], [114.0203524072511, 22.560176861678187], [114.0210718021154, 22.560213911934], [114.02205455049575, 22.560315558169968], [114.02324919622363, 22.560499781525134], [114.0249823402428, 22.56086576644229]]}}, {"type": "Feature", "properties": {"arc": 883, "wealthier": 0.4531159981655516, "beautiful": 0.4735199450715452, "livelier": 0.5520152734391732, "depressing": 0.5149598245898367, "safer": 0.4644240143698382, "boring": 0.4607117524028529, "human": 0.0007573152199769, "vehicle": 0.0165858880067483, "construction": 0.097209857060359, "nature": 0.2729949706639999, "sky": 0.3700013772035256, "object": 0.0064449310302734, "PI": 0.3737374808023297, "NI": 0.3381341364411065, "length": 668.702944, "source": 314, "target": 317, "direction": "bi-directional"}, "geometry": {"type": "LineString", "coordinates": [[114.0249823402428, 22.56086576644229], [114.02526735994785, 22.560278817324992], [114.02554470453208, 22.559817589233344], [114.02584479010694, 22.559419915999], [114.02620392345506, 22.559037285699677], [114.02645884099442, 22.558809886534775], [114.02678451637239, 22.558548721428856], [114.02785508799167, 22.557764247009462], [114.02941931721864, 22.55657306245504]]}}, {"type": "Feature", "properties": {"arc": 886, "wealthier": 0.0960377065448868, "beautiful": 0.1308639405525284, "livelier": 0.1291786978819011, "depressing": 0.8366086415429078, "safer": 0.0716936312762682, "boring": 0.948216532540078, "human": 0.0002440497988746, "vehicle": 0.0399148577735537, "construction": 0.0337941305977957, "nature": 0.0858684267316546, "sky": 0.5856008983793713, "object": 0.0036180587041945, "PI": 0.04433794088529839, "NI": 0.5210642152590914, "length": 383.1645819, "source": 214, "target": 215, "direction": "bi-directional"}, "geometry": {"type": "LineString", "coordinates": [[113.95289649940969, 22.559754974639638], [113.9528739322568, 22.559105221853926], [113.95287432640158, 22.558084756491894], [113.95295093604281, 22.55629662383351]]}}, {"type": "Feature", "properties": {"arc": 887, "wealthier": 0.6882395745256014, "beautiful": 0.4893503273217914, "livelier": 0.6361318862934405, "depressing": 0.4667520875094492, "safer": 0.5383767562390834, "boring": 0.4270040002814335, "human": 0.0004240217662992, "vehicle": 0.019823119753883, "construction": 0.0512391953241257, "nature": 0.240488052368164, "sky": 0.4466205778576079, "object": 0.0096465519496372, "PI": 0.43443835000253195, "NI": 0.3515547714327496, "length": 364.7689703, "source": 235, "target": 232, "direction": "bi-directional"}, "geometry": {"type": "LineString", "coordinates": [[113.96232866212713, 22.559989701829604], [113.96181987540172, 22.556729789689914]]}}, {"type": "Feature", "properties": {"arc": 888, "wealthier": 0.6587951704213311, "beautiful": 0.4166879510905225, "livelier": 0.5888679531801202, "depressing": 0.4597015854570623, "safer": 0.4815082263557999, "boring": 0.293249427347062, "human": 0.000959038734436, "vehicle": 0.0303016503651936, "construction": 0.0284496943155924, "nature": 0.2085512479146321, "sky": 0.458739717801412, "object": 0.0057933727900187, "PI": 0.3955352248110131, "NI": 0.30695575402458336, "length": 389.1567432, "source": 235, "target": 243, "direction": "bi-directional"}, "geometry": {"type": "LineString", "coordinates": [[113.96232866212713, 22.559989701829604], [113.96607405675974, 22.559491192002408]]}}, {"type": "Feature", "properties": {"arc": 889, "wealthier": 0.8141148189532572, "beautiful": 0.609187737567665, "livelier": 0.8114430706952033, "depressing": 0.2607587604491735, "safer": 0.7073265747440189, "boring": 0.1145996847171051, "human": 0.0008369551764594, "vehicle": 0.0299824873606363, "construction": 0.0626684029897054, "nature": 0.4964985582563612, "sky": 0.1355715062883165, "object": 0.0042666329277886, "PI": 0.6112636674194697, "NI": 0.1518821900817717, "length": 612.9247476, "source": 214, "target": 193, "direction": "bi-directional"}, "geometry": {"type": "LineString", "coordinates": [[113.95289649940969, 22.559754974639638], [113.95254472989893, 22.559786437187192], [113.95220069307155, 22.55979765064329], [113.95144907281828, 22.55979755913517], [113.95115151547753, 22.5597769180584], [113.94705296723521, 22.558876574434354]]}}, {"type": "Feature", "properties": {"arc": 890, "wealthier": 0.5644688988663985, "beautiful": 0.4519013015803444, "livelier": 0.5327417327091916, "depressing": 0.49650317486594, "safer": 0.4657507718425437, "boring": 0.4711521672136984, "human": 0.0003148538094979, "vehicle": 0.0199534804732711, "construction": 0.1357760723726249, "nature": 0.2373012731104722, "sky": 0.3823108673095702, "object": 0.005115650318287, "PI": 0.37106683068980106, "NI": 0.34686733484051263, "length": 844.7697596, "source": 271, "target": 258, "direction": "bi-directional"}, "geometry": {"type": "LineString", "coordinates": [[113.98344199053857, 22.560479898183456], [113.98228326721535, 22.55945813570189], [113.9807105141324, 22.558431220453592], [113.97690655464903, 22.55696859438494], [113.97634210877374, 22.55686165213077]]}}, {"type": "Feature", "properties": {"arc": 891, "wealthier": 0.4415713437990271, "beautiful": 0.3385859178920472, "livelier": 0.3872249118380474, "depressing": 0.6090271493593213, "safer": 0.3386346336129682, "boring": 0.6539428193196521, "human": 0.0001840262577451, "vehicle": 0.014361896734128, "construction": 0.0884509251035493, "nature": 0.1837445182361822, "sky": 0.4661775567065711, "object": 0.0052449456576643, "PI": 0.26324090164527686, "NI": 0.4039267151983193, "length": 901.7462749, "source": 271, "target": 268, "direction": "bi-directional"}, "geometry": {"type": "LineString", "coordinates": [[113.98344199053857, 22.560479898183456], [113.98302991577785, 22.55607719222154], [113.9829012061519, 22.55454725345299], [113.98281886955381, 22.554052734726877], [113.98268487904691, 22.553662217245922], [113.98247032523992, 22.553245008795088], [113.98224802177492, 22.55292379951379], [113.9819451606944, 22.552592419344897]]}}, {"type": "Feature", "properties": {"arc": 892, "wealthier": 0.3463061146883393, "beautiful": 0.3493388606496279, "livelier": 0.3222911668304422, "depressing": 0.663875402345185, "safer": 0.2985421214820755, "boring": 0.6770441764185794, "human": 9.648183758339186e-05, "vehicle": 0.0264924510141437, "construction": 0.0419628986258631, "nature": 0.1518307160795405, "sky": 0.5095005321145506, "object": 0.0033198153035024, "PI": 0.21998917395577033, "NI": 0.4120247409080058, "length": 2201.468558, "source": 271, "target": 285, "direction": "bi-directional"}, "geometry": {"type": "LineString", "coordinates": [[113.98344199053857, 22.560479898183456], [113.98870117386718, 22.55901892036051], [113.98960025074233, 22.558804988076087], [113.99034390810044, 22.5585796393331], [113.99091695055529, 22.558344172388612], [113.99211751189868, 22.55778799612537], [113.99292928429857, 22.557390007537702], [113.99426682750148, 22.556764153950237], [113.99515539528117, 22.556371216954666], [113.99570385518953, 22.556165829035603], [113.99631128107315, 22.555999772870663], [113.99679021698645, 22.55590633700509], [113.99732857016897, 22.555830225733665], [113.9979072480623, 22.555781920666774], [113.99828429321335, 22.555775624121473], [114.00249831172972, 22.55584953385752], [114.00306944991532, 22.55589250004071], [114.00389106038153, 22.556013043093376]]}}, {"type": "Feature", "properties": {"arc": 893, "wealthier": 0.5328765683759408, "beautiful": 0.3582590519794612, "livelier": 0.533859806338331, "depressing": 0.5217330242541416, "safer": 0.4318750444793631, "boring": 0.5137459325507971, "human": 0.0005672030978732, "vehicle": 0.0185954199896918, "construction": 0.0409662882486979, "nature": 0.2064430236816406, "sky": 0.4795113881429037, "object": 0.0038592868381076, "PI": 0.33796574847323363, "NI": 0.34639939499190203, "length": 404.6303974, "source": 78, "target": 72, "direction": "bi-directional"}, "geometry": {"type": "LineString", "coordinates": [[113.91912238512164, 22.559274051874954], [113.91855519244709, 22.55667708192632], [113.9183623771103, 22.555689098644706]]}}, {"type": "Feature", "properties": {"arc": 897, "wealthier": 0.7519230862975201, "beautiful": 0.6105927044820166, "livelier": 0.7571714508458183, "depressing": 0.285050330928398, "safer": 0.6703245653934597, "boring": 0.158024905615872, "human": 0.0008373514811197, "vehicle": 0.0176850382486979, "construction": 0.0332583363850911, "nature": 0.3897262827555338, "sky": 0.3002951049804687, "object": 0.0082609049479166, "PI": 0.557012559419851, "NI": 0.2151087564452118, "length": 660.0574409, "source": 141, "target": 166, "direction": "bi-directional"}, "geometry": {"type": "LineString", "coordinates": [[113.93432033999377, 22.559793300392414], [113.93482682647762, 22.559817719053214], [113.93709759424435, 22.55984470609746], [113.93766508914102, 22.559863969828015], [113.93866842417663, 22.55986738128435], [113.93922675459868, 22.55988645745329], [113.94014861790573, 22.559889507902078], [113.94073437914938, 22.55993307030541]]}}, {"type": "Feature", "properties": {"arc": 898, "wealthier": 0.4198590306710202, "beautiful": 0.2838329611840335, "livelier": 0.4557997180766074, "depressing": 0.6759466669206204, "safer": 0.3428212126897506, "boring": 0.6481247930171594, "human": 0.0013002819485134, "vehicle": 0.0216375633522316, "construction": 0.1413785086737738, "nature": 0.0587608902542679, "sky": 0.5027832455105252, "object": 0.0106973648071289, "PI": 0.2461475213993545, "NI": 0.4808115255643761, "length": 516.2742421, "source": 166, "target": 159, "direction": "bi-directional"}, "geometry": {"type": "LineString", "coordinates": [[113.94073437914938, 22.55993307030541], [113.94059418063947, 22.55774795725484], [113.94048561703438, 22.555755105130572], [113.94044498211649, 22.555278860432814]]}}, {"type": "Feature", "properties": {"arc": 899, "wealthier": 0.8827206129132088, "beautiful": 0.6746793152447587, "livelier": 0.9175426146887108, "depressing": 0.2048859968105113, "safer": 0.7800464284133907, "boring": 0.059331237847674, "human": 0.0032362620035807, "vehicle": 0.0251641803317599, "construction": 0.0562629063924153, "nature": 0.4748042848375107, "sky": 0.1653114530775281, "object": 0.0043531417846679, "PI": 0.6934922438811987, "NI": 0.13513238856153648, "length": 679.0305256, "source": 166, "target": 193, "direction": "bi-directional"}, "geometry": {"type": "LineString", "coordinates": [[113.94073437914938, 22.55993307030541], [113.94138674744666, 22.559919515986813], [113.94152674877606, 22.559899889147047], [113.94167792417777, 22.559857063440774], [113.94201114847657, 22.559702879046103], [113.94332174378324, 22.558994442941362], [113.94352905321284, 22.55890571372909], [113.94372145975413, 22.558854742020426], [113.94405099457092, 22.558833460255652], [113.94523628224279, 22.558837522569448], [113.94705296723521, 22.558876574434354]]}}, {"type": "Feature", "properties": {"arc": 900, "wealthier": 0.3494074454564435, "beautiful": 0.3508627479330912, "livelier": 0.3538870200844137, "depressing": 0.5749413543966504, "safer": 0.3450309866873211, "boring": 0.5719498802719322, "human": 7.779974686472042e-05, "vehicle": 0.0340911798309861, "construction": 0.0168606942160087, "nature": 0.1803235505756578, "sky": 0.5162069755688049, "object": 0.0038547181246573, "PI": 0.24187649248323265, "NI": 0.37994677156317097, "length": 508.2223015, "source": 119, "target": 113, "direction": "bi-directional"}, "geometry": {"type": "LineString", "coordinates": [[113.92916284381651, 22.55972334155615], [113.92860385948286, 22.555163385781338]]}}, {"type": "Feature", "properties": {"arc": 901, "wealthier": 0.8493433972395547, "beautiful": 0.6754101191290041, "livelier": 0.7459719222068624, "depressing": 0.2350377281808925, "safer": 0.7444759136560548, "boring": 0.212964593088913, "human": 0.0006086258661179, "vehicle": 0.0571661752367776, "construction": 0.0201817467099144, "nature": 0.3429508511982267, "sky": 0.3267637888590494, "object": 0.0076501028878348, "PI": 0.5820581705194109, "NI": 0.24397801661831908, "length": 530.5592544, "source": 119, "target": 141, "direction": "bi-directional"}, "geometry": {"type": "LineString", "coordinates": [[113.92916284381651, 22.55972334155615], [113.93029406680442, 22.55973048896879], [113.93210156926007, 22.55977305094926], [113.93379883776144, 22.559775088315206], [113.93432033999377, 22.559793300392414]]}}, {"type": "Feature", "properties": {"arc": 903, "wealthier": 0.2653683995073825, "beautiful": 0.2639437801944062, "livelier": 0.2506202542337356, "depressing": 0.7281054456326937, "safer": 0.2318625217920639, "boring": 0.7794939693909146, "human": 0.0003282509598077, "vehicle": 0.0149634866153492, "construction": 0.2140077329149433, "nature": 0.0661953944785922, "sky": 0.44696044921875, "object": 0.0036987229889514, "PI": 0.1460209025305679, "NI": 0.4739980127834405, "length": 460.8059234, "source": 418, "target": 419, "direction": "bi-directional"}, "geometry": {"type": "LineString", "coordinates": [[114.06253172683293, 22.562484673787093], [114.06261998667517, 22.558324251253172]]}}, {"type": "Feature", "properties": {"arc": 904, "wealthier": 0.4341161955880268, "beautiful": 0.3906838484575691, "livelier": 0.4060565781443368, "depressing": 0.6091425386159433, "safer": 0.3711611608848333, "boring": 0.6213734136093602, "human": 0.0001933044857449, "vehicle": 0.0063741736941867, "construction": 0.1110609372456868, "nature": 0.2322466638353136, "sky": 0.3862415684594049, "object": 0.003519958919949, "PI": 0.2931766020265118, "NI": 0.3671491954548671, "length": 659.7196672, "source": 402, "target": 419, "direction": "bi-directional"}, "geometry": {"type": "LineString", "coordinates": [[114.05797404118718, 22.562413660020187], [114.06128649349971, 22.559267798045436], [114.06152365038976, 22.559084952562035], [114.06261998667517, 22.558324251253172]]}}, {"type": "Feature", "properties": {"arc": 905, "wealthier": 0.4164626433434529, "beautiful": 0.3724953235721957, "livelier": 0.5140104298746652, "depressing": 0.6069796638842628, "safer": 0.3331077271221527, "boring": 0.4950870367737121, "human": 0.0007443061241736, "vehicle": 0.0138326791616586, "construction": 0.1096357198861929, "nature": 0.2117272890531099, "sky": 0.4318292079827724, "object": 0.0096138685177534, "PI": 0.30300055692577954, "NI": 0.3992313615870957, "length": 352.5080927, "source": 602, "target": 603, "direction": "bi-directional"}, "geometry": {"type": "LineString", "coordinates": [[114.15741232369767, 22.564210512295997], [114.15743435034362, 22.562333219796546], [114.15747174250876, 22.561027821742798]]}}, {"type": "Feature", "properties": {"arc": 908, "wealthier": 0.4495728387305544, "beautiful": 0.3997987491312905, "livelier": 0.6708536782755222, "depressing": 0.522813497419132, "safer": 0.4303903954505187, "boring": 0.357127244606079, "human": 0.0021404160393608, "vehicle": 0.0424071417914496, "construction": 0.2610885832044813, "nature": 0.1275640593634711, "sky": 0.3271505037943522, "object": 0.004241837395562, "PI": 0.3577310885671905, "NI": 0.3681068733280508, "length": 305.0713071, "source": 607, "target": 610, "direction": "bi-directional"}, "geometry": {"type": "LineString", "coordinates": [[114.1614940021796, 22.56428444413639], [114.16446009885352, 22.564309211164094]]}}, {"type": "Feature", "properties": {"arc": 909, "wealthier": 0.4085770958284906, "beautiful": 0.3980357039237625, "livelier": 0.6149472763804776, "depressing": 0.5398221657151926, "safer": 0.3980677886756054, "boring": 0.3853858849354292, "human": 0.0010017694211473, "vehicle": 0.0368824379116881, "construction": 0.1933586644191367, "nature": 0.1611172545189951, "sky": 0.3653043859145221, "object": 0.0053110309675628, "PI": 0.3278149093151398, "NI": 0.3672172516958623, "length": 419.9135504, "source": 602, "target": 607, "direction": "bi-directional"}, "geometry": {"type": "LineString", "coordinates": [[114.15741232369767, 22.564210512295997], [114.15869829715923, 22.56424897760937], [114.16090513573313, 22.56426358494955], [114.1614940021796, 22.56428444413639]]}}, {"type": "Feature", "properties": {"arc": 910, "wealthier": 0.3885609973484858, "beautiful": 0.4080709238167113, "livelier": 0.4231429456487868, "depressing": 0.6191675172322295, "safer": 0.3573331153564174, "boring": 0.6147266812800017, "human": 0.0006864070892333, "vehicle": 0.0192842880884806, "construction": 0.0478001435597737, "nature": 0.2885886828104655, "sky": 0.3752420345942179, "object": 0.0029358069101969, "PI": 0.30975565232647573, "NI": 0.35020889372819486, "length": 379.1787147, "source": 402, "target": 389, "direction": "bi-directional"}, "geometry": {"type": "LineString", "coordinates": [[114.05797404118718, 22.562413660020187], [114.05644743501756, 22.56239889632954], [114.05587684612631, 22.5623793834084], [114.05428782404272, 22.562370681289867]]}}, {"type": "Feature", "properties": {"arc": 916, "wealthier": 0.6223737749669893, "beautiful": 0.5541207090326691, "livelier": 0.5402714949275916, "depressing": 0.428688599115436, "safer": 0.5362205380222809, "boring": 0.4587049937197575, "human": 6.601545545789931e-05, "vehicle": 0.0336239496866861, "construction": 0.0494391547309027, "nature": 0.2104558096991645, "sky": 0.4477300220065646, "object": 0.003501362270779, "PI": 0.4039385714706462, "NI": 0.3226443434743234, "length": 805.6169693, "source": 321, "target": 314, "direction": "bi-directional"}, "geometry": {"type": "LineString", "coordinates": [[114.03268489893526, 22.562187021917154], [114.02982622795341, 22.5617100574858], [114.0249823402428, 22.56086576644229]]}}, {"type": "Feature", "properties": {"arc": 917, "wealthier": 0.3134531870329797, "beautiful": 0.4126219241111137, "livelier": 0.4731864996452491, "depressing": 0.5987223999235558, "safer": 0.3476448171354844, "boring": 0.5436008388149308, "human": 0.0030351366315569, "vehicle": 0.0156180972144717, "construction": 0.1176852271670387, "nature": 0.1828833988734654, "sky": 0.3990790957496279, "object": 0.0088626316615513, "PI": 0.308798031471148, "NI": 0.39657287912360556, "length": 172.5808001, "source": 321, "target": 323, "direction": "bi-directional"}, "geometry": {"type": "LineString", "coordinates": [[114.03268489893526, 22.562187021917154], [114.03330655547427, 22.561380803097293], [114.03362787768734, 22.56089891170294]]}}, {"type": "Feature", "properties": {"arc": 918, "wealthier": 0.5345905582285001, "beautiful": 0.4535838466935497, "livelier": 0.4909311011817092, "depressing": 0.5960061215651994, "safer": 0.3925173664514791, "boring": 0.4073612008981778, "human": 0.0004318782261439, "vehicle": 0.0131700606573195, "construction": 0.0605913798014322, "nature": 0.2128064291817801, "sky": 0.4591405051095145, "object": 0.0047110602969215, "PI": 0.34075476966084944, "NI": 0.34313915143779933, "length": 175.4221633, "source": 244, "target": 243, "direction": "bi-directional"}, "geometry": {"type": "LineString", "coordinates": [[113.96648972561151, 22.561027547901737], [113.96607405675974, 22.559491192002408]]}}, {"type": "Feature", "properties": {"arc": 919, "wealthier": 0.6361630114439422, "beautiful": 0.5096199470691544, "livelier": 0.8799071158932599, "depressing": 0.3800574746939605, "safer": 0.6084559452146513, "boring": 0.2482021888699582, "human": 0.0098718007405598, "vehicle": 0.0462813377380371, "construction": 0.1769571304321289, "nature": 0.2457988262176514, "sky": 0.2549643516540527, "object": 0.0063692728678385, "PI": 0.6093856992704457, "NI": 0.29169120947950167, "length": 212.6776403, "source": 556, "target": 557, "direction": "bi-directional"}, "geometry": {"type": "LineString", "coordinates": [[114.12463291943114, 22.564049093700124], [114.12466288416897, 22.563474632016515], [114.1248216936272, 22.56213732801444]]}}, {"type": "Feature", "properties": {"arc": 921, "wealthier": 0.3034479317688895, "beautiful": 0.3688751506993131, "livelier": 0.3943032817220196, "depressing": 0.6730242503363394, "safer": 0.3080585501792016, "boring": 0.6274540076022068, "human": 0.0004134084664139, "vehicle": 0.008290658589282, "construction": 0.030253778096118, "nature": 0.2879834143944036, "sky": 0.4017052245295904, "object": 0.0036630817488128, "PI": 0.2699143881651109, "NI": 0.36021154189799093, "length": 1322.827963, "source": 389, "target": 349, "direction": "bi-directional"}, "geometry": {"type": "LineString", "coordinates": [[114.05428782404272, 22.562370681289867], [114.05144850127553, 22.562746403743695], [114.05121159105455, 22.562749806663774], [114.05110640639893, 22.562727993621298], [114.05099749713041, 22.56268110218016], [114.05070576888939, 22.562473240269835], [114.04771167763516, 22.560035689735702], [114.04683071635048, 22.559334982836937], [114.0443589145225, 22.557181433150113], [114.04416479203556, 22.5569961972448], [114.04393845874392, 22.55674539451597]]}}, {"type": "Feature", "properties": {"arc": 924, "wealthier": 0.5800874536333558, "beautiful": 0.5136802664775485, "livelier": 0.7358081870216739, "depressing": 0.4301939511702455, "safer": 0.5503149773061673, "boring": 0.2816766974722803, "human": 0.004786086804939, "vehicle": 0.0244042656638405, "construction": 0.11210129477761, "nature": 0.4081664518876509, "sky": 0.1676873004797733, "object": 0.0048357067686138, "PI": 0.5386839238132368, "NI": 0.23625896037582203, "length": 757.2228939, "source": 595, "target": 587, "direction": "bi-directional"}, "geometry": {"type": "LineString", "coordinates": [[114.13900150435566, 22.564389857413634], [114.13795044791395, 22.56282640209417], [114.13568891067986, 22.55953284171063], [114.13507276474415, 22.558606975916287]]}}, {"type": "Feature", "properties": {"arc": 925, "wealthier": 0.2702242578434468, "beautiful": 0.2519957254509055, "livelier": 0.3516903568945025, "depressing": 0.7183434015339206, "safer": 0.2392095876477747, "boring": 0.697516843648305, "human": 0.0001872862228239, "vehicle": 0.0320160027706261, "construction": 0.0735685753099846, "nature": 0.1085540309096827, "sky": 0.534422229034732, "object": 0.0055057255908696, "PI": 0.17441458665420087, "NI": 0.4599762039174055, "length": 1010.652872, "source": 595, "target": 596, "direction": "bi-directional"}, "geometry": {"type": "LineString", "coordinates": [[114.13900150435566, 22.564389857413634], [114.14016372586362, 22.56311481103972], [114.14047273099403, 22.562694860221164], [114.14061084285375, 22.562448272525067], [114.14072563270281, 22.562162476768318], [114.14079751321908, 22.561884139986734], [114.1408430712215, 22.561557090864536], [114.14084482797723, 22.561187353123376], [114.14079034090075, 22.560813494458564], [114.14039589361536, 22.559279676047336], [114.13960119461498, 22.555935862427766]]}}, {"type": "Feature", "properties": {"arc": 926, "wealthier": 0.4591842104816723, "beautiful": 0.4664730129969787, "livelier": 0.4641991867621637, "depressing": 0.5616187759974741, "safer": 0.3930797460916451, "boring": 0.4741756001494867, "human": 0.0002135382758246, "vehicle": 0.0503516303168402, "construction": 0.0694716135660807, "nature": 0.159227540757921, "sky": 0.4655887179904514, "object": 0.0040603637695312, "PI": 0.3087308631230011, "NI": 0.37659351161622684, "length": 362.2307108, "source": 331, "target": 321, "direction": "bi-directional"}, "geometry": {"type": "LineString", "coordinates": [[114.03614585262399, 22.56279242941016], [114.03486774057103, 22.562582683278283], [114.03268489893526, 22.562187021917154]]}}, {"type": "Feature", "properties": {"arc": 931, "wealthier": 0.4992620579436237, "beautiful": 0.4450454622242782, "livelier": 0.4926079028157361, "depressing": 0.5510276634409864, "safer": 0.4207927739949649, "boring": 0.4184842290764858, "human": 0.0007758935292561, "vehicle": 0.0457533597946167, "construction": 0.0847850640614827, "nature": 0.1412237882614135, "sky": 0.4666953881581624, "object": 0.0050585269927978, "PI": 0.3246317130792631, "NI": 0.3728457433464061, "length": 410.5290445, "source": 331, "target": 341, "direction": "bi-directional"}, "geometry": {"type": "LineString", "coordinates": [[114.03614585262399, 22.56279242941016], [114.0377898093321, 22.563079364440288], [114.04006386606277, 22.563500476253896]]}}, {"type": "Feature", "properties": {"arc": 932, "wealthier": 0.4863204208330407, "beautiful": 0.4131115250771814, "livelier": 0.3966751758490335, "depressing": 0.5677854499522962, "safer": 0.3827555967426987, "boring": 0.6109701452120927, "human": 0.000659429898826, "vehicle": 0.0219281309394426, "construction": 0.0590497293779926, "nature": 0.1998700377761677, "sky": 0.4666958675589613, "object": 0.0041556409610215, "PI": 0.3044053964723604, "NI": 0.3784247789706805, "length": 847.8782363, "source": 341, "target": 349, "direction": "bi-directional"}, "geometry": {"type": "LineString", "coordinates": [[114.04006386606277, 22.563500476253896], [114.0434729417016, 22.557435099407684], [114.04363487871001, 22.557169062688676], [114.04393845874392, 22.55674539451597]]}}, {"type": "Feature", "properties": {"arc": 933, "wealthier": 0.6127987005036263, "beautiful": 0.4502088238162235, "livelier": 0.782287717552785, "depressing": 0.4456309685706927, "safer": 0.5512110221708127, "boring": 0.2199978145864454, "human": 0.004800307445037, "vehicle": 0.0228749788724459, "construction": 0.1668258080115685, "nature": 0.2507899357722356, "sky": 0.2923139914488181, "object": 0.0061818147316957, "PI": 0.5025479215929379, "NI": 0.28735641209005675, "length": 349.8305118, "source": 499, "target": 500, "direction": "bi-directional"}, "geometry": {"type": "LineString", "coordinates": [[114.10396418604279, 22.564787506883288], [114.10402131510686, 22.56238583784725], [114.10402560579624, 22.561629019181186]]}}, {"type": "Feature", "properties": {"arc": 934, "wealthier": 0.692558561454439, "beautiful": 0.522092091775683, "livelier": 0.7536632838042182, "depressing": 0.3745727979210237, "safer": 0.5995659137392004, "boring": 0.2588583758155299, "human": 0.0018170674641927, "vehicle": 0.0408192740546332, "construction": 0.1717758708530002, "nature": 0.2045608626471625, "sky": 0.3163965543111165, "object": 0.0119952625698513, "PI": 0.48332621529371034, "NI": 0.33806693567859775, "length": 350.7614228, "source": 493, "target": 494, "direction": "bi-directional"}, "geometry": {"type": "LineString", "coordinates": [[114.10161118814196, 22.5647478871299], [114.10164575409972, 22.5637316484684], [114.10167559816246, 22.561581082020652]]}}, {"type": "Feature", "properties": {"arc": 935, "wealthier": 0.2418072746642695, "beautiful": 0.194164585732944, "livelier": 0.5725533246326788, "depressing": 0.7551943157871012, "safer": 0.2421768293584307, "boring": 0.478389537780048, "human": 0.0048197428385416, "vehicle": 0.060492197672526, "construction": 0.2035504023234049, "nature": 0.0307619094848632, "sky": 0.4526652018229168, "object": 0.0098604202270507, "PI": 0.24126646386289907, "NI": 0.49508522705529767, "length": 242.0415559, "source": 493, "target": 499, "direction": "bi-directional"}, "geometry": {"type": "LineString", "coordinates": [[114.10161118814196, 22.5647478871299], [114.10396418604279, 22.564787506883288]]}}, {"type": "Feature", "properties": {"arc": 936, "wealthier": 0.1913682291621372, "beautiful": 0.2114093346512504, "livelier": 0.222982828187226, "depressing": 0.7687390796295217, "safer": 0.1726714983664448, "boring": 0.8052267977507265, "human": 0.001233418782552, "vehicle": 0.0459672080145941, "construction": 0.0883536868625217, "nature": 0.0868935585021972, "sky": 0.5120084550645616, "object": 0.0093550682067871, "PI": 0.12437740434653359, "NI": 0.5203385063285365, "length": 350.7178588, "source": 483, "target": 484, "direction": "bi-directional"}, "geometry": {"type": "LineString", "coordinates": [[114.09924423401488, 22.564715008883518], [114.09930735065778, 22.561548454142457]]}}, {"type": "Feature", "properties": {"arc": 937, "wealthier": 0.3328071697867547, "beautiful": 0.2962560187530605, "livelier": 0.4672783710370486, "depressing": 0.667308832313214, "safer": 0.3300613074293172, "boring": 0.5229513094156555, "human": 0.0029214859008789, "vehicle": 0.0349959055582682, "construction": 0.1962721506754557, "nature": 0.0464530944824218, "sky": 0.4616016387939453, "object": 0.0096396764119466, "PI": 0.25072736800337614, "NI": 0.4670138696792343, "length": 243.4644506, "source": 483, "target": 493, "direction": "bi-directional"}, "geometry": {"type": "LineString", "coordinates": [[114.09924423401488, 22.564715008883518], [114.10161118814196, 22.5647478871299]]}}, {"type": "Feature", "properties": {"arc": 940, "wealthier": 0.729870257214817, "beautiful": 0.6149697749631418, "livelier": 0.7551437741043221, "depressing": 0.3367200863430992, "safer": 0.6700817103794867, "boring": 0.3168817097438919, "human": 0.0030686060587565, "vehicle": 0.0243740081787109, "construction": 0.1182824770609537, "nature": 0.4058015346527099, "sky": 0.1570760409037271, "object": 0.0042993227640787, "PI": 0.585763795174045, "NI": 0.22125098893868553, "length": 349.4222205, "source": 465, "target": 466, "direction": "bi-directional"}, "geometry": {"type": "LineString", "coordinates": [[114.09069234772159, 22.56457940447871], [114.09073471710818, 22.56253626541452], [114.09077680272303, 22.56142507336479]]}}, {"type": "Feature", "properties": {"arc": 941, "wealthier": 0.6798676572291444, "beautiful": 0.5328422451845938, "livelier": 0.8790582730646995, "depressing": 0.3720616765478534, "safer": 0.6241627611843963, "boring": 0.1544823869200378, "human": 0.0026670694351196, "vehicle": 0.0175104935963948, "construction": 0.1503559748331705, "nature": 0.3117022116978963, "sky": 0.2610778013865154, "object": 0.0072196324666341, "PI": 0.5493388856119791, "NI": 0.2509176104566758, "length": 399.4085793, "source": 465, "target": 477, "direction": "bi-directional"}, "geometry": {"type": "LineString", "coordinates": [[114.09069234772159, 22.56457940447871], [114.09332161664355, 22.564618737343977], [114.0945748259347, 22.56465622773227]]}}, {"type": "Feature", "properties": {"arc": 943, "wealthier": 0.6785132565185691, "beautiful": 0.5621579147034002, "livelier": 0.7917208592279655, "depressing": 0.3592828817991413, "safer": 0.6391134480576823, "boring": 0.2390233036430028, "human": 0.0046926816304524, "vehicle": 0.0255637168884277, "construction": 0.1139508883158366, "nature": 0.3741169293721517, "sky": 0.2193179448445638, "object": 0.0059629440307617, "PI": 0.5813514804238193, "NI": 0.23841904256930282, "length": 480.3170001, "source": 483, "target": 477, "direction": "bi-directional"}, "geometry": {"type": "LineString", "coordinates": [[114.09924423401488, 22.564715008883518], [114.09802873734017, 22.56468675871214], [114.09656775067427, 22.564684229212048], [114.09582793213774, 22.564663661773167], [114.0945748259347, 22.56465622773227]]}}, {"type": "Feature", "properties": {"arc": 944, "wealthier": 0.5567956172472666, "beautiful": 0.412813399389259, "livelier": 0.5950949208795223, "depressing": 0.5638101195982181, "safer": 0.4765050924321061, "boring": 0.5022957385470407, "human": 0.0003767410914103, "vehicle": 0.0302122433980306, "construction": 0.1139382521311442, "nature": 0.1653495629628499, "sky": 0.4592039982477824, "object": 0.0038973093032836, "PI": 0.35921371966396437, "NI": 0.37880309285996105, "length": 438.2413153, "source": 461, "target": 463, "direction": "bi-directional"}, "geometry": {"type": "LineString", "coordinates": [[114.08785894563611, 22.56453789655175], [114.08969259779117, 22.56096561694721]]}}, {"type": "Feature", "properties": {"arc": 945, "wealthier": 0.4697282847329286, "beautiful": 0.3855179836582875, "livelier": 0.6245883918895374, "depressing": 0.596792815874107, "safer": 0.4227212249400069, "boring": 0.4060941697303104, "human": 0.0013399653964572, "vehicle": 0.0166358947753906, "construction": 0.2074165874057345, "nature": 0.1240602069430881, "sky": 0.4353061781989202, "object": 0.0057712131076388, "PI": 0.33726281464274416, "NI": 0.3930049159260083, "length": 291.4472203, "source": 461, "target": 465, "direction": "bi-directional"}, "geometry": {"type": "LineString", "coordinates": [[114.08785894563611, 22.56453789655175], [114.09069234772159, 22.56457940447871]]}}, {"type": "Feature", "properties": {"arc": 948, "wealthier": 0.377159869944069, "beautiful": 0.3759392424857291, "livelier": 0.5100692252116956, "depressing": 0.7094173006294234, "safer": 0.3064735948527859, "boring": 0.408813696957108, "human": 0.0023175875345865, "vehicle": 0.0118180116017659, "construction": 0.0899569193522135, "nature": 0.1180764039357503, "sky": 0.5010927518208822, "object": 0.0074199040730794, "PI": 0.28786429113873635, "NI": 0.40056732960931624, "length": 203.565763, "source": 247, "target": 244, "direction": "bi-directional"}, "geometry": {"type": "LineString", "coordinates": [[113.96692462650316, 22.562820479597654], [113.96681494964588, 22.562289022613502], [113.96648972561151, 22.561027547901737]]}}, {"type": "Feature", "properties": {"arc": 950, "wealthier": 0.5219007761795973, "beautiful": 0.5150985883537489, "livelier": 0.5665006761611364, "depressing": 0.480102315263627, "safer": 0.5084891002297078, "boring": 0.4566903477549497, "human": 0.0015906682090153, "vehicle": 0.0248783959282769, "construction": 0.0941015879313151, "nature": 0.2611012231735957, "sky": 0.3640306866358197, "object": 0.005341575259254, "PI": 0.41143418035789153, "NI": 0.3278067297165135, "length": 552.6346527, "source": 537, "target": 539, "direction": "bi-directional"}, "geometry": {"type": "LineString", "coordinates": [[114.11823761894513, 22.56567127041599], [114.11864851892483, 22.56332812044153], [114.11873679053657, 22.562908760484028], [114.11890916113083, 22.562424447264725], [114.11955754619578, 22.560857092341365]]}}, {"type": "Feature", "properties": {"arc": 954, "wealthier": 0.4772743262108259, "beautiful": 0.370114696136355, "livelier": 0.5498352883201332, "depressing": 0.5381141749501697, "safer": 0.4305649014128395, "boring": 0.4746045693416947, "human": 0.0006924049527037, "vehicle": 0.0143001406800513, "construction": 0.0454978194891237, "nature": 0.2538544897939644, "sky": 0.4290678734872855, "object": 0.007693982591816, "PI": 0.34682067534662725, "NI": 0.3502544383178474, "length": 397.6356283, "source": 73, "target": 78, "direction": "bi-directional"}, "geometry": {"type": "LineString", "coordinates": [[113.91841604064639, 22.56216735232931], [113.91935150035884, 22.561787678575488], [113.91950164685613, 22.561680936319824], [113.91957565653536, 22.561546843886607], [113.919584727165, 22.561398588468556], [113.91955736601568, 22.561220857403395], [113.91912238512164, 22.559274051874954]]}}, {"type": "Feature", "properties": {"arc": 955, "wealthier": 0.4336730964009118, "beautiful": 0.4270667070444529, "livelier": 0.4495316410895926, "depressing": 0.5642605177441663, "safer": 0.3715496326670653, "boring": 0.5445922319710194, "human": 0.0014961957931518, "vehicle": 0.0129190683364868, "construction": 0.1562101443608601, "nature": 0.1564995845158895, "sky": 0.4238262176513672, "object": 0.0061804056167602, "PI": 0.3059032903095333, "NI": 0.3914660031292357, "length": 445.8294106, "source": 616, "target": 617, "direction": "bi-directional"}, "geometry": {"type": "LineString", "coordinates": [[114.17085804815402, 22.566872747683064], [114.17094760820282, 22.56284762209794]]}}, {"type": "Feature", "properties": {"arc": 956, "wealthier": 0.4557855312792009, "beautiful": 0.4246670300535889, "livelier": 0.397498917873082, "depressing": 0.5948173905799986, "safer": 0.3649466792515361, "boring": 0.5184291093892051, "human": 0.0004472732543945, "vehicle": 0.0320554662633825, "construction": 0.0241390864054362, "nature": 0.1488001434891312, "sky": 0.5353457839400679, "object": 0.0053977966308593, "PI": 0.28285919003615895, "NI": 0.38968260015999406, "length": 447.5877617, "source": 350, "target": 341, "direction": "bi-directional"}, "geometry": {"type": "LineString", "coordinates": [[114.04423635413679, 22.56461039381043], [114.0415120456615, 22.56374389513481], [114.04086240155655, 22.5636156097859], [114.04006386606277, 22.563500476253896]]}}, {"type": "Feature", "properties": {"arc": 957, "wealthier": 0.678664384639338, "beautiful": 0.5388924062828181, "livelier": 0.6857608300153722, "depressing": 0.4267928459862716, "safer": 0.5726265729954009, "boring": 0.3154198790233676, "human": 0.0023623307545979, "vehicle": 0.0104594230651855, "construction": 0.0968737602233886, "nature": 0.2638490200042724, "sky": 0.3471613725026448, "object": 0.0098833243052164, "PI": 0.48790094045551297, "NI": 0.3066119644488221, "length": 169.6605367, "source": 616, "target": 618, "direction": "bi-directional"}, "geometry": {"type": "LineString", "coordinates": [[114.17085804815402, 22.566872747683064], [114.17205627433174, 22.566903528594615], [114.17250603446738, 22.566934066280325]]}}, {"type": "Feature", "properties": {"arc": 958, "wealthier": 0.5566978965474286, "beautiful": 0.4825100475925242, "livelier": 0.5233970242921743, "depressing": 0.582327144604825, "safer": 0.4253390163484479, "boring": 0.3589874607746786, "human": 0.0008613268534342, "vehicle": 0.0065555572509765, "construction": 0.1496072875128852, "nature": 0.2820938428243001, "sky": 0.3350262112087673, "object": 0.0066658655802408, "PI": 0.3847467112482333, "NI": 0.3338018765630757, "length": 452.1971359, "source": 618, "target": 619, "direction": "bi-directional"}, "geometry": {"type": "LineString", "coordinates": [[114.17250603446738, 22.566934066280325], [114.17255209684438, 22.564250703132373], [114.17255112078378, 22.562850920011606]]}}, {"type": "Feature", "properties": {"arc": 960, "wealthier": 0.5731558807932489, "beautiful": 0.5065531438767509, "livelier": 0.6663708076405234, "depressing": 0.4191816669979403, "safer": 0.5415919275024702, "boring": 0.3352346406444983, "human": 0.0023654488956227, "vehicle": 0.0346629946839575, "construction": 0.1420181124818091, "nature": 0.2280180687997855, "sky": 0.3516435062184053, "object": 0.0090808120428347, "PI": 0.4454347145331578, "NI": 0.3374229659181021, "length": 573.1765415, "source": 609, "target": 607, "direction": "bi-directional"}, "geometry": {"type": "LineString", "coordinates": [[114.1644086598429, 22.56680130833625], [114.1640069921061, 22.56676937613505], [114.163072349662, 22.566743182616506], [114.16176651511437, 22.566754483793627], [114.1615599165555, 22.566726020118985], [114.16145318975813, 22.566667228071708], [114.1613791309263, 22.566551284081083], [114.16135786537869, 22.566455920702406], [114.16135139739843, 22.56630341089152], [114.16140388849986, 22.5648690193218], [114.16142791038443, 22.5646298395438], [114.1614940021796, 22.56428444413639]]}}, {"type": "Feature", "properties": {"arc": 961, "wealthier": 0.5949434604144839, "beautiful": 0.5218341369599832, "livelier": 0.7241788090392405, "depressing": 0.3699153418336766, "safer": 0.5604990244031163, "boring": 0.232012862144071, "human": 0.0054165522257486, "vehicle": 0.0372411092122395, "construction": 0.1267913182576497, "nature": 0.2094174067179362, "sky": 0.3498502095540364, "object": 0.0113770802815755, "PI": 0.5004857046634161, "NI": 0.3207759911710865, "length": 276.0372237, "source": 609, "target": 610, "direction": "bi-directional"}, "geometry": {"type": "LineString", "coordinates": [[114.1644086598429, 22.56680130833625], [114.16444156447152, 22.565895467665374], [114.16446009885352, 22.564309211164094]]}}, {"type": "Feature", "properties": {"arc": 964, "wealthier": 0.4584050654192105, "beautiful": 0.3162225818091139, "livelier": 0.7536044647119745, "depressing": 0.5366702151880027, "safer": 0.4588437600479433, "boring": 0.2806876561459139, "human": 0.0051971435546874, "vehicle": 0.0273907979329427, "construction": 0.2637725830078125, "nature": 0.0851828257242838, "sky": 0.3739612579345703, "object": 0.0095489501953125, "PI": 0.3927360935199678, "NI": 0.3922554941040623, "length": 118.3914063, "source": 609, "target": 613, "direction": "bi-directional"}, "geometry": {"type": "LineString", "coordinates": [[114.1644086598429, 22.56680130833625], [114.16477679270847, 22.56678763033767], [114.16506052485482, 22.56679386983947], [114.16525431891426, 22.566818821005857], [114.16554808950873, 22.566888716484634]]}}, {"type": "Feature", "properties": {"arc": 967, "wealthier": 0.4853039177076281, "beautiful": 0.3185435815564773, "livelier": 0.4871598798977005, "depressing": 0.6510301076722408, "safer": 0.344042005603183, "boring": 0.574996930438627, "human": 0.0010674794514973, "vehicle": 0.0242307027180989, "construction": 0.0679579416910807, "nature": 0.096094258626302, "sky": 0.567475085788303, "object": 0.0090532090928819, "PI": 0.27673960214424104, "NI": 0.44939125164935506, "length": 391.3118694, "source": 230, "target": 235, "direction": "bi-directional"}, "geometry": {"type": "LineString", "coordinates": [[113.9609211372205, 22.56327217040541], [113.96111600179132, 22.562824135964576], [113.96120531677623, 22.56257518376982], [113.96232866212713, 22.559989701829604]]}}, {"type": "Feature", "properties": {"arc": 970, "wealthier": 0.5773776325225471, "beautiful": 0.6035451620790245, "livelier": 0.4888629356316241, "depressing": 0.4014290080672786, "safer": 0.5701403280234005, "boring": 0.5043228768380974, "human": 3.256314042685688e-05, "vehicle": 0.0179715640303017, "construction": 0.0515721362570057, "nature": 0.205857263095137, "sky": 0.4527255901391955, "object": 0.0027460844620414, "PI": 0.3995610710901654, "NI": 0.3116992905076901, "length": 562.9705428, "source": 369, "target": 388, "direction": "bi-directional"}, "geometry": {"type": "LineString", "coordinates": [[114.04874143077647, 22.56504951527739], [114.0493148488483, 22.565032739433704], [114.051863158185, 22.564895794454102], [114.05263892097491, 22.56487016234882], [114.05332517873732, 22.564885106698167], [114.05420631489964, 22.56496011035438]]}}, {"type": "Feature", "properties": {"arc": 973, "wealthier": 0.5815293664978578, "beautiful": 0.5184074962553483, "livelier": 0.4784030139778888, "depressing": 0.4581737229731314, "safer": 0.5017330598238277, "boring": 0.4443608265545952, "human": 2.399243806537829e-05, "vehicle": 0.0242430703681811, "construction": 0.0148995048121402, "nature": 0.2360230161432634, "sky": 0.4543000271445827, "object": 0.0032514605605811, "PI": 0.37804911001738617, "NI": 0.30771159665520137, "length": 469.6945787, "source": 369, "target": 350, "direction": "bi-directional"}, "geometry": {"type": "LineString", "coordinates": [[114.04874143077647, 22.56504951527739], [114.04784828626859, 22.565105464106168], [114.047434924583, 22.565117793559715], [114.04632663506088, 22.565053530113477], [114.04588141779412, 22.56499665993583], [114.04543165594635, 22.564915827158707], [114.04488733755134, 22.56479273564382], [114.04423635413679, 22.56461039381043]]}}, {"type": "Feature", "properties": {"arc": 974, "wealthier": 0.6464812024549587, "beautiful": 0.4350301667873844, "livelier": 0.7682051880551954, "depressing": 0.5308863825114541, "safer": 0.5772265129243073, "boring": 0.3400975862252611, "human": 0.0005651473999023, "vehicle": 0.0124815622965494, "construction": 0.4139827092488606, "nature": 0.0431499481201171, "sky": 0.2325071970621745, "object": 0.0289664586385091, "PI": 0.4018349017188669, "NI": 0.518550697994263, "length": 235.3525555, "source": 238, "target": 230, "direction": "bi-directional"}, "geometry": {"type": "LineString", "coordinates": [[113.96312304654269, 22.56382504924433], [113.9621696066515, 22.563497939080108], [113.9609211372205, 22.56327217040541]]}}, {"type": "Feature", "properties": {"arc": 975, "wealthier": 0.5645873654396473, "beautiful": 0.4796909803016269, "livelier": 0.5818997942679642, "depressing": 0.4719369687374027, "safer": 0.4799598036273125, "boring": 0.4327193106052656, "human": 0.0032398303349812, "vehicle": 0.0229856173197428, "construction": 0.0993274847666422, "nature": 0.2307282288869221, "sky": 0.394929567972819, "object": 0.0074758927027384, "PI": 0.4235942154879924, "NI": 0.3439225845802543, "length": 406.5076041, "source": 238, "target": 247, "direction": "bi-directional"}, "geometry": {"type": "LineString", "coordinates": [[113.96312304654269, 22.56382504924433], [113.96692462650316, 22.562820479597654]]}}, {"type": "Feature", "properties": {"arc": 977, "wealthier": 0.1269366887925007, "beautiful": 0.2341865085484692, "livelier": 0.1710050941195919, "depressing": 0.7976631577848416, "safer": 0.1593589313827554, "boring": 0.825470882856761, "human": 0.0013726552327473, "vehicle": 0.0510302384694417, "construction": 0.1096654733022054, "nature": 0.0976190567016601, "sky": 0.4795451958974203, "object": 0.0076603889465332, "PI": 0.10941805174330516, "NI": 0.5204984517371385, "length": 180.6317301, "source": 482, "target": 483, "direction": "bi-directional"}, "geometry": {"type": "LineString", "coordinates": [[114.09922322238035, 22.566345878456687], [114.0992484835171, 22.56536941808659], [114.09924423401488, 22.564715008883518]]}}, {"type": "Feature", "properties": {"arc": 979, "wealthier": 0.2447281807470061, "beautiful": 0.2247100034706766, "livelier": 0.2546354400601077, "depressing": 0.7630725724592284, "safer": 0.1934327180965139, "boring": 0.7728253147964786, "human": 0.0003777528420472, "vehicle": 0.0151409573025173, "construction": 0.0895303905519665, "nature": 0.1088041321844117, "sky": 0.5435342218121912, "object": 0.0034659622061965, "PI": 0.1405702937541559, "NI": 0.46422382554863556, "length": 1065.538532, "source": 460, "target": 448, "direction": "bi-directional"}, "geometry": {"type": "LineString", "coordinates": [[114.08688608640125, 22.56641320692548], [114.08629024478594, 22.56555125745687], [114.08477305272442, 22.56327138992505], [114.08223336294527, 22.55949994914854], [114.0814206859777, 22.558239300794536]]}}, {"type": "Feature", "properties": {"arc": 980, "wealthier": 0.3839684848398904, "beautiful": 0.2908451119398921, "livelier": 0.3202123723110736, "depressing": 0.6928117868245549, "safer": 0.2723258634459008, "boring": 0.7743059908477362, "human": 0.0009076860215928, "vehicle": 0.0113952071578414, "construction": 0.2422981262207031, "nature": 0.1007970174153645, "sky": 0.42675456294307, "object": 0.0045270566587094, "PI": 0.20820970289255739, "NI": 0.47268598489130736, "length": 230.5153236, "source": 460, "target": 461, "direction": "bi-directional"}, "geometry": {"type": "LineString", "coordinates": [[114.08688608640125, 22.56641320692548], [114.08785894563611, 22.56453789655175]]}}, {"type": "Feature", "properties": {"arc": 981, "wealthier": 0.2348039519766597, "beautiful": 0.222900827933788, "livelier": 0.4356553413796569, "depressing": 0.747112336135086, "safer": 0.235690195263104, "boring": 0.6525860426684816, "human": 0.0062209588510018, "vehicle": 0.0351197278058087, "construction": 0.1799542462384259, "nature": 0.0510599701492874, "sky": 0.4735127908212166, "object": 0.0056533813476562, "PI": 0.24040684066257537, "NI": 0.4781244089179624, "length": 428.7833995, "source": 508, "target": 499, "direction": "bi-directional"}, "geometry": {"type": "LineString", "coordinates": [[114.10752504008343, 22.56679352984456], [114.10701491474961, 22.566567860023877], [114.10659259661661, 22.566354291222353], [114.10396418604279, 22.564787506883288]]}}, {"type": "Feature", "properties": {"arc": 983, "wealthier": 0.348031628299426, "beautiful": 0.2319678546975901, "livelier": 0.5026653178040199, "depressing": 0.7485481507187682, "safer": 0.273963431884589, "boring": 0.5983177384553758, "human": 0.002191664680602, "vehicle": 0.0168771895151289, "construction": 0.2081650627983941, "nature": 0.0443716200571211, "sky": 0.4743895152258494, "object": 0.0102277483258928, "PI": 0.22888992980914494, "NI": 0.49268759071853, "length": 518.9422972, "source": 508, "target": 517, "direction": "bi-directional"}, "geometry": {"type": "LineString", "coordinates": [[114.10752504008343, 22.56679352984456], [114.10973125952928, 22.566514455602494], [114.11207085468408, 22.566150664634275], [114.11250842874485, 22.56606576189627]]}}, {"type": "Feature", "properties": {"arc": 984, "wealthier": 0.5819999420567022, "beautiful": 0.4689942800759794, "livelier": 0.8454153531515619, "depressing": 0.4678435310893475, "safer": 0.5455668441999146, "boring": 0.2390556566818659, "human": 0.00247029904966, "vehicle": 0.0301606213604962, "construction": 0.1134486021818938, "nature": 0.3683451899775752, "sky": 0.2260641875090422, "object": 0.0063027982358579, "PI": 0.5119921790126669, "NI": 0.26528726248959006, "length": 364.0071199, "source": 333, "target": 331, "direction": "bi-directional"}, "geometry": {"type": "LineString", "coordinates": [[114.0366810277682, 22.565615492962884], [114.03633095428496, 22.565353885148344], [114.03589342232316, 22.56492882582187], [114.0357252055441, 22.564730281415553], [114.03564766237919, 22.564548880176176], [114.03563771903725, 22.564429681613216], [114.035658626929, 22.564257885499586], [114.03587662620657, 22.56337425981001], [114.03596295771828, 22.563130516169643], [114.03614585262399, 22.56279242941016]]}}, {"type": "Feature", "properties": {"arc": 985, "wealthier": 0.4939822015722932, "beautiful": 0.4019849951781634, "livelier": 0.4488862475916326, "depressing": 0.5381583672754656, "safer": 0.3845284965489607, "boring": 0.5882968816356355, "human": 0.000675259214459, "vehicle": 0.0241494034275864, "construction": 0.0556657964533025, "nature": 0.2298003110018643, "sky": 0.4539779316295277, "object": 0.0076385844837535, "PI": 0.3218353292685981, "NI": 0.38728856451228527, "length": 286.6298521, "source": 338, "target": 341, "direction": "bi-directional"}, "geometry": {"type": "LineString", "coordinates": [[114.03877893134846, 22.56579730811474], [114.04006386606277, 22.563500476253896]]}}, {"type": "Feature", "properties": {"arc": 986, "wealthier": 0.3563336666449664, "beautiful": 0.3787992527060846, "livelier": 0.4982780830340227, "depressing": 0.6005034787345559, "safer": 0.3488378454114579, "boring": 0.5028362780038922, "human": 0.0018408226244377, "vehicle": 0.0298592538544625, "construction": 0.1567685676343513, "nature": 0.1315026716752485, "sky": 0.4164676088275331, "object": 0.0065546902743252, "PI": 0.28711060944406663, "NI": 0.4035669240263879, "length": 217.1392427, "source": 333, "target": 338, "direction": "bi-directional"}, "geometry": {"type": "LineString", "coordinates": [[114.0366810277682, 22.565615492962884], [114.03695793595742, 22.565675820184143], [114.0371915945177, 22.565706449049834], [114.03842389864839, 22.565792817274975], [114.03877893134846, 22.56579730811474]]}}, {"type": "Feature", "properties": {"arc": 989, "wealthier": 0.3255059858538243, "beautiful": 0.2408933108060305, "livelier": 0.374473543397002, "depressing": 0.7267019358904416, "safer": 0.2671521476764631, "boring": 0.6882079195790212, "human": 0.0002256393432617, "vehicle": 0.0452691078186035, "construction": 0.1496816635131836, "nature": 0.0902816454569498, "sky": 0.4851917266845703, "object": 0.006238047281901, "PI": 0.18714392945604133, "NI": 0.485101351893392, "length": 521.3912252, "source": 213, "target": 214, "direction": "bi-directional"}, "geometry": {"type": "LineString", "coordinates": [[113.95285691063376, 22.564458280598842], [113.95295612075108, 22.56326118795708], [113.95297945083416, 22.562416349499454], [113.95293647522291, 22.560668966076147], [113.95289649940969, 22.559754974639638]]}}, {"type": "Feature", "properties": {"arc": 991, "wealthier": 0.5192590791251318, "beautiful": 0.5773309773639257, "livelier": 0.3939485853741949, "depressing": 0.4482380757325857, "safer": 0.4983636965419636, "boring": 0.5828372051263899, "human": 1.5591818188864093e-05, "vehicle": 0.0296329316638764, "construction": 0.0713871547154017, "nature": 0.2265374319893973, "sky": 0.4148485698397198, "object": 0.0025219992985801, "PI": 0.3586608196579954, "NI": 0.33716640047733604, "length": 495.6532769, "source": 412, "target": 388, "direction": "bi-directional"}, "geometry": {"type": "LineString", "coordinates": [[114.05866712300737, 22.566587509955863], [114.05802862422813, 22.56626616857732], [114.0569318732808, 22.565752595898882], [114.05638548160987, 22.565530402100716], [114.05581594880285, 22.565332867623937], [114.05546260188498, 22.56522893845652], [114.05491969847267, 22.56509509343285], [114.05420631489964, 22.56496011035438]]}}, {"type": "Feature", "properties": {"arc": 994, "wealthier": 0.2756968872637469, "beautiful": 0.2037791901861769, "livelier": 0.3165760176589421, "depressing": 0.7582954863843084, "safer": 0.2217373352782443, "boring": 0.7367708320172193, "human": 0.0001366933186848, "vehicle": 0.0315043131510416, "construction": 0.1139250736610562, "nature": 0.119486416087431, "sky": 0.4972878250421262, "object": 0.0034006530163334, "PI": 0.15863904549719635, "NI": 0.46377061406159586, "length": 393.9854421, "source": 464, "target": 460, "direction": "bi-directional"}, "geometry": {"type": "LineString", "coordinates": [[114.09059184320074, 22.56731433824059], [114.08740791972032, 22.566550580736727], [114.08688608640125, 22.56641320692548]]}}, {"type": "Feature", "properties": {"arc": 1000, "wealthier": 0.2433443275663368, "beautiful": 0.1815951571274451, "livelier": 0.3646921095046248, "depressing": 0.8138802037447643, "safer": 0.1673203753345209, "boring": 0.7514608676378158, "human": 0.0016408950563461, "vehicle": 0.00776611812531, "construction": 0.1077396150619264, "nature": 0.0477733309306795, "sky": 0.5811404879131015, "object": 0.0122755141485305, "PI": 0.14991056875818473, "NI": 0.5341811461476712, "length": 493.7169988, "source": 528, "target": 517, "direction": "bi-directional"}, "geometry": {"type": "LineString", "coordinates": [[114.1166387994502, 22.568307467842782], [114.116148339783, 22.568062832980534], [114.11581323150575, 22.56787701090315], [114.11352554966554, 22.56646136596462], [114.1131839665473, 22.566298127063344], [114.11250842874485, 22.56606576189627]]}}, {"type": "Feature", "properties": {"arc": 1001, "wealthier": 0.4512387122186271, "beautiful": 0.4500561280444516, "livelier": 0.5031044982866111, "depressing": 0.5236773184139432, "safer": 0.4318225705952899, "boring": 0.5415743911289134, "human": 0.001651885661673, "vehicle": 0.0203382207992229, "construction": 0.1429050120901554, "nature": 0.2257832331014863, "sky": 0.3684916530095093, "object": 0.0040830246945644, "PI": 0.3533799080091877, "NI": 0.35667697199117443, "length": 1163.784326, "source": 528, "target": 527, "direction": "bi-directional"}, "geometry": {"type": "LineString", "coordinates": [[114.1166387994502, 22.568307467842782], [114.11644568573078, 22.567554373413113], [114.1158534592728, 22.565436001990008], [114.11578316788639, 22.565208977377296], [114.11570620836201, 22.565034059767786], [114.11562282784992, 22.564907068282082], [114.11552352596604, 22.56479196023046], [114.11532150341108, 22.56463611809653], [114.11511957892289, 22.56453902495944], [114.11464723452048, 22.564389777805108], [114.1145276260784, 22.564330880083133], [114.11441541612949, 22.56425335092407], [114.1143124771634, 22.56415192179756], [114.11422172776686, 22.564019986983762], [114.11416185584459, 22.56388192109391], [114.11413016980434, 22.563735482606894], [114.11413139312151, 22.56352041857928], [114.1141863353654, 22.563234897735075], [114.11483667594663, 22.560644852927243], [114.11532647033016, 22.55880809630641]]}}, {"type": "Feature", "properties": {"arc": 1005, "wealthier": 0.2205259924191535, "beautiful": 0.2460989150174613, "livelier": 0.3191717765113795, "depressing": 0.7863748302887825, "safer": 0.1575286195672743, "boring": 0.7617192952141112, "human": 0.0001808802286783, "vehicle": 0.021898693508572, "construction": 0.2051030264960395, "nature": 0.1047788196139865, "sky": 0.4527557161119249, "object": 0.0075399610731336, "PI": 0.14321867504932753, "NI": 0.5086477593840725, "length": 125.2860898, "source": 528, "target": 535, "direction": "bi-directional"}, "geometry": {"type": "LineString", "coordinates": [[114.1166387994502, 22.568307467842782], [114.117431645578, 22.56838982588836], [114.11785156160904, 22.568408667531216]]}}, {"type": "Feature", "properties": {"arc": 1006, "wealthier": 0.4671434957424819, "beautiful": 0.4016623122851021, "livelier": 0.5258239978780455, "depressing": 0.5694487429996542, "safer": 0.4104125275267623, "boring": 0.5102216298506169, "human": 0.0008592361058944, "vehicle": 0.0348260830610226, "construction": 0.144967299241286, "nature": 0.1880662869184445, "sky": 0.3918731885078627, "object": 0.0031099563989883, "PI": 0.32841636840306504, "NI": 0.3712959858420808, "length": 305.7786553, "source": 535, "target": 537, "direction": "bi-directional"}, "geometry": {"type": "LineString", "coordinates": [[114.11785156160904, 22.568408667531216], [114.11801261601549, 22.567064111897174], [114.11823761894513, 22.56567127041599]]}}, {"type": "Feature", "properties": {"arc": 1007, "wealthier": 0.7082011889535792, "beautiful": 0.5318442638205463, "livelier": 0.6872288103363013, "depressing": 0.3591940559426356, "safer": 0.5911061166165639, "boring": 0.316067918435705, "human": 0.0015610059102376, "vehicle": 0.0126999616622924, "construction": 0.0754214525222778, "nature": 0.3374078273773193, "sky": 0.304953416188558, "object": 0.0041964451471964, "PI": 0.503499914989419, "NI": 0.24288941657655402, "length": 711.8616586, "source": 192, "target": 193, "direction": "bi-directional"}, "geometry": {"type": "LineString", "coordinates": [[113.94664469610183, 22.56528031825645], [113.94667976851046, 22.56379365474554], [113.94668363464517, 22.56248253850882], [113.94671484436105, 22.561029481792097], [113.94677983127038, 22.56041595630237], [113.94695706201111, 22.559342107732917], [113.94705296723521, 22.558876574434354]]}}, {"type": "Feature", "properties": {"arc": 1008, "wealthier": 0.5459577343534503, "beautiful": 0.3672158788381641, "livelier": 0.5081706402170626, "depressing": 0.5480639955604614, "safer": 0.3660685622206092, "boring": 0.4855874522078138, "human": 0.001419358783298, "vehicle": 0.0468625492519802, "construction": 0.2120330333709716, "nature": 0.1591817802853054, "sky": 0.2783790959252251, "object": 0.0081568823920355, "PI": 0.3245025831199967, "NI": 0.3930572446514959, "length": 645.7134426, "source": 192, "target": 213, "direction": "bi-directional"}, "geometry": {"type": "LineString", "coordinates": [[113.94664469610183, 22.56528031825645], [113.94857722266906, 22.565110250266333], [113.9507449310865, 22.564802230945304], [113.95285691063376, 22.564458280598842]]}}, {"type": "Feature", "properties": {"arc": 1009, "wealthier": 0.3840260575628996, "beautiful": 0.3747086521581009, "livelier": 0.5223842981714344, "depressing": 0.6009602481253454, "safer": 0.3570524541167188, "boring": 0.471103539933593, "human": 0.0013639662000868, "vehicle": 0.0295246971978081, "construction": 0.0985390698468243, "nature": 0.2245431122956452, "sky": 0.377613208912037, "object": 0.0062767311378761, "PI": 0.31455530528514286, "NI": 0.3665803068099848, "length": 249.7413512, "source": 371, "target": 369, "direction": "bi-directional"}, "geometry": {"type": "LineString", "coordinates": [[114.04883173721028, 22.567303062875933], [114.04880904461055, 22.56640905960753], [114.04874143077647, 22.56504951527739]]}}, {"type": "Feature", "properties": {"arc": 1010, "wealthier": 0.5867591556219034, "beautiful": 0.486093472437, "livelier": 0.8060107133291482, "depressing": 0.4283869620590138, "safer": 0.5478281099227795, "boring": 0.256544418581806, "human": 0.0067002165551279, "vehicle": 0.0338546154545802, "construction": 0.1132077235801547, "nature": 0.4332272024715647, "sky": 0.13013069302428, "object": 0.0049998713474647, "PI": 0.5784110254645403, "NI": 0.2294502396907959, "length": 550.9755396, "source": 371, "target": 387, "direction": "bi-directional"}, "geometry": {"type": "LineString", "coordinates": [[114.04883173721028, 22.567303062875933], [114.05418751608617, 22.567185919702563]]}}, {"type": "Feature", "properties": {"arc": 1011, "wealthier": 0.4550888285909054, "beautiful": 0.3873748253784432, "livelier": 0.5341597825566595, "depressing": 0.5786656897639847, "safer": 0.4056522611507169, "boring": 0.5030366431389476, "human": 0.0016747429257347, "vehicle": 0.0212895347958519, "construction": 0.1386705126081193, "nature": 0.1568479628789992, "sky": 0.4174818311418805, "object": 0.0074008033389136, "PI": 0.3269453015077714, "NI": 0.3929225121070768, "length": 972.3854283, "source": 592, "target": 576, "direction": "bi-directional"}, "geometry": {"type": "LineString", "coordinates": [[114.13745928792001, 22.56901484928036], [114.1364441378674, 22.567212397142427], [114.13237799663023, 22.562540503163035], [114.13186368023518, 22.56197600543464]]}}, {"type": "Feature", "properties": {"arc": 1012, "wealthier": 0.4283971579436422, "beautiful": 0.2445144138377025, "livelier": 0.343799317883257, "depressing": 0.708799665297162, "safer": 0.3097642263349212, "boring": 0.7510894863893367, "human": 0.0001728820800781, "vehicle": 0.0290079243977864, "construction": 0.1886858622233073, "nature": 0.0195542399088541, "sky": 0.5133306376139324, "object": 0.0021039581298828, "PI": 0.1887461434127831, "NI": 0.4761865136601531, "length": 576.1699659, "source": 592, "target": 595, "direction": "bi-directional"}, "geometry": {"type": "LineString", "coordinates": [[114.13745928792001, 22.56901484928036], [114.13715322079055, 22.568045167745744], [114.13713881679354, 22.56749650030853], [114.13720518045338, 22.566970458271452], [114.13729400813732, 22.566625849864824], [114.13744344764677, 22.5662722511486], [114.13762903560966, 22.565966021899595], [114.13786885056079, 22.56564440564899], [114.13900150435566, 22.564389857413634]]}}, {"type": "Feature", "properties": {"arc": 1013, "wealthier": 0.3016106211106684, "beautiful": 0.2409730104624443, "livelier": 0.3524643636902726, "depressing": 0.7188481896828474, "safer": 0.2575676269700905, "boring": 0.6504086035848372, "human": 0.0001525504916321, "vehicle": 0.0442477581547755, "construction": 0.0567764207428576, "nature": 0.1548544565836588, "sky": 0.4880728628121171, "object": 0.0029909470502068, "PI": 0.19230057405143552, "NI": 0.4272395299623102, "length": 414.203601, "source": 476, "target": 464, "direction": "bi-directional"}, "geometry": {"type": "LineString", "coordinates": [[114.09449095673212, 22.56825073314356], [114.09235025734758, 22.567726986233204], [114.09059184320074, 22.56731433824059]]}}, {"type": "Feature", "properties": {"arc": 1015, "wealthier": 0.4692061908304738, "beautiful": 0.3782723612604455, "livelier": 0.5277754334921989, "depressing": 0.5954751231556605, "safer": 0.3897611616256059, "boring": 0.4693163802260915, "human": 0.0014317830403645, "vehicle": 0.0256532669067382, "construction": 0.1465304692586262, "nature": 0.1323453903198242, "sky": 0.4549031575520833, "object": 0.0042184829711914, "PI": 0.31452403720078786, "NI": 0.38673442291794147, "length": 343.729093, "source": 614, "target": 616, "direction": "bi-directional"}, "geometry": {"type": "LineString", "coordinates": [[114.16940097691648, 22.569666222389415], [114.17085804815402, 22.566872747683064]]}}, {"type": "Feature", "properties": {"arc": 1016, "wealthier": 0.5253150845866373, "beautiful": 0.4286050553486167, "livelier": 0.7043281245636674, "depressing": 0.5048817033071908, "safer": 0.5035963710708011, "boring": 0.3366767700394672, "human": 0.0044498090390805, "vehicle": 0.0133527473167136, "construction": 0.1940426649870696, "nature": 0.2280184074684425, "sky": 0.3021310876916956, "object": 0.0065817303127712, "PI": 0.4497610987138279, "NI": 0.3255960816648797, "length": 693.9554986, "source": 614, "target": 613, "direction": "bi-directional"}, "geometry": {"type": "LineString", "coordinates": [[114.16940097691648, 22.569666222389415], [114.16895171375532, 22.56973895233318], [114.16856919431791, 22.569757388787867], [114.16742782547992, 22.569755786179922], [114.16727082911801, 22.569728413361812], [114.16717491862417, 22.569677287612482], [114.16709558901641, 22.56956479678412], [114.167065142195, 22.56937989661276], [114.16713169061222, 22.56737647665824], [114.16712071972016, 22.56715083709709], [114.16707010984803, 22.56699725223693], [114.16696968599527, 22.566902146736606], [114.16688158543143, 22.566867041700007], [114.16676219940588, 22.566846615577976], [114.16607126139264, 22.566852821209064], [114.16554808950873, 22.566888716484634]]}}, {"type": "Feature", "properties": {"arc": 1017, "wealthier": 0.7191843722126025, "beautiful": 0.5979964298536783, "livelier": 0.8040097470889135, "depressing": 0.2799764811562687, "safer": 0.6930445989668707, "boring": 0.1728253484552985, "human": 0.0015951792399088, "vehicle": 0.0244572250931351, "construction": 0.0946963274920428, "nature": 0.4033633691293222, "sky": 0.1877856431183991, "object": 0.0068786055953414, "PI": 0.5749874795582487, "NI": 0.20221409451865094, "length": 501.9623474, "source": 348, "target": 338, "direction": "bi-directional"}, "geometry": {"type": "LineString", "coordinates": [[114.04325877397251, 22.56759356473958], [114.0396640510098, 22.566115542662992], [114.03922572529785, 22.565945973787688], [114.03877893134846, 22.56579730811474]]}}, {"type": "Feature", "properties": {"arc": 1019, "wealthier": 0.6231763323352254, "beautiful": 0.5650981027544436, "livelier": 0.7917921887138005, "depressing": 0.3289619415842827, "safer": 0.628043745128009, "boring": 0.1859430450471971, "human": 0.0029167376066509, "vehicle": 0.0174533107824492, "construction": 0.1380978634482935, "nature": 0.3145676328424822, "sky": 0.236215825666461, "object": 0.0077444043075829, "PI": 0.5330124479902509, "NI": 0.24094938124045648, "length": 574.0818086, "source": 348, "target": 371, "direction": "bi-directional"}, "geometry": {"type": "LineString", "coordinates": [[114.04325877397251, 22.56759356473958], [114.04535406881158, 22.567480380492874], [114.04589955845093, 22.56746514030644], [114.04883173721028, 22.567303062875933]]}}, {"type": "Feature", "properties": {"arc": 1020, "wealthier": 0.5463133230523993, "beautiful": 0.4396851290184658, "livelier": 0.6286972722401287, "depressing": 0.4837388531400547, "safer": 0.5036906365079155, "boring": 0.3959227583090474, "human": 0.0008238474527994, "vehicle": 0.0079708099365234, "construction": 0.092730967203776, "nature": 0.252448050181071, "sky": 0.3675452868143717, "object": 0.0100902239481608, "PI": 0.4010758714878105, "NI": 0.33482070718920515, "length": 636.1287315, "source": 163, "target": 166, "direction": "bi-directional"}, "geometry": {"type": "LineString", "coordinates": [[113.94063713759725, 22.565676526530275], [113.94065413889224, 22.563215459783816], [113.94070087497437, 22.560808105789295], [113.94073437914938, 22.55993307030541]]}}, {"type": "Feature", "properties": {"arc": 1021, "wealthier": 0.5046457964928349, "beautiful": 0.3279001769090163, "livelier": 0.5186099255493298, "depressing": 0.6094867829397773, "safer": 0.3386037299877258, "boring": 0.4998137840636942, "human": 0.0025426892266757, "vehicle": 0.0311631741731063, "construction": 0.2975895370262257, "nature": 0.099479481793832, "sky": 0.2494510982347571, "object": 0.0082042804662732, "PI": 0.3065262015024174, "NI": 0.41520960986080563, "length": 619.7964678, "source": 163, "target": 192, "direction": "bi-directional"}, "geometry": {"type": "LineString", "coordinates": [[113.94063713759725, 22.565676526530275], [113.94182236049375, 22.56566317592388], [113.94270187465794, 22.565615247530612], [113.94344600494564, 22.565552268493054], [113.94524656390554, 22.565367414432632], [113.94664469610183, 22.56528031825645]]}}, {"type": "Feature", "properties": {"arc": 1024, "wealthier": 0.3852153272626193, "beautiful": 0.2979415222560831, "livelier": 0.6160180579501189, "depressing": 0.6815246912816494, "safer": 0.3248041852373032, "boring": 0.4840231322807796, "human": 0.0021591186523437, "vehicle": 0.0278272815779143, "construction": 0.2295978022556679, "nature": 0.0638597525802312, "sky": 0.4283719904282514, "object": 0.0041466881247127, "PI": 0.2829586871109237, "NI": 0.425683510705598, "length": 383.7863831, "source": 535, "target": 543, "direction": "bi-directional"}, "geometry": {"type": "LineString", "coordinates": [[114.11785156160904, 22.568408667531216], [114.11867728346398, 22.568445560199127], [114.1193616946558, 22.568527505874922], [114.11996678925033, 22.56866507857335], [114.12148901070569, 22.569097913360412]]}}, {"type": "Feature", "properties": {"arc": 1025, "wealthier": 0.5839809598541308, "beautiful": 0.4791100523218878, "livelier": 0.7742599756953412, "depressing": 0.4419245924065272, "safer": 0.5400452557897509, "boring": 0.2795246218830902, "human": 0.0073087056477864, "vehicle": 0.0498300679524739, "construction": 0.2482927449544271, "nature": 0.2157079823811848, "sky": 0.2527683766682942, "object": 0.0049016062418619, "PI": 0.5223287504936209, "NI": 0.3245875473508259, "length": 659.2919906, "source": 543, "target": 537, "direction": "bi-directional"}, "geometry": {"type": "LineString", "coordinates": [[114.12148901070569, 22.569097913360412], [114.12163168280766, 22.568589514670514], [114.12180121525354, 22.567425949263562], [114.12181145824326, 22.567266747521057], [114.12180039967417, 22.5671666120058], [114.12176923501698, 22.56708500454938], [114.12172379598876, 22.567027095972417], [114.12157743265655, 22.566945769123787], [114.12130804748996, 22.56689666441419], [114.12100948322473, 22.56688635658473], [114.12058115686301, 22.56692290382331], [114.12047423567293, 22.56691193636292], [114.12036510896795, 22.566880569192598], [114.12024051061597, 22.566812910293038], [114.12010551569345, 22.566685946910965], [114.11968549970726, 22.56602308103866], [114.11956134077317, 22.565881592685848], [114.1194659658947, 22.565813393028822], [114.11923823122288, 22.565728720719047], [114.11888677882723, 22.565669838368137], [114.11860046329227, 22.565653094015058], [114.11823761894513, 22.56567127041599]]}}, {"type": "Feature", "properties": {"arc": 1028, "wealthier": 0.2565469119605134, "beautiful": 0.2974454382984202, "livelier": 0.5589560352372247, "depressing": 0.6968121113598383, "safer": 0.2532424844334927, "boring": 0.5046018947364733, "human": 0.0056000815497504, "vehicle": 0.0530103047688802, "construction": 0.2035378350151909, "nature": 0.0410458246866861, "sky": 0.435249752468533, "object": 0.0050943162706163, "PI": 0.2747601903842663, "NI": 0.4497779483738699, "length": 113.8987691, "source": 548, "target": 543, "direction": "bi-directional"}, "geometry": {"type": "LineString", "coordinates": [[114.12256038573871, 22.5693583997635], [114.12148901070569, 22.569097913360412]]}}, {"type": "Feature", "properties": {"arc": 1029, "wealthier": 0.510522655168261, "beautiful": 0.4342137760513087, "livelier": 0.710479166917251, "depressing": 0.5179737914678435, "safer": 0.4933195704423846, "boring": 0.3224508309429171, "human": 0.0035928668397845, "vehicle": 0.0270981066154711, "construction": 0.167838029187135, "nature": 0.2686772009338995, "sky": 0.2916670712557705, "object": 0.0060882375697896, "PI": 0.4470067127330557, "NI": 0.3211858959157065, "length": 755.2631721, "source": 328, "target": 321, "direction": "bi-directional"}, "geometry": {"type": "LineString", "coordinates": [[114.03537995303185, 22.567831253302867], [114.0350193549459, 22.567748449514713], [114.03461379483885, 22.567625613552377], [114.03430647956766, 22.567509639632203], [114.03404502052234, 22.56737899743837], [114.03384095010675, 22.56723516417775], [114.03365083327324, 22.567055133157385], [114.03346726890874, 22.566829868377603], [114.0333331148958, 22.5666009644931], [114.03323016681352, 22.56631927687209], [114.03315077171878, 22.56593693665208], [114.03288512342925, 22.563626049350525], [114.03275781296283, 22.562623006230645], [114.03268489893526, 22.562187021917154]]}}, {"type": "Feature", "properties": {"arc": 1030, "wealthier": 0.3095852583340797, "beautiful": 0.352733920227869, "livelier": 0.3935586339288438, "depressing": 0.6362191623411518, "safer": 0.3092708369219627, "boring": 0.5830283843232212, "human": 0.0027385994240089, "vehicle": 0.0330230571605541, "construction": 0.1406442854139539, "nature": 0.1484935901783131, "sky": 0.4125657964635778, "object": 0.0050428178575303, "PI": 0.2624957060556034, "NI": 0.41097404272598687, "length": 279.5141415, "source": 328, "target": 333, "direction": "bi-directional"}, "geometry": {"type": "LineString", "coordinates": [[114.03537995303185, 22.567831253302867], [114.03583627042391, 22.567082102098606], [114.03634843382474, 22.566172929657284], [114.0366810277682, 22.565615492962884]]}}, {"type": "Feature", "properties": {"arc": 1031, "wealthier": 0.5425048092748456, "beautiful": 0.5040556139962851, "livelier": 0.4106948360516039, "depressing": 0.4956541078919592, "safer": 0.4687528001041867, "boring": 0.6392470639621509, "human": 0.0004566113154093, "vehicle": 0.0433270533879598, "construction": 0.0410076777140299, "nature": 0.151087204615275, "sky": 0.5016463200251262, "object": 0.0064741373062133, "PI": 0.33390662822907197, "NI": 0.403891050198804, "length": 427.5754479, "source": 417, "target": 412, "direction": "bi-directional"}, "geometry": {"type": "LineString", "coordinates": [[114.06234116205746, 22.56839451560895], [114.05866712300737, 22.566587509955863]]}}, {"type": "Feature", "properties": {"arc": 1032, "wealthier": 0.3089760305694332, "beautiful": 0.2692209108292532, "livelier": 0.2397590619415866, "depressing": 0.7267300952147852, "safer": 0.2419789448539604, "boring": 0.7954986933708569, "human": 0.0007061336351477, "vehicle": 0.027441522349482, "construction": 0.162278880243716, "nature": 0.0624099676159844, "sky": 0.4936982306881228, "object": 0.0062864275946133, "PI": 0.15805873049953237, "NI": 0.4976062345322692, "length": 654.7373599, "source": 417, "target": 418, "direction": "bi-directional"}, "geometry": {"type": "LineString", "coordinates": [[114.06234116205746, 22.56839451560895], [114.06253172683293, 22.562484673787093]]}}, {"type": "Feature", "properties": {"arc": 1034, "wealthier": 0.5382873439754606, "beautiful": 0.4284695399245974, "livelier": 0.5272008913691445, "depressing": 0.4818593828711969, "safer": 0.3792273382968, "boring": 0.4400736718516199, "human": 0.0009842146010625, "vehicle": 0.0457564308529808, "construction": 0.4124578521365211, "nature": 0.1242648987543015, "sky": 0.1348261379060291, "object": 0.004753930228097, "PI": 0.32630483247905545, "NI": 0.3768003345470253, "length": 661.7430757, "source": 140, "target": 163, "direction": "bi-directional"}, "geometry": {"type": "LineString", "coordinates": [[113.93422557095388, 22.566067756597082], [113.93533337607036, 22.565904267666564], [113.93600859550929, 22.56583094098564], [113.93664016016332, 22.565783817284615], [113.93816141046061, 22.565716052302772], [113.94063713759725, 22.565676526530275]]}}, {"type": "Feature", "properties": {"arc": 1035, "wealthier": 0.4435169830689228, "beautiful": 0.3868255456841505, "livelier": 0.4854599509668091, "depressing": 0.5827668543672007, "safer": 0.3812678085762112, "boring": 0.479392442073684, "human": 0.0016184142141631, "vehicle": 0.0175350073612097, "construction": 0.0671453764944365, "nature": 0.1667017214226, "sky": 0.4945738821318655, "object": 0.0081588571721857, "PI": 0.31289568516947325, "NI": 0.3894725242212134, "length": 548.6538173, "source": 251, "target": 247, "direction": "bi-directional"}, "geometry": {"type": "LineString", "coordinates": [[113.96993225695306, 22.566890462411052], [113.96757572011948, 22.563998892852354], [113.96739688071617, 22.563747828357588], [113.96724301330647, 22.563497270819116], [113.96692462650316, 22.562820479597654]]}}, {"type": "Feature", "properties": {"arc": 1036, "wealthier": 0.3471077707465635, "beautiful": 0.3318257113527432, "livelier": 0.4394459046886254, "depressing": 0.6301643646945274, "safer": 0.3156381342033494, "boring": 0.5727398712949641, "human": 0.0005410189008982, "vehicle": 0.0141838526321669, "construction": 0.0838930916651493, "nature": 0.1704085937327584, "sky": 0.4660297760182181, "object": 0.0052049388993257, "PI": 0.25289602299288166, "NI": 0.39160443614222906, "length": 1570.249082, "source": 251, "target": 271, "direction": "bi-directional"}, "geometry": {"type": "LineString", "coordinates": [[113.96993225695306, 22.566890462411052], [113.9775915787019, 22.562498889515552], [113.97817455256408, 22.562180199207837], [113.97861793671576, 22.561958216782216], [113.97927943575539, 22.56168116478259], [113.9799893776226, 22.561434274084533], [113.98344199053857, 22.560479898183456]]}}, {"type": "Feature", "properties": {"arc": 1039, "wealthier": 0.5753024708244028, "beautiful": 0.5184326235305928, "livelier": 0.5031949486212202, "depressing": 0.4737009624061709, "safer": 0.4654824632019925, "boring": 0.4625598717733831, "human": 0.0015755305214533, "vehicle": 0.0602659497942243, "construction": 0.0460353124709356, "nature": 0.1939090244353763, "sky": 0.4440893142942398, "object": 0.0090550316704644, "PI": 0.38460735727284817, "NI": 0.3827445585680784, "length": 542.3173747, "source": 417, "target": 426, "direction": "bi-directional"}, "geometry": {"type": "LineString", "coordinates": [[114.06234116205746, 22.56839451560895], [114.06757377472636, 22.56900047319725]]}}, {"type": "Feature", "properties": {"arc": 1040, "wealthier": 0.4237528149505164, "beautiful": 0.3045479382003097, "livelier": 0.4499736244856611, "depressing": 0.6488126388887624, "safer": 0.3386450565696135, "boring": 0.6111850543697284, "human": 0.0002469473738011, "vehicle": 0.0284773043500698, "construction": 0.0477901396712636, "nature": 0.2056196414358247, "sky": 0.4638964335123698, "object": 0.0062659969174764, "PI": 0.2722903459483085, "NI": 0.4064201456106859, "length": 1210.800993, "source": 426, "target": 427, "direction": "bi-directional"}, "geometry": {"type": "LineString", "coordinates": [[114.06757377472636, 22.56900047319725], [114.0676108280031, 22.567908681200258], [114.067638232152, 22.565500319560194], [114.0677746666623, 22.558068300505546]]}}, {"type": "Feature", "properties": {"arc": 1041, "wealthier": 0.2075430450045683, "beautiful": 0.2225072775489999, "livelier": 0.4714546477969035, "depressing": 0.7521678182446602, "safer": 0.2362841069280745, "boring": 0.5870170911086904, "human": 0.003995132446289, "vehicle": 0.0455416997273763, "construction": 0.2299453099568684, "nature": 0.0189506530761718, "sky": 0.453415044148763, "object": 0.0066051483154296, "PI": 0.20649384910679724, "NI": 0.49159557344902066, "length": 265.4071348, "source": 548, "target": 558, "direction": "bi-directional"}, "geometry": {"type": "LineString", "coordinates": [[114.12256038573871, 22.5693583997635], [114.1250328966237, 22.570044963616017]]}}, {"type": "Feature", "properties": {"arc": 1042, "wealthier": 0.5502590008065479, "beautiful": 0.4682847199821756, "livelier": 0.6725175299885803, "depressing": 0.473587502086437, "safer": 0.5144787187013918, "boring": 0.3783038264472825, "human": 0.0036972709324048, "vehicle": 0.0422833484152089, "construction": 0.1380744325941887, "nature": 0.2388291289840919, "sky": 0.3273133540499038, "object": 0.0046868808027626, "PI": 0.45037654492754603, "NI": 0.32573563248711446, "length": 673.4239563, "source": 558, "target": 556, "direction": "bi-directional"}, "geometry": {"type": "LineString", "coordinates": [[114.1250328966237, 22.570044963616017], [114.12511452461166, 22.568544353407116], [114.12524351135825, 22.566719452365604], [114.12525386487269, 22.566210988766382], [114.1251921656408, 22.5658825175788], [114.1248667218652, 22.5646748794619], [114.12478195274112, 22.564404825543047], [114.12463291943114, 22.564049093700124]]}}, {"type": "Feature", "properties": {"arc": 1043, "wealthier": 0.5752836310881558, "beautiful": 0.4297953627348081, "livelier": 0.7310242696437763, "depressing": 0.5100651878472703, "safer": 0.5038007171280228, "boring": 0.3645639241769882, "human": 0.002638202243381, "vehicle": 0.0247261047363281, "construction": 0.1111687978108724, "nature": 0.3637342241075303, "sky": 0.2184991624620226, "object": 0.0059573279486762, "PI": 0.47501576024435627, "NI": 0.2861076091258669, "length": 504.0922555, "source": 411, "target": 387, "direction": "bi-directional"}, "geometry": {"type": "LineString", "coordinates": [[114.0586170831315, 22.5691347142552], [114.05418751608617, 22.567185919702563]]}}, {"type": "Feature", "properties": {"arc": 1044, "wealthier": 0.5456437485148441, "beautiful": 0.4449933402818399, "livelier": 0.5703364362258047, "depressing": 0.5362404279460192, "safer": 0.454569066308271, "boring": 0.4872064117625405, "human": 0.0008661482069227, "vehicle": 0.0208216773139105, "construction": 0.047037124633789, "nature": 0.3088579531069155, "sky": 0.3428365212899667, "object": 0.0074094842981409, "PI": 0.3967748821783779, "NI": 0.3319111865859683, "length": 282.1192895, "source": 411, "target": 412, "direction": "bi-directional"}, "geometry": {"type": "LineString", "coordinates": [[114.0586170831315, 22.5691347142552], [114.05866712300737, 22.566587509955863]]}}, {"type": "Feature", "properties": {"arc": 1045, "wealthier": 0.7018774745299138, "beautiful": 0.6168908132406021, "livelier": 0.5751058910384552, "depressing": 0.3448255206430863, "safer": 0.6068240992286574, "boring": 0.414404930149254, "human": 0.0017011430528428, "vehicle": 0.022384312417772, "construction": 0.0450150039460923, "nature": 0.4070797231462267, "sky": 0.2952324549357096, "object": 0.0040123595131768, "PI": 0.518323975616372, "NI": 0.2510249077712778, "length": 1360.889059, "source": 612, "target": 602, "direction": "bi-directional"}, "geometry": {"type": "LineString", "coordinates": [[114.16546213111619, 22.57111772650553], [114.16204271080375, 22.570186113604016], [114.16168827632245, 22.57011796855594], [114.16081413737376, 22.57000195811986], [114.16043491140704, 22.56992937146327], [114.16015241962468, 22.56985330262401], [114.1599215272254, 22.569766702496068], [114.15970505160956, 22.56966182761091], [114.1588685170953, 22.56916799316953], [114.15859724436372, 22.569022872633617], [114.15829625672046, 22.56889268435775], [114.15769257486654, 22.568672229548522], [114.15747735213816, 22.568551832236704], [114.15741722231516, 22.56848921428148], [114.15737137707397, 22.56840609709629], [114.15734259528003, 22.56829323609472], [114.15733076190399, 22.568132448449457], [114.15735982974098, 22.56740769941239], [114.15736499728584, 22.56649456617716], [114.15741232369767, 22.564210512295997]]}}, {"type": "Feature", "properties": {"arc": 1046, "wealthier": 0.5117524157673307, "beautiful": 0.4058469927977656, "livelier": 0.7001237182061606, "depressing": 0.5478205320698893, "safer": 0.4628446391780293, "boring": 0.3419717800273888, "human": 0.0049341201782226, "vehicle": 0.0134866078694661, "construction": 0.2117756525675455, "nature": 0.2070472717285156, "sky": 0.2881060918172201, "object": 0.005552864074707, "PI": 0.4361858261944939, "NI": 0.33003692412133184, "length": 468.4296154, "source": 612, "target": 613, "direction": "bi-directional"}, "geometry": {"type": "LineString", "coordinates": [[114.16546213111619, 22.57111772650553], [114.16549807399733, 22.568122751916395], [114.16554808950873, 22.566888716484634]]}}, {"type": "Feature", "properties": {"arc": 1047, "wealthier": 0.5704983246207782, "beautiful": 0.3974107336011414, "livelier": 0.7432690788453964, "depressing": 0.5164693364203561, "safer": 0.5256163072303811, "boring": 0.3311759115514878, "human": 0.0018693227616567, "vehicle": 0.0180235363188244, "construction": 0.1655289180695064, "nature": 0.2228430187891399, "sky": 0.3285184284997365, "object": 0.0058273133777436, "PI": 0.4293056299952834, "NI": 0.32361197813817194, "length": 580.8534717, "source": 498, "target": 499, "direction": "bi-directional"}, "geometry": {"type": "LineString", "coordinates": [[114.10386217256094, 22.570031945732246], [114.10396418604279, 22.564787506883288]]}}, {"type": "Feature", "properties": {"arc": 1048, "wealthier": 0.4080608123877871, "beautiful": 0.2623187439367178, "livelier": 0.419812955217811, "depressing": 0.7044623695586927, "safer": 0.3221181970387636, "boring": 0.6407328361314474, "human": 0.0002241588774181, "vehicle": 0.0413066319056919, "construction": 0.068722164820111, "nature": 0.1421995919848245, "sky": 0.4967009831988623, "object": 0.0039336794898623, "PI": 0.23680388464955548, "NI": 0.43275135881007215, "length": 520.1852507, "source": 481, "target": 476, "direction": "bi-directional"}, "geometry": {"type": "LineString", "coordinates": [[114.09913973256133, 22.57008479976261], [114.09569729173195, 22.568617127430464], [114.09518221114207, 22.56843756952982], [114.09449095673212, 22.56825073314356]]}}, {"type": "Feature", "properties": {"arc": 1049, "wealthier": 0.1928874296214781, "beautiful": 0.2257078718379826, "livelier": 0.2345269972423994, "depressing": 0.7749132455667606, "safer": 0.1800845309688288, "boring": 0.7872565542812614, "human": 0.0006388823191324, "vehicle": 0.0320863723754882, "construction": 0.1132671435674031, "nature": 0.121011217435201, "sky": 0.4854739109675089, "object": 0.0046871105829874, "PI": 0.1318606785727373, "NI": 0.48045344252298045, "length": 414.1534191, "source": 481, "target": 482, "direction": "bi-directional"}, "geometry": {"type": "LineString", "coordinates": [[114.09913973256133, 22.57008479976261], [114.09917897532227, 22.56915948481782], [114.09922322238035, 22.566345878456687]]}}, {"type": "Feature", "properties": {"arc": 1050, "wealthier": 0.3975489667099484, "beautiful": 0.4161887557263189, "livelier": 0.3789890749010913, "depressing": 0.5802452003580686, "safer": 0.3615425932724144, "boring": 0.6189400306097763, "human": 0.0001402537027994, "vehicle": 0.0553721110026041, "construction": 0.0142332394917806, "nature": 0.1415254910786946, "sky": 0.531560230255127, "object": 0.0071481068929036, "PI": 0.2612394201117338, "NI": 0.4282081084737128, "length": 476.7468027, "source": 437, "target": 426, "direction": "bi-directional"}, "geometry": {"type": "LineString", "coordinates": [[114.07214024038717, 22.5697353594109], [114.07121409621331, 22.569554359443885], [114.07047862383094, 22.569450343133656], [114.06831881480284, 22.569100034920485], [114.06757377472636, 22.56900047319725]]}}, {"type": "Feature", "properties": {"arc": 1054, "wealthier": 0.4644105446626818, "beautiful": 0.3261400788591856, "livelier": 0.4269446715920842, "depressing": 0.6220690828085766, "safer": 0.3598182382235141, "boring": 0.6342935136126272, "human": 0.0002562204996744, "vehicle": 0.0255153020222981, "construction": 0.2635286331176758, "nature": 0.0412008921305338, "sky": 0.4244160970052084, "object": 0.003753916422526, "PI": 0.2415121408835371, "NI": 0.4470976826863983, "length": 247.6226533, "source": 593, "target": 592, "direction": "bi-directional"}, "geometry": {"type": "LineString", "coordinates": [[114.13802426389685, 22.57118847195366], [114.1377918288259, 22.5702610856886], [114.13745928792001, 22.56901484928036]]}}, {"type": "Feature", "properties": {"arc": 1057, "wealthier": 0.5053293323470399, "beautiful": 0.447936339822459, "livelier": 0.4871443823646585, "depressing": 0.5366475545211491, "safer": 0.4619039058018463, "boring": 0.5691371647180733, "human": 0.0007798406812879, "vehicle": 0.0468169848124186, "construction": 0.0924469100104438, "nature": 0.2069652345445421, "sky": 0.4159634908040364, "object": 0.0035959349738226, "PI": 0.3487591315025346, "NI": 0.3770860544094583, "length": 281.0489173, "source": 534, "target": 535, "direction": "bi-directional"}, "geometry": {"type": "LineString", "coordinates": [[114.11781135137318, 22.57094116088691], [114.11778032083764, 22.570490578488617], [114.11775397822548, 22.569441164153393], [114.11776971436251, 22.56914767718311], [114.11785156160904, 22.568408667531216]]}}, {"type": "Feature", "properties": {"arc": 1058, "wealthier": 0.6411220048434548, "beautiful": 0.5203801643515003, "livelier": 0.6417626872762064, "depressing": 0.4139367014113748, "safer": 0.5577376571964922, "boring": 0.3639111949312947, "human": 0.0012373082778033, "vehicle": 0.0211648754045075, "construction": 0.118327683093501, "nature": 0.2929223004509421, "sky": 0.3212850608077704, "object": 0.0044445711023667, "PI": 0.4598419816086954, "NI": 0.2873516713329745, "length": 569.6013901, "source": 612, "target": 614, "direction": "bi-directional"}, "geometry": {"type": "LineString", "coordinates": [[114.16546213111619, 22.57111772650553], [114.16699284397028, 22.571636476972582], [114.16772927033685, 22.571849448880183], [114.16798977706802, 22.57190115324023], [114.1680854896808, 22.571896668223342], [114.16816464206224, 22.57187321026188], [114.16827298701611, 22.571792150278654], [114.168390999598, 22.571619519800358], [114.16940097691648, 22.569666222389415]]}}, {"type": "Feature", "properties": {"arc": 1059, "wealthier": 0.7040823519947096, "beautiful": 0.5856252198226708, "livelier": 0.8006672501957716, "depressing": 0.3166088580120381, "safer": 0.6392369640942882, "boring": 0.2018732780994779, "human": 0.0038174411706757, "vehicle": 0.0413390042489035, "construction": 0.147486971135725, "nature": 0.353547782228704, "sky": 0.1881224314371744, "object": 0.007644820631596, "PI": 0.57573225766036, "NI": 0.24819957474625345, "length": 480.7494724, "source": 582, "target": 592, "direction": "bi-directional"}, "geometry": {"type": "LineString", "coordinates": [[114.13348745984091, 22.571303713281644], [114.13401673823226, 22.57098727446421], [114.13632163061212, 22.569681539082058], [114.13745928792001, 22.56901484928036]]}}, {"type": "Feature", "properties": {"arc": 1060, "wealthier": 0.3793638540947913, "beautiful": 0.3727079946983865, "livelier": 0.2977109425798809, "depressing": 0.5694729428304478, "safer": 0.3381154367324471, "boring": 0.6662439324586829, "human": 0.000151515007019, "vehicle": 0.0390717983245849, "construction": 0.0609496831893921, "nature": 0.1416700482368469, "sky": 0.4997666875521342, "object": 0.004547635714213, "PI": 0.2302873271743977, "NI": 0.41313605218670935, "length": 865.9383396, "source": 118, "target": 119, "direction": "bi-directional"}, "geometry": {"type": "LineString", "coordinates": [[113.92902424242568, 22.567541759789396], [113.92906871856204, 22.56563752378076], [113.92907128547917, 22.56410193783228], [113.92909572589244, 22.56267540661753], [113.92916284381651, 22.55972334155615]]}}, {"type": "Feature", "properties": {"arc": 1065, "wealthier": 0.307168521625942, "beautiful": 0.3116153286366814, "livelier": 0.4079950977221199, "depressing": 0.6887619218720589, "safer": 0.2645657288836813, "boring": 0.6302691410893977, "human": 0.0007198333740234, "vehicle": 0.0309506734212239, "construction": 0.0526429918077256, "nature": 0.1618440839979383, "sky": 0.4898737165662977, "object": 0.0079472011990017, "PI": 0.22736019478354427, "NI": 0.43781253866119335, "length": 394.2645567, "source": 246, "target": 251, "direction": "bi-directional"}, "geometry": {"type": "LineString", "coordinates": [[113.96666898428623, 22.568758831425175], [113.96993225695306, 22.566890462411052]]}}, {"type": "Feature", "properties": {"arc": 1067, "wealthier": 0.3912948029836449, "beautiful": 0.3056520411114995, "livelier": 0.792216314173459, "depressing": 0.5629183052038855, "safer": 0.4100758843421828, "boring": 0.2837695530180339, "human": 0.0071339607238769, "vehicle": 0.0438354015350341, "construction": 0.2771243254343668, "nature": 0.1232594648996988, "sky": 0.2981805006663005, "object": 0.0078128178914388, "PI": 0.41219016778792006, "NI": 0.38249219831710946, "length": 257.1113134, "source": 546, "target": 548, "direction": "bi-directional"}, "geometry": {"type": "LineString", "coordinates": [[114.12217064149876, 22.571651809267973], [114.12256038573871, 22.5693583997635]]}}, {"type": "Feature", "properties": {"arc": 1069, "wealthier": 0.6208019413544716, "beautiful": 0.6023536985294567, "livelier": 0.7047204336733613, "depressing": 0.385421567482848, "safer": 0.5729155806467463, "boring": 0.2905050730863295, "human": 0.0025644302368164, "vehicle": 0.0277238503480568, "construction": 0.0851160685221354, "nature": 0.4151328404744466, "sky": 0.1906393735836713, "object": 0.0060283954326923, "PI": 0.5338065870930411, "NI": 0.23696351618205205, "length": 646.8728192, "source": 574, "target": 558, "direction": "bi-directional"}, "geometry": {"type": "LineString", "coordinates": [[114.13087389035323, 22.572176890459886], [114.13052281358353, 22.572113131822572], [114.13024000662611, 22.57204310477202], [114.12896872746312, 22.571595791714056], [114.12790638803114, 22.57126494085475], [114.1250328966237, 22.570044963616017]]}}, {"type": "Feature", "properties": {"arc": 1070, "wealthier": 0.4558318239931159, "beautiful": 0.4698644401673803, "livelier": 0.6552952607897581, "depressing": 0.4758888438131409, "safer": 0.4374473321752428, "boring": 0.2850151848537654, "human": 0.0043095675381747, "vehicle": 0.0439393592603278, "construction": 0.1698755206483783, "nature": 0.2564909385912346, "sky": 0.2633213274406664, "object": 0.0105012835878314, "PI": 0.4297419662247592, "NI": 0.3390231704395768, "length": 287.5743501, "source": 574, "target": 582, "direction": "bi-directional"}, "geometry": {"type": "LineString", "coordinates": [[114.13087389035323, 22.572176890459886], [114.13218605958492, 22.571871772773537], [114.13247495127987, 22.571789335654863], [114.13289427429046, 22.571620922465705], [114.13348745984091, 22.571303713281644]]}}, {"type": "Feature", "properties": {"arc": 1071, "wealthier": 0.414712223963656, "beautiful": 0.3841017419095769, "livelier": 0.7202140747626357, "depressing": 0.5547674845472695, "safer": 0.4496831045750464, "boring": 0.2962432939053634, "human": 0.004158592224121, "vehicle": 0.0293618308173285, "construction": 0.1902090920342339, "nature": 0.2387563069661458, "sky": 0.3018820444742838, "object": 0.0081255382961697, "PI": 0.4150089836224972, "NI": 0.3473834503191917, "length": 773.1666611, "source": 347, "target": 328, "direction": "bi-directional"}, "geometry": {"type": "LineString", "coordinates": [[114.0422669078534, 22.570624837147136], [114.04175724025623, 22.57045955281981], [114.04137842830514, 22.570312455540396], [114.03602323919488, 22.568130363203018], [114.03537995303185, 22.567831253302867]]}}, {"type": "Feature", "properties": {"arc": 1072, "wealthier": 0.376311291788398, "beautiful": 0.418171788132376, "livelier": 0.5663521820085134, "depressing": 0.5324142201960528, "safer": 0.3987453046410443, "boring": 0.4281139339127724, "human": 0.0034819871951372, "vehicle": 0.0369602594620142, "construction": 0.1144284957494491, "nature": 0.210690669524364, "sky": 0.3907050108298277, "object": 0.0078664437318459, "PI": 0.3603439329047746, "NI": 0.3704512692124578, "length": 350.8345503, "source": 347, "target": 348, "direction": "bi-directional"}, "geometry": {"type": "LineString", "coordinates": [[114.0422669078534, 22.570624837147136], [114.04325877397251, 22.56759356473958]]}}, {"type": "Feature", "properties": {"arc": 1073, "wealthier": 0.5902129786543202, "beautiful": 0.4868237216741586, "livelier": 0.7164994427193202, "depressing": 0.4735940445159003, "safer": 0.4965303634226, "boring": 0.3644343567504376, "human": 0.0116253605595341, "vehicle": 0.0582652621799045, "construction": 0.1577756669786241, "nature": 0.2433973241735387, "sky": 0.2800547988326461, "object": 0.0090417508725766, "PI": 0.5675762739989346, "NI": 0.3548827224487996, "length": 249.2935389, "source": 546, "target": 554, "direction": "bi-directional"}, "geometry": {"type": "LineString", "coordinates": [[114.12217064149876, 22.571651809267973], [114.12450053247878, 22.57227306313634]]}}, {"type": "Feature", "properties": {"arc": 1074, "wealthier": 0.3508734841701247, "beautiful": 0.3404119986584482, "livelier": 0.5348026140112816, "depressing": 0.6025692405346904, "safer": 0.3945029340588454, "boring": 0.4530245783087856, "human": 0.0037364959716796, "vehicle": 0.0275216420491536, "construction": 0.1615324656168619, "nature": 0.1526362737019856, "sky": 0.4142282485961914, "object": 0.0120070139567057, "PI": 0.32323690326686433, "NI": 0.42759008965300477, "length": 252.7574546, "source": 554, "target": 558, "direction": "bi-directional"}, "geometry": {"type": "LineString", "coordinates": [[114.12450053247878, 22.57227306313634], [114.12462097887568, 22.57182299969134], [114.1250328966237, 22.570044963616017]]}}, {"type": "Feature", "properties": {"arc": 1075, "wealthier": 0.3789380649338039, "beautiful": 0.2967093927482171, "livelier": 0.2023569004055763, "depressing": 0.6809248285871631, "safer": 0.2695978324691682, "boring": 0.8642221231464272, "human": 0.0008401870727539, "vehicle": 0.0353909068637424, "construction": 0.1275918218824598, "nature": 0.0606803894042968, "sky": 0.5360504256354438, "object": 0.0118997361924913, "PI": 0.17410773084981376, "NI": 0.5418127117389867, "length": 311.2611785, "source": 416, "target": 417, "direction": "bi-directional"}, "geometry": {"type": "LineString", "coordinates": [[114.06173519976653, 22.571148389513986], [114.06234116205746, 22.56839451560895]]}}, {"type": "Feature", "properties": {"arc": 1076, "wealthier": 0.4080862100026282, "beautiful": 0.3716776986560346, "livelier": 0.5401620702628969, "depressing": 0.5784028556181458, "safer": 0.3819671507718205, "boring": 0.4867068645195257, "human": 0.0019557070569927, "vehicle": 0.0137265912529562, "construction": 0.1493332921242226, "nature": 0.250190527260709, "sky": 0.3428263242552882, "object": 0.0083121345156715, "PI": 0.3398381455269139, "NI": 0.37288049974481047, "length": 1150.989817, "source": 416, "target": 437, "direction": "bi-directional"}, "geometry": {"type": "LineString", "coordinates": [[114.06173519976653, 22.571148389513986], [114.0637134983992, 22.57116307864367], [114.06590698677869, 22.57121702926962], [114.06713574816925, 22.571218351801733], [114.06739523598824, 22.57123033423932], [114.06777026496957, 22.57128354826089], [114.06805557152151, 22.571306216308727], [114.06915912245609, 22.57133167314725], [114.07035249339557, 22.571329347006163], [114.07058976085015, 22.57127457222133], [114.07082458852027, 22.571176341236978], [114.07105105135429, 22.571044847880167], [114.07129598635298, 22.570856241527512], [114.07150955375852, 22.570650180367185], [114.07171470492115, 22.57040790222998], [114.07188139691554, 22.57016731021055], [114.07214024038717, 22.5697353594109]]}}, {"type": "Feature", "properties": {"arc": 1077, "wealthier": 0.5920669858738776, "beautiful": 0.4804112282959053, "livelier": 0.6923345675730964, "depressing": 0.4551998756284146, "safer": 0.5300690820867318, "boring": 0.3423026864566718, "human": 0.0027739913375289, "vehicle": 0.0152091273555049, "construction": 0.0659888232195819, "nature": 0.3339124608922887, "sky": 0.3002594135425709, "object": 0.0092240086308232, "PI": 0.4786080224872397, "NI": 0.2930455837237864, "length": 223.2739966, "source": 410, "target": 411, "direction": "bi-directional"}, "geometry": {"type": "LineString", "coordinates": [[114.05854338539129, 22.571149630347723], [114.05858338667744, 22.570413398979117], [114.0586170831315, 22.5691347142552]]}}, {"type": "Feature", "properties": {"arc": 1078, "wealthier": 0.5134772100511952, "beautiful": 0.3686652116112449, "livelier": 0.5528517154725819, "depressing": 0.5938416094759483, "safer": 0.4447832711067964, "boring": 0.480675116955446, "human": 0.0029667096260266, "vehicle": 0.0248988224909855, "construction": 0.1668453216552734, "nature": 0.1382902585543119, "sky": 0.4328969319661458, "object": 0.0072236183362129, "PI": 0.3556989623998381, "NI": 0.40668508534587144, "length": 328.2575409, "source": 410, "target": 416, "direction": "bi-directional"}, "geometry": {"type": "LineString", "coordinates": [[114.05854338539129, 22.571149630347723], [114.06173519976653, 22.571148389513986]]}}, {"type": "Feature", "properties": {"arc": 1079, "wealthier": 0.4619449062958384, "beautiful": 0.3953286358520579, "livelier": 0.7852120506811714, "depressing": 0.5512449332894058, "safer": 0.4812986649155753, "boring": 0.291234983087158, "human": 0.0091089067004975, "vehicle": 0.0313893726893833, "construction": 0.1673088981991722, "nature": 0.2765308561779204, "sky": 0.2499151683989025, "object": 0.0065554664248511, "PI": 0.515441234060605, "NI": 0.31605728408774336, "length": 437.7597744, "source": 386, "target": 387, "direction": "bi-directional"}, "geometry": {"type": "LineString", "coordinates": [[114.05409675129128, 22.571138038932077], [114.05413257792345, 22.570132747945777], [114.05418751608617, 22.567185919702563]]}}, {"type": "Feature", "properties": {"arc": 1080, "wealthier": 0.3552583634993079, "beautiful": 0.2361610502950195, "livelier": 0.5260802187726966, "depressing": 0.6983685363723835, "safer": 0.3156235841152019, "boring": 0.5262448193931905, "human": 0.0055764869407371, "vehicle": 0.0238236674556025, "construction": 0.2130137902719003, "nature": 0.0880766621342411, "sky": 0.4407329912538882, "object": 0.0077392083627206, "PI": 0.2963792400094836, "NI": 0.4531394053759146, "length": 457.3094422, "source": 386, "target": 410, "direction": "bi-directional"}, "geometry": {"type": "LineString", "coordinates": [[114.05409675129128, 22.571138038932077], [114.05854338539129, 22.571149630347723]]}}, {"type": "Feature", "properties": {"arc": 1081, "wealthier": 0.4458522173255724, "beautiful": 0.326628898429355, "livelier": 0.4300622585562837, "depressing": 0.6452735913650064, "safer": 0.3536441477406346, "boring": 0.6463670966223581, "human": 0.0002093315124511, "vehicle": 0.0282073020935058, "construction": 0.0759441455205281, "nature": 0.1342362562815348, "sky": 0.5051326354344685, "object": 0.0038252274195353, "PI": 0.2606132062311065, "NI": 0.41738116613612647, "length": 406.5127355, "source": 496, "target": 481, "direction": "bi-directional"}, "geometry": {"type": "LineString", "coordinates": [[114.10247283077486, 22.5720580661157], [114.09913973256133, 22.57008479976261]]}}, {"type": "Feature", "properties": {"arc": 1083, "wealthier": 0.4803796724145621, "beautiful": 0.407814681750581, "livelier": 0.7260314736409231, "depressing": 0.4988627982808131, "safer": 0.4638969219161278, "boring": 0.3404849272773981, "human": 0.0036195119222005, "vehicle": 0.0358813042734183, "construction": 0.1929700140859566, "nature": 0.2542226080800973, "sky": 0.2564854341394761, "object": 0.0084058724197686, "PI": 0.4315127640176634, "NI": 0.33987133150165544, "length": 427.0216789, "source": 367, "target": 371, "direction": "bi-directional"}, "geometry": {"type": "LineString", "coordinates": [[114.04852344368291, 22.571125624089696], [114.04869493739871, 22.570520885964445], [114.04880574010654, 22.569985915654836], [114.04884912006321, 22.569692439144077], [114.04886081116946, 22.569102471425087], [114.04883782368195, 22.568302307068457], [114.04883173721028, 22.567303062875933]]}}, {"type": "Feature", "properties": {"arc": 1084, "wealthier": 0.5486185342300046, "beautiful": 0.4108490514248776, "livelier": 0.7667918012243857, "depressing": 0.5246266849136577, "safer": 0.5200210983197868, "boring": 0.3097814955254495, "human": 0.0037536910085967, "vehicle": 0.0241624947750207, "construction": 0.1889546712239583, "nature": 0.2771904107296105, "sky": 0.2704503608472419, "object": 0.0062652645689068, "PI": 0.4690267837806053, "NI": 0.3200791447176122, "length": 573.1804435, "source": 367, "target": 386, "direction": "bi-directional"}, "geometry": {"type": "LineString", "coordinates": [[114.04852344368291, 22.571125624089696], [114.05409675129128, 22.571138038932077]]}}, {"type": "Feature", "properties": {"arc": 1087, "wealthier": 0.2464486411055973, "beautiful": 0.2397031609626501, "livelier": 0.3439568973379482, "depressing": 0.7072836128544945, "safer": 0.2232136394798432, "boring": 0.7258402247003887, "human": 0.0007394359957787, "vehicle": 0.0465855957359395, "construction": 0.0782206135411416, "nature": 0.0838103345645371, "sky": 0.5510148694438319, "object": 0.0044996815343056, "PI": 0.1645002255097677, "NI": 0.4735844234156212, "length": 758.0085702, "source": 454, "target": 460, "direction": "bi-directional"}, "geometry": {"type": "LineString", "coordinates": [[114.08270831254909, 22.571861995099255], [114.08338332800663, 22.57148357926251], [114.08380461609502, 22.57118644030447], [114.08432694758518, 22.570754204494346], [114.08460688266584, 22.570464906019623], [114.08481696621885, 22.57021512879677], [114.08518011896396, 22.569711011771634], [114.08541600721777, 22.56930950118628], [114.08688608640125, 22.56641320692548]]}}, {"type": "Feature", "properties": {"arc": 1088, "wealthier": 0.3402416743322921, "beautiful": 0.3316171966365702, "livelier": 0.4015682105699474, "depressing": 0.6452453988973841, "safer": 0.333686600828435, "boring": 0.6327052983156768, "human": 0.0015505260891384, "vehicle": 0.0128160264756944, "construction": 0.1614878124660915, "nature": 0.1606512705485026, "sky": 0.4422423468695747, "object": 0.011060439215766, "PI": 0.25770728915126645, "NI": 0.45808564306234406, "length": 664.3829479, "source": 347, "target": 367, "direction": "bi-directional"}, "geometry": {"type": "LineString", "coordinates": [[114.0422669078534, 22.570624837147136], [114.04271104395997, 22.57054458794588], [114.04297307029269, 22.570513047601246], [114.04328984356536, 22.57051189159667], [114.04353625299846, 22.570543646052585], [114.04377988643701, 22.570605290581142], [114.04399054788554, 22.570679237120018], [114.04483849861487, 22.5710918000663], [114.04510593088804, 22.57120603838449], [114.04545794199667, 22.57130390895921], [114.04576435669924, 22.571344119223287], [114.0460222674256, 22.571353780433522], [114.04628690150892, 22.571340885574642], [114.04852344368291, 22.571125624089696]]}}, {"type": "Feature", "properties": {"arc": 1089, "wealthier": 0.5073518472152554, "beautiful": 0.3809376216546058, "livelier": 0.7431527689777082, "depressing": 0.5098862929859012, "safer": 0.4657196673457318, "boring": 0.2460553167098998, "human": 0.0023073973479094, "vehicle": 0.0507692054465965, "construction": 0.1247472056636103, "nature": 0.1771376221268265, "sky": 0.4056549425478335, "object": 0.0104749820850513, "PI": 0.398978506728416, "NI": 0.3678256018575889, "length": 512.6222048, "source": 511, "target": 498, "direction": "bi-directional"}, "geometry": {"type": "LineString", "coordinates": [[114.10807040996495, 22.57251254796319], [114.1072551316227, 22.57204320758161], [114.10541943089619, 22.57094063769708], [114.10386217256094, 22.570031945732246]]}}, {"type": "Feature", "properties": {"arc": 1090, "wealthier": 0.410394637211656, "beautiful": 0.3774533914025805, "livelier": 0.6736648522926657, "depressing": 0.5354766566917503, "safer": 0.4002151121642849, "boring": 0.3465105404379262, "human": 0.0066611766815185, "vehicle": 0.0546388626098632, "construction": 0.190908326043023, "nature": 0.1426166958279079, "sky": 0.3617388142479791, "object": 0.007447878519694, "PI": 0.4029765827968938, "NI": 0.38385011342452563, "length": 639.4551807, "source": 511, "target": 508, "direction": "bi-directional"}, "geometry": {"type": "LineString", "coordinates": [[114.10807040996495, 22.57251254796319], [114.10779567533439, 22.571365208534296], [114.10771363577994, 22.57090878338128], [114.10770457045143, 22.57064836395887], [114.10772276155726, 22.570100227969686], [114.10774443790511, 22.56784279002096], [114.10771183682738, 22.56758045533139], [114.10752504008343, 22.56679352984456]]}}, {"type": "Feature", "properties": {"arc": 1091, "wealthier": 0.337477896171675, "beautiful": 0.3605329182089269, "livelier": 0.4643143220717505, "depressing": 0.6216170391797364, "safer": 0.3255088967267064, "boring": 0.5469744394846413, "human": 0.0006006475080523, "vehicle": 0.0174762658905564, "construction": 0.060081916942931, "nature": 0.2538599047744483, "sky": 0.4184360504150391, "object": 0.0061406587299547, "PI": 0.2847546199019496, "NI": 0.3728098490663661, "length": 462.7040684, "source": 236, "target": 246, "direction": "bi-directional"}, "geometry": {"type": "LineString", "coordinates": [[113.96236544271063, 22.569919779798113], [113.96458156298648, 22.569475101180732], [113.96510401264737, 22.569353677855297], [113.96585620717087, 22.56911163447077], [113.96666898428623, 22.568758831425175]]}}, {"type": "Feature", "properties": {"arc": 1093, "wealthier": 0.6078165905269702, "beautiful": 0.5296411907789026, "livelier": 0.7242670582315894, "depressing": 0.4151650195963017, "safer": 0.5665430396449843, "boring": 0.2573530211100224, "human": 0.004919824146089, "vehicle": 0.0325995399838402, "construction": 0.1095086960565476, "nature": 0.3257907231648763, "sky": 0.2717665263584682, "object": 0.0048903510684058, "PI": 0.5281028979711679, "NI": 0.2634428719008664, "length": 428.2198545, "source": 586, "target": 593, "direction": "bi-directional"}, "geometry": {"type": "LineString", "coordinates": [[114.13446170111305, 22.57318991499027], [114.13734191210955, 22.571586074126934], [114.13762458520874, 22.571419109864973], [114.13802426389685, 22.57118847195366]]}}, {"type": "Feature", "properties": {"arc": 1098, "wealthier": 0.3772250475522973, "beautiful": 0.4053543781530018, "livelier": 0.4476271210964663, "depressing": 0.5774703820365868, "safer": 0.3686252462609983, "boring": 0.5860623049479214, "human": 0.0001423517862955, "vehicle": 0.0452636845906575, "construction": 0.0565227635701497, "nature": 0.129529685974121, "sky": 0.5158963267008463, "object": 0.0034601465861002, "PI": 0.2672896021774192, "NI": 0.40142925808707347, "length": 1186.412809, "source": 454, "target": 437, "direction": "bi-directional"}, "geometry": {"type": "LineString", "coordinates": [[114.08270831254909, 22.571861995099255], [114.08200066820346, 22.572113870129794], [114.08134207556061, 22.572293773098025], [114.08053865746855, 22.57248910177239], [114.07978439263417, 22.57262551827658], [114.0793094165593, 22.572667145167124], [114.07877352273461, 22.57267632883889], [114.07801535052037, 22.572608917779576], [114.07752777998127, 22.572529091725155], [114.07703903784024, 22.572420728039145], [114.07659265410015, 22.57228614432169], [114.07604263341317, 22.572072679009622], [114.07564296939107, 22.57187905943135], [114.075320197601, 22.57170317471771], [114.07498018452297, 22.571491070927095], [114.07325341064144, 22.57029775054788], [114.07287609795176, 22.570082070035173], [114.07214024038717, 22.5697353594109]]}}, {"type": "Feature", "properties": {"arc": 1100, "wealthier": 0.4430819569718036, "beautiful": 0.4522410697664109, "livelier": 0.492272623682278, "depressing": 0.4971864806041147, "safer": 0.4355224325279391, "boring": 0.4284089601367306, "human": 0.0007182439168294, "vehicle": 0.0163625717163085, "construction": 0.0233537038167317, "nature": 0.2428901036580403, "sky": 0.4516972223917643, "object": 0.0058298110961914, "PI": 0.3433803932449622, "NI": 0.3239322163659198, "length": 225.8203559, "source": 227, "target": 236, "direction": "bi-directional"}, "geometry": {"type": "LineString", "coordinates": [[113.9602547210752, 22.57048176931792], [113.96236544271063, 22.569919779798113]]}}, {"type": "Feature", "properties": {"arc": 1103, "wealthier": 0.5153712128086101, "beautiful": 0.3304720493315307, "livelier": 0.4298105262438367, "depressing": 0.6545069810393288, "safer": 0.3891752503525733, "boring": 0.6514808923425123, "human": 0.00011322233412, "vehicle": 0.0186512205335829, "construction": 0.1483147409227159, "nature": 0.0848312907748752, "sky": 0.4806925455729167, "object": 0.0027152167426215, "PI": 0.2659352981606636, "NI": 0.4228778091012743, "length": 304.0647075, "source": 594, "target": 593, "direction": "bi-directional"}, "geometry": {"type": "LineString", "coordinates": [[114.13851072130342, 22.573887657767067], [114.13847970111665, 22.57317637848648], [114.1384243099498, 22.572784585948003], [114.13802426389685, 22.57118847195366]]}}, {"type": "Feature", "properties": {"arc": 1106, "wealthier": 0.4539170032673699, "beautiful": 0.3809973750822789, "livelier": 0.3937840157988266, "depressing": 0.6494925519889376, "safer": 0.3463534205283379, "boring": 0.6755070715712357, "human": 0.0006889161609468, "vehicle": 0.0338438124883742, "construction": 0.1155955905006045, "nature": 0.129501706077939, "sky": 0.4748639606294177, "object": 0.0114291054861886, "PI": 0.2686953208301525, "NI": 0.4781850201763473, "length": 202.0316564, "source": 455, "target": 454, "direction": "bi-directional"}, "geometry": {"type": "LineString", "coordinates": [[114.08368699609944, 22.57343592832585], [114.08343143934538, 22.573139617682067], [114.08328561098236, 22.57293329691403], [114.08270831254909, 22.571861995099255]]}}, {"type": "Feature", "properties": {"arc": 1108, "wealthier": 0.7999500935178723, "beautiful": 0.6475931260317366, "livelier": 0.8133975248643993, "depressing": 0.2777791120791202, "safer": 0.708728093713086, "boring": 0.1986015453585781, "human": 0.0015666064094094, "vehicle": 0.0200312745337392, "construction": 0.0572464014190474, "nature": 0.4888800577400556, "sky": 0.1612096923628663, "object": 0.0061101477130565, "PI": 0.6238798945611541, "NI": 0.1789760938728492, "length": 1337.943126, "source": 212, "target": 230, "direction": "bi-directional"}, "geometry": {"type": "LineString", "coordinates": [[113.95228764744812, 22.571404713785576], [113.95244941941749, 22.571004833464713], [113.95260220097725, 22.570673093567933], [113.95430513464827, 22.567165423897123], [113.95448799753125, 22.56686762353824], [113.95469694247568, 22.566596209066144], [113.95493346531762, 22.566362114008673], [113.95520228375109, 22.566147546418858], [113.95539410542756, 22.56602601700425], [113.95562819549566, 22.565901523562104], [113.95601646889226, 22.565752541124468], [113.95740138829413, 22.565380630399492], [113.95869968054494, 22.564856379371854], [113.95983452982833, 22.56417793686547], [113.9609211372205, 22.56327217040541]]}}, {"type": "Feature", "properties": {"arc": 1109, "wealthier": 0.299184102780595, "beautiful": 0.3400214354800429, "livelier": 0.3065142381918448, "depressing": 0.6302099570895974, "safer": 0.2908576054193123, "boring": 0.6934317859594951, "human": 0.0006029726278902, "vehicle": 0.0143272130176274, "construction": 0.0489848551124033, "nature": 0.1894748379485775, "sky": 0.481583392981327, "object": 0.0055405973183988, "PI": 0.2214697440572163, "NI": 0.4079642196753282, "length": 829.2057712, "source": 212, "target": 227, "direction": "bi-directional"}, "geometry": {"type": "LineString", "coordinates": [[113.95228764744812, 22.571404713785576], [113.95562678267235, 22.571224507217252], [113.95663020380691, 22.571188917108927], [113.95758602617559, 22.571105881717866], [113.95827648344684, 22.57098129277271], [113.9588787740838, 22.570848112654712], [113.9602547210752, 22.57048176931792]]}}, {"type": "Feature", "properties": {"arc": 1110, "wealthier": 0.4851865082062414, "beautiful": 0.4619680651615294, "livelier": 0.6869445143190025, "depressing": 0.4591137787591357, "safer": 0.5017691626331086, "boring": 0.3107267528908324, "human": 0.0048534605238172, "vehicle": 0.0255345238579644, "construction": 0.1825429598490397, "nature": 0.2118989626566569, "sky": 0.3159818649291993, "object": 0.0058983167012532, "PI": 0.4463439037294749, "NI": 0.31758813064910096, "length": 297.2498803, "source": 575, "target": 574, "direction": "bi-directional"}, "geometry": {"type": "LineString", "coordinates": [[114.1317087274552, 22.574746444358553], [114.13113151794765, 22.572908345423027], [114.13087389035323, 22.572176890459886]]}}, {"type": "Feature", "properties": {"arc": 1112, "wealthier": 0.2621759598056684, "beautiful": 0.1521705093052778, "livelier": 0.3422524784163855, "depressing": 0.7953436499709795, "safer": 0.1979978986773195, "boring": 0.7162397858292688, "human": 0.0003309249877929, "vehicle": 0.0419336557388305, "construction": 0.1552335222562154, "nature": 0.0474417805671691, "sky": 0.5389869014422097, "object": 0.0054330031077067, "PI": 0.13199710132573886, "NI": 0.5117771275553129, "length": 830.7245432, "source": 208, "target": 213, "direction": "bi-directional"}, "geometry": {"type": "LineString", "coordinates": [[113.95001395563074, 22.571414642216716], [113.95024071248035, 22.570746080030414], [113.9503438255703, 22.570511941404238], [113.95235041936658, 22.566628236550216], [113.95253872895914, 22.566225971623773], [113.95267695814066, 22.565815344347374], [113.95277990248351, 22.565386715122187], [113.95284170192913, 22.56490914959366], [113.95285691063376, 22.564458280598842]]}}, {"type": "Feature", "properties": {"arc": 1113, "wealthier": 0.2629176943992704, "beautiful": 0.2848577519844736, "livelier": 0.2964989737155958, "depressing": 0.6994206899864612, "safer": 0.2256081088156329, "boring": 0.7557377494267652, "human": 0.000790532430013, "vehicle": 0.0223455429077148, "construction": 0.0795374552408854, "nature": 0.0947025299072265, "sky": 0.5078441619873046, "object": 0.0063368479410807, "PI": 0.1703223549291616, "NI": 0.45934526699084843, "length": 233.8504287, "source": 208, "target": 212, "direction": "bi-directional"}, "geometry": {"type": "LineString", "coordinates": [[113.95001395563074, 22.571414642216716], [113.95070365370118, 22.571401105640383], [113.95228764744812, 22.571404713785576]]}}, {"type": "Feature", "properties": {"arc": 1114, "wealthier": 0.5860711064875211, "beautiful": 0.5305875146497375, "livelier": 0.5803561220710823, "depressing": 0.4475385515416522, "safer": 0.541320833670045, "boring": 0.3620593731429602, "human": 0.0005388789706759, "vehicle": 0.0217921733856201, "construction": 0.0433795981936984, "nature": 0.2740975220998127, "sky": 0.4042752583821614, "object": 0.0030016369289822, "PI": 0.4238234243028445, "NI": 0.2834244835406142, "length": 665.794752, "source": 179, "target": 208, "direction": "bi-directional"}, "geometry": {"type": "LineString", "coordinates": [[113.94354009017981, 22.571423744255597], [113.95001395563074, 22.571414642216716]]}}, {"type": "Feature", "properties": {"arc": 1117, "wealthier": 0.6637433516961956, "beautiful": 0.5915367625152185, "livelier": 0.7992162201701397, "depressing": 0.3398525893290745, "safer": 0.6433336606777256, "boring": 0.2340336552517883, "human": 0.0030058754814995, "vehicle": 0.0302237404717339, "construction": 0.1178079181247287, "nature": 0.4105458259582519, "sky": 0.1615270508660211, "object": 0.0059294170803493, "PI": 0.5742432765656237, "NI": 0.22254519946322268, "length": 844.5209963, "source": 575, "target": 554, "direction": "bi-directional"}, "geometry": {"type": "LineString", "coordinates": [[114.1317087274552, 22.574746444358553], [114.12855150261656, 22.574959053276924], [114.12828496879746, 22.57494047849864], [114.12800183965982, 22.574865045234798], [114.12776911032957, 22.5747580407933], [114.12752073180351, 22.57459318004185], [114.12450053247878, 22.57227306313634]]}}, {"type": "Feature", "properties": {"arc": 1118, "wealthier": 0.3690365047021488, "beautiful": 0.3230307369412182, "livelier": 0.435859871489141, "depressing": 0.6347648372813939, "safer": 0.3413307019384054, "boring": 0.6033432139103573, "human": 0.0003648485456194, "vehicle": 0.0195354461669921, "construction": 0.0242323739188058, "nature": 0.2168299720400856, "sky": 0.4776688711983816, "object": 0.003857912336077, "PI": 0.26820694544234114, "NI": 0.3774429916275707, "length": 959.5430046, "source": 139, "target": 179, "direction": "bi-directional"}, "geometry": {"type": "LineString", "coordinates": [[113.93420994839595, 22.57142620092198], [113.94354009017981, 22.571423744255597]]}}, {"type": "Feature", "properties": {"arc": 1119, "wealthier": 0.3918052634224541, "beautiful": 0.3200005008712442, "livelier": 0.4357194883730131, "depressing": 0.624347343769022, "safer": 0.3316717086759129, "boring": 0.6138393475436092, "human": 0.0003563503049454, "vehicle": 0.024026666797182, "construction": 0.0681392861612187, "nature": 0.1856735517393868, "sky": 0.4973743846581416, "object": 0.0040802865658166, "PI": 0.26201052852555246, "NI": 0.40168394856275086, "length": 1416.226538, "source": 88, "target": 73, "direction": "bi-directional"}, "geometry": {"type": "LineString", "coordinates": [[113.921712309686, 22.571190284044892], [113.92085952101944, 22.570735002308272], [113.91691961239827, 22.568309752424298], [113.91674048471047, 22.568173244973142], [113.91657601339462, 22.568004129901457], [113.91644618253973, 22.567813212383953], [113.91635750938792, 22.5676211259441], [113.91628913418515, 22.56733975382241], [113.91627409236793, 22.566999015741498], [113.91632197814184, 22.565349748789057], [113.91633653272353, 22.563514168352608], [113.91634586496635, 22.563352805169277], [113.91638171013774, 22.563200633423328], [113.91647051297741, 22.56307343153158], [113.91663422617026, 22.562965384538256], [113.91841604064639, 22.56216735232931]]}}, {"type": "Feature", "properties": {"arc": 1122, "wealthier": 0.3042917904370557, "beautiful": 0.3783715273120937, "livelier": 0.4254639276565073, "depressing": 0.5952058330802829, "safer": 0.3475411227917777, "boring": 0.5641449332385987, "human": 0.0005230979313926, "vehicle": 0.0274878305102151, "construction": 0.0572367774115668, "nature": 0.1805226159474206, "sky": 0.4697677672855438, "object": 0.0054745447067987, "PI": 0.2591828418523772, "NI": 0.38754330503173273, "length": 529.1150743, "source": 507, "target": 496, "direction": "bi-directional"}, "geometry": {"type": "LineString", "coordinates": [[114.10679769523799, 22.574646033027552], [114.10421012297766, 22.573108286853753], [114.10247283077486, 22.5720580661157]]}}, {"type": "Feature", "properties": {"arc": 1123, "wealthier": 0.387476832200819, "beautiful": 0.2075902811867968, "livelier": 0.4276164540248748, "depressing": 0.7670046817316893, "safer": 0.2735849732030942, "boring": 0.697081530360753, "human": 0.0013436404141512, "vehicle": 0.010779756488222, "construction": 0.1272773742675781, "nature": 0.12415007388953, "sky": 0.4888008002078894, "object": 0.0042177258115826, "PI": 0.2258058126399426, "NI": 0.45013408867970467, "length": 270.252007, "source": 507, "target": 511, "direction": "bi-directional"}, "geometry": {"type": "LineString", "coordinates": [[114.10679769523799, 22.574646033027552], [114.1070079267893, 22.574291043379553], [114.10732611104176, 22.5736965045566], [114.10761517133564, 22.573248871197745], [114.10787767349287, 22.572799436126505], [114.10807040996495, 22.57251254796319]]}}, {"type": "Feature", "properties": {"arc": 1124, "wealthier": 0.4978199739261316, "beautiful": 0.384813576185405, "livelier": 0.4833903594593261, "depressing": 0.5354223785219908, "safer": 0.4291853222357654, "boring": 0.5349753066928339, "human": 0.000403460334329, "vehicle": 0.0195679758109298, "construction": 0.0851825265323414, "nature": 0.2076418633554496, "sky": 0.4387683494418275, "object": 0.0036929635440602, "PI": 0.3247404727359338, "NI": 0.3553996558907362, "length": 445.78686, "source": 116, "target": 118, "direction": "bi-directional"}, "geometry": {"type": "LineString", "coordinates": [[113.9288841843624, 22.571556582290153], [113.92902017873398, 22.570646462958617], [113.92906601503307, 22.570133673982035], [113.92902424242568, 22.567541759789396]]}}, {"type": "Feature", "properties": {"arc": 1125, "wealthier": 0.5075094607366073, "beautiful": 0.4065643946840366, "livelier": 0.4924776686029908, "depressing": 0.5356890611246752, "safer": 0.4544686725747213, "boring": 0.5204411423025153, "human": 0.0001401323260683, "vehicle": 0.0044021028460878, "construction": 0.0517363692774917, "nature": 0.2345677000103574, "sky": 0.453669634732333, "object": 0.0039355249115915, "PI": 0.34002097754728267, "NI": 0.33653005463585606, "length": 548.0380186, "source": 116, "target": 139, "direction": "bi-directional"}, "geometry": {"type": "LineString", "coordinates": [[113.9288841843624, 22.571556582290153], [113.93204293915493, 22.57142658663446], [113.93420994839595, 22.57142620092198]]}}, {"type": "Feature", "properties": {"arc": 1126, "wealthier": 0.3255202682751664, "beautiful": 0.2940871846273233, "livelier": 0.3127846623055584, "depressing": 0.6552051798163441, "safer": 0.2823154952928754, "boring": 0.7299403485401575, "human": 6.773358299618676e-05, "vehicle": 0.0145730064028785, "construction": 0.0348902429853166, "nature": 0.2012582506452288, "sky": 0.5251403763180686, "object": 0.00440552121117, "PI": 0.2134429201172294, "NI": 0.41963642822335556, "length": 741.8123167, "source": 116, "target": 88, "direction": "bi-directional"}, "geometry": {"type": "LineString", "coordinates": [[113.9288841843624, 22.571556582290153], [113.92358011996615, 22.57154286224668], [113.92320165692544, 22.571507179628487], [113.92279265390093, 22.571438416548403], [113.921712309686, 22.571190284044892]]}}, {"type": "Feature", "properties": {"arc": 1128, "wealthier": 0.473565481395733, "beautiful": 0.298565282452009, "livelier": 0.3813372302288131, "depressing": 0.6899375501398183, "safer": 0.3746673987884648, "boring": 0.7348159111300299, "human": 0.0001743048952336, "vehicle": 0.0253324006733141, "construction": 0.2117258373059724, "nature": 0.0136973732396175, "sky": 0.5030142800849781, "object": 0.0030653769509834, "PI": 0.22373011493980213, "NI": 0.477669605790135, "length": 391.6235282, "source": 588, "target": 594, "direction": "bi-directional"}, "geometry": {"type": "LineString", "coordinates": [[114.13578882785646, 22.57611140779782], [114.13623040983146, 22.57597716484765], [114.13692388416283, 22.575727175099445], [114.1372284902313, 22.575561775859768], [114.13749698977335, 22.57536883348029], [114.13782234785582, 22.575056964489896], [114.13804533795734, 22.574770017321633], [114.13819112236317, 22.57452742346486], [114.13851072130342, 22.573887657767067]]}}, {"type": "Feature", "properties": {"arc": 1135, "wealthier": 0.4906590957210421, "beautiful": 0.4168107638463348, "livelier": 0.4778082791812663, "depressing": 0.5600976223414115, "safer": 0.4375343409498448, "boring": 0.5637460033522819, "human": 0.0004117047345196, "vehicle": 0.0281534077208719, "construction": 0.0828419438114872, "nature": 0.2200832602418499, "sky": 0.4222740597195095, "object": 0.0055751800537109, "PI": 0.3330216481713915, "NI": 0.377391651707699, "length": 650.5169275, "source": 531, "target": 534, "direction": "bi-directional"}, "geometry": {"type": "LineString", "coordinates": [[114.11679322384538, 22.57659132607427], [114.11712902879565, 22.57601256501379], [114.117609084855, 22.57511413048247], [114.11776363066947, 22.57473596298058], [114.11785921383661, 22.574348502756244], [114.11790584735459, 22.57397883136877], [114.11791848374592, 22.573635420365957], [114.11782847188269, 22.5716219402983], [114.11781135137318, 22.57094116088691]]}}, {"type": "Feature", "properties": {"arc": 1137, "wealthier": 0.4603393352781044, "beautiful": 0.3746516789492262, "livelier": 0.3872169082254583, "depressing": 0.5973813253656591, "safer": 0.3638949538537611, "boring": 0.6557170455028797, "human": 0.0007253704649029, "vehicle": 0.046162749781753, "construction": 0.2079584526293206, "nature": 0.1161059177283084, "sky": 0.3873400254683061, "object": 0.0061332240249171, "PI": 0.26748415515868706, "NI": 0.4478014534669423, "length": 256.0780226, "source": 524, "target": 531, "direction": "bi-directional"}, "geometry": {"type": "LineString", "coordinates": [[114.11430367087792, 22.576548921562313], [114.11577039895971, 22.576584221985804], [114.11679322384538, 22.57659132607427]]}}, {"type": "Feature", "properties": {"arc": 1138, "wealthier": 0.3865594061582893, "beautiful": 0.3605989574762696, "livelier": 0.5397540469930702, "depressing": 0.5998593477647741, "safer": 0.3645386143517198, "boring": 0.4840267055967372, "human": 0.0004907021155724, "vehicle": 0.0219192504882812, "construction": 0.1369170408982497, "nature": 0.1666762523162059, "sky": 0.4200600599631285, "object": 0.0058216926379081, "PI": 0.29152022289580154, "NI": 0.3844235765266963, "length": 642.8460639, "source": 531, "target": 550, "direction": "bi-directional"}, "geometry": {"type": "LineString", "coordinates": [[114.11679322384538, 22.57659132607427], [114.11830227907396, 22.576629878065333], [114.12109841505321, 22.57665765240753], [114.12304211862974, 22.576724715016034]]}}, {"type": "Feature", "properties": {"arc": 1139, "wealthier": 0.4046815012095073, "beautiful": 0.3620777895467648, "livelier": 0.5180517434426365, "depressing": 0.5817923254948382, "safer": 0.3849046467467524, "boring": 0.5078432410904353, "human": 0.0030978369334387, "vehicle": 0.0279909466940259, "construction": 0.1443526555621434, "nature": 0.1869727543422153, "sky": 0.4285472082713294, "object": 0.0057191091870504, "PI": 0.3322603170742355, "NI": 0.39390112432333674, "length": 516.667195, "source": 550, "target": 554, "direction": "bi-directional"}, "geometry": {"type": "LineString", "coordinates": [[114.12304211862974, 22.576724715016034], [114.12347939186137, 22.575445482086145], [114.12414832042303, 22.573861678306354], [114.12438154480702, 22.572885702419395], [114.12450053247878, 22.57227306313634]]}}, {"type": "Feature", "properties": {"arc": 1140, "wealthier": 0.3961805069839718, "beautiful": 0.3747276131729868, "livelier": 0.4715813591163921, "depressing": 0.5760101038631397, "safer": 0.3723672684463663, "boring": 0.5911003733012054, "human": 0.0003985450381324, "vehicle": 0.0430902753557477, "construction": 0.0558346339634486, "nature": 0.1574971880231584, "sky": 0.4909166971842448, "object": 0.0074660528273809, "PI": 0.2804392415015054, "NI": 0.4177353402173199, "length": 824.7625275, "source": 524, "target": 507, "direction": "bi-directional"}, "geometry": {"type": "LineString", "coordinates": [[114.11430367087792, 22.576548921562313], [114.1121452319158, 22.576539615600876], [114.11103919405095, 22.576507881360094], [114.11060561827665, 22.576466292024747], [114.11009169575159, 22.576363612369555], [114.10950932813958, 22.576180343487263], [114.10891162353566, 22.575904121570264], [114.10679769523799, 22.574646033027552]]}}, {"type": "Feature", "properties": {"arc": 1147, "wealthier": 0.3415858331691545, "beautiful": 0.2518899084682965, "livelier": 0.4920264273875561, "depressing": 0.6925953995322244, "safer": 0.3287145961902861, "boring": 0.5852832703407033, "human": 0.0002404530843098, "vehicle": 0.0238184611002604, "construction": 0.1725179460313585, "nature": 0.0388787587483724, "sky": 0.5062924279106988, "object": 0.0069577111138237, "PI": 0.21281256582604133, "NI": 0.4626692369437135, "length": 371.9860443, "source": 577, "target": 588, "direction": "bi-directional"}, "geometry": {"type": "LineString", "coordinates": [[114.13238044417622, 22.577233881888077], [114.13310183504454, 22.577015625112026], [114.13516918735331, 22.576341836734645], [114.13578882785646, 22.57611140779782]]}}, {"type": "Feature", "properties": {"arc": 1150, "wealthier": 0.6080276306184517, "beautiful": 0.5224438941641475, "livelier": 0.7051046933247684, "depressing": 0.4288327049096758, "safer": 0.5728322078292235, "boring": 0.2888710342688913, "human": 9.70081616473454e-05, "vehicle": 0.0248672731461063, "construction": 0.0544068121141003, "nature": 0.2443615082771547, "sky": 0.4341603555986958, "object": 0.0045547280260311, "PI": 0.44282883313424826, "NI": 0.29067740622294075, "length": 790.2030356, "source": 573, "target": 550, "direction": "bi-directional"}, "geometry": {"type": "LineString", "coordinates": [[114.13064061848341, 22.577780461901774], [114.12956589850496, 22.577663521813246], [114.1240766599593, 22.576857265771945], [114.12304211862974, 22.576724715016034]]}}, {"type": "Feature", "properties": {"arc": 1151, "wealthier": 0.2205492435814363, "beautiful": 0.2617314007226094, "livelier": 0.3913656884243206, "depressing": 0.7042188673895405, "safer": 0.2407553092178118, "boring": 0.684215409564063, "human": 0.0003148538094979, "vehicle": 0.0134494922779224, "construction": 0.0996392567952473, "nature": 0.0866462566234447, "sky": 0.5257448973479094, "object": 0.0077792980052806, "PI": 0.1716890349957286, "NI": 0.46134236939783974, "length": 188.904611, "source": 573, "target": 577, "direction": "bi-directional"}, "geometry": {"type": "LineString", "coordinates": [[114.13064061848341, 22.577780461901774], [114.13153817666739, 22.577512341046425], [114.13238044417622, 22.577233881888077]]}}, {"type": "Feature", "properties": {"arc": 1152, "wealthier": 0.7430336952407436, "beautiful": 0.6475277789474864, "livelier": 0.7943172949966515, "depressing": 0.2819347198145169, "safer": 0.6687554948166782, "boring": 0.235410804749056, "human": 0.0058010419209798, "vehicle": 0.05271844069163, "construction": 0.0666087667147318, "nature": 0.4965720176696778, "sky": 0.1285905639330546, "object": 0.003271202246348, "PI": 0.6587704941769047, "NI": 0.18693021372751298, "length": 1126.194928, "source": 217, "target": 236, "direction": "bi-directional"}, "geometry": {"type": "LineString", "coordinates": [[113.95382237622054, 22.574832570283245], [113.9546840852456, 22.57401683123442], [113.95540486941732, 22.57330534496123], [113.95557077667222, 22.573173245202213], [113.95569017485789, 22.573115777437142], [113.95580305351318, 22.573085758899275], [113.95603557623723, 22.57305489939774], [113.95970373081121, 22.572740769279662], [113.95993628408898, 22.572687764802406], [113.96016021952612, 22.57258608416824], [113.96062843641582, 22.57226905423635], [113.96148565266677, 22.57161740124849], [113.96177888978475, 22.571374468870758], [113.96195725004955, 22.571189534747035], [113.96209593061106, 22.570986636760946], [113.96219595653405, 22.570755481129414], [113.9622460962216, 22.570562663977977], [113.96236544271063, 22.569919779798113]]}}, {"type": "Feature", "properties": {"arc": 1153, "wealthier": 0.749070655443216, "beautiful": 0.6401881667714534, "livelier": 0.7430043225234737, "depressing": 0.2875722027863088, "safer": 0.6760055561247323, "boring": 0.2559509591067409, "human": 0.0010576138551207, "vehicle": 0.0137427319055316, "construction": 0.0868511857657596, "nature": 0.4439536566021798, "sky": 0.1973779612574083, "object": 0.0050192208125673, "PI": 0.5766068132886956, "NI": 0.19913228781554715, "length": 662.8760354, "source": 217, "target": 212, "direction": "bi-directional"}, "geometry": {"type": "LineString", "coordinates": [[113.95382237622054, 22.574832570283245], [113.95313962528743, 22.574861168931225], [113.95154126683035, 22.57486148568175], [113.95143360405143, 22.574848452742362], [113.95132021042274, 22.57480786027832], [113.9512547151688, 22.574754393338008], [113.9512076747919, 22.574673414547362], [113.95117857276877, 22.574468635114837], [113.95119605570592, 22.574084682145532], [113.95123463962639, 22.57367437233732], [113.95128913012924, 22.5734354507806], [113.95136134541706, 22.5732487282284], [113.951514390096, 22.57292930221518], [113.95228764744812, 22.571404713785576]]}}, {"type": "Feature", "properties": {"arc": 1156, "wealthier": 0.3004538339498466, "beautiful": 0.3052360903768819, "livelier": 0.3406409663998041, "depressing": 0.693957474498992, "safer": 0.277314764323049, "boring": 0.6640834350125281, "human": 0.0005431402297247, "vehicle": 0.0277604905385819, "construction": 0.1461680881560794, "nature": 0.0840014200361948, "sky": 0.497912603711325, "object": 0.005294678703187, "PI": 0.19236118872698552, "NI": 0.45869653387340276, "length": 573.8317635, "source": 597, "target": 594, "direction": "bi-directional"}, "geometry": {"type": "LineString", "coordinates": [[114.14036610630176, 22.578774680122432], [114.13851072130342, 22.573887657767067]]}}, {"type": "Feature", "properties": {"arc": 1160, "wealthier": 0.5434635475417449, "beautiful": 0.433741457318001, "livelier": 0.7138034062521761, "depressing": 0.4921806936212774, "safer": 0.5062443224001476, "boring": 0.3392819410794725, "human": 0.0026157152707173, "vehicle": 0.0219262092625169, "construction": 0.2099102490568814, "nature": 0.2606324844708725, "sky": 0.2907991539942075, "object": 0.0056883494059244, "PI": 0.44117434465886846, "NI": 0.3266073158774918, "length": 2060.82594, "source": 485, "target": 455, "direction": "bi-directional"}, "geometry": {"type": "LineString", "coordinates": [[114.09936042817296, 22.57830990190648], [114.09886379575474, 22.577762870002054], [114.09868366376644, 22.57761319727927], [114.09855547225534, 22.57743678853549], [114.09843325235825, 22.577159690068157], [114.09836184897335, 22.576916460866933], [114.09830446933849, 22.576614420936146], [114.09819902074203, 22.57521846548339], [114.09816330642539, 22.574903156977598], [114.09808491383266, 22.57463331938024], [114.09796243336051, 22.574407106441182], [114.09785610193168, 22.574268089789996], [114.09766990843268, 22.574070050428656], [114.09695455922149, 22.57340670790438], [114.09674074923426, 22.573227473739315], [114.09654199502123, 22.57309433333158], [114.096289603524, 22.572960107400323], [114.0960294570677, 22.572850319229975], [114.09574067477543, 22.5727555603106], [114.09174472202008, 22.571713952056943], [114.09141775571264, 22.571656997889473], [114.09101555417404, 22.571616201000296], [114.09048946261, 22.571614686851746], [114.09002458884403, 22.571658051492314], [114.0881124785381, 22.571884364705447], [114.08771237585958, 22.571955704459608], [114.08718200672753, 22.57208410954917], [114.08649413702148, 22.572318452772073], [114.08481146486353, 22.57301721139854], [114.08398280992603, 22.573272219436706], [114.08387026185612, 22.5733241154422], [114.08368699609944, 22.57343592832585]]}}, {"type": "Feature", "properties": {"arc": 1161, "wealthier": 0.2792600494429619, "beautiful": 0.2782531054721573, "livelier": 0.2555492587084836, "depressing": 0.717570089530087, "safer": 0.2408591242076246, "boring": 0.7382005871460847, "human": 0.0001766749790736, "vehicle": 0.0183603014264787, "construction": 0.1962203979492187, "nature": 0.0883862813313802, "sky": 0.4870684850783573, "object": 0.0051320212227957, "PI": 0.15725774255038694, "NI": 0.4813403217050085, "length": 918.2279246, "source": 485, "target": 481, "direction": "bi-directional"}, "geometry": {"type": "LineString", "coordinates": [[114.09936042817296, 22.57830990190648], [114.09882343587364, 22.575578207761055], [114.09877153535359, 22.575157406227973], [114.09874935006678, 22.574814931592503], [114.09875755164232, 22.57445526145104], [114.09881965017465, 22.57379324314366], [114.09906097057244, 22.57202632134589], [114.09913086179711, 22.570580298660825], [114.09913973256133, 22.57008479976261]]}}, {"type": "Feature", "properties": {"arc": 1164, "wealthier": 0.7035218311599153, "beautiful": 0.6547838779191855, "livelier": 0.7376606286784121, "depressing": 0.2873910778027184, "safer": 0.670190108781844, "boring": 0.2636000361097499, "human": 0.0047095404730902, "vehicle": 0.0202454884847005, "construction": 0.1161150190565321, "nature": 0.4510024176703558, "sky": 0.1343707190619574, "object": 0.0081424289279513, "PI": 0.6172495973800981, "NI": 0.21633167760668637, "length": 359.7622542, "source": 589, "target": 588, "direction": "bi-directional"}, "geometry": {"type": "LineString", "coordinates": [[114.13589696259655, 22.57935843666908], [114.13588607398412, 22.57854754824452], [114.13578882785646, 22.57611140779782]]}}, {"type": "Feature", "properties": {"arc": 1168, "wealthier": 0.5218206120273952, "beautiful": 0.4734732177139323, "livelier": 0.556300903704456, "depressing": 0.47364479474424, "safer": 0.4804859175189505, "boring": 0.4240031579433803, "human": 0.0015125274658203, "vehicle": 0.0189927948845757, "construction": 0.0987417962816026, "nature": 0.2645951377020942, "sky": 0.4127955966525607, "object": 0.0048864152696397, "PI": 0.3967442769106197, "NI": 0.3287428325095567, "length": 289.715394, "source": 549, "target": 550, "direction": "bi-directional"}, "geometry": {"type": "LineString", "coordinates": [[114.12275874843621, 22.579327262566668], [114.12287554306522, 22.57842901129813], [114.12294441454114, 22.577602505965697], [114.12304211862974, 22.576724715016034]]}}, {"type": "Feature", "properties": {"arc": 1169, "wealthier": 0.5467030574272385, "beautiful": 0.483304447600301, "livelier": 0.6782863135108423, "depressing": 0.4371538264196217, "safer": 0.5279259520327386, "boring": 0.3819602931583226, "human": 0.0023391864917896, "vehicle": 0.0232433742947048, "construction": 0.1154055418791594, "nature": 0.3586762746175129, "sky": 0.2212085017451533, "object": 0.0146822046350549, "PI": 0.4688423687434345, "NI": 0.33006368052889684, "length": 200.4541975, "source": 572, "target": 573, "direction": "bi-directional"}, "geometry": {"type": "LineString", "coordinates": [[114.1306050976254, 22.579590221800135], [114.13063330808897, 22.578683106101828], [114.13064061848341, 22.577780461901774]]}}, {"type": "Feature", "properties": {"arc": 1170, "wealthier": 0.515648216775573, "beautiful": 0.4267802702584419, "livelier": 0.6503035449267027, "depressing": 0.4913385142390263, "safer": 0.4668943750027788, "boring": 0.4152376024210357, "human": 0.0038687388102213, "vehicle": 0.0216614859444754, "construction": 0.1431318010602678, "nature": 0.275165285382952, "sky": 0.2771910712832496, "object": 0.0090672629220145, "PI": 0.43535343832769846, "NI": 0.3348181611168055, "length": 214.4277551, "source": 572, "target": 578, "direction": "bi-directional"}, "geometry": {"type": "LineString", "coordinates": [[114.1306050976254, 22.579590221800135], [114.13158462460962, 22.57960357133442], [114.13209481554796, 22.579625281318915], [114.1323632477259, 22.579648300622942], [114.13268393069124, 22.579698372742595]]}}, {"type": "Feature", "properties": {"arc": 1172, "wealthier": 0.3818781369920319, "beautiful": 0.3902705794974083, "livelier": 0.6071591403828752, "depressing": 0.567847908249952, "safer": 0.36516834969282, "boring": 0.4279837394553913, "human": 0.0043203565809461, "vehicle": 0.0482796209829824, "construction": 0.1925381201284903, "nature": 0.1779203414916992, "sky": 0.320222501401548, "object": 0.0054892434014214, "PI": 0.3606657249095631, "NI": 0.3765495154419014, "length": 337.6960617, "source": 578, "target": 589, "direction": "bi-directional"}, "geometry": {"type": "LineString", "coordinates": [[114.13268393069124, 22.579698372742595], [114.13302002374641, 22.579616114010342], [114.13349996011002, 22.579534860466644], [114.13416542779821, 22.57932744349835], [114.13447918129583, 22.579269185195493], [114.13481633518687, 22.579254821784456], [114.13521364074725, 22.57926251073082], [114.13550265850915, 22.57929126523287], [114.13589696259655, 22.57935843666908]]}}, {"type": "Feature", "properties": {"arc": 1173, "wealthier": 0.763807811092864, "beautiful": 0.6210331928234383, "livelier": 0.7541045427187213, "depressing": 0.3002873744356498, "safer": 0.6763745898004543, "boring": 0.2518474239624005, "human": 0.0041400485568576, "vehicle": 0.0317014058430989, "construction": 0.0974224302503797, "nature": 0.4072511461046007, "sky": 0.1826855977376301, "object": 0.0045706007215711, "PI": 0.6075900653007689, "NI": 0.21053282789816627, "length": 808.7090519, "source": 572, "target": 549, "direction": "bi-directional"}, "geometry": {"type": "LineString", "coordinates": [[114.1306050976254, 22.579590221800135], [114.12815384883837, 22.579640792200312], [114.12579349129709, 22.579526411363336], [114.12484637605205, 22.579395881550482], [114.12421612037578, 22.57933499726503], [114.12275874843621, 22.579327262566668]]}}, {"type": "Feature", "properties": {"arc": 1176, "wealthier": 0.4287184295833166, "beautiful": 0.3776567779371473, "livelier": 0.3792878337686002, "depressing": 0.6010947649185315, "safer": 0.3603710169827204, "boring": 0.6156976506520719, "human": 0.0002425324683095, "vehicle": 0.0226195466284658, "construction": 0.0928840263217103, "nature": 0.165596232694738, "sky": 0.4657877379772709, "object": 0.0036533954096775, "PI": 0.26667210218574006, "NI": 0.3934573894111168, "length": 404.7593251, "source": 525, "target": 531, "direction": "bi-directional"}, "geometry": {"type": "LineString", "coordinates": [[114.11505786463425, 22.57987144286679], [114.11527583611654, 22.579487487893584], [114.1164236861769, 22.577338670433754], [114.11679322384538, 22.57659132607427]]}}, {"type": "Feature", "properties": {"arc": 1178, "wealthier": 0.6448057044865242, "beautiful": 0.5684856601874346, "livelier": 0.7166353719265725, "depressing": 0.38391615584456, "safer": 0.5894814081171447, "boring": 0.2957889998723613, "human": 0.0042576260036892, "vehicle": 0.0345552232530381, "construction": 0.1101540459526909, "nature": 0.3952930591724537, "sky": 0.2109288109673394, "object": 0.0049149548565899, "PI": 0.5532847268569974, "NI": 0.2495458174135294, "length": 203.6913109, "source": 591, "target": 589, "direction": "bi-directional"}, "geometry": {"type": "LineString", "coordinates": [[114.13738422685961, 22.580572759323847], [114.1362552883314, 22.579671152813262], [114.13589696259655, 22.57935843666908]]}}, {"type": "Feature", "properties": {"arc": 1179, "wealthier": 0.6091921643379217, "beautiful": 0.539211141531724, "livelier": 0.762193805119602, "depressing": 0.3932155511904013, "safer": 0.585575131616322, "boring": 0.2739448448695005, "human": 0.0026897854275173, "vehicle": 0.0405762283890335, "construction": 0.0910704577410662, "nature": 0.3255736739547163, "sky": 0.267735516583478, "object": 0.0061786792896412, "PI": 0.5125599098437248, "NI": 0.2689857940784136, "length": 365.6231718, "source": 591, "target": 597, "direction": "bi-directional"}, "geometry": {"type": "LineString", "coordinates": [[114.13738422685961, 22.580572759323847], [114.14036610630176, 22.578774680122432]]}}, {"type": "Feature", "properties": {"arc": 1194, "wealthier": 0.7446114787342559, "beautiful": 0.6064286508418387, "livelier": 0.7999247935313253, "depressing": 0.2851552631069268, "safer": 0.6861727202455131, "boring": 0.1971123609580102, "human": 0.0028236273563269, "vehicle": 0.02579758384011, "construction": 0.0879081090291341, "nature": 0.4662209424105558, "sky": 0.1591174385764382, "object": 0.0035802378798976, "PI": 0.6102683769846847, "NI": 0.1782285929295835, "length": 592.5246052, "source": 211, "target": 217, "direction": "bi-directional"}, "geometry": {"type": "LineString", "coordinates": [[113.95091127989049, 22.579059411399193], [113.95138076699925, 22.57892157165171], [113.95188233302108, 22.578704641276467], [113.95211499128345, 22.578556810455648], [113.95220344146216, 22.57847161113347], [113.95228760908581, 22.578362870370462], [113.95235785429014, 22.57823031043536], [113.95240994249252, 22.578072288703954], [113.95244536484999, 22.577861669750064], [113.95252029933962, 22.577175039218638], [113.95256478530449, 22.57699091811055], [113.95264446606251, 22.57677974866906], [113.95295854071617, 22.576166027442827], [113.95320146097824, 22.57574526745038], [113.95338329977041, 22.57545831097293], [113.95382237622054, 22.574832570283245]]}}, {"type": "Feature", "properties": {"arc": 1202, "wealthier": 0.3374711273084669, "beautiful": 0.3700971103856667, "livelier": 0.3215048145727449, "depressing": 0.6147218146504306, "safer": 0.3143815438295351, "boring": 0.7226402484086426, "human": 0.0006752388150084, "vehicle": 0.0683694166295668, "construction": 0.058014570497999, "nature": 0.1108209385591394, "sky": 0.5299640543320597, "object": 0.0044625600179036, "PI": 0.22193611858345275, "NI": 0.45961219377274576, "length": 931.5975643, "source": 203, "target": 208, "direction": "bi-directional"}, "geometry": {"type": "LineString", "coordinates": [[113.94942844485166, 22.579801616310352], [113.94942745484374, 22.57804748293268], [113.94952141736402, 22.576246267824082], [113.94981717308686, 22.572733745644342], [113.94997011221137, 22.57178594385211], [113.95001395563074, 22.571414642216716]]}}, {"type": "Feature", "properties": {"arc": 1203, "wealthier": 0.3179376984437293, "beautiful": 0.3438585906001942, "livelier": 0.2918269907608082, "depressing": 0.6510554540462455, "safer": 0.311841255673012, "boring": 0.7187258426511034, "human": 0.0016646385192871, "vehicle": 0.0170838832855224, "construction": 0.0811800956726074, "nature": 0.0808914502461751, "sky": 0.5443007946014404, "object": 0.0072714487711588, "PI": 0.21243637468726242, "NI": 0.4564623616476205, "length": 173.6577428, "source": 203, "target": 211, "direction": "bi-directional"}, "geometry": {"type": "LineString", "coordinates": [[113.94942844485166, 22.579801616310352], [113.95056690655899, 22.57928127607532], [113.9507168643357, 22.579197724352383], [113.95091127989049, 22.579059411399193]]}}, {"type": "Feature", "properties": {"arc": 1208, "wealthier": 0.6078826885771753, "beautiful": 0.5345015314874677, "livelier": 0.6763367606309039, "depressing": 0.4089493077629617, "safer": 0.589350621527464, "boring": 0.3449829938384098, "human": 0.002957542737325, "vehicle": 0.0166748762130737, "construction": 0.1043850580851237, "nature": 0.4355749686559041, "sky": 0.156445304552714, "object": 0.0082483688990275, "PI": 0.5263113424227339, "NI": 0.2530373959288386, "length": 533.7487858, "source": 570, "target": 572, "direction": "bi-directional"}, "geometry": {"type": "LineString", "coordinates": [[114.13011031944151, 22.584321450586998], [114.13044182493338, 22.583732368964], [114.13050198142088, 22.583571624138617], [114.13053510039232, 22.58340763841645], [114.13058751819506, 22.58146830874305], [114.13061077838167, 22.58011809373621], [114.1306050976254, 22.579590221800135]]}}, {"type": "Feature", "properties": {"arc": 1210, "wealthier": 0.7136963074019705, "beautiful": 0.6366340597635332, "livelier": 0.766488251751978, "depressing": 0.2958835771060348, "safer": 0.6669164213697477, "boring": 0.2173159895056611, "human": 0.0036305321587456, "vehicle": 0.0164981948004828, "construction": 0.1260253058539496, "nature": 0.4351083702511257, "sky": 0.175032377243042, "object": 0.0059972604115804, "PI": 0.6030800758826953, "NI": 0.20834620655707528, "length": 729.4868334, "source": 580, "target": 591, "direction": "bi-directional"}, "geometry": {"type": "LineString", "coordinates": [[114.1329895795158, 22.584401401141864], [114.13344235742561, 22.58441907306455], [114.13486436179707, 22.58443441310997], [114.13509710985251, 22.58442054779895], [114.13534780775824, 22.58436567304934], [114.13557349494425, 22.58427781235359], [114.13577629970911, 22.584164900310032], [114.13598102001599, 22.584010163277178], [114.13609715310045, 22.58389272224496], [114.13620367243409, 22.583753636376635], [114.13629823270915, 22.583596772194124], [114.13637783072038, 22.58342541932483], [114.13738422685961, 22.580572759323847]]}}, {"type": "Feature", "properties": {"arc": 1211, "wealthier": 0.5977775740994675, "beautiful": 0.5550401066471229, "livelier": 0.7421871662440963, "depressing": 0.4034645862963435, "safer": 0.6076609695498192, "boring": 0.2795023580233456, "human": 0.0063614845275878, "vehicle": 0.0236599445343017, "construction": 0.1516922314961751, "nature": 0.3178074359893798, "sky": 0.2290976842244466, "object": 0.0101828575134277, "PI": 0.557875306778023, "NI": 0.2927659213243945, "length": 296.4004075, "source": 570, "target": 580, "direction": "bi-directional"}, "geometry": {"type": "LineString", "coordinates": [[114.13011031944151, 22.584321450586998], [114.13065244199218, 22.584373331554048], [114.1329895795158, 22.584401401141864]]}}, {"type": "Feature", "properties": {"arc": 1215, "wealthier": 0.4767629294242896, "beautiful": 0.3748603872579607, "livelier": 0.4584452533601597, "depressing": 0.5797399796760275, "safer": 0.3653057644056489, "boring": 0.5897894696806263, "human": 0.0009723154703776, "vehicle": 0.021508560180664, "construction": 0.1252212270100911, "nature": 0.1719574483235677, "sky": 0.4272007497151692, "object": 0.005328140258789, "PI": 0.30160273561973566, "NI": 0.3942346413648577, "length": 589.8168025, "source": 518, "target": 525, "direction": "bi-directional"}, "geometry": {"type": "LineString", "coordinates": [[114.11286899990665, 22.584709875002787], [114.11312198373209, 22.584409552860258], [114.1137920522534, 22.583542905954385], [114.11404104366189, 22.583160287638517], [114.114212805871, 22.582822480655256], [114.1143441159386, 22.582500405682385], [114.11445018900136, 22.58216973472738], [114.11477865899481, 22.580758463296917], [114.11505786463425, 22.57987144286679]]}}, {"type": "Feature", "properties": {"arc": 1222, "wealthier": 0.5849310124879591, "beautiful": 0.5470432675497284, "livelier": 0.5766852592070515, "depressing": 0.4023545587067986, "safer": 0.5123582993768643, "boring": 0.4675586271805646, "human": 0.0007433891296386, "vehicle": 0.0480048126644558, "construction": 0.3317432668473985, "nature": 0.2209234237670898, "sky": 0.2068572044372558, "object": 0.0029488404591878, "PI": 0.41025262097309856, "NI": 0.35157556639441473, "length": 799.1992156, "source": 598, "target": 597, "direction": "bi-directional"}, "geometry": {"type": "LineString", "coordinates": [[114.1421959152636, 22.585747134685658], [114.14195170854421, 22.58514182447907], [114.14092875223339, 22.58238805606741], [114.14082558838106, 22.582067083043693], [114.14067689486644, 22.581343874360122], [114.14054011842195, 22.579891167470773], [114.14036610630176, 22.578774680122432]]}}, {"type": "Feature", "properties": {"arc": 1233, "wealthier": 0.6203343781106546, "beautiful": 0.5779132683161382, "livelier": 0.6842457895372308, "depressing": 0.3569820239178012, "safer": 0.6194192269786463, "boring": 0.2653767087144744, "human": 0.0077657346372251, "vehicle": 0.0229165112530743, "construction": 0.1557814986617477, "nature": 0.3233869340684678, "sky": 0.2428795849835431, "object": 0.0065264525236906, "PI": 0.5759486006790152, "NI": 0.2641543308193133, "length": 260.4333467, "source": 579, "target": 580, "direction": "bi-directional"}, "geometry": {"type": "LineString", "coordinates": [[114.13294530308502, 22.586752833684347], [114.1329895795158, 22.584401401141864]]}}, {"type": "Feature", "properties": {"arc": 1234, "wealthier": 0.6645217844171575, "beautiful": 0.6152149919430823, "livelier": 0.6998365792627761, "depressing": 0.3435863835891332, "safer": 0.6557983142927709, "boring": 0.3068127030413028, "human": 0.0015814417884463, "vehicle": 0.0392072087242489, "construction": 0.0739673886980329, "nature": 0.3917234511602493, "sky": 0.2131675311497279, "object": 0.0045819055466424, "PI": 0.538873998880368, "NI": 0.2344452382661516, "length": 697.8754438, "source": 220, "target": 211, "direction": "bi-directional"}, "geometry": {"type": "LineString", "coordinates": [[113.95543900855557, 22.583750429075135], [113.95443405987672, 22.58278231874356], [113.95341958601198, 22.581663498937132], [113.95242206094677, 22.58060718379281], [113.95157237757101, 22.579778524631475], [113.95091127989049, 22.579059411399193]]}}, {"type": "Feature", "properties": {"arc": 1235, "wealthier": 0.3708055166774661, "beautiful": 0.4485424152190443, "livelier": 0.3570806550616456, "depressing": 0.5315869658883341, "safer": 0.3918565287884899, "boring": 0.6158858334250904, "human": 0.002290314319087, "vehicle": 0.042699140660903, "construction": 0.055706360760857, "nature": 0.1490756016151577, "sky": 0.4810713599709904, "object": 0.003968781115962, "PI": 0.2926173594441065, "NI": 0.3896873998765829, "length": 428.1520424, "source": 204, "target": 203, "direction": "bi-directional"}, "geometry": {"type": "LineString", "coordinates": [[113.94959749762185, 22.58366032505617], [113.94947343914068, 22.582377654412948], [113.94940694868266, 22.581399260216795], [113.94940118005368, 22.58042827650835], [113.94942844485166, 22.579801616310352]]}}, {"type": "Feature", "properties": {"arc": 1236, "wealthier": 0.362979468272838, "beautiful": 0.3283493229949544, "livelier": 0.5116640035844695, "depressing": 0.6255859328602011, "safer": 0.3322876040391777, "boring": 0.4841016826157036, "human": 0.0006920496622721, "vehicle": 0.0144860479566786, "construction": 0.036603742175632, "nature": 0.228194342719184, "sky": 0.4502622021569146, "object": 0.0047283172607421, "PI": 0.28832384414316586, "NI": 0.35286211950119006, "length": 600.8167095, "source": 204, "target": 220, "direction": "bi-directional"}, "geometry": {"type": "LineString", "coordinates": [[113.94959749762185, 22.58366032505617], [113.95009883858877, 22.58367750309558], [113.95192077032853, 22.583692529593016], [113.95369509319355, 22.583733979054628], [113.95543900855557, 22.583750429075135]]}}, {"type": "Feature", "properties": {"arc": 1237, "wealthier": 0.4482140799385379, "beautiful": 0.4727311625421108, "livelier": 0.3959125296377867, "depressing": 0.5214245629124107, "safer": 0.4443562460923142, "boring": 0.5914695172930574, "human": 0.0004959106445312, "vehicle": 0.009880273520541, "construction": 0.0543396359398251, "nature": 0.1929257321519917, "sky": 0.4842185325363055, "object": 0.0032932385295426, "PI": 0.31552949312050715, "NI": 0.3557926052843648, "length": 1344.830273, "source": 178, "target": 179, "direction": "bi-directional"}, "geometry": {"type": "LineString", "coordinates": [[113.94329889053077, 22.583565732632298], [113.94336810384344, 22.58014654870366], [113.94339628082618, 22.577856550682355], [113.94345812587844, 22.57539124653265], [113.94351070699828, 22.572259855878094], [113.94354009017981, 22.571423744255597]]}}, {"type": "Feature", "properties": {"arc": 1238, "wealthier": 0.596370008511671, "beautiful": 0.5049162125874259, "livelier": 0.6912408946574101, "depressing": 0.434856327691523, "safer": 0.5698046887110276, "boring": 0.2959092974153659, "human": 0.0009164683024088, "vehicle": 0.0117760213216145, "construction": 0.0294795989990234, "nature": 0.3207087961832682, "sky": 0.3973519897460937, "object": 0.0042252349853515, "PI": 0.46378119355590997, "NI": 0.2631895341272921, "length": 647.7975374, "source": 178, "target": 204, "direction": "bi-directional"}, "geometry": {"type": "LineString", "coordinates": [[113.94329889053077, 22.583565732632298], [113.94959749762185, 22.58366032505617]]}}, {"type": "Feature", "properties": {"arc": 1239, "wealthier": 0.4802799439340356, "beautiful": 0.4747334643192835, "livelier": 0.4166488496758107, "depressing": 0.5171719262708344, "safer": 0.4575736115041861, "boring": 0.6067782479338287, "human": 0.0003930817610062, "vehicle": 0.0055227699519703, "construction": 0.0759027828960298, "nature": 0.1945265404083443, "sky": 0.4827510305920486, "object": 0.0055216783247653, "PI": 0.3269083739132161, "NI": 0.37465561843450534, "length": 1360.636894, "source": 128, "target": 139, "direction": "bi-directional"}, "geometry": {"type": "LineString", "coordinates": [[113.9326274431606, 22.583403738655512], [113.9326130068972, 22.58277561756309], [113.9326383439783, 22.58184245538785], [113.93267167773939, 22.581464905150657], [113.93273603554219, 22.581165749668052], [113.93286130466764, 22.58082301863017], [113.93299500721037, 22.580563199668397], [113.9335940198287, 22.57973859073945], [113.93377128515611, 22.57944010046322], [113.93393800637314, 22.579049567303578], [113.93399865078952, 22.578833631949298], [113.93403603417245, 22.578628856643117], [113.9340707097755, 22.57809829738326], [113.9340995067684, 22.576068536766506], [113.93420994839595, 22.57142620092198]]}}, {"type": "Feature", "properties": {"arc": 1240, "wealthier": 0.54116390408663, "beautiful": 0.464104894133058, "livelier": 0.5741412238437741, "depressing": 0.4864220125404148, "safer": 0.4914396366843865, "boring": 0.4549499541837329, "human": 0.000343555357398, "vehicle": 0.0129569138937849, "construction": 0.0502620169786903, "nature": 0.2660509280072964, "sky": 0.4233415340020405, "object": 0.0057893768558657, "PI": 0.38932774699822104, "NI": 0.32479088819244234, "length": 1097.592083, "source": 128, "target": 178, "direction": "bi-directional"}, "geometry": {"type": "LineString", "coordinates": [[113.9326274431606, 22.583403738655512], [113.93442428500586, 22.583418387902086], [113.93494033265522, 22.583436976758158], [113.9359015037426, 22.58344115860136], [113.93642679188629, 22.58345984008822], [113.93884824218537, 22.58348684570999], [113.93936766020832, 22.583505338048138], [113.94329889053077, 22.583565732632298]]}}, {"type": "Feature", "properties": {"arc": 1241, "wealthier": 0.6696951496518389, "beautiful": 0.5607824274178607, "livelier": 0.6260433522706332, "depressing": 0.4105998197074826, "safer": 0.5905251315448221, "boring": 0.3767298035592187, "human": 0.0016625722249348, "vehicle": 0.0077478090922037, "construction": 0.1046136798280658, "nature": 0.385293180292303, "sky": 0.282609766179865, "object": 0.0038197112805915, "PI": 0.5034353586494579, "NI": 0.26025641333872446, "length": 1174.551019, "source": 579, "target": 598, "direction": "bi-directional"}, "geometry": {"type": "LineString", "coordinates": [[114.13294530308502, 22.586752833684347], [114.13331157983862, 22.58647276575867], [114.13377181194627, 22.58619501275369], [114.13434583332798, 22.585719823704554], [114.13452333843108, 22.585597257537636], [114.13465931216106, 22.585524091027178], [114.13494091779386, 22.585420949656328], [114.13523718149696, 22.585359309774763], [114.13556050697507, 22.585331274816582], [114.13592372581996, 22.58534271736157], [114.13618848503613, 22.585401975901014], [114.1365299010395, 22.585542691391534], [114.13727077662448, 22.58590991558243], [114.13766180616048, 22.58615940631555], [114.13793839040235, 22.58639782465686], [114.13808161065504, 22.58655508877775], [114.13818566736448, 22.586731752038343], [114.13840072887734, 22.587212763124807], [114.13847630132479, 22.58731739081585], [114.13857843176622, 22.587396105847873], [114.13878083572608, 22.587467999140408], [114.13914623062826, 22.58753140435794], [114.13950926283651, 22.587554685157865], [114.13977450508649, 22.587546095951854], [114.13992836661556, 22.587517019538367], [114.14008272653918, 22.58745845159947], [114.14024408239999, 22.587369002904463], [114.14045523671598, 22.5872243805037], [114.14147349049202, 22.586405663074736], [114.14188980553305, 22.586044183284216], [114.1421959152636, 22.585747134685658]]}}, {"type": "Feature", "properties": {"arc": 1245, "wealthier": 0.5964323426330032, "beautiful": 0.5273966751996398, "livelier": 0.631835597244715, "depressing": 0.4842167780476296, "safer": 0.5205705722132146, "boring": 0.4088105678961423, "human": 0.0005326271057128, "vehicle": 0.0191179116566975, "construction": 0.0242369439866807, "nature": 0.3794607321421305, "sky": 0.3021705680423313, "object": 0.0032133261362711, "PI": 0.45778468623209584, "NI": 0.26329653690834937, "length": 551.3439164, "source": 228, "target": 220, "direction": "bi-directional"}, "geometry": {"type": "LineString", "coordinates": [[113.96063046004687, 22.584924558413558], [113.9578496248632, 22.58414403760433], [113.95690623440207, 22.583904731458748], [113.95662992750862, 22.583851998878462], [113.95625323596605, 22.583805604220085], [113.95543900855557, 22.583750429075135]]}}, {"type": "Feature", "properties": {"arc": 1250, "wealthier": 0.5718985340008629, "beautiful": 0.3962024835405619, "livelier": 0.5429063377699306, "depressing": 0.54621948100408, "safer": 0.4445035414097412, "boring": 0.5038172718129941, "human": 9.226269192165795e-05, "vehicle": 0.0235635651482476, "construction": 0.2502442465888129, "nature": 0.1634384897020128, "sky": 0.3064329783121745, "object": 0.0068939844767252, "PI": 0.339001782284831, "NI": 0.3912495486822234, "length": 1542.495486, "source": 99, "target": 116, "direction": "bi-directional"}, "geometry": {"type": "LineString", "coordinates": [[113.92498946271634, 22.584491722683204], [113.92502415350812, 22.583290313713853], [113.92510208600649, 22.578714449064908], [113.92512820425227, 22.57823002909268], [113.92517808927106, 22.577740774651883], [113.9252499696301, 22.57732640738142], [113.92535613172912, 22.576904921215302], [113.92545494132949, 22.57661777143882], [113.9256052808129, 22.576257852233763], [113.92575285103763, 22.575971802382448], [113.92590437296951, 22.575728296083202], [113.92618356495554, 22.575331086266445], [113.92650534365866, 22.574931757490226], [113.92771029145803, 22.573605347165802], [113.92790511843236, 22.573372394881403], [113.92807510668149, 22.573101438782096], [113.92860671808364, 22.572151949235764], [113.9288841843624, 22.571556582290153]]}}, {"type": "Feature", "properties": {"arc": 1253, "wealthier": 0.5886819124767972, "beautiful": 0.538735043125873, "livelier": 0.4781389254104528, "depressing": 0.4823098278613544, "safer": 0.5085566778446479, "boring": 0.5229971478265875, "human": 6.679918781016607e-05, "vehicle": 0.0759679026573709, "construction": 0.1705314528267339, "nature": 0.1497886105903289, "sky": 0.227272555513202, "object": 0.0024485738022522, "PI": 0.3631551575580036, "NI": 0.34676204581020037, "length": 3062.435179, "source": 272, "target": 271, "direction": "bi-directional"}, "geometry": {"type": "LineString", "coordinates": [[113.98345870335375, 22.58606849813713], [113.98381017672544, 22.581774847849243], [113.98387097932446, 22.58131474627859], [113.98399278537472, 22.58059838745365], [113.98421601520013, 22.57948835053525], [113.98438279111099, 22.57881261800425], [113.98457297501668, 22.578153454389906], [113.98759230345745, 22.568568074082297], [113.9876947268042, 22.56812124253301], [113.98772792573564, 22.567820055584303], [113.98773492951695, 22.567585874711263], [113.98772787584232, 22.567352066480552], [113.98770154764811, 22.567133474237078], [113.9876615029187, 22.566947367565575], [113.98760453864999, 22.566775038917665], [113.98752129472804, 22.566588344084], [113.98738095668422, 22.566331934120296], [113.98725894378207, 22.5661488995587], [113.98711680808515, 22.56597500433551], [113.98677629858061, 22.565642517119755], [113.98622195238478, 22.56521458101332], [113.98571948530636, 22.56484860435556], [113.98463895967964, 22.564106582444087], [113.98441657831226, 22.563936253452052], [113.98410996753834, 22.563634459083044], [113.9839816397234, 22.563472809542407], [113.98387205433208, 22.563303979414115], [113.9837728933613, 22.563118933740466], [113.98369227315692, 22.56292442334468], [113.98362527866641, 22.562706312138907], [113.98358307607563, 22.562499094038987], [113.98348978121777, 22.561503553073972], [113.98344199053857, 22.560479898183456]]}}, {"type": "Feature", "properties": {"arc": 1270, "wealthier": 0.630636070788297, "beautiful": 0.5492626866951736, "livelier": 0.6417863740007371, "depressing": 0.4345321885850687, "safer": 0.564330405245156, "boring": 0.3852523589383159, "human": 0.0002003151532177, "vehicle": 0.0087197273289231, "construction": 0.0177922444800807, "nature": 0.4060282772534516, "sky": 0.3140070231537839, "object": 0.0020186193457477, "PI": 0.47975030053847645, "NI": 0.23640548407344444, "length": 1842.151906, "source": 264, "target": 228, "direction": "bi-directional"}, "geometry": {"type": "LineString", "coordinates": [[113.97794096075039, 22.58713395237532], [113.97298994234241, 22.58714435717446], [113.97271972108604, 22.587136055961317], [113.97256315803513, 22.587113081926585], [113.97240614024948, 22.5870608456001], [113.9721861382042, 22.586954527687293], [113.97000192611951, 22.585753865450602], [113.96943565027969, 22.585468292735534], [113.9691477776503, 22.585347944423706], [113.96889748949071, 22.5852669385036], [113.96861964760375, 22.585194924021103], [113.96830278208455, 22.585141067507045], [113.9679010829326, 22.58510738396985], [113.9672060260071, 22.585112133694178], [113.96313103743466, 22.585373960886294], [113.96282392048215, 22.585377524109255], [113.96233380560915, 22.58533894778258], [113.96191881101655, 22.58527205536602], [113.96117855866972, 22.585089649208907], [113.96063046004687, 22.584924558413558]]}}, {"type": "Feature", "properties": {"arc": 1271, "wealthier": 0.3161504717513696, "beautiful": 0.3717885081937635, "livelier": 0.3177587885054115, "depressing": 0.5958713091000695, "safer": 0.3169243208714705, "boring": 0.6751671415662434, "human": 0.0027017837915665, "vehicle": 0.0262364118527143, "construction": 0.0670446249154897, "nature": 0.1140849284636668, "sky": 0.5253684704120343, "object": 0.0061916449131109, "PI": 0.24466627900991675, "NI": 0.4291250041303414, "length": 348.272703, "source": 206, "target": 204, "direction": "bi-directional"}, "geometry": {"type": "LineString", "coordinates": [[113.9498549816802, 22.586796230910394], [113.94959749762185, 22.58366032505617]]}}, {"type": "Feature", "properties": {"arc": 1277, "wealthier": 0.3970314071998338, "beautiful": 0.4759944064693428, "livelier": 0.5318576538833559, "depressing": 0.4998826927619859, "safer": 0.4358129379230192, "boring": 0.4733406215319733, "human": 0.0031313719572844, "vehicle": 0.034942556310583, "construction": 0.1950482968930845, "nature": 0.1949611239963107, "sky": 0.3349323272705078, "object": 0.0056668034306278, "PI": 0.366025179209379, "NI": 0.3683389215397464, "length": 384.9332977, "source": 177, "target": 178, "direction": "bi-directional"}, "geometry": {"type": "LineString", "coordinates": [[113.94321505906792, 22.58704079794295], [113.94325272781681, 22.586074334289926], [113.94329889053077, 22.583565732632298]]}}, {"type": "Feature", "properties": {"arc": 1278, "wealthier": 0.564303148040094, "beautiful": 0.5348311476655232, "livelier": 0.7407882204644554, "depressing": 0.3996768673039411, "safer": 0.5817204501930064, "boring": 0.239582250478202, "human": 0.00492525100708, "vehicle": 0.0307846864064534, "construction": 0.1200246016184488, "nature": 0.3559153874715168, "sky": 0.21946914990743, "object": 0.0066010951995849, "PI": 0.5349298972497242, "NI": 0.25557822592417306, "length": 298.3582066, "source": 177, "target": 190, "direction": "bi-directional"}, "geometry": {"type": "LineString", "coordinates": [[113.94321505906792, 22.58704079794295], [113.94493871667255, 22.587081415440064], [113.94611591286542, 22.587076309710856]]}}, {"type": "Feature", "properties": {"arc": 1280, "wealthier": 0.4796791092274012, "beautiful": 0.4624449207772486, "livelier": 0.4131403550451727, "depressing": 0.5140529658702137, "safer": 0.4087174081625415, "boring": 0.6065678608246798, "human": 0.0001944789180049, "vehicle": 0.0301419717294198, "construction": 0.114786148071289, "nature": 0.2067489624023437, "sky": 0.4270415835910374, "object": 0.0076428166142216, "PI": 0.3159626356592778, "NI": 0.40225047661547464, "length": 220.2497961, "source": 270, "target": 272, "direction": "bi-directional"}, "geometry": {"type": "LineString", "coordinates": [[113.98329565528128, 22.588051648825804], [113.98345870335375, 22.58606849813713]]}}, {"type": "Feature", "properties": {"arc": 1286, "wealthier": 0.4737041236213111, "beautiful": 0.4386383264937188, "livelier": 0.6187999531828525, "depressing": 0.5118818056513139, "safer": 0.4720878098612701, "boring": 0.4259224702629899, "human": 0.0038911274501255, "vehicle": 0.0233213182479616, "construction": 0.2027781350272042, "nature": 0.1823266044495597, "sky": 0.3551688724093967, "object": 0.0062241024441189, "PI": 0.4020501435462986, "NI": 0.36513358437630045, "length": 1235.702433, "source": 540, "target": 518, "direction": "bi-directional"}, "geometry": {"type": "LineString", "coordinates": [[114.11989183171134, 22.591344937103646], [114.11949356691022, 22.59092475729232], [114.11894418655375, 22.59044519748096], [114.11878893399108, 22.590285750123247], [114.1186423415212, 22.590069618416308], [114.11845180553262, 22.589645231459677], [114.11835661778963, 22.589482859478146], [114.11821791341832, 22.58932456619529], [114.11806728168798, 22.589209990458386], [114.11790189297164, 22.589125574735842], [114.11767553540477, 22.589040050885178], [114.1144239229684, 22.587982162595964], [114.11417915184425, 22.5878824417898], [114.11404153844978, 22.58779327027691], [114.11398995749738, 22.587729324769214], [114.11396328964702, 22.587652883723788], [114.11397254143178, 22.58754730979574], [114.11401333542294, 22.58745692939444], [114.11413965816595, 22.587288306358232], [114.11470862765302, 22.586641463680518], [114.11487932267269, 22.58642702436631], [114.1149557035783, 22.58626678971541], [114.1149589360994, 22.586170314907992], [114.11494480834176, 22.58612104480924], [114.11487905996188, 22.58602125239678], [114.11475204187687, 22.58591874367925], [114.11411005930907, 22.585518782899534], [114.11286899990665, 22.584709875002787]]}}, {"type": "Feature", "properties": {"arc": 1291, "wealthier": 0.4737598479063002, "beautiful": 0.500514346476103, "livelier": 0.4934080177483484, "depressing": 0.4938328534385913, "safer": 0.4601565688931481, "boring": 0.515058745897969, "human": 0.0030128441604913, "vehicle": 0.0181522182389801, "construction": 0.2093323726280063, "nature": 0.1589600993137734, "sky": 0.3688045202517042, "object": 0.0041814317890242, "PI": 0.3701601279125588, "NI": 0.36717444078246947, "length": 1050.217247, "source": 553, "target": 570, "direction": "bi-directional"}, "geometry": {"type": "LineString", "coordinates": [[114.12423890312195, 22.591957107303543], [114.12567386794419, 22.589158743394783], [114.12588997487936, 22.5888013406805], [114.1262911751333, 22.58822709972353], [114.12655643247511, 22.587903660684844], [114.12688312312062, 22.58754104262598], [114.12944073245193, 22.58483778016674], [114.12976946888773, 22.58453177473914], [114.13011031944151, 22.584321450586998]]}}, {"type": "Feature", "properties": {"arc": 1316, "wealthier": 0.5157014383020171, "beautiful": 0.3664480518462609, "livelier": 0.4957462409435128, "depressing": 0.5827054635910697, "safer": 0.4025282411549081, "boring": 0.526124582759492, "human": 0.0003809853205605, "vehicle": 0.0126988547188895, "construction": 0.2882494245256696, "nature": 0.1136091625879681, "sky": 0.3126271565755208, "object": 0.0051697927808004, "PI": 0.2984211985188523, "NI": 0.39734250540221644, "length": 627.2480823, "source": 101, "target": 99, "direction": "bi-directional"}, "geometry": {"type": "LineString", "coordinates": [[113.92528747970316, 22.59014568615612], [113.92503383338234, 22.587182757554427], [113.92498311424379, 22.58597334551305], [113.92498946271634, 22.584491722683204]]}}, {"type": "Feature", "properties": {"arc": 1317, "wealthier": 0.7117464245813953, "beautiful": 0.6078358868943522, "livelier": 0.6386183244296441, "depressing": 0.322478587852175, "safer": 0.6602435449099743, "boring": 0.2727747748283512, "human": 0.0009309869063527, "vehicle": 0.0326320581268846, "construction": 0.0433875636050575, "nature": 0.2461744275009423, "sky": 0.4171344020910431, "object": 0.0041968362373218, "PI": 0.4899150321889174, "NI": 0.2637806389052442, "length": 448.1468103, "source": 205, "target": 206, "direction": "bi-directional"}, "geometry": {"type": "LineString", "coordinates": [[113.94982903747655, 22.590812285656952], [113.95002389449652, 22.590038062190796], [113.95005493470099, 22.58981477721812], [113.9500659091855, 22.589513502780267], [113.95005821275443, 22.589088373959854], [113.95001215297492, 22.58842794541978], [113.9498549816802, 22.586796230910394]]}}, {"type": "Feature", "properties": {"arc": 1326, "wealthier": 0.5705050174604235, "beautiful": 0.6208906732652824, "livelier": 0.4665846243038363, "depressing": 0.4030256027062475, "safer": 0.5749381177062501, "boring": 0.4437093711186157, "human": 0.0002804176480162, "vehicle": 0.0105873556698069, "construction": 0.1925480412501914, "nature": 0.3653145958395565, "sky": 0.1612834556429994, "object": 0.0052089691162109, "PI": 0.4411377113859913, "NI": 0.27621280939264686, "length": 643.4383384, "source": 259, "target": 264, "direction": "bi-directional"}, "geometry": {"type": "LineString", "coordinates": [[113.97708527661288, 22.59288908336786], [113.97721240893118, 22.592245061528004], [113.97794096075039, 22.58713395237532]]}}, {"type": "Feature", "properties": {"arc": 1337, "wealthier": 0.6100224595472199, "beautiful": 0.6484141958558648, "livelier": 0.4549314001899778, "depressing": 0.3707565489436051, "safer": 0.6067017641805167, "boring": 0.5113639797314921, "human": 0.0007562926321318, "vehicle": 0.0089277498649828, "construction": 0.1210769595521869, "nature": 0.3390098774071896, "sky": 0.299555489511201, "object": 0.0049895228761615, "PI": 0.45578161768211367, "NI": 0.29466712482371266, "length": 1191.642827, "source": 158, "target": 177, "direction": "bi-directional"}, "geometry": {"type": "LineString", "coordinates": [[113.94041908815348, 22.593858272198737], [113.93924009960986, 22.58914800994379], [113.93911407759767, 22.588599852495364], [113.93905664391205, 22.588216748170247], [113.9390198279053, 22.587677990626283], [113.93902720936404, 22.587354517243767], [113.93907059331495, 22.587169267098496], [113.93912137106119, 22.58708723244935], [113.9391965061011, 22.587029346798246], [113.93929622474774, 22.58699426806617], [113.93944642814257, 22.586978326489742], [113.94321505906792, 22.58704079794295]]}}, {"type": "Feature", "properties": {"arc": 1338, "wealthier": 0.400350636478722, "beautiful": 0.4595834727477277, "livelier": 0.4137401755000331, "depressing": 0.5641368306630984, "safer": 0.4116549218106742, "boring": 0.5895646745899334, "human": 0.0024281784340187, "vehicle": 0.0142106303462275, "construction": 0.1706623677854185, "nature": 0.1949047335871943, "sky": 0.3651632556208859, "object": 0.008357772120723, "PI": 0.32748437664328506, "NI": 0.4020598007673868, "length": 978.1181429, "source": 158, "target": 190, "direction": "bi-directional"}, "geometry": {"type": "LineString", "coordinates": [[113.94041908815348, 22.593858272198737], [113.94445530470357, 22.590473817358852], [113.94464125222878, 22.590303859399018], [113.94484315321306, 22.590084684149502], [113.9451532254344, 22.589660104175767], [113.94529217984335, 22.589414368971926], [113.94540137820759, 22.589183391494778], [113.94578406355033, 22.588107789043793], [113.94611591286542, 22.587076309710856]]}}, {"type": "Feature", "properties": {"arc": 1353, "wealthier": 0.5663105325631748, "beautiful": 0.5471380426812765, "livelier": 0.5400219020785939, "depressing": 0.4358896236047417, "safer": 0.5256561847770019, "boring": 0.4273167986693179, "human": 0.0019629644969153, "vehicle": 0.0191637372213696, "construction": 0.0776388077508835, "nature": 0.3353872904701839, "sky": 0.2856428812420558, "object": 0.0085031267196413, "PI": 0.44624571305869165, "NI": 0.3027332519816514, "length": 1271.952079, "source": 224, "target": 228, "direction": "bi-directional"}, "geometry": {"type": "LineString", "coordinates": [[113.95921540399402, 22.596274317633434], [113.95927315702977, 22.594351121252082], [113.95933334036117, 22.59336096410182], [113.95940769074065, 22.589959517511133], [113.95944820885451, 22.589483213634654], [113.95950435419563, 22.589141251456194], [113.95960510272012, 22.588717768016245], [113.96063046004687, 22.584924558413558]]}}, {"type": "Feature", "properties": {"arc": 1354, "wealthier": 0.7610258651594243, "beautiful": 0.6743418794970492, "livelier": 0.6723580399565913, "depressing": 0.2787222542142612, "safer": 0.7101994450755713, "boring": 0.3109726361189039, "human": 0.0006215704811943, "vehicle": 0.009533233112759, "construction": 0.0568978256649441, "nature": 0.5751212437947592, "sky": 0.1209354400634765, "object": 0.0051017072465684, "PI": 0.6045183736136126, "NI": 0.173847235934774, "length": 1071.870987, "source": 222, "target": 205, "direction": "bi-directional"}, "geometry": {"type": "LineString", "coordinates": [[113.95804311106248, 22.59633987662602], [113.95781745679122, 22.595968393634294], [113.95750020010094, 22.595511234980872], [113.95735094184671, 22.59532931260762], [113.95715153095492, 22.59514173265202], [113.9566184660442, 22.59472570745025], [113.95585749824032, 22.594166256978607], [113.95535096028559, 22.593764501318482], [113.95280441177374, 22.591821816910496], [113.95254341684678, 22.591635890399857], [113.95230062312467, 22.591482962215213], [113.95201694396341, 22.591329873770345], [113.95176369946103, 22.591219114712793], [113.95143463366142, 22.591100768268564], [113.95122337541312, 22.591045731289217], [113.9506664138991, 22.590935933093203], [113.94982903747655, 22.590812285656952]]}}, {"type": "Feature", "properties": {"arc": 1355, "wealthier": 0.4380592525348313, "beautiful": 0.3873901932921156, "livelier": 0.3664787435474357, "depressing": 0.6308346719455366, "safer": 0.3394233961355447, "boring": 0.6244902444876083, "human": 0.0011480119493272, "vehicle": 0.0066772037082248, "construction": 0.0580215454101562, "nature": 0.1870594024658203, "sky": 0.4419087304009332, "object": 0.0084851582845052, "PI": 0.28082210413378084, "NI": 0.40026518808265754, "length": 120.7592983, "source": 222, "target": 224, "direction": "bi-directional"}, "geometry": {"type": "LineString", "coordinates": [[113.95804311106248, 22.59633987662602], [113.95921540399402, 22.596274317633434]]}}, {"type": "Feature", "properties": {"arc": 1361, "wealthier": 0.7345585937631639, "beautiful": 0.667517794773637, "livelier": 0.6224939250099943, "depressing": 0.3433604492163332, "safer": 0.685658966137781, "boring": 0.3802359953384779, "human": 0.0004330039584021, "vehicle": 0.0113296598335946, "construction": 0.1188107253240307, "nature": 0.4437115897595043, "sky": 0.1781857539790337, "object": 0.0038851437994012, "PI": 0.5494109736316756, "NI": 0.22749429126769058, "length": 2211.149914, "source": 224, "target": 259, "direction": "bi-directional"}, "geometry": {"type": "LineString", "coordinates": [[113.95921540399402, 22.596274317633434], [113.95995144805893, 22.59638643396742], [113.96261301702326, 22.59686787611027], [113.96314415291867, 22.5969196480168], [113.9635938547106, 22.59693248977843], [113.96380204921962, 22.59692464858308], [113.96426948435936, 22.596862577113416], [113.96453081675173, 22.596794722842528], [113.96473885835547, 22.596719979594617], [113.96523294391935, 22.596486953079243], [113.9662343453229, 22.59593073309405], [113.96668444468561, 22.595747737460375], [113.96699070888194, 22.5956723261344], [113.96725638244168, 22.59563266696415], [113.96760316456057, 22.595612588418867], [113.96796270683508, 22.595618566365623], [113.96821937767169, 22.595644633400926], [113.96851921032314, 22.595695881573764], [113.96902029796763, 22.595849324981685], [113.97198037983284, 22.59715704741297], [113.97225636961825, 22.597216965597088], [113.97240055391964, 22.597219081587532], [113.97253029636941, 22.597202690882312], [113.97284839933356, 22.59711010760106], [113.97604692601628, 22.595899965337157], [113.97636706062147, 22.595748009009164], [113.97662182961568, 22.595558669109106], [113.97677415323355, 22.595385822449153], [113.97688505893974, 22.595206595665047], [113.97696505161049, 22.595017458459875], [113.97702017796547, 22.594791454519093], [113.9770416953289, 22.59456734427143], [113.97708527661288, 22.59288908336786]]}}, {"type": "Feature", "properties": {"arc": 1364, "wealthier": 0.5188340161670664, "beautiful": 0.5957497954670278, "livelier": 0.3784132052224967, "depressing": 0.4392878895940111, "safer": 0.5186291589566296, "boring": 0.519456241380383, "human": 0.0001406139797634, "vehicle": 0.0106412039862738, "construction": 0.0468175146314832, "nature": 0.2937235832214355, "sky": 0.4124457571241591, "object": 0.0049606959025065, "PI": 0.3808854678871094, "NI": 0.31670376503085623, "length": 352.9743202, "source": 174, "target": 158, "direction": "bi-directional"}, "geometry": {"type": "LineString", "coordinates": [[113.94119282787645, 22.59696370857768], [113.94041908815348, 22.593858272198737]]}}, {"type": "Feature", "properties": {"arc": 1365, "wealthier": 0.7444020726657232, "beautiful": 0.61214479457492, "livelier": 0.6465253591397961, "depressing": 0.3185479560560997, "safer": 0.6597278388760112, "boring": 0.3295751977751087, "human": 0.0003322380176488, "vehicle": 0.0171684320422186, "construction": 0.0432369259820468, "nature": 0.3454725293145663, "sky": 0.346538516058438, "object": 0.0041350627291029, "PI": 0.5151562622618713, "NI": 0.24182697696596764, "length": 1131.200595, "source": 174, "target": 205, "direction": "bi-directional"}, "geometry": {"type": "LineString", "coordinates": [[113.94119282787645, 22.59696370857768], [113.94211330268155, 22.596229062338253], [113.94525723252632, 22.594044506610945], [113.94564465628649, 22.593814302208198], [113.94606839112319, 22.593586362468344], [113.94807326548246, 22.592593193920045], [113.94837393660609, 22.592418815068562], [113.94857952221861, 22.592280745427804], [113.94889089691857, 22.592031795724946], [113.94920015008803, 22.591717347185476], [113.94943507953636, 22.591415660966184], [113.94982903747655, 22.590812285656952]]}}, {"type": "Feature", "properties": {"arc": 1379, "wealthier": 0.521941181095324, "beautiful": 0.5061928575722268, "livelier": 0.4957984370752988, "depressing": 0.5011349176500739, "safer": 0.4981690354703715, "boring": 0.5258019267124172, "human": 0.0017333297954548, "vehicle": 0.0134760032361235, "construction": 0.1435195281442287, "nature": 0.2520275678606511, "sky": 0.3323140439733994, "object": 0.0077197263374441, "PI": 0.39376709523654, "NI": 0.35714343758453143, "length": 3007.602101, "source": 287, "target": 259, "direction": "bi-directional"}, "geometry": {"type": "LineString", "coordinates": [[114.00413945110402, 22.59957048971953], [114.0033638159126, 22.59951728753506], [114.00238346659113, 22.599419902483678], [114.00121253103849, 22.599237857597387], [114.0009466696581, 22.599164425486478], [114.00066329150376, 22.59905564046785], [114.00041966267945, 22.598927215475552], [114.0000806699274, 22.598713628471195], [113.99463859960683, 22.595210588023548], [113.99427285683318, 22.59502749610794], [113.99383061562249, 22.594881640419466], [113.99340497919604, 22.594808356596044], [113.99291748848992, 22.59479151726307], [113.99216662841039, 22.59482433806517], [113.9902893032561, 22.594980579762392], [113.98971099069236, 22.595012517017434], [113.98861371182116, 22.594975703157107], [113.98777964774949, 22.594980679149124], [113.98748376209286, 22.59500681057863], [113.98720904755763, 22.595051881618883], [113.98596609700465, 22.595325405828277], [113.98557424761051, 22.595358038279397], [113.98526625078989, 22.59533728093353], [113.98501247523285, 22.595296824010948], [113.98470688332745, 22.5952206296534], [113.98438859658798, 22.59511413532423], [113.9841369604369, 22.595000087781077], [113.98376137436136, 22.594763346548163], [113.98296978112418, 22.594103550152337], [113.9824907473025, 22.593762226597303], [113.98226908245826, 22.593633584875693], [113.98186974170584, 22.593436535890575], [113.98157658783376, 22.593315843954624], [113.9813089130691, 22.593224342399054], [113.98093362526818, 22.593128132907793], [113.98034085935564, 22.593012606764518], [113.97996157983957, 22.592948903123098], [113.97959445885903, 22.592906742910422], [113.97860550019757, 22.592873395101176], [113.97765728159328, 22.592873912892447], [113.97708527661288, 22.59288908336786]]}}, {"type": "Feature", "properties": {"arc": 1395, "wealthier": 0.5881185699041507, "beautiful": 0.4909428037969165, "livelier": 0.5092451555000386, "depressing": 0.5199944660319665, "safer": 0.497087836921213, "boring": 0.4958753136482283, "human": 0.0015141753858076, "vehicle": 0.0095436746589982, "construction": 0.0464551896427783, "nature": 0.4167083944854154, "sky": 0.3651965166873858, "object": 0.0015895412342758, "PI": 0.44335619084398914, "NI": 0.29275531277784844, "length": 4389.600422, "source": 615, "target": 612, "direction": "bi-directional"}, "geometry": {"type": "LineString", "coordinates": [[114.1701834072443, 22.604306299387698], [114.1701290039411, 22.603908135103772], [114.17007508420082, 22.603631716465813], [114.16948298281973, 22.601020326825456], [114.16919614000861, 22.599871518038274], [114.16909701600666, 22.599615311975302], [114.1690231787341, 22.599521297440948], [114.16893815418102, 22.59945132495021], [114.16828238563643, 22.599082409329068], [114.16808766059545, 22.598951221948887], [114.16794206785322, 22.59882785999746], [114.16787537348426, 22.598746272463664], [114.16781712137073, 22.59864017461782], [114.16766078643299, 22.59819623330041], [114.16760618482485, 22.598119679428077], [114.16750682117242, 22.59804116974856], [114.16722292979202, 22.59792259808329], [114.16645256128349, 22.597685655859195], [114.16613050840779, 22.597610385361758], [114.16546810421956, 22.597498666508617], [114.1653556688459, 22.59744906703896], [114.16527989806315, 22.59738073713403], [114.165216351307, 22.597246038816312], [114.16520318086359, 22.597072719200714], [114.1652935815012, 22.596254639600705], [114.16529256558242, 22.595653800018972], [114.16540228691397, 22.59509970192416], [114.16539689100242, 22.59496572336856], [114.16535496517595, 22.59484387296034], [114.1652487161666, 22.594703405061246], [114.16492609525696, 22.594423543596637], [114.16467421603883, 22.594113329808884], [114.16454738616653, 22.593988808167996], [114.16439231988295, 22.59388983730229], [114.16400783446552, 22.59374523760748], [114.16377694888013, 22.59361127404885], [114.16328876120885, 22.593204488648414], [114.16296708686683, 22.5929092869974], [114.16277501469943, 22.592707311962464], [114.16261843385072, 22.592478211587242], [114.16258474466372, 22.59237917876804], [114.162579611842, 22.592295724877797], [114.16260164770799, 22.592219616285107], [114.16264136797257, 22.592160741349403], [114.16284297352217, 22.592010954311025], [114.1629230559252, 22.591916286295884], [114.1629505603828, 22.59179405168807], [114.16291801427293, 22.59168090505735], [114.16286446113615, 22.591606287284115], [114.16278012370744, 22.59153355955002], [114.16238117632716, 22.59134294715658], [114.1622777165185, 22.591269319580835], [114.16216556593382, 22.591163780810884], [114.16163440703552, 22.590517467185062], [114.16155692030016, 22.590380094809063], [114.16151867687807, 22.590251940086702], [114.1615164606866, 22.590100119074922], [114.16157551765258, 22.58993251274174], [114.16167812763463, 22.589798736518052], [114.16188762565965, 22.58960529277667], [114.1620024858563, 22.589477127357082], [114.16208685098795, 22.58935459618001], [114.16215444480713, 22.589215724749792], [114.16219737849806, 22.589064785178543], [114.16221186560594, 22.588916102530447], [114.16218270465193, 22.58848491405945], [114.16221372959392, 22.58836733809993], [114.16227687387439, 22.588281793568136], [114.16234434866647, 22.588233795347264], [114.16243126703502, 22.58819707611298], [114.16300726665011, 22.58805526476971], [114.16357546377185, 22.58783636655931], [114.16374252300243, 22.587802773913776], [114.16406743172539, 22.587772702414885], [114.16413120375145, 22.58774240245893], [114.16419119208574, 22.587682369644927], [114.16422250236538, 22.58761310584733], [114.16423254071562, 22.587513818265446], [114.16415238818936, 22.58714220017002], [114.16416497868899, 22.586959136607344], [114.16424327707489, 22.586751971060092], [114.16459332622082, 22.586074641528526], [114.16468844408004, 22.585777428556217], [114.16471425036411, 22.585521513809244], [114.16469681459431, 22.584973863905354], [114.16470840505175, 22.584698335512485], [114.16474794716635, 22.584501985929577], [114.16489223244236, 22.584060794047005], [114.16490933286319, 22.583880818115222], [114.1648573539511, 22.58361594214264], [114.16474836074211, 22.58322959246009], [114.16452272466532, 22.582748681216103], [114.164468615831, 22.582588138969648], [114.16443270714731, 22.582351573100613], [114.16444040263701, 22.58198695722238], [114.16448236699975, 22.581501446272288], [114.16454796648381, 22.58128244896257], [114.16460248285837, 22.581197362478058], [114.16468121878322, 22.58111591370191], [114.16496986054295, 22.580914112685587], [114.16509294531623, 22.580799066135896], [114.16517732795458, 22.580654392780247], [114.1652112201098, 22.580499373406166], [114.16519250324032, 22.58021851710387], [114.16509195118304, 22.57973972319662], [114.16500510221594, 22.579467865307805], [114.1647622495942, 22.578864033481945], [114.16472807697612, 22.578740350416027], [114.16471818824975, 22.578642845499843], [114.16473999452374, 22.578519071213147], [114.1647948423966, 22.578408529871115], [114.16500145266959, 22.578148944497375], [114.16508142522657, 22.578025419548897], [114.16512662384505, 22.577898833554134], [114.16514231987706, 22.57778670129146], [114.16512242113612, 22.57746962792886], [114.16501967524378, 22.577018181800337], [114.16499951094046, 22.57686426480119], [114.16504588206178, 22.576367351193166], [114.16505000020753, 22.576153303447825], [114.16496774844056, 22.575333226725675], [114.16495561893818, 22.575082564354606], [114.16497044174575, 22.574939447052934], [114.16500990972932, 22.574798981088414], [114.16529041660938, 22.574271081895876], [114.16533814004838, 22.57412664416158], [114.16536227583049, 22.57397828180473], [114.16538066584064, 22.573755695716482], [114.16546213111619, 22.57111772650553]]}}, {"type": "Feature", "properties": {"arc": 1397, "wealthier": 0.8255213546831169, "beautiful": 0.6516178806923139, "livelier": 0.7255200895487093, "depressing": 0.2952098722254316, "safer": 0.7217653699841571, "boring": 0.2994768090987764, "human": 0.0002642020201071, "vehicle": 0.0075661194630158, "construction": 0.0819454144208859, "nature": 0.4124214416895156, "sky": 0.2959829281537959, "object": 0.0032336161686823, "PI": 0.5786215311165145, "NI": 0.21835965872309293, "length": 3251.629115, "source": 605, "target": 598, "direction": "bi-directional"}, "geometry": {"type": "LineString", "coordinates": [[114.16092441346612, 22.604507369079972], [114.16078101332573, 22.603623818215233], [114.16058063333779, 22.602550445960475], [114.16049742464149, 22.602225794574533], [114.16038345123133, 22.601961821261103], [114.16028856350455, 22.601807701932614], [114.16017066178922, 22.60165561758748], [114.15950610356354, 22.600933530531304], [114.15896232476625, 22.600310182640165], [114.15865785167577, 22.599895500121587], [114.15800521124811, 22.598945931174416], [114.15784758205405, 22.59874685509877], [114.15767781658577, 22.598562134610788], [114.15651480503875, 22.597468766153142], [114.15625145610166, 22.597269469011408], [114.15596848091184, 22.597113516774208], [114.15569324234652, 22.597010879925435], [114.15540804669742, 22.596952515552427], [114.15358155410706, 22.59674983614151], [114.15326475447338, 22.596697147781438], [114.1530724498306, 22.596630881191036], [114.15289520370288, 22.59653092484153], [114.15272676406848, 22.59639214526561], [114.15259859044409, 22.596241669176443], [114.15249315394549, 22.5960615985174], [114.15239924740882, 22.595815473214675], [114.15219793628772, 22.594948407972165], [114.15207689749143, 22.594351553873853], [114.15202111629681, 22.594178782380023], [114.15193029642951, 22.593983567262807], [114.15181429341357, 22.59380167173066], [114.15165301234694, 22.593620436497364], [114.15101675456962, 22.593089485272255], [114.15081337064399, 22.59289701484393], [114.15065671766047, 22.592686977329905], [114.15055143001103, 22.592462610444464], [114.15047841677121, 22.592213240021785], [114.15037939002373, 22.591773519271893], [114.15031128077003, 22.59124860189051], [114.15031489876263, 22.590947589852437], [114.15041068090594, 22.59016556835908], [114.15041344505009, 22.589883331254068], [114.15038553782594, 22.589722505715653], [114.15033571447293, 22.589575366830147], [114.1502664363312, 22.58945090121139], [114.15019063455537, 22.58936145646352], [114.15006856201323, 22.58926441746061], [114.14988405205511, 22.589166265363875], [114.14891385212879, 22.588788070242614], [114.147015764772, 22.587912236214414], [114.14670981174316, 22.58774736853785], [114.14651904169139, 22.58760763693531], [114.14632016188085, 22.587399639895963], [114.14615992399628, 22.587150693314697], [114.14600079143399, 22.5868186710312], [114.14542426570067, 22.585425332730633], [114.145309179951, 22.58524178563996], [114.14518873608617, 22.585150163335868], [114.14511153799631, 22.585125106799214], [114.1449842777342, 22.585114890873548], [114.14463965205262, 22.585161939694014], [114.14291562121828, 22.585540917830492], [114.1421959152636, 22.585747134685658]]}}, {"type": "Feature", "properties": {"arc": 1414, "wealthier": 0.445856280264003, "beautiful": 0.4537581335485481, "livelier": 0.3317336163643128, "depressing": 0.7402997420358178, "safer": 0.3468118179696037, "boring": 0.3472930685927952, "human": 0.0019923701430812, "vehicle": 0.0089663303259647, "construction": 0.1129882696903113, "nature": 0.0993575471820253, "sky": 0.5706739136666962, "object": 0.0067676197398792, "PI": 0.2777562258590068, "NI": 0.41593452292459454, "length": 267.4259237, "source": 608, "target": 605, "direction": "bi-directional"}, "geometry": {"type": "LineString", "coordinates": [[114.1628900522849, 22.606086702414665], [114.16243147772543, 22.605671320189348], [114.16092441346612, 22.604507369079972]]}}, {"type": "Feature", "properties": {"arc": 1415, "wealthier": 0.5049302641509771, "beautiful": 0.4083464773080156, "livelier": 0.5347733066958948, "depressing": 0.580733944842003, "safer": 0.4400429247299722, "boring": 0.3860972230961066, "human": 0.0021517589838817, "vehicle": 0.0150393861712831, "construction": 0.1224586409751815, "nature": 0.1682613835190281, "sky": 0.4782571310948844, "object": 0.0036388936668935, "PI": 0.354468110726554, "NI": 0.35676214536017664, "length": 960.0670452, "source": 608, "target": 615, "direction": "bi-directional"}, "geometry": {"type": "LineString", "coordinates": [[114.1628900522849, 22.606086702414665], [114.16316176120363, 22.605719791658487], [114.16339116165528, 22.605502700737873], [114.16359672641688, 22.605337682821133], [114.16371994543516, 22.60526378288699], [114.16384786288432, 22.60521532983255], [114.16401201203898, 22.605186893953856], [114.16417601271172, 22.605178644264893], [114.16478708277313, 22.60518787901803], [114.16527614931566, 22.605246577301116], [114.16571037167607, 22.60533797063662], [114.16671679590547, 22.605597356248413], [114.16842901485906, 22.60588614611399], [114.16878932444614, 22.605930655880822], [114.16906017487536, 22.605944532508452], [114.16930921761154, 22.605939185467346], [114.16950131500965, 22.60591021760065], [114.1697944256575, 22.605815012032522], [114.17007563238202, 22.605687240803693], [114.1702252318889, 22.605586771911977], [114.17030817992473, 22.605478243050566], [114.17034196738996, 22.605337876704333], [114.17033582123987, 22.605180677029626], [114.1701834072443, 22.604306299387698]]}}, {"type": "Feature", "properties": {"arc": 1448, "wealthier": 0.5551598764075499, "beautiful": 0.4937226158005153, "livelier": 0.6040221244336386, "depressing": 0.5039890335623989, "safer": 0.4926144057407479, "boring": 0.3681384381156022, "human": 0.0010817224495255, "vehicle": 0.0210267794086558, "construction": 0.097187868023284, "nature": 0.3917126929622957, "sky": 0.2605653448579869, "object": 0.0030600083742105, "PI": 0.4440923612387619, "NI": 0.27234969681227733, "length": 2169.588731, "source": 608, "target": 615, "direction": "bi-directional"}, "geometry": {"type": "LineString", "coordinates": [[114.1628900522849, 22.606086702414665], [114.16369869411474, 22.60648246966248], [114.16385384644911, 22.60657265440582], [114.16408036706004, 22.606759109676794], [114.16456290046628, 22.60723132671975], [114.16480281610966, 22.607390519998305], [114.1650149343473, 22.607473388240628], [114.16526770052653, 22.607535064793122], [114.1654541803393, 22.607562545143793], [114.16573082738499, 22.60757657145266], [114.1659118892721, 22.607610477451484], [114.1661254572182, 22.607696921045825], [114.16640746649878, 22.607861931372405], [114.16658238248027, 22.608017949698063], [114.16668671162827, 22.608188174504864], [114.16674536602662, 22.608388888146195], [114.16679542561796, 22.60879367595269], [114.16683080583755, 22.608893989404734], [114.16687549784254, 22.60896682699764], [114.16695428366171, 22.60904220141013], [114.1670643469004, 22.60909485107477], [114.16720595104218, 22.609113921631028], [114.1673259404393, 22.609104330264344], [114.16761348384695, 22.609023306388412], [114.16804952208442, 22.608766454926545], [114.16842250596093, 22.608633271373233], [114.16855548186868, 22.608568560503816], [114.16870158473544, 22.60844747874758], [114.1689440812389, 22.608149351767988], [114.16908795720973, 22.608004136990324], [114.16931322625413, 22.607844254794628], [114.16961966874425, 22.607679646855562], [114.17002750132018, 22.607488628592503], [114.17038654052566, 22.607340398730052], [114.17171622944237, 22.606936678083503], [114.17199238259332, 22.606838638987977], [114.17244168378018, 22.606630498418976], [114.17289587575361, 22.606372565585556], [114.17330815438766, 22.606078454692064], [114.17406126728902, 22.605597704558175], [114.17429542790512, 22.60539533147351], [114.17439210572721, 22.605272840056287], [114.17451871738267, 22.605072187011203], [114.17474829651641, 22.60463847288632], [114.17484768971585, 22.60437534244086], [114.17487822564368, 22.604151666302503], [114.17486552588589, 22.604044583802473], [114.17476926315075, 22.603631876513475], [114.17472283034304, 22.603522914582186], [114.17466650250586, 22.603462558688037], [114.17457564110079, 22.603412565206522], [114.1744832319531, 22.603390208048417], [114.17435842644497, 22.603384667741548], [114.17416642206244, 22.603414536819823], [114.17396979014725, 22.6034801895077], [114.1730310931033, 22.60392445674938], [114.17194809167313, 22.604372116761606], [114.17170539877819, 22.604448854645707], [114.17141074980695, 22.604479896403184], [114.17105853742898, 22.604469099544215], [114.17061295139413, 22.604409925073632], [114.1701834072443, 22.604306299387698]]}}, {"type": "Feature", "properties": {"arc": 1450, "wealthier": 0.4979757825288537, "beautiful": 0.4824040182888788, "livelier": 0.3999556049161311, "depressing": 0.5232031531746937, "safer": 0.4556187645050867, "boring": 0.5970586568761767, "human": 0.0013407897949218, "vehicle": 0.0110928344726562, "construction": 0.0936407979329427, "nature": 0.2426024881998697, "sky": 0.4255276743570963, "object": 0.0076791381835937, "PI": 0.351844248039463, "NI": 0.38123145762699046, "length": 565.2146645, "source": 604, "target": 605, "direction": "bi-directional"}, "geometry": {"type": "LineString", "coordinates": [[114.1587738296632, 22.609106255133174], [114.1588278435523, 22.608819842780004], [114.15886121098497, 22.608540881281364], [114.15893439014779, 22.608363362217613], [114.15909220030842, 22.608154084401114], [114.15951943386675, 22.60768606641332], [114.15990248922837, 22.607232519506507], [114.16003298641073, 22.607053392350547], [114.16011845614271, 22.606894789527455], [114.1602175395848, 22.606634604024045], [114.16052035663975, 22.605587972287815], [114.16092441346612, 22.604507369079972]]}}, {"type": "Feature", "properties": {"arc": 1484, "wealthier": 0.5585026943494097, "beautiful": 0.4952717935402631, "livelier": 0.49006624130369, "depressing": 0.5471478966969626, "safer": 0.5030029571595225, "boring": 0.4121225285091867, "human": 6.540792959707756e-05, "vehicle": 0.0053282066627785, "construction": 0.0220653604578088, "nature": 0.3763624049999095, "sky": 0.3814257374516239, "object": 0.0022032702410662, "PI": 0.4078790748625713, "NI": 0.28019213899732526, "length": 2183.576018, "source": 124, "target": 101, "direction": "bi-directional"}, "geometry": {"type": "LineString", "coordinates": [[113.93139468387517, 22.607236788909844], [113.9304754828782, 22.6064962365367], [113.93009525863886, 22.606151421825732], [113.92988678491199, 22.605941363204593], [113.92961594812715, 22.60563706915701], [113.92942002711919, 22.605381682261548], [113.92909796386104, 22.604874353733553], [113.92895054975307, 22.60459409841412], [113.92872484601594, 22.60403312681598], [113.9285566846048, 22.60343786455139], [113.92841898636807, 22.60271356868454], [113.92817157914452, 22.601156997798572], [113.92799898557432, 22.600422467192857], [113.92781008167178, 22.599853061361127], [113.92734992678194, 22.598788412264703], [113.92722564304334, 22.598364112616785], [113.92717620607408, 22.597996049759427], [113.92717591264618, 22.597652937584172], [113.9272079333474, 22.597401613380782], [113.92728756187996, 22.597098544442932], [113.92748951024188, 22.59661709556936], [113.92833444263857, 22.594950316570223], [113.92843117719414, 22.594712243711584], [113.92850417330594, 22.594450320786866], [113.92854891483648, 22.594163413356778], [113.92856106445771, 22.593787739959108], [113.9285093966102, 22.593418485528723], [113.92842368380568, 22.593100168480596], [113.92830698058151, 22.592815393124265], [113.92818821291608, 22.59259220254166], [113.92803734316448, 22.592394776026012], [113.92782426584172, 22.59216874424054], [113.92756979481132, 22.591948518660296], [113.9272878408083, 22.59173250184357], [113.92658705995748, 22.591281532081197], [113.92623960702088, 22.590973778822434], [113.9256265192648, 22.59037298277356], [113.92545601385545, 22.590239937563016], [113.92528747970316, 22.59014568615612]]}}, {"type": "Feature", "properties": {"arc": 1485, "wealthier": 0.5252859755337025, "beautiful": 0.448311901694093, "livelier": 0.402063470930278, "depressing": 0.6445048021134341, "safer": 0.414792504586237, "boring": 0.5384403339260921, "human": 0.0002501320704228, "vehicle": 0.0133515697414592, "construction": 0.0580944125935182, "nature": 0.1540358053088862, "sky": 0.519955166315628, "object": 0.0024998443948347, "PI": 0.30767446936084364, "NI": 0.37761592783082504, "length": 1540.910918, "source": 124, "target": 174, "direction": "bi-directional"}, "geometry": {"type": "LineString", "coordinates": [[113.93139468387517, 22.607236788909844], [113.93199852148861, 22.606728127744812], [113.9321525311938, 22.606563958464427], [113.93227978161703, 22.606390601384707], [113.93249021373909, 22.60598216904539], [113.93286954866103, 22.60496105594544], [113.93307496619951, 22.604525602813574], [113.93328232053597, 22.604167703009345], [113.93346394141173, 22.60389305060414], [113.93368696032186, 22.60359864853987], [113.93388914121701, 22.60336758070268], [113.93416764243672, 22.603089045889217], [113.93648077400542, 22.60090979115883], [113.9386182034157, 22.59898975807993], [113.93890799155896, 22.598752151565037], [113.9395632728576, 22.598278059739105], [113.94119282787645, 22.59696370857768]]}}, {"type": "Feature", "properties": {"arc": 1578, "wealthier": 0.6570292066379606, "beautiful": 0.5311906254587632, "livelier": 0.6533623539155691, "depressing": 0.4687885128342441, "safer": 0.5503668050927909, "boring": 0.2504953785249258, "human": 0.0007268942420476, "vehicle": 0.0124311683591732, "construction": 0.0195515950520833, "nature": 0.4656591756941529, "sky": 0.2734413094428617, "object": 0.0027657185704254, "PI": 0.5024158895214365, "NI": 0.2156027548601603, "length": 3380.161801, "source": 248, "target": 222, "direction": "bi-directional"}, "geometry": {"type": "LineString", "coordinates": [[113.96912187447761, 22.619835915609563], [113.9683806071896, 22.617864419283087], [113.96792879988914, 22.61677723130632], [113.96782753759356, 22.61650250279929], [113.96773673054741, 22.61615272557639], [113.96704949948392, 22.613133827265273], [113.9669513772488, 22.61280523077402], [113.96678265026269, 22.612358954317358], [113.96660996554805, 22.612022097896688], [113.96635224437753, 22.611666022318857], [113.96626139182793, 22.611518230190768], [113.9661524519977, 22.6112857519076], [113.96575231318596, 22.61031529390031], [113.96560390374425, 22.610052372662743], [113.9652547086053, 22.609503626944846], [113.9651524427785, 22.609315291585478], [113.965061882742, 22.60905046342685], [113.96494178245436, 22.608397054902092], [113.96487196124103, 22.60820252585497], [113.96477416198006, 22.60800574663299], [113.96457242109166, 22.60769542003995], [113.96419952884459, 22.607199080271283], [113.96405158152275, 22.607038638095368], [113.9636899522819, 22.606701877646106], [113.96355415754822, 22.60654566583422], [113.96343913623701, 22.606370240214883], [113.9633760205272, 22.606206941502574], [113.96335506950413, 22.606082977015177], [113.96335626669737, 22.605924991890163], [113.96344854625559, 22.605197475329952], [113.96372514828555, 22.603679550070826], [113.96380250462568, 22.60334754946686], [113.96388984635838, 22.603132282307087], [113.96402161834847, 22.602933884677096], [113.9641422428082, 22.602803566947994], [113.96446064260651, 22.602514124993483], [113.96454429765011, 22.602417525434685], [113.96462308460232, 22.60227970401799], [113.96466313520095, 22.602139308132383], [113.96467169556661, 22.60201045019833], [113.96465935115214, 22.601829487071544], [113.96442189793918, 22.599998865820808], [113.96441398467444, 22.599581558111186], [113.9644478247704, 22.599007786662554], [113.96442663680607, 22.598844094438522], [113.96437123849294, 22.59870687355293], [113.9642909725946, 22.598599514638973], [113.96418338038573, 22.598517028883037], [113.96403882069926, 22.598457959867478], [113.96387710873978, 22.598427579319274], [113.96249586352016, 22.59839719866942], [113.9622220723447, 22.59839944106353], [113.96200152557482, 22.59841785674948], [113.96177107188763, 22.598473532507672], [113.96152765319636, 22.598580481722784], [113.96031681517206, 22.5992897967962], [113.960180326719, 22.599332498688014], [113.96006186946983, 22.599324705525213], [113.95995049839685, 22.59926030819696], [113.95984595287307, 22.59913601159137], [113.95881483381031, 22.597445377421444], [113.95845845004395, 22.59691589499949], [113.95804311106248, 22.59633987662602]]}}, {"type": "Feature", "properties": {"arc": 1652, "wealthier": 0.5687489306422534, "beautiful": 0.4749776183305551, "livelier": 0.7086044208905312, "depressing": 0.5195153825027456, "safer": 0.50410457333724, "boring": 0.2130237797930911, "human": 0.0061727744945581, "vehicle": 0.0259157401928003, "construction": 0.1382495216701341, "nature": 0.2917484753373741, "sky": 0.2969749284827191, "object": 0.0026780695155046, "PI": 0.5046115575714107, "NI": 0.2724912746209593, "length": 1336.694697, "source": 257, "target": 248, "direction": "bi-directional"}, "geometry": {"type": "LineString", "coordinates": [[113.9760440804757, 22.626626514386345], [113.97631784335331, 22.62662850424149], [113.97651118649571, 22.62658945514089], [113.9766799906044, 22.626509316555584], [113.97683417542767, 22.626364171965665], [113.97690810445428, 22.62624776724966], [113.9769728563383, 22.626097599095502], [113.97701110384801, 22.625956568264765], [113.97704077026698, 22.62575331246694], [113.97713019387132, 22.62479166839759], [113.97710082044445, 22.62462358086108], [113.97702602839995, 22.624521901703353], [113.9768986563123, 22.62445578226416], [113.97673669224856, 22.624427126818407], [113.97391611762212, 22.62425090455567], [113.97357158303663, 22.624172384488002], [113.97326994214231, 22.624031760062586], [113.97297410624053, 22.623824655794063], [113.97078412295137, 22.62210537026775], [113.97033563202945, 22.62174663597061], [113.97013038108611, 22.62156271261651], [113.96993897544007, 22.62134079386557], [113.96977619885594, 22.62108431115439], [113.96912187447761, 22.619835915609563]]}}, {"type": "Feature", "properties": {"arc": 1679, "wealthier": 0.5416075841819169, "beautiful": 0.4302933941942184, "livelier": 0.4608564341989958, "depressing": 0.6323396558432227, "safer": 0.4091144295810537, "boring": 0.4991765794067541, "human": 0.0005259897517061, "vehicle": 0.026249735748174, "construction": 0.0517183939615885, "nature": 0.1919995085032963, "sky": 0.4604484660415356, "object": 0.0035810141727842, "PI": 0.33062459076335193, "NI": 0.36608100856593667, "length": 2417.059398, "source": 138, "target": 124, "direction": "bi-directional"}, "geometry": {"type": "LineString", "coordinates": [[113.93407315659503, 22.628176503700335], [113.9341659579769, 22.62773582299659], [113.93422608308374, 22.62732798515906], [113.93481126479338, 22.622944132064195], [113.9348494459515, 22.622421726255453], [113.93484395951421, 22.621591624387168], [113.93450177289802, 22.61453198317576], [113.93447300545026, 22.614048864606072], [113.93441342883258, 22.613474464218477], [113.93431185042607, 22.61280398540561], [113.93420430134799, 22.61225764914118], [113.93408583899583, 22.611768893330854], [113.93389229594312, 22.611100899202494], [113.93377143814169, 22.610726751736042], [113.93353321413761, 22.610075064639805], [113.93310813539055, 22.6091280704424], [113.93269747374255, 22.608328049052982], [113.9325816039523, 22.608136913864175], [113.9324736167966, 22.607997372391434], [113.93231492674876, 22.60785753714594], [113.93191384656839, 22.607563910392933], [113.93139468387517, 22.607236788909844]]}}, {"type": "Feature", "properties": {"arc": 1722, "wealthier": 0.581490168868469, "beautiful": 0.4582391801159987, "livelier": 0.7929024655341013, "depressing": 0.4854841406753657, "safer": 0.5534554186719289, "boring": 0.157926254995423, "human": 0.0059386624230278, "vehicle": 0.0384160942501492, "construction": 0.1428419219122992, "nature": 0.271435022354126, "sky": 0.3043194876776801, "object": 0.0018924077351888, "PI": 0.5205925061307365, "NI": 0.264518679876055, "length": 2443.7556, "source": 221, "target": 257, "direction": "bi-directional"}, "geometry": {"type": "LineString", "coordinates": [[113.95718021694226, 22.631120849554282], [113.95829638986004, 22.631652799259697], [113.95895163174896, 22.631997107533266], [113.95975084487723, 22.632382716449982], [113.96014911916366, 22.632538215009493], [113.9604671681402, 22.632634287237487], [113.96096199862129, 22.632717862949036], [113.96130507519669, 22.632729377535906], [113.9627777850766, 22.632519631882086], [113.96304061327662, 22.632506054200817], [113.96325136077404, 22.63252115928069], [113.96350065415335, 22.632574397575876], [113.96369654042152, 22.632655187490993], [113.964662476935, 22.63329600285931], [113.9648765802537, 22.63340619912748], [113.96509517298452, 22.63348457644925], [113.96536463663304, 22.633531362015457], [113.96595402430937, 22.63353888607807], [113.96623300181243, 22.633519492079365], [113.96650667900848, 22.63345238333501], [113.9667281695319, 22.633348826639136], [113.9669298488055, 22.63320711614255], [113.96710498831915, 22.633023348830044], [113.96724277079079, 22.632810830510138], [113.96731067825074, 22.632654173187415], [113.96735679287015, 22.632499822836614], [113.9674794488978, 22.631733861076505], [113.9675547267222, 22.631446069130124], [113.96770554727415, 22.631091739827042], [113.96792446083269, 22.630766672403162], [113.96815331305007, 22.63051440540952], [113.96836296228084, 22.630342451141043], [113.96871728534116, 22.630116336576815], [113.96973817775967, 22.629525626975433], [113.96998114219612, 22.629348112655066], [113.97019597397785, 22.629151391136926], [113.97049581908846, 22.62880547697377], [113.97088306810092, 22.628244851837486], [113.97105585996721, 22.62796860002489], [113.97135019295396, 22.627403515879724], [113.97146515428993, 22.627220547736897], [113.97167816314717, 22.626975440124234], [113.97188846340195, 22.62680180064759], [113.97220903465903, 22.626624132812548], [113.97237198903476, 22.626561784289578], [113.97255830583234, 22.626511395463147], [113.9728437312146, 22.626477183773574], [113.97358865296641, 22.626473532828975], [113.9738837183249, 22.62644969984236], [113.974150645034, 22.62639197779234], [113.97476598017681, 22.62620623354731], [113.9749659529666, 22.626168113371747], [113.97513910924641, 22.626169639306173], [113.97531161186012, 22.626215551224504], [113.97545082743032, 22.626291384896934], [113.97580262844289, 22.62654700876463], [113.97591591468192, 22.62659737255577], [113.9760440804757, 22.626626514386345]]}}, {"type": "Feature", "properties": {"arc": 1779, "wealthier": 0.4137204173062782, "beautiful": 0.356158125785358, "livelier": 0.4596761531099157, "depressing": 0.7575387333513682, "safer": 0.3341578166229716, "boring": 0.4377946162458432, "human": 0.0018932458126183, "vehicle": 0.0119545098507043, "construction": 0.1626210068211411, "nature": 0.0806135119813861, "sky": 0.4667554335160689, "object": 0.0037794402151396, "PI": 0.2707699087173557, "NI": 0.4063955791424316, "length": 3163.30461, "source": 138, "target": 221, "direction": "bi-directional"}, "geometry": {"type": "LineString", "coordinates": [[113.93407315659503, 22.628176503700335], [113.93461028973799, 22.628613630155005], [113.93479219234086, 22.6287413137629], [113.93780908250605, 22.630538311987408], [113.93812773801997, 22.63074732324163], [113.9384122003425, 22.63097039477749], [113.93867627658317, 22.631237242463005], [113.93916233597045, 22.631806490127037], [113.93942758521649, 22.632088981385365], [113.93986718834697, 22.632496717382995], [113.94060663936851, 22.633126490593963], [113.94078255359844, 22.633297466477217], [113.94092093332866, 22.633461857020347], [113.94110728271565, 22.63372773011691], [113.9412420430613, 22.633969012939588], [113.94188925715954, 22.635347599830872], [113.94203233436302, 22.63562417588419], [113.94226978162924, 22.635980189532006], [113.9425344073894, 22.63628356782437], [113.94290212487276, 22.636592908828955], [113.94313183344643, 22.63675059631223], [113.94333873442184, 22.636869444632882], [113.94471451560487, 22.637500107138965], [113.94488634043663, 22.637561769496042], [113.94500299665332, 22.637578291385548], [113.94512984590168, 22.637555765163807], [113.94529748193132, 22.63747399809474], [113.94562837447015, 22.637250418879102], [113.94605555580456, 22.63690330084471], [113.94615471960698, 22.63685129008973], [113.94627468675995, 22.636819429369783], [113.94642749453159, 22.636817032037513], [113.946604727335, 22.636853693733027], [113.94729453731527, 22.63710927376107], [113.94751081009655, 22.637174649302732], [113.94765889161836, 22.637190219184372], [113.94776074715021, 22.637171195014727], [113.94782326579907, 22.637141593026495], [113.94790844779747, 22.637075496394466], [113.94802445016846, 22.63694484457172], [113.94858883052547, 22.63617113443368], [113.94877420199363, 22.635941606087208], [113.94967307596065, 22.635098284574212], [113.9498171693515, 22.63494592530062], [113.951347104092, 22.63299151805646], [113.95146071705572, 22.63286134076791], [113.95155210609673, 22.632782171432144], [113.9516657643138, 22.63272545638184], [113.95183736511876, 22.632706030818404], [113.9520500148414, 22.632731165673217], [113.95298673587438, 22.632908605359276], [113.95317844866622, 22.632907972102508], [113.95340011521414, 22.63285069840804], [113.95356873904716, 22.63277529131842], [113.95371713067676, 22.63268336825005], [113.95571663120646, 22.631274160686843], [113.95600229752647, 22.631123775648415], [113.95629256007692, 22.631038403326798], [113.95650098368229, 22.631012507389055], [113.95675146933073, 22.631017981126288], [113.95696783428336, 22.631053692278826], [113.95718021694226, 22.631120849554282]]}}, {"type": "Feature", "properties": {"arc": 4114, "wealthier": 0.5415795835765659, "beautiful": 0.4707120483636017, "livelier": 0.4179355105590626, "depressing": 0.4788388245846512, "safer": 0.4910452417540106, "boring": 0.6108927629687085, "human": 0.0001020720510771, "vehicle": 0.0056781190814393, "construction": 0.028859282984878, "nature": 0.2256360198512222, "sky": 0.477331999576453, "object": 0.0023417906327681, "PI": 0.34697459272456105, "NI": 0.33245013472624113, "length": 570.1151462, "source": 270, "target": 264, "direction": "bi-directional"}, "geometry": {"type": "LineString", "coordinates": [[113.98329565528128, 22.588051648825804], [113.98316364994366, 22.58800138413478], [113.98106044704636, 22.587200531338254], [113.98085880789829, 22.58714787035816], [113.98060022259354, 22.58712658113717], [113.97794096075039, 22.58713395237532]]}}, {"type": "Feature", "properties": {"arc": 4117, "wealthier": 0.6425531260154019, "beautiful": 0.606110502391613, "livelier": 0.4455937443636794, "depressing": 0.3864013144514403, "safer": 0.5884232781580659, "boring": 0.5541919591942639, "human": 0.000269941581312, "vehicle": 0.0033662189808926, "construction": 0.0246022542317708, "nature": 0.22822933049165, "sky": 0.4916976366856303, "object": 0.0027990415114765, "PI": 0.41472350566947064, "NI": 0.3093578974307845, "length": 1132.012846, "source": 275, "target": 260, "direction": "bi-directional"}, "geometry": {"type": "LineString", "coordinates": [[113.98852503437683, 22.53020480589067], [113.98362951674402, 22.529304857934754], [113.98207959984572, 22.52905698135256], [113.97886583839883, 22.528473863329296], [113.97771442720241, 22.52830207733246]]}}]}