{
  "type": "FeatureCollection",
  "name": "nodes_final",
  "crs": {
    "type": "name",
    "properties": {
      "name": "urn:ogc:def:crs:OGC:1.3:CRS84"
    }
  },
  "features": [
    {
      "type": "Feature",
      "properties": {
        "node_id": 0,
        "lat": 22.51122354349483,
        "lng": 113.86600056328803
      },
      "geometry": {
        "type": "Point",
        "coordinates": [
          113.86600056328803,
          22.51122354349483
        ]
      }
    },
    {
      "type": "Feature",
      "properties": {
        "node_id": 1,
        "lat": 22.505527987727845,
        "lng": 113.86715885582163
      },
      "geometry": {
        "type": "Point",
        "coordinates": [
          113.86715885582163,
          22.505527987727845
        ]
      }
    },
    {
      "type": "Feature",
      "properties": {
        "node_id": 2,
        "lat": 22.500690442061174,
        "lng": 113.86816970777741
      },
      "geometry": {
        "type": "Point",
        "coordinates": [
          113.86816970777741,
          22.500690442061174
        ]
      }
    },
    {
      "type": "Feature",
      "properties": {
        "node_id": 3,
        "lat": 22.495393071444276,
        "lng": 113.86931843403343
      },
      "geometry": {
        "type": "Point",
        "coordinates": [
          113.86931843403343,
          22.495393071444276
        ]
      }
    },
    {
      "type": "Feature",
      "properties": {
        "node_id": 4,
        "lat": 22.4928155089909,
        "lng": 113.87024344027257
      },
      "geometry": {
        "type": "Point",
        "coordinates": [
          113.87024344027257,
          22.4928155089909
        ]
      }
    },
    {
      "type": "Feature",
      "properties": {
        "node_id": 5,
        "lat": 22.516738713254142,
        "lng": 113.87462759831352
      },
      "geometry": {
        "type": "Point",
        "coordinates": [
          113.87462759831352,
          22.516738713254142
        ]
      }
    },
    {
      "type": "Feature",
      "properties": {
        "node_id": 6,
        "lat": 22.514269547209604,
        "lng": 113.87613035150007
      },
      "geometry": {
        "type": "Point",
        "coordinates": [
          113.87613035150007,
          22.514269547209604
        ]
      }
    },
    {
      "type": "Feature",
      "properties": {
        "node_id": 7,
        "lat": 22.509127789198065,
        "lng": 113.87925866004227
      },
      "geometry": {
        "type": "Point",
        "coordinates": [
          113.87925866004227,
          22.509127789198065
        ]
      }
    },
    {
      "type": "Feature",
      "properties": {
        "node_id": 8,
        "lat": 22.515637614345998,
        "lng": 113.87961544331257
      },
      "geometry": {
        "type": "Point",
        "coordinates": [
          113.87961544331257,
          22.515637614345998
        ]
      }
    },
    {
      "type": "Feature",
      "properties": {
        "node_id": 9,
        "lat": 22.480952172969797,
        "lng": 113.88058267150986
      },
      "geometry": {
        "type": "Point",
        "coordinates": [
          113.88058267150986,
          22.480952172969797
        ]
      }
    },
    {
      "type": "Feature",
      "properties": {
        "node_id": 10,
        "lat": 22.504813233351292,
        "lng": 113.8819586837648
      },
      "geometry": {
        "type": "Point",
        "coordinates": [
          113.8819586837648,
          22.504813233351292
        ]
      }
    },
    {
      "type": "Feature",
      "properties": {
        "node_id": 11,
        "lat": 22.511646801957344,
        "lng": 113.88278055782003
      },
      "geometry": {
        "type": "Point",
        "coordinates": [
          113.88278055782003,
          22.511646801957344
        ]
      }
    },
    {
      "type": "Feature",
      "properties": {
        "node_id": 12,
        "lat": 22.483717854254515,
        "lng": 113.88420192454876
      },
      "geometry": {
        "type": "Point",
        "coordinates": [
          113.88420192454876,
          22.483717854254515
        ]
      }
    },
    {
      "type": "Feature",
      "properties": {
        "node_id": 13,
        "lat": 22.500118997430036,
        "lng": 113.8847716392688
      },
      "geometry": {
        "type": "Point",
        "coordinates": [
          113.8847716392688,
          22.500118997430036
        ]
      }
    },
    {
      "type": "Feature",
      "properties": {
        "node_id": 14,
        "lat": 22.513861905281477,
        "lng": 113.88590070830898
      },
      "geometry": {
        "type": "Point",
        "coordinates": [
          113.88590070830898,
          22.513861905281477
        ]
      }
    },
    {
      "type": "Feature",
      "properties": {
        "node_id": 15,
        "lat": 22.497594443090122,
        "lng": 113.88613141778899
      },
      "geometry": {
        "type": "Point",
        "coordinates": [
          113.88613141778899,
          22.497594443090122
        ]
      }
    },
    {
      "type": "Feature",
      "properties": {
        "node_id": 16,
        "lat": 22.471636429013984,
        "lng": 113.88768195367128
      },
      "geometry": {
        "type": "Point",
        "coordinates": [
          113.88768195367128,
          22.471636429013984
        ]
      }
    },
    {
      "type": "Feature",
      "properties": {
        "node_id": 17,
        "lat": 22.490772141645348,
        "lng": 113.88834432027075
      },
      "geometry": {
        "type": "Point",
        "coordinates": [
          113.88834432027075,
          22.490772141645348
        ]
      }
    },
    {
      "type": "Feature",
      "properties": {
        "node_id": 18,
        "lat": 22.505548232475387,
        "lng": 113.88950664794979
      },
      "geometry": {
        "type": "Point",
        "coordinates": [
          113.88950664794979,
          22.505548232475387
        ]
      }
    },
    {
      "type": "Feature",
      "properties": {
        "node_id": 19,
        "lat": 22.47686047200317,
        "lng": 113.88964699243562
      },
      "geometry": {
        "type": "Point",
        "coordinates": [
          113.88964699243562,
          22.47686047200317
        ]
      }
    },
    {
      "type": "Feature",
      "properties": {
        "node_id": 20,
        "lat": 22.468659458611555,
        "lng": 113.89095769098914
      },
      "geometry": {
        "type": "Point",
        "coordinates": [
          113.89095769098914,
          22.468659458611555
        ]
      }
    },
    {
      "type": "Feature",
      "properties": {
        "node_id": 21,
        "lat": 22.481073356804796,
        "lng": 113.89102366994358
      },
      "geometry": {
        "type": "Point",
        "coordinates": [
          113.89102366994358,
          22.481073356804796
        ]
      }
    },
    {
      "type": "Feature",
      "properties": {
        "node_id": 22,
        "lat": 22.504194377454375,
        "lng": 113.89189299282809
      },
      "geometry": {
        "type": "Point",
        "coordinates": [
          113.89189299282809,
          22.504194377454375
        ]
      }
    },
    {
      "type": "Feature",
      "properties": {
        "node_id": 23,
        "lat": 22.52200117785115,
        "lng": 113.89420505249477
      },
      "geometry": {
        "type": "Point",
        "coordinates": [
          113.89420505249477,
          22.52200117785115
        ]
      }
    },
    {
      "type": "Feature",
      "properties": {
        "node_id": 24,
        "lat": 22.54540313280284,
        "lng": 113.89502083082306
      },
      "geometry": {
        "type": "Point",
        "coordinates": [
          113.89502083082306,
          22.54540313280284
        ]
      }
    },
    {
      "type": "Feature",
      "properties": {
        "node_id": 25,
        "lat": 22.523754559223182,
        "lng": 113.8955438803011
      },
      "geometry": {
        "type": "Point",
        "coordinates": [
          113.8955438803011,
          22.523754559223182
        ]
      }
    },
    {
      "type": "Feature",
      "properties": {
        "node_id": 26,
        "lat": 22.527362214329933,
        "lng": 113.89584985973329
      },
      "geometry": {
        "type": "Point",
        "coordinates": [
          113.89584985973329,
          22.527362214329933
        ]
      }
    },
    {
      "type": "Feature",
      "properties": {
        "node_id": 27,
        "lat": 22.535015527607538,
        "lng": 113.89669178047481
      },
      "geometry": {
        "type": "Point",
        "coordinates": [
          113.89669178047481,
          22.535015527607538
        ]
      }
    },
    {
      "type": "Feature",
      "properties": {
        "node_id": 28,
        "lat": 22.47148421987348,
        "lng": 113.89708593139811
      },
      "geometry": {
        "type": "Point",
        "coordinates": [
          113.89708593139811,
          22.47148421987348
        ]
      }
    },
    {
      "type": "Feature",
      "properties": {
        "node_id": 29,
        "lat": 22.51075808168543,
        "lng": 113.89781054360527
      },
      "geometry": {
        "type": "Point",
        "coordinates": [
          113.89781054360527,
          22.51075808168543
        ]
      }
    },
    {
      "type": "Feature",
      "properties": {
        "node_id": 30,
        "lat": 22.4806157926115,
        "lng": 113.89900338742936
      },
      "geometry": {
        "type": "Point",
        "coordinates": [
          113.89900338742936,
          22.4806157926115
        ]
      }
    },
    {
      "type": "Feature",
      "properties": {
        "node_id": 31,
        "lat": 22.548872273075446,
        "lng": 113.89996426775721
      },
      "geometry": {
        "type": "Point",
        "coordinates": [
          113.89996426775721,
          22.548872273075446
        ]
      }
    },
    {
      "type": "Feature",
      "properties": {
        "node_id": 32,
        "lat": 22.476938497157935,
        "lng": 113.90048811876986
      },
      "geometry": {
        "type": "Point",
        "coordinates": [
          113.90048811876986,
          22.476938497157935
        ]
      }
    },
    {
      "type": "Feature",
      "properties": {
        "node_id": 33,
        "lat": 22.51883911805934,
        "lng": 113.9010525246996
      },
      "geometry": {
        "type": "Point",
        "coordinates": [
          113.9010525246996,
          22.51883911805934
        ]
      }
    },
    {
      "type": "Feature",
      "properties": {
        "node_id": 34,
        "lat": 22.47798347404189,
        "lng": 113.90204228821814
      },
      "geometry": {
        "type": "Point",
        "coordinates": [
          113.90204228821814,
          22.47798347404189
        ]
      }
    },
    {
      "type": "Feature",
      "properties": {
        "node_id": 35,
        "lat": 22.476911891296808,
        "lng": 113.90297314676623
      },
      "geometry": {
        "type": "Point",
        "coordinates": [
          113.90297314676623,
          22.476911891296808
        ]
      }
    },
    {
      "type": "Feature",
      "properties": {
        "node_id": 36,
        "lat": 22.516618746016633,
        "lng": 113.90359366790544
      },
      "geometry": {
        "type": "Point",
        "coordinates": [
          113.90359366790544,
          22.516618746016633
        ]
      }
    },
    {
      "type": "Feature",
      "properties": {
        "node_id": 37,
        "lat": 22.54457722758603,
        "lng": 113.90462357759212
      },
      "geometry": {
        "type": "Point",
        "coordinates": [
          113.90462357759212,
          22.54457722758603
        ]
      }
    },
    {
      "type": "Feature",
      "properties": {
        "node_id": 38,
        "lat": 22.535132627417347,
        "lng": 113.90478094554533
      },
      "geometry": {
        "type": "Point",
        "coordinates": [
          113.90478094554533,
          22.535132627417347
        ]
      }
    },
    {
      "type": "Feature",
      "properties": {
        "node_id": 39,
        "lat": 22.53164591125629,
        "lng": 113.90484503889547
      },
      "geometry": {
        "type": "Point",
        "coordinates": [
          113.90484503889547,
          22.53164591125629
        ]
      }
    },
    {
      "type": "Feature",
      "properties": {
        "node_id": 40,
        "lat": 22.52578543248264,
        "lng": 113.90498467242526
      },
      "geometry": {
        "type": "Point",
        "coordinates": [
          113.90498467242526,
          22.52578543248264
        ]
      }
    },
    {
      "type": "Feature",
      "properties": {
        "node_id": 41,
        "lat": 22.48192555333538,
        "lng": 113.9073011945837
      },
      "geometry": {
        "type": "Point",
        "coordinates": [
          113.9073011945837,
          22.48192555333538
        ]
      }
    },
    {
      "type": "Feature",
      "properties": {
        "node_id": 42,
        "lat": 22.481925553335365,
        "lng": 113.90796363969535
      },
      "geometry": {
        "type": "Point",
        "coordinates": [
          113.90796363969535,
          22.481925553335365
        ]
      }
    },
    {
      "type": "Feature",
      "properties": {
        "node_id": 43,
        "lat": 22.514861064140664,
        "lng": 113.90842269695271
      },
      "geometry": {
        "type": "Point",
        "coordinates": [
          113.90842269695271,
          22.514861064140664
        ]
      }
    },
    {
      "type": "Feature",
      "properties": {
        "node_id": 44,
        "lat": 22.49082822864603,
        "lng": 113.90843440277844
      },
      "geometry": {
        "type": "Point",
        "coordinates": [
          113.90843440277844,
          22.49082822864603
        ]
      }
    },
    {
      "type": "Feature",
      "properties": {
        "node_id": 45,
        "lat": 22.487160558606323,
        "lng": 113.90851367698392
      },
      "geometry": {
        "type": "Point",
        "coordinates": [
          113.90851367698392,
          22.487160558606323
        ]
      }
    },
    {
      "type": "Feature",
      "properties": {
        "node_id": 46,
        "lat": 22.479966103693894,
        "lng": 113.90854015059706
      },
      "geometry": {
        "type": "Point",
        "coordinates": [
          113.90854015059706,
          22.479966103693894
        ]
      }
    },
    {
      "type": "Feature",
      "properties": {
        "node_id": 47,
        "lat": 22.52584499158599,
        "lng": 113.90972991978454
      },
      "geometry": {
        "type": "Point",
        "coordinates": [
          113.90972991978454,
          22.52584499158599
        ]
      }
    },
    {
      "type": "Feature",
      "properties": {
        "node_id": 48,
        "lat": 22.544632281357675,
        "lng": 113.90979199355381
      },
      "geometry": {
        "type": "Point",
        "coordinates": [
          113.90979199355381,
          22.544632281357675
        ]
      }
    },
    {
      "type": "Feature",
      "properties": {
        "node_id": 49,
        "lat": 22.487186012228275,
        "lng": 113.9097932228009
      },
      "geometry": {
        "type": "Point",
        "coordinates": [
          113.9097932228009,
          22.487186012228275
        ]
      }
    },
    {
      "type": "Feature",
      "properties": {
        "node_id": 50,
        "lat": 22.49044773041236,
        "lng": 113.91013390801788
      },
      "geometry": {
        "type": "Point",
        "coordinates": [
          113.91013390801788,
          22.49044773041236
        ]
      }
    },
    {
      "type": "Feature",
      "properties": {
        "node_id": 51,
        "lat": 22.53968999784014,
        "lng": 113.91025407176923
      },
      "geometry": {
        "type": "Point",
        "coordinates": [
          113.91025407176923,
          22.53968999784014
        ]
      }
    },
    {
      "type": "Feature",
      "properties": {
        "node_id": 52,
        "lat": 22.53126835595173,
        "lng": 113.9103594690081
      },
      "geometry": {
        "type": "Point",
        "coordinates": [
          113.9103594690081,
          22.53126835595173
        ]
      }
    },
    {
      "type": "Feature",
      "properties": {
        "node_id": 53,
        "lat": 22.53521379899768,
        "lng": 113.91038419321177
      },
      "geometry": {
        "type": "Point",
        "coordinates": [
          113.91038419321177,
          22.53521379899768
        ]
      }
    },
    {
      "type": "Feature",
      "properties": {
        "node_id": 54,
        "lat": 22.515158069007278,
        "lng": 113.91106741920213
      },
      "geometry": {
        "type": "Point",
        "coordinates": [
          113.91106741920213,
          22.515158069007278
        ]
      }
    },
    {
      "type": "Feature",
      "properties": {
        "node_id": 55,
        "lat": 22.490121363800316,
        "lng": 113.91122829501772
      },
      "geometry": {
        "type": "Point",
        "coordinates": [
          113.91122829501772,
          22.490121363800316
        ]
      }
    },
    {
      "type": "Feature",
      "properties": {
        "node_id": 56,
        "lat": 22.544524418577552,
        "lng": 113.91168314688088
      },
      "geometry": {
        "type": "Point",
        "coordinates": [
          113.91168314688088,
          22.544524418577552
        ]
      }
    },
    {
      "type": "Feature",
      "properties": {
        "node_id": 57,
        "lat": 22.508076530551687,
        "lng": 113.9118128620269
      },
      "geometry": {
        "type": "Point",
        "coordinates": [
          113.9118128620269,
          22.508076530551687
        ]
      }
    },
    {
      "type": "Feature",
      "properties": {
        "node_id": 58,
        "lat": 22.49072077620413,
        "lng": 113.91223061882388
      },
      "geometry": {
        "type": "Point",
        "coordinates": [
          113.91223061882388,
          22.49072077620413
        ]
      }
    },
    {
      "type": "Feature",
      "properties": {
        "node_id": 59,
        "lat": 22.519752137126396,
        "lng": 113.9124902081527
      },
      "geometry": {
        "type": "Point",
        "coordinates": [
          113.9124902081527,
          22.519752137126396
        ]
      }
    },
    {
      "type": "Feature",
      "properties": {
        "node_id": 60,
        "lat": 22.512109490216584,
        "lng": 113.91352421538154
      },
      "geometry": {
        "type": "Point",
        "coordinates": [
          113.91352421538154,
          22.512109490216584
        ]
      }
    },
    {
      "type": "Feature",
      "properties": {
        "node_id": 61,
        "lat": 22.53117958204497,
        "lng": 113.91365755471315
      },
      "geometry": {
        "type": "Point",
        "coordinates": [
          113.91365755471315,
          22.53117958204497
        ]
      }
    },
    {
      "type": "Feature",
      "properties": {
        "node_id": 62,
        "lat": 22.51818294427689,
        "lng": 113.91421483913334
      },
      "geometry": {
        "type": "Point",
        "coordinates": [
          113.91421483913334,
          22.51818294427689
        ]
      }
    },
    {
      "type": "Feature",
      "properties": {
        "node_id": 63,
        "lat": 22.535541636490763,
        "lng": 113.91431342967608
      },
      "geometry": {
        "type": "Point",
        "coordinates": [
          113.91431342967608,
          22.535541636490763
        ]
      }
    },
    {
      "type": "Feature",
      "properties": {
        "node_id": 64,
        "lat": 22.526939232915762,
        "lng": 113.91465239742979
      },
      "geometry": {
        "type": "Point",
        "coordinates": [
          113.91465239742979,
          22.526939232915762
        ]
      }
    },
    {
      "type": "Feature",
      "properties": {
        "node_id": 65,
        "lat": 22.53891279782764,
        "lng": 113.9147515891724
      },
      "geometry": {
        "type": "Point",
        "coordinates": [
          113.9147515891724,
          22.53891279782764
        ]
      }
    },
    {
      "type": "Feature",
      "properties": {
        "node_id": 66,
        "lat": 22.51041213408987,
        "lng": 113.91544496392207
      },
      "geometry": {
        "type": "Point",
        "coordinates": [
          113.91544496392207,
          22.51041213408987
        ]
      }
    },
    {
      "type": "Feature",
      "properties": {
        "node_id": 67,
        "lat": 22.543295810304926,
        "lng": 113.91555168052278
      },
      "geometry": {
        "type": "Point",
        "coordinates": [
          113.91555168052278,
          22.543295810304926
        ]
      }
    },
    {
      "type": "Feature",
      "properties": {
        "node_id": 68,
        "lat": 22.49991470176154,
        "lng": 113.91575714249556
      },
      "geometry": {
        "type": "Point",
        "coordinates": [
          113.91575714249556,
          22.49991470176154
        ]
      }
    },
    {
      "type": "Feature",
      "properties": {
        "node_id": 69,
        "lat": 22.498589392408043,
        "lng": 113.91702699983422
      },
      "geometry": {
        "type": "Point",
        "coordinates": [
          113.91702699983422,
          22.498589392408043
        ]
      }
    },
    {
      "type": "Feature",
      "properties": {
        "node_id": 70,
        "lat": 22.503296356725656,
        "lng": 113.91706442525583
      },
      "geometry": {
        "type": "Point",
        "coordinates": [
          113.91706442525583,
          22.503296356725656
        ]
      }
    },
    {
      "type": "Feature",
      "properties": {
        "node_id": 71,
        "lat": 22.521147066095672,
        "lng": 113.9173126746611
      },
      "geometry": {
        "type": "Point",
        "coordinates": [
          113.9173126746611,
          22.521147066095672
        ]
      }
    },
    {
      "type": "Feature",
      "properties": {
        "node_id": 72,
        "lat": 22.555689098644706,
        "lng": 113.9183623771103
      },
      "geometry": {
        "type": "Point",
        "coordinates": [
          113.9183623771103,
          22.555689098644706
        ]
      }
    },
    {
      "type": "Feature",
      "properties": {
        "node_id": 73,
        "lat": 22.56216735232931,
        "lng": 113.91841604064639
      },
      "geometry": {
        "type": "Point",
        "coordinates": [
          113.91841604064639,
          22.56216735232931
        ]
      }
    },
    {
      "type": "Feature",
      "properties": {
        "node_id": 74,
        "lat": 22.54919782188889,
        "lng": 113.91845249284833
      },
      "geometry": {
        "type": "Point",
        "coordinates": [
          113.91845249284833,
          22.54919782188889
        ]
      }
    },
    {
      "type": "Feature",
      "properties": {
        "node_id": 75,
        "lat": 22.52710131026249,
        "lng": 113.91868319115274
      },
      "geometry": {
        "type": "Point",
        "coordinates": [
          113.91868319115274,
          22.52710131026249
        ]
      }
    },
    {
      "type": "Feature",
      "properties": {
        "node_id": 76,
        "lat": 22.507886424693407,
        "lng": 113.91884829816902
      },
      "geometry": {
        "type": "Point",
        "coordinates": [
          113.91884829816902,
          22.507886424693407
        ]
      }
    },
    {
      "type": "Feature",
      "properties": {
        "node_id": 77,
        "lat": 22.54314415024019,
        "lng": 113.91907986133158
      },
      "geometry": {
        "type": "Point",
        "coordinates": [
          113.91907986133158,
          22.54314415024019
        ]
      }
    },
    {
      "type": "Feature",
      "properties": {
        "node_id": 78,
        "lat": 22.559274051874954,
        "lng": 113.91912238512164
      },
      "geometry": {
        "type": "Point",
        "coordinates": [
          113.91912238512164,
          22.559274051874954
        ]
      }
    },
    {
      "type": "Feature",
      "properties": {
        "node_id": 79,
        "lat": 22.530519038697452,
        "lng": 113.91948634605511
      },
      "geometry": {
        "type": "Point",
        "coordinates": [
          113.91948634605511,
          22.530519038697452
        ]
      }
    },
    {
      "type": "Feature",
      "properties": {
        "node_id": 80,
        "lat": 22.489748464398573,
        "lng": 113.91950699836211
      },
      "geometry": {
        "type": "Point",
        "coordinates": [
          113.91950699836211,
          22.489748464398573
        ]
      }
    },
    {
      "type": "Feature",
      "properties": {
        "node_id": 81,
        "lat": 22.502374406011576,
        "lng": 113.91987576190373
      },
      "geometry": {
        "type": "Point",
        "coordinates": [
          113.91987576190373,
          22.502374406011576
        ]
      }
    },
    {
      "type": "Feature",
      "properties": {
        "node_id": 82,
        "lat": 22.535349077284,
        "lng": 113.91998208161003
      },
      "geometry": {
        "type": "Point",
        "coordinates": [
          113.91998208161003,
          22.535349077284
        ]
      }
    },
    {
      "type": "Feature",
      "properties": {
        "node_id": 83,
        "lat": 22.50067062348852,
        "lng": 113.9199984779503
      },
      "geometry": {
        "type": "Point",
        "coordinates": [
          113.9199984779503,
          22.50067062348852
        ]
      }
    },
    {
      "type": "Feature",
      "properties": {
        "node_id": 84,
        "lat": 22.496590794426407,
        "lng": 113.92001434742069
      },
      "geometry": {
        "type": "Point",
        "coordinates": [
          113.92001434742069,
          22.496590794426407
        ]
      }
    },
    {
      "type": "Feature",
      "properties": {
        "node_id": 85,
        "lat": 22.493281898312713,
        "lng": 113.92010804972956
      },
      "geometry": {
        "type": "Point",
        "coordinates": [
          113.92010804972956,
          22.493281898312713
        ]
      }
    },
    {
      "type": "Feature",
      "properties": {
        "node_id": 86,
        "lat": 22.49228914200374,
        "lng": 113.92024333670983
      },
      "geometry": {
        "type": "Point",
        "coordinates": [
          113.92024333670983,
          22.49228914200374
        ]
      }
    },
    {
      "type": "Feature",
      "properties": {
        "node_id": 87,
        "lat": 22.512375556529083,
        "lng": 113.92067215819979
      },
      "geometry": {
        "type": "Point",
        "coordinates": [
          113.92067215819979,
          22.512375556529083
        ]
      }
    },
    {
      "type": "Feature",
      "properties": {
        "node_id": 88,
        "lat": 22.571190284044892,
        "lng": 113.921712309686
      },
      "geometry": {
        "type": "Point",
        "coordinates": [
          113.921712309686,
          22.571190284044892
        ]
      }
    },
    {
      "type": "Feature",
      "properties": {
        "node_id": 89,
        "lat": 22.517890943355216,
        "lng": 113.92210108976226
      },
      "geometry": {
        "type": "Point",
        "coordinates": [
          113.92210108976226,
          22.517890943355216
        ]
      }
    },
    {
      "type": "Feature",
      "properties": {
        "node_id": 90,
        "lat": 22.542981154684604,
        "lng": 113.92237766497719
      },
      "geometry": {
        "type": "Point",
        "coordinates": [
          113.92237766497719,
          22.542981154684604
        ]
      }
    },
    {
      "type": "Feature",
      "properties": {
        "node_id": 91,
        "lat": 22.5554602909746,
        "lng": 113.92296033262762
      },
      "geometry": {
        "type": "Point",
        "coordinates": [
          113.92296033262762,
          22.5554602909746
        ]
      }
    },
    {
      "type": "Feature",
      "properties": {
        "node_id": 92,
        "lat": 22.549191785289256,
        "lng": 113.92308884363223
      },
      "geometry": {
        "type": "Point",
        "coordinates": [
          113.92308884363223,
          22.549191785289256
        ]
      }
    },
    {
      "type": "Feature",
      "properties": {
        "node_id": 93,
        "lat": 22.535407756509674,
        "lng": 113.92319866903273
      },
      "geometry": {
        "type": "Point",
        "coordinates": [
          113.92319866903273,
          22.535407756509674
        ]
      }
    },
    {
      "type": "Feature",
      "properties": {
        "node_id": 94,
        "lat": 22.507836796707277,
        "lng": 113.92363986209493
      },
      "geometry": {
        "type": "Point",
        "coordinates": [
          113.92363986209493,
          22.507836796707277
        ]
      }
    },
    {
      "type": "Feature",
      "properties": {
        "node_id": 95,
        "lat": 22.502697407737358,
        "lng": 113.92436745497297
      },
      "geometry": {
        "type": "Point",
        "coordinates": [
          113.92436745497297,
          22.502697407737358
        ]
      }
    },
    {
      "type": "Feature",
      "properties": {
        "node_id": 96,
        "lat": 22.529562731903482,
        "lng": 113.92437144587201
      },
      "geometry": {
        "type": "Point",
        "coordinates": [
          113.92437144587201,
          22.529562731903482
        ]
      }
    },
    {
      "type": "Feature",
      "properties": {
        "node_id": 97,
        "lat": 22.500888400313134,
        "lng": 113.92461368493221
      },
      "geometry": {
        "type": "Point",
        "coordinates": [
          113.92461368493221,
          22.500888400313134
        ]
      }
    },
    {
      "type": "Feature",
      "properties": {
        "node_id": 98,
        "lat": 22.525672953856674,
        "lng": 113.92466604507574
      },
      "geometry": {
        "type": "Point",
        "coordinates": [
          113.92466604507574,
          22.525672953856674
        ]
      }
    },
    {
      "type": "Feature",
      "properties": {
        "node_id": 99,
        "lat": 22.584491722683204,
        "lng": 113.92498946271634
      },
      "geometry": {
        "type": "Point",
        "coordinates": [
          113.92498946271634,
          22.584491722683204
        ]
      }
    },
    {
      "type": "Feature",
      "properties": {
        "node_id": 100,
        "lat": 22.497678871393315,
        "lng": 113.92501977982042
      },
      "geometry": {
        "type": "Point",
        "coordinates": [
          113.92501977982042,
          22.497678871393315
        ]
      }
    },
    {
      "type": "Feature",
      "properties": {
        "node_id": 101,
        "lat": 22.59014568615612,
        "lng": 113.92528747970316
      },
      "geometry": {
        "type": "Point",
        "coordinates": [
          113.92528747970316,
          22.59014568615612
        ]
      }
    },
    {
      "type": "Feature",
      "properties": {
        "node_id": 102,
        "lat": 22.486279134912287,
        "lng": 113.92610225668767
      },
      "geometry": {
        "type": "Point",
        "coordinates": [
          113.92610225668767,
          22.486279134912287
        ]
      }
    },
    {
      "type": "Feature",
      "properties": {
        "node_id": 103,
        "lat": 22.535472063655607,
        "lng": 113.92703115571747
      },
      "geometry": {
        "type": "Point",
        "coordinates": [
          113.92703115571747,
          22.535472063655607
        ]
      }
    },
    {
      "type": "Feature",
      "properties": {
        "node_id": 104,
        "lat": 22.542755920092958,
        "lng": 113.92703727680991
      },
      "geometry": {
        "type": "Point",
        "coordinates": [
          113.92703727680991,
          22.542755920092958
        ]
      }
    },
    {
      "type": "Feature",
      "properties": {
        "node_id": 105,
        "lat": 22.54576673124048,
        "lng": 113.92722079305096
      },
      "geometry": {
        "type": "Point",
        "coordinates": [
          113.92722079305096,
          22.54576673124048
        ]
      }
    },
    {
      "type": "Feature",
      "properties": {
        "node_id": 106,
        "lat": 22.507895934604573,
        "lng": 113.9272426790879
      },
      "geometry": {
        "type": "Point",
        "coordinates": [
          113.9272426790879,
          22.507895934604573
        ]
      }
    },
    {
      "type": "Feature",
      "properties": {
        "node_id": 107,
        "lat": 22.488952191650355,
        "lng": 113.92753519202904
      },
      "geometry": {
        "type": "Point",
        "coordinates": [
          113.92753519202904,
          22.488952191650355
        ]
      }
    },
    {
      "type": "Feature",
      "properties": {
        "node_id": 108,
        "lat": 22.5129567288776,
        "lng": 113.92760266507254
      },
      "geometry": {
        "type": "Point",
        "coordinates": [
          113.92760266507254,
          22.5129567288776
        ]
      }
    },
    {
      "type": "Feature",
      "properties": {
        "node_id": 109,
        "lat": 22.517935130108228,
        "lng": 113.92766759091357
      },
      "geometry": {
        "type": "Point",
        "coordinates": [
          113.92766759091357,
          22.517935130108228
        ]
      }
    },
    {
      "type": "Feature",
      "properties": {
        "node_id": 110,
        "lat": 22.519691268573496,
        "lng": 113.92777418266436
      },
      "geometry": {
        "type": "Point",
        "coordinates": [
          113.92777418266436,
          22.519691268573496
        ]
      }
    },
    {
      "type": "Feature",
      "properties": {
        "node_id": 111,
        "lat": 22.502871453455267,
        "lng": 113.92809736664137
      },
      "geometry": {
        "type": "Point",
        "coordinates": [
          113.92809736664137,
          22.502871453455267
        ]
      }
    },
    {
      "type": "Feature",
      "properties": {
        "node_id": 112,
        "lat": 22.52273379015248,
        "lng": 113.92823894548265
      },
      "geometry": {
        "type": "Point",
        "coordinates": [
          113.92823894548265,
          22.52273379015248
        ]
      }
    },
    {
      "type": "Feature",
      "properties": {
        "node_id": 113,
        "lat": 22.555163385781338,
        "lng": 113.92860385948286
      },
      "geometry": {
        "type": "Point",
        "coordinates": [
          113.92860385948286,
          22.555163385781338
        ]
      }
    },
    {
      "type": "Feature",
      "properties": {
        "node_id": 114,
        "lat": 22.549267630631913,
        "lng": 113.9286917187122
      },
      "geometry": {
        "type": "Point",
        "coordinates": [
          113.9286917187122,
          22.549267630631913
        ]
      }
    },
    {
      "type": "Feature",
      "properties": {
        "node_id": 115,
        "lat": 22.52472974959236,
        "lng": 113.92882994801208
      },
      "geometry": {
        "type": "Point",
        "coordinates": [
          113.92882994801208,
          22.52472974959236
        ]
      }
    },
    {
      "type": "Feature",
      "properties": {
        "node_id": 116,
        "lat": 22.571556582290153,
        "lng": 113.9288841843624
      },
      "geometry": {
        "type": "Point",
        "coordinates": [
          113.9288841843624,
          22.571556582290153
        ]
      }
    },
    {
      "type": "Feature",
      "properties": {
        "node_id": 117,
        "lat": 22.498017666292228,
        "lng": 113.92899903198924
      },
      "geometry": {
        "type": "Point",
        "coordinates": [
          113.92899903198924,
          22.498017666292228
        ]
      }
    },
    {
      "type": "Feature",
      "properties": {
        "node_id": 118,
        "lat": 22.567541759789396,
        "lng": 113.92902424242568
      },
      "geometry": {
        "type": "Point",
        "coordinates": [
          113.92902424242568,
          22.567541759789396
        ]
      }
    },
    {
      "type": "Feature",
      "properties": {
        "node_id": 119,
        "lat": 22.55972334155615,
        "lng": 113.92916284381651
      },
      "geometry": {
        "type": "Point",
        "coordinates": [
          113.92916284381651,
          22.55972334155615
        ]
      }
    },
    {
      "type": "Feature",
      "properties": {
        "node_id": 120,
        "lat": 22.52808260933383,
        "lng": 113.93037437992618
      },
      "geometry": {
        "type": "Point",
        "coordinates": [
          113.93037437992618,
          22.52808260933383
        ]
      }
    },
    {
      "type": "Feature",
      "properties": {
        "node_id": 121,
        "lat": 22.545784284791253,
        "lng": 113.93087876748467
      },
      "geometry": {
        "type": "Point",
        "coordinates": [
          113.93087876748467,
          22.545784284791253
        ]
      }
    },
    {
      "type": "Feature",
      "properties": {
        "node_id": 122,
        "lat": 22.517069031462057,
        "lng": 113.93121366684092
      },
      "geometry": {
        "type": "Point",
        "coordinates": [
          113.93121366684092,
          22.517069031462057
        ]
      }
    },
    {
      "type": "Feature",
      "properties": {
        "node_id": 123,
        "lat": 22.549262357764153,
        "lng": 113.93126802952813
      },
      "geometry": {
        "type": "Point",
        "coordinates": [
          113.93126802952813,
          22.549262357764153
        ]
      }
    },
    {
      "type": "Feature",
      "properties": {
        "node_id": 124,
        "lat": 22.607236788909844,
        "lng": 113.93139468387517
      },
      "geometry": {
        "type": "Point",
        "coordinates": [
          113.93139468387517,
          22.607236788909844
        ]
      }
    },
    {
      "type": "Feature",
      "properties": {
        "node_id": 125,
        "lat": 22.489221170172776,
        "lng": 113.93165983219932
      },
      "geometry": {
        "type": "Point",
        "coordinates": [
          113.93165983219932,
          22.489221170172776
        ]
      }
    },
    {
      "type": "Feature",
      "properties": {
        "node_id": 126,
        "lat": 22.518814642367598,
        "lng": 113.93168032366526
      },
      "geometry": {
        "type": "Point",
        "coordinates": [
          113.93168032366526,
          22.518814642367598
        ]
      }
    },
    {
      "type": "Feature",
      "properties": {
        "node_id": 127,
        "lat": 22.522223340202547,
        "lng": 113.9325888805923
      },
      "geometry": {
        "type": "Point",
        "coordinates": [
          113.9325888805923,
          22.522223340202547
        ]
      }
    },
    {
      "type": "Feature",
      "properties": {
        "node_id": 128,
        "lat": 22.583403738655512,
        "lng": 113.9326274431606
      },
      "geometry": {
        "type": "Point",
        "coordinates": [
          113.9326274431606,
          22.583403738655512
        ]
      }
    },
    {
      "type": "Feature",
      "properties": {
        "node_id": 129,
        "lat": 22.524604347162974,
        "lng": 113.9328301988787
      },
      "geometry": {
        "type": "Point",
        "coordinates": [
          113.9328301988787,
          22.524604347162974
        ]
      }
    },
    {
      "type": "Feature",
      "properties": {
        "node_id": 130,
        "lat": 22.513054912542493,
        "lng": 113.93283232977677
      },
      "geometry": {
        "type": "Point",
        "coordinates": [
          113.93283232977677,
          22.513054912542493
        ]
      }
    },
    {
      "type": "Feature",
      "properties": {
        "node_id": 131,
        "lat": 22.503128462276912,
        "lng": 113.93288454791673
      },
      "geometry": {
        "type": "Point",
        "coordinates": [
          113.93288454791673,
          22.503128462276912
        ]
      }
    },
    {
      "type": "Feature",
      "properties": {
        "node_id": 132,
        "lat": 22.507993148516846,
        "lng": 113.9328847451859
      },
      "geometry": {
        "type": "Point",
        "coordinates": [
          113.9328847451859,
          22.507993148516846
        ]
      }
    },
    {
      "type": "Feature",
      "properties": {
        "node_id": 133,
        "lat": 22.49900563620638,
        "lng": 113.93329320209466
      },
      "geometry": {
        "type": "Point",
        "coordinates": [
          113.93329320209466,
          22.49900563620638
        ]
      }
    },
    {
      "type": "Feature",
      "properties": {
        "node_id": 134,
        "lat": 22.545562570540095,
        "lng": 113.9335304063328
      },
      "geometry": {
        "type": "Point",
        "coordinates": [
          113.9335304063328,
          22.545562570540095
        ]
      }
    },
    {
      "type": "Feature",
      "properties": {
        "node_id": 135,
        "lat": 22.542566725375753,
        "lng": 113.93362528621417
      },
      "geometry": {
        "type": "Point",
        "coordinates": [
          113.93362528621417,
          22.542566725375753
        ]
      }
    },
    {
      "type": "Feature",
      "properties": {
        "node_id": 136,
        "lat": 22.54928081061989,
        "lng": 113.9338884190364
      },
      "geometry": {
        "type": "Point",
        "coordinates": [
          113.9338884190364,
          22.54928081061989
        ]
      }
    },
    {
      "type": "Feature",
      "properties": {
        "node_id": 137,
        "lat": 22.51641736310585,
        "lng": 113.9339837629808
      },
      "geometry": {
        "type": "Point",
        "coordinates": [
          113.9339837629808,
          22.51641736310585
        ]
      }
    },
    {
      "type": "Feature",
      "properties": {
        "node_id": 138,
        "lat": 22.628176503700335,
        "lng": 113.93407315659503
      },
      "geometry": {
        "type": "Point",
        "coordinates": [
          113.93407315659503,
          22.628176503700335
        ]
      }
    },
    {
      "type": "Feature",
      "properties": {
        "node_id": 139,
        "lat": 22.57142620092198,
        "lng": 113.93420994839595
      },
      "geometry": {
        "type": "Point",
        "coordinates": [
          113.93420994839595,
          22.57142620092198
        ]
      }
    },
    {
      "type": "Feature",
      "properties": {
        "node_id": 140,
        "lat": 22.566067756597082,
        "lng": 113.93422557095388
      },
      "geometry": {
        "type": "Point",
        "coordinates": [
          113.93422557095388,
          22.566067756597082
        ]
      }
    },
    {
      "type": "Feature",
      "properties": {
        "node_id": 141,
        "lat": 22.559793300392414,
        "lng": 113.93432033999377
      },
      "geometry": {
        "type": "Point",
        "coordinates": [
          113.93432033999377,
          22.559793300392414
        ]
      }
    },
    {
      "type": "Feature",
      "properties": {
        "node_id": 142,
        "lat": 22.555326069674344,
        "lng": 113.9344094959438
      },
      "geometry": {
        "type": "Point",
        "coordinates": [
          113.9344094959438,
          22.555326069674344
        ]
      }
    },
    {
      "type": "Feature",
      "properties": {
        "node_id": 143,
        "lat": 22.5526379362961,
        "lng": 113.93452864345589
      },
      "geometry": {
        "type": "Point",
        "coordinates": [
          113.93452864345589,
          22.5526379362961
        ]
      }
    },
    {
      "type": "Feature",
      "properties": {
        "node_id": 144,
        "lat": 22.518135909198655,
        "lng": 113.93460235942992
      },
      "geometry": {
        "type": "Point",
        "coordinates": [
          113.93460235942992,
          22.518135909198655
        ]
      }
    },
    {
      "type": "Feature",
      "properties": {
        "node_id": 145,
        "lat": 22.485559882250058,
        "lng": 113.93472586208287
      },
      "geometry": {
        "type": "Point",
        "coordinates": [
          113.93472586208287,
          22.485559882250058
        ]
      }
    },
    {
      "type": "Feature",
      "properties": {
        "node_id": 146,
        "lat": 22.49012975576919,
        "lng": 113.93509044031764
      },
      "geometry": {
        "type": "Point",
        "coordinates": [
          113.93509044031764,
          22.49012975576919
        ]
      }
    },
    {
      "type": "Feature",
      "properties": {
        "node_id": 147,
        "lat": 22.521882401451766,
        "lng": 113.93592173207571
      },
      "geometry": {
        "type": "Point",
        "coordinates": [
          113.93592173207571,
          22.521882401451766
        ]
      }
    },
    {
      "type": "Feature",
      "properties": {
        "node_id": 148,
        "lat": 22.50801811063514,
        "lng": 113.93624405841847
      },
      "geometry": {
        "type": "Point",
        "coordinates": [
          113.93624405841847,
          22.50801811063514
        ]
      }
    },
    {
      "type": "Feature",
      "properties": {
        "node_id": 149,
        "lat": 22.524510637704143,
        "lng": 113.93686389378978
      },
      "geometry": {
        "type": "Point",
        "coordinates": [
          113.93686389378978,
          22.524510637704143
        ]
      }
    },
    {
      "type": "Feature",
      "properties": {
        "node_id": 150,
        "lat": 22.54932887399184,
        "lng": 113.93709430815161
      },
      "geometry": {
        "type": "Point",
        "coordinates": [
          113.93709430815161,
          22.54932887399184
        ]
      }
    },
    {
      "type": "Feature",
      "properties": {
        "node_id": 151,
        "lat": 22.546154301937413,
        "lng": 113.9371687708529
      },
      "geometry": {
        "type": "Point",
        "coordinates": [
          113.9371687708529,
          22.546154301937413
        ]
      }
    },
    {
      "type": "Feature",
      "properties": {
        "node_id": 152,
        "lat": 22.4907557580563,
        "lng": 113.93727985450884
      },
      "geometry": {
        "type": "Point",
        "coordinates": [
          113.93727985450884,
          22.4907557580563
        ]
      }
    },
    {
      "type": "Feature",
      "properties": {
        "node_id": 153,
        "lat": 22.535138197245878,
        "lng": 113.93733344291611
      },
      "geometry": {
        "type": "Point",
        "coordinates": [
          113.93733344291611,
          22.535138197245878
        ]
      }
    },
    {
      "type": "Feature",
      "properties": {
        "node_id": 154,
        "lat": 22.539184502584515,
        "lng": 113.93746491196119
      },
      "geometry": {
        "type": "Point",
        "coordinates": [
          113.93746491196119,
          22.539184502584515
        ]
      }
    },
    {
      "type": "Feature",
      "properties": {
        "node_id": 155,
        "lat": 22.48879083827142,
        "lng": 113.93826468348098
      },
      "geometry": {
        "type": "Point",
        "coordinates": [
          113.93826468348098,
          22.48879083827142
        ]
      }
    },
    {
      "type": "Feature",
      "properties": {
        "node_id": 156,
        "lat": 22.52123067320793,
        "lng": 113.93851327239692
      },
      "geometry": {
        "type": "Point",
        "coordinates": [
          113.93851327239692,
          22.52123067320793
        ]
      }
    },
    {
      "type": "Feature",
      "properties": {
        "node_id": 157,
        "lat": 22.50804835743095,
        "lng": 113.93889061909843
      },
      "geometry": {
        "type": "Point",
        "coordinates": [
          113.93889061909843,
          22.50804835743095
        ]
      }
    },
    {
      "type": "Feature",
      "properties": {
        "node_id": 158,
        "lat": 22.593858272198737,
        "lng": 113.94041908815348
      },
      "geometry": {
        "type": "Point",
        "coordinates": [
          113.94041908815348,
          22.593858272198737
        ]
      }
    },
    {
      "type": "Feature",
      "properties": {
        "node_id": 159,
        "lat": 22.555278860432814,
        "lng": 113.94044498211649
      },
      "geometry": {
        "type": "Point",
        "coordinates": [
          113.94044498211649,
          22.555278860432814
        ]
      }
    },
    {
      "type": "Feature",
      "properties": {
        "node_id": 160,
        "lat": 22.552746730140075,
        "lng": 113.94049168279422
      },
      "geometry": {
        "type": "Point",
        "coordinates": [
          113.94049168279422,
          22.552746730140075
        ]
      }
    },
    {
      "type": "Feature",
      "properties": {
        "node_id": 161,
        "lat": 22.54989376329569,
        "lng": 113.94054833451014
      },
      "geometry": {
        "type": "Point",
        "coordinates": [
          113.94054833451014,
          22.54989376329569
        ]
      }
    },
    {
      "type": "Feature",
      "properties": {
        "node_id": 162,
        "lat": 22.546167789364052,
        "lng": 113.94061602185715
      },
      "geometry": {
        "type": "Point",
        "coordinates": [
          113.94061602185715,
          22.546167789364052
        ]
      }
    },
    {
      "type": "Feature",
      "properties": {
        "node_id": 163,
        "lat": 22.565676526530275,
        "lng": 113.94063713759725
      },
      "geometry": {
        "type": "Point",
        "coordinates": [
          113.94063713759725,
          22.565676526530275
        ]
      }
    },
    {
      "type": "Feature",
      "properties": {
        "node_id": 164,
        "lat": 22.54287695464591,
        "lng": 113.94065584010151
      },
      "geometry": {
        "type": "Point",
        "coordinates": [
          113.94065584010151,
          22.54287695464591
        ]
      }
    },
    {
      "type": "Feature",
      "properties": {
        "node_id": 165,
        "lat": 22.54147649775083,
        "lng": 113.940701903562
      },
      "geometry": {
        "type": "Point",
        "coordinates": [
          113.940701903562,
          22.54147649775083
        ]
      }
    },
    {
      "type": "Feature",
      "properties": {
        "node_id": 166,
        "lat": 22.55993307030541,
        "lng": 113.94073437914938
      },
      "geometry": {
        "type": "Point",
        "coordinates": [
          113.94073437914938,
          22.55993307030541
        ]
      }
    },
    {
      "type": "Feature",
      "properties": {
        "node_id": 167,
        "lat": 22.53927031616407,
        "lng": 113.94073917395764
      },
      "geometry": {
        "type": "Point",
        "coordinates": [
          113.94073917395764,
          22.53927031616407
        ]
      }
    },
    {
      "type": "Feature",
      "properties": {
        "node_id": 168,
        "lat": 22.520661665576892,
        "lng": 113.94079708941275
      },
      "geometry": {
        "type": "Point",
        "coordinates": [
          113.94079708941275,
          22.520661665576892
        ]
      }
    },
    {
      "type": "Feature",
      "properties": {
        "node_id": 169,
        "lat": 22.53570869804891,
        "lng": 113.94080901314373
      },
      "geometry": {
        "type": "Point",
        "coordinates": [
          113.94080901314373,
          22.53570869804891
        ]
      }
    },
    {
      "type": "Feature",
      "properties": {
        "node_id": 170,
        "lat": 22.532528616163034,
        "lng": 113.94087538220244
      },
      "geometry": {
        "type": "Point",
        "coordinates": [
          113.94087538220244,
          22.532528616163034
        ]
      }
    },
    {
      "type": "Feature",
      "properties": {
        "node_id": 171,
        "lat": 22.530003889029082,
        "lng": 113.94092576190694
      },
      "geometry": {
        "type": "Point",
        "coordinates": [
          113.94092576190694,
          22.530003889029082
        ]
      }
    },
    {
      "type": "Feature",
      "properties": {
        "node_id": 172,
        "lat": 22.527355514191445,
        "lng": 113.94096650351557
      },
      "geometry": {
        "type": "Point",
        "coordinates": [
          113.94096650351557,
          22.527355514191445
        ]
      }
    },
    {
      "type": "Feature",
      "properties": {
        "node_id": 173,
        "lat": 22.52443950198271,
        "lng": 113.94102380504516
      },
      "geometry": {
        "type": "Point",
        "coordinates": [
          113.94102380504516,
          22.52443950198271
        ]
      }
    },
    {
      "type": "Feature",
      "properties": {
        "node_id": 174,
        "lat": 22.59696370857768,
        "lng": 113.94119282787645
      },
      "geometry": {
        "type": "Point",
        "coordinates": [
          113.94119282787645,
          22.59696370857768
        ]
      }
    },
    {
      "type": "Feature",
      "properties": {
        "node_id": 175,
        "lat": 22.530020180500745,
        "lng": 113.94305810100175
      },
      "geometry": {
        "type": "Point",
        "coordinates": [
          113.94305810100175,
          22.530020180500745
        ]
      }
    },
    {
      "type": "Feature",
      "properties": {
        "node_id": 176,
        "lat": 22.527380934187534,
        "lng": 113.94311292213928
      },
      "geometry": {
        "type": "Point",
        "coordinates": [
          113.94311292213928,
          22.527380934187534
        ]
      }
    },
    {
      "type": "Feature",
      "properties": {
        "node_id": 177,
        "lat": 22.58704079794295,
        "lng": 113.94321505906792
      },
      "geometry": {
        "type": "Point",
        "coordinates": [
          113.94321505906792,
          22.58704079794295
        ]
      }
    },
    {
      "type": "Feature",
      "properties": {
        "node_id": 178,
        "lat": 22.583565732632298,
        "lng": 113.94329889053077
      },
      "geometry": {
        "type": "Point",
        "coordinates": [
          113.94329889053077,
          22.583565732632298
        ]
      }
    },
    {
      "type": "Feature",
      "properties": {
        "node_id": 179,
        "lat": 22.571423744255597,
        "lng": 113.94354009017981
      },
      "geometry": {
        "type": "Point",
        "coordinates": [
          113.94354009017981,
          22.571423744255597
        ]
      }
    },
    {
      "type": "Feature",
      "properties": {
        "node_id": 180,
        "lat": 22.54837365475053,
        "lng": 113.94488235208226
      },
      "geometry": {
        "type": "Point",
        "coordinates": [
          113.94488235208226,
          22.54837365475053
        ]
      }
    },
    {
      "type": "Feature",
      "properties": {
        "node_id": 181,
        "lat": 22.546223245005116,
        "lng": 113.9448960353992
      },
      "geometry": {
        "type": "Point",
        "coordinates": [
          113.9448960353992,
          22.546223245005116
        ]
      }
    },
    {
      "type": "Feature",
      "properties": {
        "node_id": 182,
        "lat": 22.543057865607658,
        "lng": 113.94495075485669
      },
      "geometry": {
        "type": "Point",
        "coordinates": [
          113.94495075485669,
          22.543057865607658
        ]
      }
    },
    {
      "type": "Feature",
      "properties": {
        "node_id": 183,
        "lat": 22.541722134578407,
        "lng": 113.94500034573726
      },
      "geometry": {
        "type": "Point",
        "coordinates": [
          113.94500034573726,
          22.541722134578407
        ]
      }
    },
    {
      "type": "Feature",
      "properties": {
        "node_id": 184,
        "lat": 22.53934678179247,
        "lng": 113.94503152234213
      },
      "geometry": {
        "type": "Point",
        "coordinates": [
          113.94503152234213,
          22.53934678179247
        ]
      }
    },
    {
      "type": "Feature",
      "properties": {
        "node_id": 185,
        "lat": 22.5357689094243,
        "lng": 113.94508835196754
      },
      "geometry": {
        "type": "Point",
        "coordinates": [
          113.94508835196754,
          22.5357689094243
        ]
      }
    },
    {
      "type": "Feature",
      "properties": {
        "node_id": 186,
        "lat": 22.532551249725426,
        "lng": 113.9451563799446
      },
      "geometry": {
        "type": "Point",
        "coordinates": [
          113.9451563799446,
          22.532551249725426
        ]
      }
    },
    {
      "type": "Feature",
      "properties": {
        "node_id": 187,
        "lat": 22.53006737106261,
        "lng": 113.94519596270142
      },
      "geometry": {
        "type": "Point",
        "coordinates": [
          113.94519596270142,
          22.53006737106261
        ]
      }
    },
    {
      "type": "Feature",
      "properties": {
        "node_id": 188,
        "lat": 22.527421748435525,
        "lng": 113.94523311773484
      },
      "geometry": {
        "type": "Point",
        "coordinates": [
          113.94523311773484,
          22.527421748435525
        ]
      }
    },
    {
      "type": "Feature",
      "properties": {
        "node_id": 189,
        "lat": 22.524335667786218,
        "lng": 113.94526631191155
      },
      "geometry": {
        "type": "Point",
        "coordinates": [
          113.94526631191155,
          22.524335667786218
        ]
      }
    },
    {
      "type": "Feature",
      "properties": {
        "node_id": 190,
        "lat": 22.587076309710856,
        "lng": 113.94611591286542
      },
      "geometry": {
        "type": "Point",
        "coordinates": [
          113.94611591286542,
          22.587076309710856
        ]
      }
    },
    {
      "type": "Feature",
      "properties": {
        "node_id": 191,
        "lat": 22.508095089997525,
        "lng": 113.94651465439877
      },
      "geometry": {
        "type": "Point",
        "coordinates": [
          113.94651465439877,
          22.508095089997525
        ]
      }
    },
    {
      "type": "Feature",
      "properties": {
        "node_id": 192,
        "lat": 22.56528031825645,
        "lng": 113.94664469610183
      },
      "geometry": {
        "type": "Point",
        "coordinates": [
          113.94664469610183,
          22.56528031825645
        ]
      }
    },
    {
      "type": "Feature",
      "properties": {
        "node_id": 193,
        "lat": 22.558876574434354,
        "lng": 113.94705296723521
      },
      "geometry": {
        "type": "Point",
        "coordinates": [
          113.94705296723521,
          22.558876574434354
        ]
      }
    },
    {
      "type": "Feature",
      "properties": {
        "node_id": 194,
        "lat": 22.530084996801254,
        "lng": 113.94750680453961
      },
      "geometry": {
        "type": "Point",
        "coordinates": [
          113.94750680453961,
          22.530084996801254
        ]
      }
    },
    {
      "type": "Feature",
      "properties": {
        "node_id": 195,
        "lat": 22.555802032885993,
        "lng": 113.9480536021723
      },
      "geometry": {
        "type": "Point",
        "coordinates": [
          113.9480536021723,
          22.555802032885993
        ]
      }
    },
    {
      "type": "Feature",
      "properties": {
        "node_id": 196,
        "lat": 22.518614910148205,
        "lng": 113.94815267886901
      },
      "geometry": {
        "type": "Point",
        "coordinates": [
          113.94815267886901,
          22.518614910148205
        ]
      }
    },
    {
      "type": "Feature",
      "properties": {
        "node_id": 197,
        "lat": 22.55061951180267,
        "lng": 113.94891683562145
      },
      "geometry": {
        "type": "Point",
        "coordinates": [
          113.94891683562145,
          22.55061951180267
        ]
      }
    },
    {
      "type": "Feature",
      "properties": {
        "node_id": 198,
        "lat": 22.523947525857306,
        "lng": 113.94898263741224
      },
      "geometry": {
        "type": "Point",
        "coordinates": [
          113.94898263741224,
          22.523947525857306
        ]
      }
    },
    {
      "type": "Feature",
      "properties": {
        "node_id": 199,
        "lat": 22.54574728842403,
        "lng": 113.94902131067943
      },
      "geometry": {
        "type": "Point",
        "coordinates": [
          113.94902131067943,
          22.54574728842403
        ]
      }
    },
    {
      "type": "Feature",
      "properties": {
        "node_id": 200,
        "lat": 22.54189691506476,
        "lng": 113.94909021374272
      },
      "geometry": {
        "type": "Point",
        "coordinates": [
          113.94909021374272,
          22.54189691506476
        ]
      }
    },
    {
      "type": "Feature",
      "properties": {
        "node_id": 201,
        "lat": 22.53939379790438,
        "lng": 113.94913894085919
      },
      "geometry": {
        "type": "Point",
        "coordinates": [
          113.94913894085919,
          22.53939379790438
        ]
      }
    },
    {
      "type": "Feature",
      "properties": {
        "node_id": 202,
        "lat": 22.54326375739218,
        "lng": 113.94914125164786
      },
      "geometry": {
        "type": "Point",
        "coordinates": [
          113.94914125164786,
          22.54326375739218
        ]
      }
    },
    {
      "type": "Feature",
      "properties": {
        "node_id": 203,
        "lat": 22.579801616310352,
        "lng": 113.94942844485166
      },
      "geometry": {
        "type": "Point",
        "coordinates": [
          113.94942844485166,
          22.579801616310352
        ]
      }
    },
    {
      "type": "Feature",
      "properties": {
        "node_id": 204,
        "lat": 22.58366032505617,
        "lng": 113.94959749762185
      },
      "geometry": {
        "type": "Point",
        "coordinates": [
          113.94959749762185,
          22.58366032505617
        ]
      }
    },
    {
      "type": "Feature",
      "properties": {
        "node_id": 205,
        "lat": 22.590812285656952,
        "lng": 113.94982903747655
      },
      "geometry": {
        "type": "Point",
        "coordinates": [
          113.94982903747655,
          22.590812285656952
        ]
      }
    },
    {
      "type": "Feature",
      "properties": {
        "node_id": 206,
        "lat": 22.586796230910394,
        "lng": 113.9498549816802
      },
      "geometry": {
        "type": "Point",
        "coordinates": [
          113.9498549816802,
          22.586796230910394
        ]
      }
    },
    {
      "type": "Feature",
      "properties": {
        "node_id": 207,
        "lat": 22.530131805070617,
        "lng": 113.94989028962215
      },
      "geometry": {
        "type": "Point",
        "coordinates": [
          113.94989028962215,
          22.530131805070617
        ]
      }
    },
    {
      "type": "Feature",
      "properties": {
        "node_id": 208,
        "lat": 22.571414642216716,
        "lng": 113.95001395563074
      },
      "geometry": {
        "type": "Point",
        "coordinates": [
          113.95001395563074,
          22.571414642216716
        ]
      }
    },
    {
      "type": "Feature",
      "properties": {
        "node_id": 209,
        "lat": 22.535837995312843,
        "lng": 113.95058751125642
      },
      "geometry": {
        "type": "Point",
        "coordinates": [
          113.95058751125642,
          22.535837995312843
        ]
      }
    },
    {
      "type": "Feature",
      "properties": {
        "node_id": 210,
        "lat": 22.5385499463977,
        "lng": 113.95074248018543
      },
      "geometry": {
        "type": "Point",
        "coordinates": [
          113.95074248018543,
          22.5385499463977
        ]
      }
    },
    {
      "type": "Feature",
      "properties": {
        "node_id": 211,
        "lat": 22.579059411399193,
        "lng": 113.95091127989049
      },
      "geometry": {
        "type": "Point",
        "coordinates": [
          113.95091127989049,
          22.579059411399193
        ]
      }
    },
    {
      "type": "Feature",
      "properties": {
        "node_id": 212,
        "lat": 22.571404713785576,
        "lng": 113.95228764744812
      },
      "geometry": {
        "type": "Point",
        "coordinates": [
          113.95228764744812,
          22.571404713785576
        ]
      }
    },
    {
      "type": "Feature",
      "properties": {
        "node_id": 213,
        "lat": 22.564458280598842,
        "lng": 113.95285691063376
      },
      "geometry": {
        "type": "Point",
        "coordinates": [
          113.95285691063376,
          22.564458280598842
        ]
      }
    },
    {
      "type": "Feature",
      "properties": {
        "node_id": 214,
        "lat": 22.559754974639638,
        "lng": 113.95289649940969
      },
      "geometry": {
        "type": "Point",
        "coordinates": [
          113.95289649940969,
          22.559754974639638
        ]
      }
    },
    {
      "type": "Feature",
      "properties": {
        "node_id": 215,
        "lat": 22.55629662383351,
        "lng": 113.95295093604281
      },
      "geometry": {
        "type": "Point",
        "coordinates": [
          113.95295093604281,
          22.55629662383351
        ]
      }
    },
    {
      "type": "Feature",
      "properties": {
        "node_id": 216,
        "lat": 22.551150460085378,
        "lng": 113.95380901865529
      },
      "geometry": {
        "type": "Point",
        "coordinates": [
          113.95380901865529,
          22.551150460085378
        ]
      }
    },
    {
      "type": "Feature",
      "properties": {
        "node_id": 217,
        "lat": 22.574832570283245,
        "lng": 113.95382237622054
      },
      "geometry": {
        "type": "Point",
        "coordinates": [
          113.95382237622054,
          22.574832570283245
        ]
      }
    },
    {
      "type": "Feature",
      "properties": {
        "node_id": 218,
        "lat": 22.543338183999026,
        "lng": 113.95424935628246
      },
      "geometry": {
        "type": "Point",
        "coordinates": [
          113.95424935628246,
          22.543338183999026
        ]
      }
    },
    {
      "type": "Feature",
      "properties": {
        "node_id": 219,
        "lat": 22.546263385815337,
        "lng": 113.95449108339152
      },
      "geometry": {
        "type": "Point",
        "coordinates": [
          113.95449108339152,
          22.546263385815337
        ]
      }
    },
    {
      "type": "Feature",
      "properties": {
        "node_id": 220,
        "lat": 22.583750429075135,
        "lng": 113.95543900855557
      },
      "geometry": {
        "type": "Point",
        "coordinates": [
          113.95543900855557,
          22.583750429075135
        ]
      }
    },
    {
      "type": "Feature",
      "properties": {
        "node_id": 221,
        "lat": 22.631120849554282,
        "lng": 113.95718021694226
      },
      "geometry": {
        "type": "Point",
        "coordinates": [
          113.95718021694226,
          22.631120849554282
        ]
      }
    },
    {
      "type": "Feature",
      "properties": {
        "node_id": 222,
        "lat": 22.59633987662602,
        "lng": 113.95804311106248
      },
      "geometry": {
        "type": "Point",
        "coordinates": [
          113.95804311106248,
          22.59633987662602
        ]
      }
    },
    {
      "type": "Feature",
      "properties": {
        "node_id": 223,
        "lat": 22.52287226827003,
        "lng": 113.9585108790081
      },
      "geometry": {
        "type": "Point",
        "coordinates": [
          113.9585108790081,
          22.52287226827003
        ]
      }
    },
    {
      "type": "Feature",
      "properties": {
        "node_id": 224,
        "lat": 22.596274317633434,
        "lng": 113.95921540399402
      },
      "geometry": {
        "type": "Point",
        "coordinates": [
          113.95921540399402,
          22.596274317633434
        ]
      }
    },
    {
      "type": "Feature",
      "properties": {
        "node_id": 225,
        "lat": 22.53469044885995,
        "lng": 113.959257553937
      },
      "geometry": {
        "type": "Point",
        "coordinates": [
          113.959257553937,
          22.53469044885995
        ]
      }
    },
    {
      "type": "Feature",
      "properties": {
        "node_id": 226,
        "lat": 22.543260310153926,
        "lng": 113.959758363369
      },
      "geometry": {
        "type": "Point",
        "coordinates": [
          113.959758363369,
          22.543260310153926
        ]
      }
    },
    {
      "type": "Feature",
      "properties": {
        "node_id": 227,
        "lat": 22.57048176931792,
        "lng": 113.9602547210752
      },
      "geometry": {
        "type": "Point",
        "coordinates": [
          113.9602547210752,
          22.57048176931792
        ]
      }
    },
    {
      "type": "Feature",
      "properties": {
        "node_id": 228,
        "lat": 22.584924558413558,
        "lng": 113.96063046004687
      },
      "geometry": {
        "type": "Point",
        "coordinates": [
          113.96063046004687,
          22.584924558413558
        ]
      }
    },
    {
      "type": "Feature",
      "properties": {
        "node_id": 229,
        "lat": 22.549552203286627,
        "lng": 113.96072436074452
      },
      "geometry": {
        "type": "Point",
        "coordinates": [
          113.96072436074452,
          22.549552203286627
        ]
      }
    },
    {
      "type": "Feature",
      "properties": {
        "node_id": 230,
        "lat": 22.56327217040541,
        "lng": 113.9609211372205
      },
      "geometry": {
        "type": "Point",
        "coordinates": [
          113.9609211372205,
          22.56327217040541
        ]
      }
    },
    {
      "type": "Feature",
      "properties": {
        "node_id": 231,
        "lat": 22.552779575189636,
        "lng": 113.96122377250678
      },
      "geometry": {
        "type": "Point",
        "coordinates": [
          113.96122377250678,
          22.552779575189636
        ]
      }
    },
    {
      "type": "Feature",
      "properties": {
        "node_id": 232,
        "lat": 22.556729789689914,
        "lng": 113.96181987540172
      },
      "geometry": {
        "type": "Point",
        "coordinates": [
          113.96181987540172,
          22.556729789689914
        ]
      }
    },
    {
      "type": "Feature",
      "properties": {
        "node_id": 233,
        "lat": 22.53376133105119,
        "lng": 113.96217783995213
      },
      "geometry": {
        "type": "Point",
        "coordinates": [
          113.96217783995213,
          22.53376133105119
        ]
      }
    },
    {
      "type": "Feature",
      "properties": {
        "node_id": 234,
        "lat": 22.53100350831222,
        "lng": 113.96223879874758
      },
      "geometry": {
        "type": "Point",
        "coordinates": [
          113.96223879874758,
          22.53100350831222
        ]
      }
    },
    {
      "type": "Feature",
      "properties": {
        "node_id": 235,
        "lat": 22.559989701829604,
        "lng": 113.96232866212713
      },
      "geometry": {
        "type": "Point",
        "coordinates": [
          113.96232866212713,
          22.559989701829604
        ]
      }
    },
    {
      "type": "Feature",
      "properties": {
        "node_id": 236,
        "lat": 22.569919779798113,
        "lng": 113.96236544271063
      },
      "geometry": {
        "type": "Point",
        "coordinates": [
          113.96236544271063,
          22.569919779798113
        ]
      }
    },
    {
      "type": "Feature",
      "properties": {
        "node_id": 237,
        "lat": 22.528103289692385,
        "lng": 113.96237471732948
      },
      "geometry": {
        "type": "Point",
        "coordinates": [
          113.96237471732948,
          22.528103289692385
        ]
      }
    },
    {
      "type": "Feature",
      "properties": {
        "node_id": 238,
        "lat": 22.56382504924433,
        "lng": 113.96312304654269
      },
      "geometry": {
        "type": "Point",
        "coordinates": [
          113.96312304654269,
          22.56382504924433
        ]
      }
    },
    {
      "type": "Feature",
      "properties": {
        "node_id": 239,
        "lat": 22.54208418174682,
        "lng": 113.96334766711468
      },
      "geometry": {
        "type": "Point",
        "coordinates": [
          113.96334766711468,
          22.54208418174682
        ]
      }
    },
    {
      "type": "Feature",
      "properties": {
        "node_id": 240,
        "lat": 22.532474419042945,
        "lng": 113.96579557067619
      },
      "geometry": {
        "type": "Point",
        "coordinates": [
          113.96579557067619,
          22.532474419042945
        ]
      }
    },
    {
      "type": "Feature",
      "properties": {
        "node_id": 241,
        "lat": 22.531009450983777,
        "lng": 113.96588502063368
      },
      "geometry": {
        "type": "Point",
        "coordinates": [
          113.96588502063368,
          22.531009450983777
        ]
      }
    },
    {
      "type": "Feature",
      "properties": {
        "node_id": 242,
        "lat": 22.52812676679533,
        "lng": 113.96593147617352
      },
      "geometry": {
        "type": "Point",
        "coordinates": [
          113.96593147617352,
          22.52812676679533
        ]
      }
    },
    {
      "type": "Feature",
      "properties": {
        "node_id": 243,
        "lat": 22.559491192002408,
        "lng": 113.96607405675974
      },
      "geometry": {
        "type": "Point",
        "coordinates": [
          113.96607405675974,
          22.559491192002408
        ]
      }
    },
    {
      "type": "Feature",
      "properties": {
        "node_id": 244,
        "lat": 22.561027547901737,
        "lng": 113.96648972561151
      },
      "geometry": {
        "type": "Point",
        "coordinates": [
          113.96648972561151,
          22.561027547901737
        ]
      }
    },
    {
      "type": "Feature",
      "properties": {
        "node_id": 245,
        "lat": 22.557537595257806,
        "lng": 113.96664627292483
      },
      "geometry": {
        "type": "Point",
        "coordinates": [
          113.96664627292483,
          22.557537595257806
        ]
      }
    },
    {
      "type": "Feature",
      "properties": {
        "node_id": 246,
        "lat": 22.568758831425175,
        "lng": 113.96666898428623
      },
      "geometry": {
        "type": "Point",
        "coordinates": [
          113.96666898428623,
          22.568758831425175
        ]
      }
    },
    {
      "type": "Feature",
      "properties": {
        "node_id": 247,
        "lat": 22.562820479597654,
        "lng": 113.96692462650316
      },
      "geometry": {
        "type": "Point",
        "coordinates": [
          113.96692462650316,
          22.562820479597654
        ]
      }
    },
    {
      "type": "Feature",
      "properties": {
        "node_id": 248,
        "lat": 22.619835915609563,
        "lng": 113.96912187447761
      },
      "geometry": {
        "type": "Point",
        "coordinates": [
          113.96912187447761,
          22.619835915609563
        ]
      }
    },
    {
      "type": "Feature",
      "properties": {
        "node_id": 249,
        "lat": 22.53118295747691,
        "lng": 113.96943986164717
      },
      "geometry": {
        "type": "Point",
        "coordinates": [
          113.96943986164717,
          22.53118295747691
        ]
      }
    },
    {
      "type": "Feature",
      "properties": {
        "node_id": 250,
        "lat": 22.52816050738984,
        "lng": 113.96951817252764
      },
      "geometry": {
        "type": "Point",
        "coordinates": [
          113.96951817252764,
          22.52816050738984
        ]
      }
    },
    {
      "type": "Feature",
      "properties": {
        "node_id": 251,
        "lat": 22.566890462411052,
        "lng": 113.96993225695306
      },
      "geometry": {
        "type": "Point",
        "coordinates": [
          113.96993225695306,
          22.566890462411052
        ]
      }
    },
    {
      "type": "Feature",
      "properties": {
        "node_id": 252,
        "lat": 22.557249147831936,
        "lng": 113.9705735048872
      },
      "geometry": {
        "type": "Point",
        "coordinates": [
          113.9705735048872,
          22.557249147831936
        ]
      }
    },
    {
      "type": "Feature",
      "properties": {
        "node_id": 253,
        "lat": 22.53910036497453,
        "lng": 113.97135871516953
      },
      "geometry": {
        "type": "Point",
        "coordinates": [
          113.97135871516953,
          22.53910036497453
        ]
      }
    },
    {
      "type": "Feature",
      "properties": {
        "node_id": 254,
        "lat": 22.55191047465763,
        "lng": 113.9723879765477
      },
      "geometry": {
        "type": "Point",
        "coordinates": [
          113.9723879765477,
          22.55191047465763
        ]
      }
    },
    {
      "type": "Feature",
      "properties": {
        "node_id": 255,
        "lat": 22.529671710657595,
        "lng": 113.9735783643793
      },
      "geometry": {
        "type": "Point",
        "coordinates": [
          113.9735783643793,
          22.529671710657595
        ]
      }
    },
    {
      "type": "Feature",
      "properties": {
        "node_id": 256,
        "lat": 22.553853857408132,
        "lng": 113.97440189469897
      },
      "geometry": {
        "type": "Point",
        "coordinates": [
          113.97440189469897,
          22.553853857408132
        ]
      }
    },
    {
      "type": "Feature",
      "properties": {
        "node_id": 257,
        "lat": 22.626626514386345,
        "lng": 113.9760440804757
      },
      "geometry": {
        "type": "Point",
        "coordinates": [
          113.9760440804757,
          22.626626514386345
        ]
      }
    },
    {
      "type": "Feature",
      "properties": {
        "node_id": 258,
        "lat": 22.55686165213077,
        "lng": 113.97634210877374
      },
      "geometry": {
        "type": "Point",
        "coordinates": [
          113.97634210877374,
          22.55686165213077
        ]
      }
    },
    {
      "type": "Feature",
      "properties": {
        "node_id": 259,
        "lat": 22.59288908336786,
        "lng": 113.97708527661288
      },
      "geometry": {
        "type": "Point",
        "coordinates": [
          113.97708527661288,
          22.59288908336786
        ]
      }
    },
    {
      "type": "Feature",
      "properties": {
        "node_id": 260,
        "lat": 22.52830207733246,
        "lng": 113.97771442720241
      },
      "geometry": {
        "type": "Point",
        "coordinates": [
          113.97771442720241,
          22.52830207733246
        ]
      }
    },
    {
      "type": "Feature",
      "properties": {
        "node_id": 261,
        "lat": 22.526071401242444,
        "lng": 113.97776008172107
      },
      "geometry": {
        "type": "Point",
        "coordinates": [
          113.97776008172107,
          22.526071401242444
        ]
      }
    },
    {
      "type": "Feature",
      "properties": {
        "node_id": 262,
        "lat": 22.522863773535786,
        "lng": 113.97779409033309
      },
      "geometry": {
        "type": "Point",
        "coordinates": [
          113.97779409033309,
          22.522863773535786
        ]
      }
    },
    {
      "type": "Feature",
      "properties": {
        "node_id": 263,
        "lat": 22.5409864662158,
        "lng": 113.97779613402652
      },
      "geometry": {
        "type": "Point",
        "coordinates": [
          113.97779613402652,
          22.5409864662158
        ]
      }
    },
    {
      "type": "Feature",
      "properties": {
        "node_id": 264,
        "lat": 22.58713395237532,
        "lng": 113.97794096075039
      },
      "geometry": {
        "type": "Point",
        "coordinates": [
          113.97794096075039,
          22.58713395237532
        ]
      }
    },
    {
      "type": "Feature",
      "properties": {
        "node_id": 265,
        "lat": 22.546870924182638,
        "lng": 113.97848224771798
      },
      "geometry": {
        "type": "Point",
        "coordinates": [
          113.97848224771798,
          22.546870924182638
        ]
      }
    },
    {
      "type": "Feature",
      "properties": {
        "node_id": 266,
        "lat": 22.550097400267234,
        "lng": 113.97982472356723
      },
      "geometry": {
        "type": "Point",
        "coordinates": [
          113.97982472356723,
          22.550097400267234
        ]
      }
    },
    {
      "type": "Feature",
      "properties": {
        "node_id": 267,
        "lat": 22.54713300227508,
        "lng": 113.9813000609658
      },
      "geometry": {
        "type": "Point",
        "coordinates": [
          113.9813000609658,
          22.54713300227508
        ]
      }
    },
    {
      "type": "Feature",
      "properties": {
        "node_id": 268,
        "lat": 22.552592419344897,
        "lng": 113.9819451606944
      },
      "geometry": {
        "type": "Point",
        "coordinates": [
          113.9819451606944,
          22.552592419344897
        ]
      }
    },
    {
      "type": "Feature",
      "properties": {
        "node_id": 269,
        "lat": 22.54846663988233,
        "lng": 113.98238536091245
      },
      "geometry": {
        "type": "Point",
        "coordinates": [
          113.98238536091245,
          22.54846663988233
        ]
      }
    },
    {
      "type": "Feature",
      "properties": {
        "node_id": 270,
        "lat": 22.588051648825804,
        "lng": 113.98329565528128
      },
      "geometry": {
        "type": "Point",
        "coordinates": [
          113.98329565528128,
          22.588051648825804
        ]
      }
    },
    {
      "type": "Feature",
      "properties": {
        "node_id": 271,
        "lat": 22.560479898183456,
        "lng": 113.98344199053857
      },
      "geometry": {
        "type": "Point",
        "coordinates": [
          113.98344199053857,
          22.560479898183456
        ]
      }
    },
    {
      "type": "Feature",
      "properties": {
        "node_id": 272,
        "lat": 22.58606849813713,
        "lng": 113.98345870335375
      },
      "geometry": {
        "type": "Point",
        "coordinates": [
          113.98345870335375,
          22.58606849813713
        ]
      }
    },
    {
      "type": "Feature",
      "properties": {
        "node_id": 273,
        "lat": 22.53867966870126,
        "lng": 113.98643644985181
      },
      "geometry": {
        "type": "Point",
        "coordinates": [
          113.98643644985181,
          22.53867966870126
        ]
      }
    },
    {
      "type": "Feature",
      "properties": {
        "node_id": 274,
        "lat": 22.536268400699264,
        "lng": 113.98662811195027
      },
      "geometry": {
        "type": "Point",
        "coordinates": [
          113.98662811195027,
          22.536268400699264
        ]
      }
    },
    {
      "type": "Feature",
      "properties": {
        "node_id": 275,
        "lat": 22.53020480589067,
        "lng": 113.98852503437683
      },
      "geometry": {
        "type": "Point",
        "coordinates": [
          113.98852503437683,
          22.53020480589067
        ]
      }
    },
    {
      "type": "Feature",
      "properties": {
        "node_id": 276,
        "lat": 22.52485865075937,
        "lng": 113.98944822025238
      },
      "geometry": {
        "type": "Point",
        "coordinates": [
          113.98944822025238,
          22.52485865075937
        ]
      }
    },
    {
      "type": "Feature",
      "properties": {
        "node_id": 277,
        "lat": 22.54374857917331,
        "lng": 113.99145950345631
      },
      "geometry": {
        "type": "Point",
        "coordinates": [
          113.99145950345631,
          22.54374857917331
        ]
      }
    },
    {
      "type": "Feature",
      "properties": {
        "node_id": 278,
        "lat": 22.53851735092903,
        "lng": 113.99225502860946
      },
      "geometry": {
        "type": "Point",
        "coordinates": [
          113.99225502860946,
          22.53851735092903
        ]
      }
    },
    {
      "type": "Feature",
      "properties": {
        "node_id": 279,
        "lat": 22.534997005167863,
        "lng": 113.99279500659617
      },
      "geometry": {
        "type": "Point",
        "coordinates": [
          113.99279500659617,
          22.534997005167863
        ]
      }
    },
    {
      "type": "Feature",
      "properties": {
        "node_id": 280,
        "lat": 22.531076856889992,
        "lng": 113.99341915333859
      },
      "geometry": {
        "type": "Point",
        "coordinates": [
          113.99341915333859,
          22.531076856889992
        ]
      }
    },
    {
      "type": "Feature",
      "properties": {
        "node_id": 281,
        "lat": 22.52729009350461,
        "lng": 113.99400126208879
      },
      "geometry": {
        "type": "Point",
        "coordinates": [
          113.99400126208879,
          22.52729009350461
        ]
      }
    },
    {
      "type": "Feature",
      "properties": {
        "node_id": 282,
        "lat": 22.545908100253623,
        "lng": 113.99706298518849
      },
      "geometry": {
        "type": "Point",
        "coordinates": [
          113.99706298518849,
          22.545908100253623
        ]
      }
    },
    {
      "type": "Feature",
      "properties": {
        "node_id": 283,
        "lat": 22.536006589187004,
        "lng": 114.00314901873236
      },
      "geometry": {
        "type": "Point",
        "coordinates": [
          114.00314901873236,
          22.536006589187004
        ]
      }
    },
    {
      "type": "Feature",
      "properties": {
        "node_id": 284,
        "lat": 22.53307745924364,
        "lng": 114.00372598444497
      },
      "geometry": {
        "type": "Point",
        "coordinates": [
          114.00372598444497,
          22.53307745924364
        ]
      }
    },
    {
      "type": "Feature",
      "properties": {
        "node_id": 285,
        "lat": 22.556013043093376,
        "lng": 114.00389106038153
      },
      "geometry": {
        "type": "Point",
        "coordinates": [
          114.00389106038153,
          22.556013043093376
        ]
      }
    },
    {
      "type": "Feature",
      "properties": {
        "node_id": 286,
        "lat": 22.547121274456906,
        "lng": 114.0040881515388
      },
      "geometry": {
        "type": "Point",
        "coordinates": [
          114.0040881515388,
          22.547121274456906
        ]
      }
    },
    {
      "type": "Feature",
      "properties": {
        "node_id": 287,
        "lat": 22.59957048971953,
        "lng": 114.00413945110402
      },
      "geometry": {
        "type": "Point",
        "coordinates": [
          114.00413945110402,
          22.59957048971953
        ]
      }
    },
    {
      "type": "Feature",
      "properties": {
        "node_id": 288,
        "lat": 22.529953950630947,
        "lng": 114.00434407014667
      },
      "geometry": {
        "type": "Point",
        "coordinates": [
          114.00434407014667,
          22.529953950630947
        ]
      }
    },
    {
      "type": "Feature",
      "properties": {
        "node_id": 289,
        "lat": 22.556668758284914,
        "lng": 114.00554461544404
      },
      "geometry": {
        "type": "Point",
        "coordinates": [
          114.00554461544404,
          22.556668758284914
        ]
      }
    },
    {
      "type": "Feature",
      "properties": {
        "node_id": 290,
        "lat": 22.536445216111098,
        "lng": 114.0057869199543
      },
      "geometry": {
        "type": "Point",
        "coordinates": [
          114.0057869199543,
          22.536445216111098
        ]
      }
    },
    {
      "type": "Feature",
      "properties": {
        "node_id": 291,
        "lat": 22.534257067303912,
        "lng": 114.00627820980722
      },
      "geometry": {
        "type": "Point",
        "coordinates": [
          114.00627820980722,
          22.534257067303912
        ]
      }
    },
    {
      "type": "Feature",
      "properties": {
        "node_id": 292,
        "lat": 22.549324846356797,
        "lng": 114.00672985153352
      },
      "geometry": {
        "type": "Point",
        "coordinates": [
          114.00672985153352,
          22.549324846356797
        ]
      }
    },
    {
      "type": "Feature",
      "properties": {
        "node_id": 293,
        "lat": 22.55286167206418,
        "lng": 114.00934576559949
      },
      "geometry": {
        "type": "Point",
        "coordinates": [
          114.00934576559949,
          22.55286167206418
        ]
      }
    },
    {
      "type": "Feature",
      "properties": {
        "node_id": 294,
        "lat": 22.547745573903736,
        "lng": 114.00950381682547
      },
      "geometry": {
        "type": "Point",
        "coordinates": [
          114.00950381682547,
          22.547745573903736
        ]
      }
    },
    {
      "type": "Feature",
      "properties": {
        "node_id": 295,
        "lat": 22.558444259016657,
        "lng": 114.00967922142769
      },
      "geometry": {
        "type": "Point",
        "coordinates": [
          114.00967922142769,
          22.558444259016657
        ]
      }
    },
    {
      "type": "Feature",
      "properties": {
        "node_id": 296,
        "lat": 22.55541021202746,
        "lng": 114.01070344551948
      },
      "geometry": {
        "type": "Point",
        "coordinates": [
          114.01070344551948,
          22.55541021202746
        ]
      }
    },
    {
      "type": "Feature",
      "properties": {
        "node_id": 297,
        "lat": 22.549126254664134,
        "lng": 114.01175337431614
      },
      "geometry": {
        "type": "Point",
        "coordinates": [
          114.01175337431614,
          22.549126254664134
        ]
      }
    },
    {
      "type": "Feature",
      "properties": {
        "node_id": 298,
        "lat": 22.54296338840516,
        "lng": 114.01225927049111
      },
      "geometry": {
        "type": "Point",
        "coordinates": [
          114.01225927049111,
          22.54296338840516
        ]
      }
    },
    {
      "type": "Feature",
      "properties": {
        "node_id": 299,
        "lat": 22.555357244370427,
        "lng": 114.0126346028523
      },
      "geometry": {
        "type": "Point",
        "coordinates": [
          114.0126346028523,
          22.555357244370427
        ]
      }
    },
    {
      "type": "Feature",
      "properties": {
        "node_id": 300,
        "lat": 22.550221542908343,
        "lng": 114.01370034931945
      },
      "geometry": {
        "type": "Point",
        "coordinates": [
          114.01370034931945,
          22.550221542908343
        ]
      }
    },
    {
      "type": "Feature",
      "properties": {
        "node_id": 301,
        "lat": 22.53785655009218,
        "lng": 114.01401818588634
      },
      "geometry": {
        "type": "Point",
        "coordinates": [
          114.01401818588634,
          22.53785655009218
        ]
      }
    },
    {
      "type": "Feature",
      "properties": {
        "node_id": 302,
        "lat": 22.543713135570194,
        "lng": 114.01477769392773
      },
      "geometry": {
        "type": "Point",
        "coordinates": [
          114.01477769392773,
          22.543713135570194
        ]
      }
    },
    {
      "type": "Feature",
      "properties": {
        "node_id": 303,
        "lat": 22.560114108369508,
        "lng": 114.0149942565946
      },
      "geometry": {
        "type": "Point",
        "coordinates": [
          114.0149942565946,
          22.560114108369508
        ]
      }
    },
    {
      "type": "Feature",
      "properties": {
        "node_id": 304,
        "lat": 22.555419731099903,
        "lng": 114.0157284624394
      },
      "geometry": {
        "type": "Point",
        "coordinates": [
          114.0157284624394,
          22.555419731099903
        ]
      }
    },
    {
      "type": "Feature",
      "properties": {
        "node_id": 305,
        "lat": 22.531250413738395,
        "lng": 114.01633256489193
      },
      "geometry": {
        "type": "Point",
        "coordinates": [
          114.01633256489193,
          22.531250413738395
        ]
      }
    },
    {
      "type": "Feature",
      "properties": {
        "node_id": 306,
        "lat": 22.54414049689958,
        "lng": 114.01723735020957
      },
      "geometry": {
        "type": "Point",
        "coordinates": [
          114.01723735020957,
          22.54414049689958
        ]
      }
    },
    {
      "type": "Feature",
      "properties": {
        "node_id": 307,
        "lat": 22.538630860244776,
        "lng": 114.01863487201913
      },
      "geometry": {
        "type": "Point",
        "coordinates": [
          114.01863487201913,
          22.538630860244776
        ]
      }
    },
    {
      "type": "Feature",
      "properties": {
        "node_id": 308,
        "lat": 22.53602380445069,
        "lng": 114.0194447706161
      },
      "geometry": {
        "type": "Point",
        "coordinates": [
          114.0194447706161,
          22.53602380445069
        ]
      }
    },
    {
      "type": "Feature",
      "properties": {
        "node_id": 309,
        "lat": 22.534429495490564,
        "lng": 114.0197358767436
      },
      "geometry": {
        "type": "Point",
        "coordinates": [
          114.0197358767436,
          22.534429495490564
        ]
      }
    },
    {
      "type": "Feature",
      "properties": {
        "node_id": 310,
        "lat": 22.532037389900754,
        "lng": 114.02021818249261
      },
      "geometry": {
        "type": "Point",
        "coordinates": [
          114.02021818249261,
          22.532037389900754
        ]
      }
    },
    {
      "type": "Feature",
      "properties": {
        "node_id": 311,
        "lat": 22.544931891348856,
        "lng": 114.02194359120148
      },
      "geometry": {
        "type": "Point",
        "coordinates": [
          114.02194359120148,
          22.544931891348856
        ]
      }
    },
    {
      "type": "Feature",
      "properties": {
        "node_id": 312,
        "lat": 22.539447813583152,
        "lng": 114.02340961407465
      },
      "geometry": {
        "type": "Point",
        "coordinates": [
          114.02340961407465,
          22.539447813583152
        ]
      }
    },
    {
      "type": "Feature",
      "properties": {
        "node_id": 313,
        "lat": 22.535226137408355,
        "lng": 114.02454403155575
      },
      "geometry": {
        "type": "Point",
        "coordinates": [
          114.02454403155575,
          22.535226137408355
        ]
      }
    },
    {
      "type": "Feature",
      "properties": {
        "node_id": 314,
        "lat": 22.56086576644229,
        "lng": 114.0249823402428
      },
      "geometry": {
        "type": "Point",
        "coordinates": [
          114.0249823402428,
          22.56086576644229
        ]
      }
    },
    {
      "type": "Feature",
      "properties": {
        "node_id": 315,
        "lat": 22.531275561503033,
        "lng": 114.0255833201116
      },
      "geometry": {
        "type": "Point",
        "coordinates": [
          114.0255833201116,
          22.531275561503033
        ]
      }
    },
    {
      "type": "Feature",
      "properties": {
        "node_id": 316,
        "lat": 22.52073647140032,
        "lng": 114.0289968924288
      },
      "geometry": {
        "type": "Point",
        "coordinates": [
          114.0289968924288,
          22.52073647140032
        ]
      }
    },
    {
      "type": "Feature",
      "properties": {
        "node_id": 317,
        "lat": 22.55657306245504,
        "lng": 114.02941931721864
      },
      "geometry": {
        "type": "Point",
        "coordinates": [
          114.02941931721864,
          22.55657306245504
        ]
      }
    },
    {
      "type": "Feature",
      "properties": {
        "node_id": 318,
        "lat": 22.523905548070196,
        "lng": 114.03111649959392
      },
      "geometry": {
        "type": "Point",
        "coordinates": [
          114.03111649959392,
          22.523905548070196
        ]
      }
    },
    {
      "type": "Feature",
      "properties": {
        "node_id": 319,
        "lat": 22.55852018777555,
        "lng": 114.03131976004228
      },
      "geometry": {
        "type": "Point",
        "coordinates": [
          114.03131976004228,
          22.55852018777555
        ]
      }
    },
    {
      "type": "Feature",
      "properties": {
        "node_id": 320,
        "lat": 22.52622860787538,
        "lng": 114.03266220875138
      },
      "geometry": {
        "type": "Point",
        "coordinates": [
          114.03266220875138,
          22.52622860787538
        ]
      }
    },
    {
      "type": "Feature",
      "properties": {
        "node_id": 321,
        "lat": 22.562187021917154,
        "lng": 114.03268489893526
      },
      "geometry": {
        "type": "Point",
        "coordinates": [
          114.03268489893526,
          22.562187021917154
        ]
      }
    },
    {
      "type": "Feature",
      "properties": {
        "node_id": 322,
        "lat": 22.55351279224513,
        "lng": 114.0334900672241
      },
      "geometry": {
        "type": "Point",
        "coordinates": [
          114.0334900672241,
          22.55351279224513
        ]
      }
    },
    {
      "type": "Feature",
      "properties": {
        "node_id": 323,
        "lat": 22.56089891170294,
        "lng": 114.03362787768734
      },
      "geometry": {
        "type": "Point",
        "coordinates": [
          114.03362787768734,
          22.56089891170294
        ]
      }
    },
    {
      "type": "Feature",
      "properties": {
        "node_id": 324,
        "lat": 22.530217795553547,
        "lng": 114.03378521375981
      },
      "geometry": {
        "type": "Point",
        "coordinates": [
          114.03378521375981,
          22.530217795553547
        ]
      }
    },
    {
      "type": "Feature",
      "properties": {
        "node_id": 325,
        "lat": 22.528373406534925,
        "lng": 114.03403647373018
      },
      "geometry": {
        "type": "Point",
        "coordinates": [
          114.03403647373018,
          22.528373406534925
        ]
      }
    },
    {
      "type": "Feature",
      "properties": {
        "node_id": 326,
        "lat": 22.5481786249024,
        "lng": 114.03448991345023
      },
      "geometry": {
        "type": "Point",
        "coordinates": [
          114.03448991345023,
          22.5481786249024
        ]
      }
    },
    {
      "type": "Feature",
      "properties": {
        "node_id": 327,
        "lat": 22.55501241395842,
        "lng": 114.03511230912856
      },
      "geometry": {
        "type": "Point",
        "coordinates": [
          114.03511230912856,
          22.55501241395842
        ]
      }
    },
    {
      "type": "Feature",
      "properties": {
        "node_id": 328,
        "lat": 22.567831253302867,
        "lng": 114.03537995303185
      },
      "geometry": {
        "type": "Point",
        "coordinates": [
          114.03537995303185,
          22.567831253302867
        ]
      }
    },
    {
      "type": "Feature",
      "properties": {
        "node_id": 329,
        "lat": 22.54152815405497,
        "lng": 114.03574639554724
      },
      "geometry": {
        "type": "Point",
        "coordinates": [
          114.03574639554724,
          22.54152815405497
        ]
      }
    },
    {
      "type": "Feature",
      "properties": {
        "node_id": 330,
        "lat": 22.530547425596584,
        "lng": 114.03613964420929
      },
      "geometry": {
        "type": "Point",
        "coordinates": [
          114.03613964420929,
          22.530547425596584
        ]
      }
    },
    {
      "type": "Feature",
      "properties": {
        "node_id": 331,
        "lat": 22.56279242941016,
        "lng": 114.03614585262399
      },
      "geometry": {
        "type": "Point",
        "coordinates": [
          114.03614585262399,
          22.56279242941016
        ]
      }
    },
    {
      "type": "Feature",
      "properties": {
        "node_id": 332,
        "lat": 22.548698384401217,
        "lng": 114.0365647720887
      },
      "geometry": {
        "type": "Point",
        "coordinates": [
          114.0365647720887,
          22.548698384401217
        ]
      }
    },
    {
      "type": "Feature",
      "properties": {
        "node_id": 333,
        "lat": 22.565615492962884,
        "lng": 114.0366810277682
      },
      "geometry": {
        "type": "Point",
        "coordinates": [
          114.0366810277682,
          22.565615492962884
        ]
      }
    },
    {
      "type": "Feature",
      "properties": {
        "node_id": 334,
        "lat": 22.523618072220483,
        "lng": 114.03745448113274
      },
      "geometry": {
        "type": "Point",
        "coordinates": [
          114.03745448113274,
          22.523618072220483
        ]
      }
    },
    {
      "type": "Feature",
      "properties": {
        "node_id": 335,
        "lat": 22.556086587958507,
        "lng": 114.03836729160781
      },
      "geometry": {
        "type": "Point",
        "coordinates": [
          114.03836729160781,
          22.556086587958507
        ]
      }
    },
    {
      "type": "Feature",
      "properties": {
        "node_id": 336,
        "lat": 22.515701891407897,
        "lng": 114.0384573377918
      },
      "geometry": {
        "type": "Point",
        "coordinates": [
          114.0384573377918,
          22.515701891407897
        ]
      }
    },
    {
      "type": "Feature",
      "properties": {
        "node_id": 337,
        "lat": 22.527377427017466,
        "lng": 114.03860023611131
      },
      "geometry": {
        "type": "Point",
        "coordinates": [
          114.03860023611131,
          22.527377427017466
        ]
      }
    },
    {
      "type": "Feature",
      "properties": {
        "node_id": 338,
        "lat": 22.56579730811474,
        "lng": 114.03877893134846
      },
      "geometry": {
        "type": "Point",
        "coordinates": [
          114.03877893134846,
          22.56579730811474
        ]
      }
    },
    {
      "type": "Feature",
      "properties": {
        "node_id": 339,
        "lat": 22.54952159793275,
        "lng": 114.03985866030511
      },
      "geometry": {
        "type": "Point",
        "coordinates": [
          114.03985866030511,
          22.54952159793275
        ]
      }
    },
    {
      "type": "Feature",
      "properties": {
        "node_id": 340,
        "lat": 22.55336935693735,
        "lng": 114.03990861603506
      },
      "geometry": {
        "type": "Point",
        "coordinates": [
          114.03990861603506,
          22.55336935693735
        ]
      }
    },
    {
      "type": "Feature",
      "properties": {
        "node_id": 341,
        "lat": 22.563500476253896,
        "lng": 114.04006386606277
      },
      "geometry": {
        "type": "Point",
        "coordinates": [
          114.04006386606277,
          22.563500476253896
        ]
      }
    },
    {
      "type": "Feature",
      "properties": {
        "node_id": 342,
        "lat": 22.513287188934374,
        "lng": 114.04051569073953
      },
      "geometry": {
        "type": "Point",
        "coordinates": [
          114.04051569073953,
          22.513287188934374
        ]
      }
    },
    {
      "type": "Feature",
      "properties": {
        "node_id": 343,
        "lat": 22.514805483798078,
        "lng": 114.0410845832227
      },
      "geometry": {
        "type": "Point",
        "coordinates": [
          114.0410845832227,
          22.514805483798078
        ]
      }
    },
    {
      "type": "Feature",
      "properties": {
        "node_id": 344,
        "lat": 22.511371321440034,
        "lng": 114.04157200933459
      },
      "geometry": {
        "type": "Point",
        "coordinates": [
          114.04157200933459,
          22.511371321440034
        ]
      }
    },
    {
      "type": "Feature",
      "properties": {
        "node_id": 345,
        "lat": 22.521159994208954,
        "lng": 114.04188323375244
      },
      "geometry": {
        "type": "Point",
        "coordinates": [
          114.04188323375244,
          22.521159994208954
        ]
      }
    },
    {
      "type": "Feature",
      "properties": {
        "node_id": 346,
        "lat": 22.51290974787871,
        "lng": 114.04190122111866
      },
      "geometry": {
        "type": "Point",
        "coordinates": [
          114.04190122111866,
          22.51290974787871
        ]
      }
    },
    {
      "type": "Feature",
      "properties": {
        "node_id": 347,
        "lat": 22.570624837147136,
        "lng": 114.0422669078534
      },
      "geometry": {
        "type": "Point",
        "coordinates": [
          114.0422669078534,
          22.570624837147136
        ]
      }
    },
    {
      "type": "Feature",
      "properties": {
        "node_id": 348,
        "lat": 22.56759356473958,
        "lng": 114.04325877397251
      },
      "geometry": {
        "type": "Point",
        "coordinates": [
          114.04325877397251,
          22.56759356473958
        ]
      }
    },
    {
      "type": "Feature",
      "properties": {
        "node_id": 349,
        "lat": 22.55674539451597,
        "lng": 114.04393845874392
      },
      "geometry": {
        "type": "Point",
        "coordinates": [
          114.04393845874392,
          22.55674539451597
        ]
      }
    },
    {
      "type": "Feature",
      "properties": {
        "node_id": 350,
        "lat": 22.56461039381043,
        "lng": 114.04423635413679
      },
      "geometry": {
        "type": "Point",
        "coordinates": [
          114.04423635413679,
          22.56461039381043
        ]
      }
    },
    {
      "type": "Feature",
      "properties": {
        "node_id": 351,
        "lat": 22.550652792305932,
        "lng": 114.04426688324907
      },
      "geometry": {
        "type": "Point",
        "coordinates": [
          114.04426688324907,
          22.550652792305932
        ]
      }
    },
    {
      "type": "Feature",
      "properties": {
        "node_id": 352,
        "lat": 22.54724228831678,
        "lng": 114.04433470298447
      },
      "geometry": {
        "type": "Point",
        "coordinates": [
          114.04433470298447,
          22.54724228831678
        ]
      }
    },
    {
      "type": "Feature",
      "properties": {
        "node_id": 353,
        "lat": 22.542409675408468,
        "lng": 114.04441829094878
      },
      "geometry": {
        "type": "Point",
        "coordinates": [
          114.04441829094878,
          22.542409675408468
        ]
      }
    },
    {
      "type": "Feature",
      "properties": {
        "node_id": 354,
        "lat": 22.52568668896809,
        "lng": 114.04442793057437
      },
      "geometry": {
        "type": "Point",
        "coordinates": [
          114.04442793057437,
          22.52568668896809
        ]
      }
    },
    {
      "type": "Feature",
      "properties": {
        "node_id": 355,
        "lat": 22.53939263337316,
        "lng": 114.04447813691192
      },
      "geometry": {
        "type": "Point",
        "coordinates": [
          114.04447813691192,
          22.53939263337316
        ]
      }
    },
    {
      "type": "Feature",
      "properties": {
        "node_id": 356,
        "lat": 22.537311790178133,
        "lng": 114.04451942214133
      },
      "geometry": {
        "type": "Point",
        "coordinates": [
          114.04451942214133,
          22.537311790178133
        ]
      }
    },
    {
      "type": "Feature",
      "properties": {
        "node_id": 357,
        "lat": 22.53466354771791,
        "lng": 114.04455028932982
      },
      "geometry": {
        "type": "Point",
        "coordinates": [
          114.04455028932982,
          22.53466354771791
        ]
      }
    },
    {
      "type": "Feature",
      "properties": {
        "node_id": 358,
        "lat": 22.531365664286227,
        "lng": 114.04461418848992
      },
      "geometry": {
        "type": "Point",
        "coordinates": [
          114.04461418848992,
          22.531365664286227
        ]
      }
    },
    {
      "type": "Feature",
      "properties": {
        "node_id": 359,
        "lat": 22.527871921066613,
        "lng": 114.04506655942627
      },
      "geometry": {
        "type": "Point",
        "coordinates": [
          114.04506655942627,
          22.527871921066613
        ]
      }
    },
    {
      "type": "Feature",
      "properties": {
        "node_id": 360,
        "lat": 22.547295430143475,
        "lng": 114.04674064110493
      },
      "geometry": {
        "type": "Point",
        "coordinates": [
          114.04674064110493,
          22.547295430143475
        ]
      }
    },
    {
      "type": "Feature",
      "properties": {
        "node_id": 361,
        "lat": 22.542449784779656,
        "lng": 114.0468372240796
      },
      "geometry": {
        "type": "Point",
        "coordinates": [
          114.0468372240796,
          22.542449784779656
        ]
      }
    },
    {
      "type": "Feature",
      "properties": {
        "node_id": 362,
        "lat": 22.54250210032623,
        "lng": 114.04781616983853
      },
      "geometry": {
        "type": "Point",
        "coordinates": [
          114.04781616983853,
          22.54250210032623
        ]
      }
    },
    {
      "type": "Feature",
      "properties": {
        "node_id": 363,
        "lat": 22.539435398724937,
        "lng": 114.04786618779222
      },
      "geometry": {
        "type": "Point",
        "coordinates": [
          114.04786618779222,
          22.539435398724937
        ]
      }
    },
    {
      "type": "Feature",
      "properties": {
        "node_id": 364,
        "lat": 22.5373713395884,
        "lng": 114.04791111937139
      },
      "geometry": {
        "type": "Point",
        "coordinates": [
          114.04791111937139,
          22.5373713395884
        ]
      }
    },
    {
      "type": "Feature",
      "properties": {
        "node_id": 365,
        "lat": 22.53531348211546,
        "lng": 114.04795206459293
      },
      "geometry": {
        "type": "Point",
        "coordinates": [
          114.04795206459293,
          22.53531348211546
        ]
      }
    },
    {
      "type": "Feature",
      "properties": {
        "node_id": 366,
        "lat": 22.531424226192588,
        "lng": 114.04801761247268
      },
      "geometry": {
        "type": "Point",
        "coordinates": [
          114.04801761247268,
          22.531424226192588
        ]
      }
    },
    {
      "type": "Feature",
      "properties": {
        "node_id": 367,
        "lat": 22.571125624089696,
        "lng": 114.04852344368291
      },
      "geometry": {
        "type": "Point",
        "coordinates": [
          114.04852344368291,
          22.571125624089696
        ]
      }
    },
    {
      "type": "Feature",
      "properties": {
        "node_id": 368,
        "lat": 22.512360175320094,
        "lng": 114.0486119314979
      },
      "geometry": {
        "type": "Point",
        "coordinates": [
          114.0486119314979,
          22.512360175320094
        ]
      }
    },
    {
      "type": "Feature",
      "properties": {
        "node_id": 369,
        "lat": 22.56504951527739,
        "lng": 114.04874143077647
      },
      "geometry": {
        "type": "Point",
        "coordinates": [
          114.04874143077647,
          22.56504951527739
        ]
      }
    },
    {
      "type": "Feature",
      "properties": {
        "node_id": 370,
        "lat": 22.510813217557196,
        "lng": 114.04876627351058
      },
      "geometry": {
        "type": "Point",
        "coordinates": [
          114.04876627351058,
          22.510813217557196
        ]
      }
    },
    {
      "type": "Feature",
      "properties": {
        "node_id": 371,
        "lat": 22.567303062875933,
        "lng": 114.04883173721028
      },
      "geometry": {
        "type": "Point",
        "coordinates": [
          114.04883173721028,
          22.567303062875933
        ]
      }
    },
    {
      "type": "Feature",
      "properties": {
        "node_id": 372,
        "lat": 22.514445539272423,
        "lng": 114.0509490300469
      },
      "geometry": {
        "type": "Point",
        "coordinates": [
          114.0509490300469,
          22.514445539272423
        ]
      }
    },
    {
      "type": "Feature",
      "properties": {
        "node_id": 373,
        "lat": 22.518188531948123,
        "lng": 114.05099440895148
      },
      "geometry": {
        "type": "Point",
        "coordinates": [
          114.05099440895148,
          22.518188531948123
        ]
      }
    },
    {
      "type": "Feature",
      "properties": {
        "node_id": 374,
        "lat": 22.55123367455724,
        "lng": 114.05106010008906
      },
      "geometry": {
        "type": "Point",
        "coordinates": [
          114.05106010008906,
          22.55123367455724
        ]
      }
    },
    {
      "type": "Feature",
      "properties": {
        "node_id": 375,
        "lat": 22.5473667548083,
        "lng": 114.05114462713873
      },
      "geometry": {
        "type": "Point",
        "coordinates": [
          114.05114462713873,
          22.5473667548083
        ]
      }
    },
    {
      "type": "Feature",
      "properties": {
        "node_id": 376,
        "lat": 22.542530419241928,
        "lng": 114.05122096752096
      },
      "geometry": {
        "type": "Point",
        "coordinates": [
          114.05122096752096,
          22.542530419241928
        ]
      }
    },
    {
      "type": "Feature",
      "properties": {
        "node_id": 377,
        "lat": 22.53948032800741,
        "lng": 114.05126876846201
      },
      "geometry": {
        "type": "Point",
        "coordinates": [
          114.05126876846201,
          22.53948032800741
        ]
      }
    },
    {
      "type": "Feature",
      "properties": {
        "node_id": 378,
        "lat": 22.51270665682041,
        "lng": 114.05129416694979
      },
      "geometry": {
        "type": "Point",
        "coordinates": [
          114.05129416694979,
          22.51270665682041
        ]
      }
    },
    {
      "type": "Feature",
      "properties": {
        "node_id": 379,
        "lat": 22.537415563721705,
        "lng": 114.05131407717829
      },
      "geometry": {
        "type": "Point",
        "coordinates": [
          114.05131407717829,
          22.537415563721705
        ]
      }
    },
    {
      "type": "Feature",
      "properties": {
        "node_id": 380,
        "lat": 22.535346832767825,
        "lng": 114.05135059052306
      },
      "geometry": {
        "type": "Point",
        "coordinates": [
          114.05135059052306,
          22.535346832767825
        ]
      }
    },
    {
      "type": "Feature",
      "properties": {
        "node_id": 381,
        "lat": 22.531491374343073,
        "lng": 114.05141284885553
      },
      "geometry": {
        "type": "Point",
        "coordinates": [
          114.05141284885553,
          22.531491374343073
        ]
      }
    },
    {
      "type": "Feature",
      "properties": {
        "node_id": 382,
        "lat": 22.52579823215474,
        "lng": 114.05153393558192
      },
      "geometry": {
        "type": "Point",
        "coordinates": [
          114.05153393558192,
          22.52579823215474
        ]
      }
    },
    {
      "type": "Feature",
      "properties": {
        "node_id": 383,
        "lat": 22.51117382624775,
        "lng": 114.05162601812158
      },
      "geometry": {
        "type": "Point",
        "coordinates": [
          114.05162601812158,
          22.51117382624775
        ]
      }
    },
    {
      "type": "Feature",
      "properties": {
        "node_id": 384,
        "lat": 22.53540349319984,
        "lng": 114.0534336096856
      },
      "geometry": {
        "type": "Point",
        "coordinates": [
          114.0534336096856,
          22.53540349319984
        ]
      }
    },
    {
      "type": "Feature",
      "properties": {
        "node_id": 385,
        "lat": 22.531504127007317,
        "lng": 114.0535338074008
      },
      "geometry": {
        "type": "Point",
        "coordinates": [
          114.0535338074008,
          22.531504127007317
        ]
      }
    },
    {
      "type": "Feature",
      "properties": {
        "node_id": 386,
        "lat": 22.571138038932077,
        "lng": 114.05409675129128
      },
      "geometry": {
        "type": "Point",
        "coordinates": [
          114.05409675129128,
          22.571138038932077
        ]
      }
    },
    {
      "type": "Feature",
      "properties": {
        "node_id": 387,
        "lat": 22.567185919702563,
        "lng": 114.05418751608617
      },
      "geometry": {
        "type": "Point",
        "coordinates": [
          114.05418751608617,
          22.567185919702563
        ]
      }
    },
    {
      "type": "Feature",
      "properties": {
        "node_id": 388,
        "lat": 22.56496011035438,
        "lng": 114.05420631489964
      },
      "geometry": {
        "type": "Point",
        "coordinates": [
          114.05420631489964,
          22.56496011035438
        ]
      }
    },
    {
      "type": "Feature",
      "properties": {
        "node_id": 389,
        "lat": 22.562370681289867,
        "lng": 114.05428782404272
      },
      "geometry": {
        "type": "Point",
        "coordinates": [
          114.05428782404272,
          22.562370681289867
        ]
      }
    },
    {
      "type": "Feature",
      "properties": {
        "node_id": 390,
        "lat": 22.515548735483154,
        "lng": 114.05528920850396
      },
      "geometry": {
        "type": "Point",
        "coordinates": [
          114.05528920850396,
          22.515548735483154
        ]
      }
    },
    {
      "type": "Feature",
      "properties": {
        "node_id": 391,
        "lat": 22.513943821831127,
        "lng": 114.05548322485315
      },
      "geometry": {
        "type": "Point",
        "coordinates": [
          114.05548322485315,
          22.513943821831127
        ]
      }
    },
    {
      "type": "Feature",
      "properties": {
        "node_id": 392,
        "lat": 22.55131451961607,
        "lng": 114.05576521367485
      },
      "geometry": {
        "type": "Point",
        "coordinates": [
          114.05576521367485,
          22.55131451961607
        ]
      }
    },
    {
      "type": "Feature",
      "properties": {
        "node_id": 393,
        "lat": 22.547429253515702,
        "lng": 114.05583946171532
      },
      "geometry": {
        "type": "Point",
        "coordinates": [
          114.05583946171532,
          22.547429253515702
        ]
      }
    },
    {
      "type": "Feature",
      "properties": {
        "node_id": 394,
        "lat": 22.542757799741143,
        "lng": 114.05591931246569
      },
      "geometry": {
        "type": "Point",
        "coordinates": [
          114.05591931246569,
          22.542757799741143
        ]
      }
    },
    {
      "type": "Feature",
      "properties": {
        "node_id": 395,
        "lat": 22.53956765813851,
        "lng": 114.05598394507183
      },
      "geometry": {
        "type": "Point",
        "coordinates": [
          114.05598394507183,
          22.53956765813851
        ]
      }
    },
    {
      "type": "Feature",
      "properties": {
        "node_id": 396,
        "lat": 22.537478506378882,
        "lng": 114.05602173160878
      },
      "geometry": {
        "type": "Point",
        "coordinates": [
          114.05602173160878,
          22.537478506378882
        ]
      }
    },
    {
      "type": "Feature",
      "properties": {
        "node_id": 397,
        "lat": 22.535411966682346,
        "lng": 114.05605454015694
      },
      "geometry": {
        "type": "Point",
        "coordinates": [
          114.05605454015694,
          22.535411966682346
        ]
      }
    },
    {
      "type": "Feature",
      "properties": {
        "node_id": 398,
        "lat": 22.531559621973482,
        "lng": 114.05613812725454
      },
      "geometry": {
        "type": "Point",
        "coordinates": [
          114.05613812725454,
          22.531559621973482
        ]
      }
    },
    {
      "type": "Feature",
      "properties": {
        "node_id": 399,
        "lat": 22.551325770272697,
        "lng": 114.05787054309758
      },
      "geometry": {
        "type": "Point",
        "coordinates": [
          114.05787054309758,
          22.551325770272697
        ]
      }
    },
    {
      "type": "Feature",
      "properties": {
        "node_id": 400,
        "lat": 22.549348687880116,
        "lng": 114.05791006258401
      },
      "geometry": {
        "type": "Point",
        "coordinates": [
          114.05791006258401,
          22.549348687880116
        ]
      }
    },
    {
      "type": "Feature",
      "properties": {
        "node_id": 401,
        "lat": 22.547455287648763,
        "lng": 114.05794698743843
      },
      "geometry": {
        "type": "Point",
        "coordinates": [
          114.05794698743843,
          22.547455287648763
        ]
      }
    },
    {
      "type": "Feature",
      "properties": {
        "node_id": 402,
        "lat": 22.562413660020187,
        "lng": 114.05797404118718
      },
      "geometry": {
        "type": "Point",
        "coordinates": [
          114.05797404118718,
          22.562413660020187
        ]
      }
    },
    {
      "type": "Feature",
      "properties": {
        "node_id": 403,
        "lat": 22.545588839956057,
        "lng": 114.05797717540591
      },
      "geometry": {
        "type": "Point",
        "coordinates": [
          114.05797717540591,
          22.545588839956057
        ]
      }
    },
    {
      "type": "Feature",
      "properties": {
        "node_id": 404,
        "lat": 22.54285305594574,
        "lng": 114.05802065155254
      },
      "geometry": {
        "type": "Point",
        "coordinates": [
          114.05802065155254,
          22.54285305594574
        ]
      }
    },
    {
      "type": "Feature",
      "properties": {
        "node_id": 405,
        "lat": 22.53958062043645,
        "lng": 114.05807705108114
      },
      "geometry": {
        "type": "Point",
        "coordinates": [
          114.05807705108114,
          22.53958062043645
        ]
      }
    },
    {
      "type": "Feature",
      "properties": {
        "node_id": 406,
        "lat": 22.537536714404407,
        "lng": 114.05812901455556
      },
      "geometry": {
        "type": "Point",
        "coordinates": [
          114.05812901455556,
          22.537536714404407
        ]
      }
    },
    {
      "type": "Feature",
      "properties": {
        "node_id": 407,
        "lat": 22.535449265822283,
        "lng": 114.05815775939402
      },
      "geometry": {
        "type": "Point",
        "coordinates": [
          114.05815775939402,
          22.535449265822283
        ]
      }
    },
    {
      "type": "Feature",
      "properties": {
        "node_id": 408,
        "lat": 22.53159376824194,
        "lng": 114.05824553924067
      },
      "geometry": {
        "type": "Point",
        "coordinates": [
          114.05824553924067,
          22.53159376824194
        ]
      }
    },
    {
      "type": "Feature",
      "properties": {
        "node_id": 409,
        "lat": 22.519595614409848,
        "lng": 114.05828892118207
      },
      "geometry": {
        "type": "Point",
        "coordinates": [
          114.05828892118207,
          22.519595614409848
        ]
      }
    },
    {
      "type": "Feature",
      "properties": {
        "node_id": 410,
        "lat": 22.571149630347723,
        "lng": 114.05854338539129
      },
      "geometry": {
        "type": "Point",
        "coordinates": [
          114.05854338539129,
          22.571149630347723
        ]
      }
    },
    {
      "type": "Feature",
      "properties": {
        "node_id": 411,
        "lat": 22.5691347142552,
        "lng": 114.0586170831315
      },
      "geometry": {
        "type": "Point",
        "coordinates": [
          114.0586170831315,
          22.5691347142552
        ]
      }
    },
    {
      "type": "Feature",
      "properties": {
        "node_id": 412,
        "lat": 22.566587509955863,
        "lng": 114.05866712300737
      },
      "geometry": {
        "type": "Point",
        "coordinates": [
          114.05866712300737,
          22.566587509955863
        ]
      }
    },
    {
      "type": "Feature",
      "properties": {
        "node_id": 413,
        "lat": 22.525913453189627,
        "lng": 114.05971978956539
      },
      "geometry": {
        "type": "Point",
        "coordinates": [
          114.05971978956539,
          22.525913453189627
        ]
      }
    },
    {
      "type": "Feature",
      "properties": {
        "node_id": 414,
        "lat": 22.547495531760656,
        "lng": 114.06020789541657
      },
      "geometry": {
        "type": "Point",
        "coordinates": [
          114.06020789541657,
          22.547495531760656
        ]
      }
    },
    {
      "type": "Feature",
      "properties": {
        "node_id": 415,
        "lat": 22.521123922915677,
        "lng": 114.06099083735458
      },
      "geometry": {
        "type": "Point",
        "coordinates": [
          114.06099083735458,
          22.521123922915677
        ]
      }
    },
    {
      "type": "Feature",
      "properties": {
        "node_id": 416,
        "lat": 22.571148389513986,
        "lng": 114.06173519976653
      },
      "geometry": {
        "type": "Point",
        "coordinates": [
          114.06173519976653,
          22.571148389513986
        ]
      }
    },
    {
      "type": "Feature",
      "properties": {
        "node_id": 417,
        "lat": 22.56839451560895,
        "lng": 114.06234116205746
      },
      "geometry": {
        "type": "Point",
        "coordinates": [
          114.06234116205746,
          22.56839451560895
        ]
      }
    },
    {
      "type": "Feature",
      "properties": {
        "node_id": 418,
        "lat": 22.562484673787093,
        "lng": 114.06253172683293
      },
      "geometry": {
        "type": "Point",
        "coordinates": [
          114.06253172683293,
          22.562484673787093
        ]
      }
    },
    {
      "type": "Feature",
      "properties": {
        "node_id": 419,
        "lat": 22.558324251253172,
        "lng": 114.06261998667517
      },
      "geometry": {
        "type": "Point",
        "coordinates": [
          114.06261998667517,
          22.558324251253172
        ]
      }
    },
    {
      "type": "Feature",
      "properties": {
        "node_id": 420,
        "lat": 22.551412445313467,
        "lng": 114.06272428889609
      },
      "geometry": {
        "type": "Point",
        "coordinates": [
          114.06272428889609,
          22.551412445313467
        ]
      }
    },
    {
      "type": "Feature",
      "properties": {
        "node_id": 421,
        "lat": 22.547536641323823,
        "lng": 114.0627996942378
      },
      "geometry": {
        "type": "Point",
        "coordinates": [
          114.0627996942378,
          22.547536641323823
        ]
      }
    },
    {
      "type": "Feature",
      "properties": {
        "node_id": 422,
        "lat": 22.54292352428138,
        "lng": 114.06288457309581
      },
      "geometry": {
        "type": "Point",
        "coordinates": [
          114.06288457309581,
          22.54292352428138
        ]
      }
    },
    {
      "type": "Feature",
      "properties": {
        "node_id": 423,
        "lat": 22.53761185206481,
        "lng": 114.06297340095847
      },
      "geometry": {
        "type": "Point",
        "coordinates": [
          114.06297340095847,
          22.53761185206481
        ]
      }
    },
    {
      "type": "Feature",
      "properties": {
        "node_id": 424,
        "lat": 22.535545039005545,
        "lng": 114.0630192106802
      },
      "geometry": {
        "type": "Point",
        "coordinates": [
          114.0630192106802,
          22.535545039005545
        ]
      }
    },
    {
      "type": "Feature",
      "properties": {
        "node_id": 425,
        "lat": 22.531669191194403,
        "lng": 114.06309444939706
      },
      "geometry": {
        "type": "Point",
        "coordinates": [
          114.06309444939706,
          22.531669191194403
        ]
      }
    },
    {
      "type": "Feature",
      "properties": {
        "node_id": 426,
        "lat": 22.56900047319725,
        "lng": 114.06757377472636
      },
      "geometry": {
        "type": "Point",
        "coordinates": [
          114.06757377472636,
          22.56900047319725
        ]
      }
    },
    {
      "type": "Feature",
      "properties": {
        "node_id": 427,
        "lat": 22.558068300505546,
        "lng": 114.0677746666623
      },
      "geometry": {
        "type": "Point",
        "coordinates": [
          114.0677746666623,
          22.558068300505546
        ]
      }
    },
    {
      "type": "Feature",
      "properties": {
        "node_id": 428,
        "lat": 22.551020935272227,
        "lng": 114.06791153705532
      },
      "geometry": {
        "type": "Point",
        "coordinates": [
          114.06791153705532,
          22.551020935272227
        ]
      }
    },
    {
      "type": "Feature",
      "properties": {
        "node_id": 429,
        "lat": 22.547610592595355,
        "lng": 114.06796314960987
      },
      "geometry": {
        "type": "Point",
        "coordinates": [
          114.06796314960987,
          22.547610592595355
        ]
      }
    },
    {
      "type": "Feature",
      "properties": {
        "node_id": 430,
        "lat": 22.542991893483737,
        "lng": 114.06804923114665
      },
      "geometry": {
        "type": "Point",
        "coordinates": [
          114.06804923114665,
          22.542991893483737
        ]
      }
    },
    {
      "type": "Feature",
      "properties": {
        "node_id": 431,
        "lat": 22.538651430358513,
        "lng": 114.06812679712371
      },
      "geometry": {
        "type": "Point",
        "coordinates": [
          114.06812679712371,
          22.538651430358513
        ]
      }
    },
    {
      "type": "Feature",
      "properties": {
        "node_id": 432,
        "lat": 22.531740196156413,
        "lng": 114.06827193657715
      },
      "geometry": {
        "type": "Point",
        "coordinates": [
          114.06827193657715,
          22.531740196156413
        ]
      }
    },
    {
      "type": "Feature",
      "properties": {
        "node_id": 433,
        "lat": 22.54306586941929,
        "lng": 114.07193132253457
      },
      "geometry": {
        "type": "Point",
        "coordinates": [
          114.07193132253457,
          22.54306586941929
        ]
      }
    },
    {
      "type": "Feature",
      "properties": {
        "node_id": 434,
        "lat": 22.538666467706197,
        "lng": 114.07202332534241
      },
      "geometry": {
        "type": "Point",
        "coordinates": [
          114.07202332534241,
          22.538666467706197
        ]
      }
    },
    {
      "type": "Feature",
      "properties": {
        "node_id": 435,
        "lat": 22.535844007626576,
        "lng": 114.07207293497665
      },
      "geometry": {
        "type": "Point",
        "coordinates": [
          114.07207293497665,
          22.535844007626576
        ]
      }
    },
    {
      "type": "Feature",
      "properties": {
        "node_id": 436,
        "lat": 22.531811238079815,
        "lng": 114.07209387433498
      },
      "geometry": {
        "type": "Point",
        "coordinates": [
          114.07209387433498,
          22.531811238079815
        ]
      }
    },
    {
      "type": "Feature",
      "properties": {
        "node_id": 437,
        "lat": 22.5697353594109,
        "lng": 114.07214024038717
      },
      "geometry": {
        "type": "Point",
        "coordinates": [
          114.07214024038717,
          22.5697353594109
        ]
      }
    },
    {
      "type": "Feature",
      "properties": {
        "node_id": 438,
        "lat": 22.551532178300604,
        "lng": 114.07605653231023
      },
      "geometry": {
        "type": "Point",
        "coordinates": [
          114.07605653231023,
          22.551532178300604
        ]
      }
    },
    {
      "type": "Feature",
      "properties": {
        "node_id": 439,
        "lat": 22.549095257707304,
        "lng": 114.0760991333087
      },
      "geometry": {
        "type": "Point",
        "coordinates": [
          114.0760991333087,
          22.549095257707304
        ]
      }
    },
    {
      "type": "Feature",
      "properties": {
        "node_id": 440,
        "lat": 22.547021072987544,
        "lng": 114.07615210965277
      },
      "geometry": {
        "type": "Point",
        "coordinates": [
          114.07615210965277,
          22.547021072987544
        ]
      }
    },
    {
      "type": "Feature",
      "properties": {
        "node_id": 441,
        "lat": 22.545388836126524,
        "lng": 114.07618427320301
      },
      "geometry": {
        "type": "Point",
        "coordinates": [
          114.07618427320301,
          22.545388836126524
        ]
      }
    },
    {
      "type": "Feature",
      "properties": {
        "node_id": 442,
        "lat": 22.540114960306244,
        "lng": 114.07618786066733
      },
      "geometry": {
        "type": "Point",
        "coordinates": [
          114.07618786066733,
          22.540114960306244
        ]
      }
    },
    {
      "type": "Feature",
      "properties": {
        "node_id": 443,
        "lat": 22.54311603777702,
        "lng": 114.07624145329628
      },
      "geometry": {
        "type": "Point",
        "coordinates": [
          114.07624145329628,
          22.54311603777702
        ]
      }
    },
    {
      "type": "Feature",
      "properties": {
        "node_id": 444,
        "lat": 22.54027340102021,
        "lng": 114.07777600870247
      },
      "geometry": {
        "type": "Point",
        "coordinates": [
          114.07777600870247,
          22.54027340102021
        ]
      }
    },
    {
      "type": "Feature",
      "properties": {
        "node_id": 445,
        "lat": 22.55391650049563,
        "lng": 114.07795721971405
      },
      "geometry": {
        "type": "Point",
        "coordinates": [
          114.07795721971405,
          22.55391650049563
        ]
      }
    },
    {
      "type": "Feature",
      "properties": {
        "node_id": 446,
        "lat": 22.543173124670194,
        "lng": 114.07874645766537
      },
      "geometry": {
        "type": "Point",
        "coordinates": [
          114.07874645766537,
          22.543173124670194
        ]
      }
    },
    {
      "type": "Feature",
      "properties": {
        "node_id": 447,
        "lat": 22.540315657082882,
        "lng": 114.07882241559663
      },
      "geometry": {
        "type": "Point",
        "coordinates": [
          114.07882241559663,
          22.540315657082882
        ]
      }
    },
    {
      "type": "Feature",
      "properties": {
        "node_id": 448,
        "lat": 22.558239300794536,
        "lng": 114.0814206859777
      },
      "geometry": {
        "type": "Point",
        "coordinates": [
          114.0814206859777,
          22.558239300794536
        ]
      }
    },
    {
      "type": "Feature",
      "properties": {
        "node_id": 449,
        "lat": 22.554015193696674,
        "lng": 114.08151978707615
      },
      "geometry": {
        "type": "Point",
        "coordinates": [
          114.08151978707615,
          22.554015193696674
        ]
      }
    },
    {
      "type": "Feature",
      "properties": {
        "node_id": 450,
        "lat": 22.5516186358356,
        "lng": 114.08156579027201
      },
      "geometry": {
        "type": "Point",
        "coordinates": [
          114.08156579027201,
          22.5516186358356
        ]
      }
    },
    {
      "type": "Feature",
      "properties": {
        "node_id": 451,
        "lat": 22.54320838795419,
        "lng": 114.08167282318715
      },
      "geometry": {
        "type": "Point",
        "coordinates": [
          114.08167282318715,
          22.54320838795419
        ]
      }
    },
    {
      "type": "Feature",
      "properties": {
        "node_id": 452,
        "lat": 22.540690955383944,
        "lng": 114.0817353805138
      },
      "geometry": {
        "type": "Point",
        "coordinates": [
          114.0817353805138,
          22.540690955383944
        ]
      }
    },
    {
      "type": "Feature",
      "properties": {
        "node_id": 453,
        "lat": 22.537349494565415,
        "lng": 114.08182131180244
      },
      "geometry": {
        "type": "Point",
        "coordinates": [
          114.08182131180244,
          22.537349494565415
        ]
      }
    },
    {
      "type": "Feature",
      "properties": {
        "node_id": 454,
        "lat": 22.571861995099255,
        "lng": 114.08270831254909
      },
      "geometry": {
        "type": "Point",
        "coordinates": [
          114.08270831254909,
          22.571861995099255
        ]
      }
    },
    {
      "type": "Feature",
      "properties": {
        "node_id": 455,
        "lat": 22.57343592832585,
        "lng": 114.08368699609944
      },
      "geometry": {
        "type": "Point",
        "coordinates": [
          114.08368699609944,
          22.57343592832585
        ]
      }
    },
    {
      "type": "Feature",
      "properties": {
        "node_id": 456,
        "lat": 22.551657974547936,
        "lng": 114.0840485773474
      },
      "geometry": {
        "type": "Point",
        "coordinates": [
          114.0840485773474,
          22.551657974547936
        ]
      }
    },
    {
      "type": "Feature",
      "properties": {
        "node_id": 457,
        "lat": 22.549219917103514,
        "lng": 114.08408054246043
      },
      "geometry": {
        "type": "Point",
        "coordinates": [
          114.08408054246043,
          22.549219917103514
        ]
      }
    },
    {
      "type": "Feature",
      "properties": {
        "node_id": 458,
        "lat": 22.540736675960883,
        "lng": 114.08663938202704
      },
      "geometry": {
        "type": "Point",
        "coordinates": [
          114.08663938202704,
          22.540736675960883
        ]
      }
    },
    {
      "type": "Feature",
      "properties": {
        "node_id": 459,
        "lat": 22.53742149987004,
        "lng": 114.08672784258077
      },
      "geometry": {
        "type": "Point",
        "coordinates": [
          114.08672784258077,
          22.53742149987004
        ]
      }
    },
    {
      "type": "Feature",
      "properties": {
        "node_id": 460,
        "lat": 22.56641320692548,
        "lng": 114.08688608640125
      },
      "geometry": {
        "type": "Point",
        "coordinates": [
          114.08688608640125,
          22.56641320692548
        ]
      }
    },
    {
      "type": "Feature",
      "properties": {
        "node_id": 461,
        "lat": 22.56453789655175,
        "lng": 114.08785894563611
      },
      "geometry": {
        "type": "Point",
        "coordinates": [
          114.08785894563611,
          22.56453789655175
        ]
      }
    },
    {
      "type": "Feature",
      "properties": {
        "node_id": 462,
        "lat": 22.551720208998837,
        "lng": 114.08788041327283
      },
      "geometry": {
        "type": "Point",
        "coordinates": [
          114.08788041327283,
          22.551720208998837
        ]
      }
    },
    {
      "type": "Feature",
      "properties": {
        "node_id": 463,
        "lat": 22.56096561694721,
        "lng": 114.08969259779117
      },
      "geometry": {
        "type": "Point",
        "coordinates": [
          114.08969259779117,
          22.56096561694721
        ]
      }
    },
    {
      "type": "Feature",
      "properties": {
        "node_id": 464,
        "lat": 22.56731433824059,
        "lng": 114.09059184320074
      },
      "geometry": {
        "type": "Point",
        "coordinates": [
          114.09059184320074,
          22.56731433824059
        ]
      }
    },
    {
      "type": "Feature",
      "properties": {
        "node_id": 465,
        "lat": 22.56457940447871,
        "lng": 114.09069234772159
      },
      "geometry": {
        "type": "Point",
        "coordinates": [
          114.09069234772159,
          22.56457940447871
        ]
      }
    },
    {
      "type": "Feature",
      "properties": {
        "node_id": 466,
        "lat": 22.56142507336479,
        "lng": 114.09077680272303
      },
      "geometry": {
        "type": "Point",
        "coordinates": [
          114.09077680272303,
          22.56142507336479
        ]
      }
    },
    {
      "type": "Feature",
      "properties": {
        "node_id": 467,
        "lat": 22.558426173013387,
        "lng": 114.09100034603318
      },
      "geometry": {
        "type": "Point",
        "coordinates": [
          114.09100034603318,
          22.558426173013387
        ]
      }
    },
    {
      "type": "Feature",
      "properties": {
        "node_id": 468,
        "lat": 22.554170439306482,
        "lng": 114.09107051585733
      },
      "geometry": {
        "type": "Point",
        "coordinates": [
          114.09107051585733,
          22.554170439306482
        ]
      }
    },
    {
      "type": "Feature",
      "properties": {
        "node_id": 469,
        "lat": 22.551767009504694,
        "lng": 114.09111632935564
      },
      "geometry": {
        "type": "Point",
        "coordinates": [
          114.09111632935564,
          22.551767009504694
        ]
      }
    },
    {
      "type": "Feature",
      "properties": {
        "node_id": 470,
        "lat": 22.54930646335913,
        "lng": 114.0911570770892
      },
      "geometry": {
        "type": "Point",
        "coordinates": [
          114.0911570770892,
          22.54930646335913
        ]
      }
    },
    {
      "type": "Feature",
      "properties": {
        "node_id": 471,
        "lat": 22.547248489164133,
        "lng": 114.09118207850283
      },
      "geometry": {
        "type": "Point",
        "coordinates": [
          114.09118207850283,
          22.547248489164133
        ]
      }
    },
    {
      "type": "Feature",
      "properties": {
        "node_id": 472,
        "lat": 22.545499664004772,
        "lng": 114.09122791516609
      },
      "geometry": {
        "type": "Point",
        "coordinates": [
          114.09122791516609,
          22.545499664004772
        ]
      }
    },
    {
      "type": "Feature",
      "properties": {
        "node_id": 473,
        "lat": 22.54338470439381,
        "lng": 114.09124493595911
      },
      "geometry": {
        "type": "Point",
        "coordinates": [
          114.09124493595911,
          22.54338470439381
        ]
      }
    },
    {
      "type": "Feature",
      "properties": {
        "node_id": 474,
        "lat": 22.541497425409396,
        "lng": 114.09130198843596
      },
      "geometry": {
        "type": "Point",
        "coordinates": [
          114.09130198843596,
          22.541497425409396
        ]
      }
    },
    {
      "type": "Feature",
      "properties": {
        "node_id": 475,
        "lat": 22.538040593201043,
        "lng": 114.09136209599355
      },
      "geometry": {
        "type": "Point",
        "coordinates": [
          114.09136209599355,
          22.538040593201043
        ]
      }
    },
    {
      "type": "Feature",
      "properties": {
        "node_id": 476,
        "lat": 22.56825073314356,
        "lng": 114.09449095673212
      },
      "geometry": {
        "type": "Point",
        "coordinates": [
          114.09449095673212,
          22.56825073314356
        ]
      }
    },
    {
      "type": "Feature",
      "properties": {
        "node_id": 477,
        "lat": 22.56465622773227,
        "lng": 114.0945748259347
      },
      "geometry": {
        "type": "Point",
        "coordinates": [
          114.0945748259347,
          22.56465622773227
        ]
      }
    },
    {
      "type": "Feature",
      "properties": {
        "node_id": 478,
        "lat": 22.561479582884804,
        "lng": 114.09464911195447
      },
      "geometry": {
        "type": "Point",
        "coordinates": [
          114.09464911195447,
          22.561479582884804
        ]
      }
    },
    {
      "type": "Feature",
      "properties": {
        "node_id": 479,
        "lat": 22.54345208254496,
        "lng": 114.09519910450506
      },
      "geometry": {
        "type": "Point",
        "coordinates": [
          114.09519910450506,
          22.54345208254496
        ]
      }
    },
    {
      "type": "Feature",
      "properties": {
        "node_id": 480,
        "lat": 22.54142607709652,
        "lng": 114.09529920574177
      },
      "geometry": {
        "type": "Point",
        "coordinates": [
          114.09529920574177,
          22.54142607709652
        ]
      }
    },
    {
      "type": "Feature",
      "properties": {
        "node_id": 481,
        "lat": 22.57008479976261,
        "lng": 114.09913973256133
      },
      "geometry": {
        "type": "Point",
        "coordinates": [
          114.09913973256133,
          22.57008479976261
        ]
      }
    },
    {
      "type": "Feature",
      "properties": {
        "node_id": 482,
        "lat": 22.566345878456687,
        "lng": 114.09922322238035
      },
      "geometry": {
        "type": "Point",
        "coordinates": [
          114.09922322238035,
          22.566345878456687
        ]
      }
    },
    {
      "type": "Feature",
      "properties": {
        "node_id": 483,
        "lat": 22.564715008883518,
        "lng": 114.09924423401488
      },
      "geometry": {
        "type": "Point",
        "coordinates": [
          114.09924423401488,
          22.564715008883518
        ]
      }
    },
    {
      "type": "Feature",
      "properties": {
        "node_id": 484,
        "lat": 22.561548454142457,
        "lng": 114.09930735065778
      },
      "geometry": {
        "type": "Point",
        "coordinates": [
          114.09930735065778,
          22.561548454142457
        ]
      }
    },
    {
      "type": "Feature",
      "properties": {
        "node_id": 485,
        "lat": 22.57830990190648,
        "lng": 114.09936042817296
      },
      "geometry": {
        "type": "Point",
        "coordinates": [
          114.09936042817296,
          22.57830990190648
        ]
      }
    },
    {
      "type": "Feature",
      "properties": {
        "node_id": 486,
        "lat": 22.55855077386008,
        "lng": 114.09936633721249
      },
      "geometry": {
        "type": "Point",
        "coordinates": [
          114.09936633721249,
          22.55855077386008
        ]
      }
    },
    {
      "type": "Feature",
      "properties": {
        "node_id": 487,
        "lat": 22.551927087114887,
        "lng": 114.09947987178295
      },
      "geometry": {
        "type": "Point",
        "coordinates": [
          114.09947987178295,
          22.551927087114887
        ]
      }
    },
    {
      "type": "Feature",
      "properties": {
        "node_id": 488,
        "lat": 22.54755506098758,
        "lng": 114.09954712339737
      },
      "geometry": {
        "type": "Point",
        "coordinates": [
          114.09954712339737,
          22.54755506098758
        ]
      }
    },
    {
      "type": "Feature",
      "properties": {
        "node_id": 489,
        "lat": 22.54349397980151,
        "lng": 114.09963128961091
      },
      "geometry": {
        "type": "Point",
        "coordinates": [
          114.09963128961091,
          22.54349397980151
        ]
      }
    },
    {
      "type": "Feature",
      "properties": {
        "node_id": 490,
        "lat": 22.541174949481686,
        "lng": 114.09964759065237
      },
      "geometry": {
        "type": "Point",
        "coordinates": [
          114.09964759065237,
          22.541174949481686
        ]
      }
    },
    {
      "type": "Feature",
      "properties": {
        "node_id": 491,
        "lat": 22.538172644405115,
        "lng": 114.0996909283707
      },
      "geometry": {
        "type": "Point",
        "coordinates": [
          114.0996909283707,
          22.538172644405115
        ]
      }
    },
    {
      "type": "Feature",
      "properties": {
        "node_id": 492,
        "lat": 22.54023603326361,
        "lng": 114.09971207379041
      },
      "geometry": {
        "type": "Point",
        "coordinates": [
          114.09971207379041,
          22.54023603326361
        ]
      }
    },
    {
      "type": "Feature",
      "properties": {
        "node_id": 493,
        "lat": 22.5647478871299,
        "lng": 114.10161118814196
      },
      "geometry": {
        "type": "Point",
        "coordinates": [
          114.10161118814196,
          22.5647478871299
        ]
      }
    },
    {
      "type": "Feature",
      "properties": {
        "node_id": 494,
        "lat": 22.561581082020652,
        "lng": 114.10167559816246
      },
      "geometry": {
        "type": "Point",
        "coordinates": [
          114.10167559816246,
          22.561581082020652
        ]
      }
    },
    {
      "type": "Feature",
      "properties": {
        "node_id": 495,
        "lat": 22.558593619109242,
        "lng": 114.10173167009489
      },
      "geometry": {
        "type": "Point",
        "coordinates": [
          114.10173167009489,
          22.558593619109242
        ]
      }
    },
    {
      "type": "Feature",
      "properties": {
        "node_id": 496,
        "lat": 22.5720580661157,
        "lng": 114.10247283077486
      },
      "geometry": {
        "type": "Point",
        "coordinates": [
          114.10247283077486,
          22.5720580661157
        ]
      }
    },
    {
      "type": "Feature",
      "properties": {
        "node_id": 497,
        "lat": 22.538240309164337,
        "lng": 114.1037416585918
      },
      "geometry": {
        "type": "Point",
        "coordinates": [
          114.1037416585918,
          22.538240309164337
        ]
      }
    },
    {
      "type": "Feature",
      "properties": {
        "node_id": 498,
        "lat": 22.570031945732246,
        "lng": 114.10386217256094
      },
      "geometry": {
        "type": "Point",
        "coordinates": [
          114.10386217256094,
          22.570031945732246
        ]
      }
    },
    {
      "type": "Feature",
      "properties": {
        "node_id": 499,
        "lat": 22.564787506883288,
        "lng": 114.10396418604279
      },
      "geometry": {
        "type": "Point",
        "coordinates": [
          114.10396418604279,
          22.564787506883288
        ]
      }
    },
    {
      "type": "Feature",
      "properties": {
        "node_id": 500,
        "lat": 22.561629019181186,
        "lng": 114.10402560579624
      },
      "geometry": {
        "type": "Point",
        "coordinates": [
          114.10402560579624,
          22.561629019181186
        ]
      }
    },
    {
      "type": "Feature",
      "properties": {
        "node_id": 501,
        "lat": 22.55862875984136,
        "lng": 114.10407922309956
      },
      "geometry": {
        "type": "Point",
        "coordinates": [
          114.10407922309956,
          22.55862875984136
        ]
      }
    },
    {
      "type": "Feature",
      "properties": {
        "node_id": 502,
        "lat": 22.553051843499972,
        "lng": 114.10414130422667
      },
      "geometry": {
        "type": "Point",
        "coordinates": [
          114.10414130422667,
          22.553051843499972
        ]
      }
    },
    {
      "type": "Feature",
      "properties": {
        "node_id": 503,
        "lat": 22.549258203574276,
        "lng": 114.10491683221746
      },
      "geometry": {
        "type": "Point",
        "coordinates": [
          114.10491683221746,
          22.549258203574276
        ]
      }
    },
    {
      "type": "Feature",
      "properties": {
        "node_id": 504,
        "lat": 22.54636505334457,
        "lng": 114.10613389649814
      },
      "geometry": {
        "type": "Point",
        "coordinates": [
          114.10613389649814,
          22.54636505334457
        ]
      }
    },
    {
      "type": "Feature",
      "properties": {
        "node_id": 505,
        "lat": 22.54472797854067,
        "lng": 114.10631863732544
      },
      "geometry": {
        "type": "Point",
        "coordinates": [
          114.10631863732544,
          22.54472797854067
        ]
      }
    },
    {
      "type": "Feature",
      "properties": {
        "node_id": 506,
        "lat": 22.541292135136654,
        "lng": 114.10667409255173
      },
      "geometry": {
        "type": "Point",
        "coordinates": [
          114.10667409255173,
          22.541292135136654
        ]
      }
    },
    {
      "type": "Feature",
      "properties": {
        "node_id": 507,
        "lat": 22.574646033027552,
        "lng": 114.10679769523799
      },
      "geometry": {
        "type": "Point",
        "coordinates": [
          114.10679769523799,
          22.574646033027552
        ]
      }
    },
    {
      "type": "Feature",
      "properties": {
        "node_id": 508,
        "lat": 22.56679352984456,
        "lng": 114.10752504008343
      },
      "geometry": {
        "type": "Point",
        "coordinates": [
          114.10752504008343,
          22.56679352984456
        ]
      }
    },
    {
      "type": "Feature",
      "properties": {
        "node_id": 509,
        "lat": 22.558684330071593,
        "lng": 114.10754734279786
      },
      "geometry": {
        "type": "Point",
        "coordinates": [
          114.10754734279786,
          22.558684330071593
        ]
      }
    },
    {
      "type": "Feature",
      "properties": {
        "node_id": 510,
        "lat": 22.54697076365623,
        "lng": 114.10797611095161
      },
      "geometry": {
        "type": "Point",
        "coordinates": [
          114.10797611095161,
          22.54697076365623
        ]
      }
    },
    {
      "type": "Feature",
      "properties": {
        "node_id": 511,
        "lat": 22.57251254796319,
        "lng": 114.10807040996495
      },
      "geometry": {
        "type": "Point",
        "coordinates": [
          114.10807040996495,
          22.57251254796319
        ]
      }
    },
    {
      "type": "Feature",
      "properties": {
        "node_id": 512,
        "lat": 22.54771821881877,
        "lng": 114.11028260824379
      },
      "geometry": {
        "type": "Point",
        "coordinates": [
          114.11028260824379,
          22.54771821881877
        ]
      }
    },
    {
      "type": "Feature",
      "properties": {
        "node_id": 513,
        "lat": 22.545437157138387,
        "lng": 114.11074984343892
      },
      "geometry": {
        "type": "Point",
        "coordinates": [
          114.11074984343892,
          22.545437157138387
        ]
      }
    },
    {
      "type": "Feature",
      "properties": {
        "node_id": 514,
        "lat": 22.541953217661444,
        "lng": 114.11138965664618
      },
      "geometry": {
        "type": "Point",
        "coordinates": [
          114.11138965664618,
          22.541953217661444
        ]
      }
    },
    {
      "type": "Feature",
      "properties": {
        "node_id": 515,
        "lat": 22.558677447539544,
        "lng": 114.11183683356181
      },
      "geometry": {
        "type": "Point",
        "coordinates": [
          114.11183683356181,
          22.558677447539544
        ]
      }
    },
    {
      "type": "Feature",
      "properties": {
        "node_id": 516,
        "lat": 22.538035371885865,
        "lng": 114.1121306202565
      },
      "geometry": {
        "type": "Point",
        "coordinates": [
          114.1121306202565,
          22.538035371885865
        ]
      }
    },
    {
      "type": "Feature",
      "properties": {
        "node_id": 517,
        "lat": 22.56606576189627,
        "lng": 114.11250842874485
      },
      "geometry": {
        "type": "Point",
        "coordinates": [
          114.11250842874485,
          22.56606576189627
        ]
      }
    },
    {
      "type": "Feature",
      "properties": {
        "node_id": 518,
        "lat": 22.584709875002787,
        "lng": 114.11286899990665
      },
      "geometry": {
        "type": "Point",
        "coordinates": [
          114.11286899990665,
          22.584709875002787
        ]
      }
    },
    {
      "type": "Feature",
      "properties": {
        "node_id": 519,
        "lat": 22.54241739047764,
        "lng": 114.1136230662757
      },
      "geometry": {
        "type": "Point",
        "coordinates": [
          114.1136230662757,
          22.54241739047764
        ]
      }
    },
    {
      "type": "Feature",
      "properties": {
        "node_id": 520,
        "lat": 22.540663205896156,
        "lng": 114.1136873458174
      },
      "geometry": {
        "type": "Point",
        "coordinates": [
          114.1136873458174,
          22.540663205896156
        ]
      }
    },
    {
      "type": "Feature",
      "properties": {
        "node_id": 521,
        "lat": 22.54592856901701,
        "lng": 114.11374255420841
      },
      "geometry": {
        "type": "Point",
        "coordinates": [
          114.11374255420841,
          22.54592856901701
        ]
      }
    },
    {
      "type": "Feature",
      "properties": {
        "node_id": 522,
        "lat": 22.53838078044522,
        "lng": 114.11380498809028
      },
      "geometry": {
        "type": "Point",
        "coordinates": [
          114.11380498809028,
          22.53838078044522
        ]
      }
    },
    {
      "type": "Feature",
      "properties": {
        "node_id": 523,
        "lat": 22.53596638738303,
        "lng": 114.11424162297223
      },
      "geometry": {
        "type": "Point",
        "coordinates": [
          114.11424162297223,
          22.53596638738303
        ]
      }
    },
    {
      "type": "Feature",
      "properties": {
        "node_id": 524,
        "lat": 22.576548921562313,
        "lng": 114.11430367087792
      },
      "geometry": {
        "type": "Point",
        "coordinates": [
          114.11430367087792,
          22.576548921562313
        ]
      }
    },
    {
      "type": "Feature",
      "properties": {
        "node_id": 525,
        "lat": 22.57987144286679,
        "lng": 114.11505786463425
      },
      "geometry": {
        "type": "Point",
        "coordinates": [
          114.11505786463425,
          22.57987144286679
        ]
      }
    },
    {
      "type": "Feature",
      "properties": {
        "node_id": 526,
        "lat": 22.55374163176556,
        "lng": 114.11526205098026
      },
      "geometry": {
        "type": "Point",
        "coordinates": [
          114.11526205098026,
          22.55374163176556
        ]
      }
    },
    {
      "type": "Feature",
      "properties": {
        "node_id": 527,
        "lat": 22.55880809630641,
        "lng": 114.11532647033016
      },
      "geometry": {
        "type": "Point",
        "coordinates": [
          114.11532647033016,
          22.55880809630641
        ]
      }
    },
    {
      "type": "Feature",
      "properties": {
        "node_id": 528,
        "lat": 22.568307467842782,
        "lng": 114.1166387994502
      },
      "geometry": {
        "type": "Point",
        "coordinates": [
          114.1166387994502,
          22.568307467842782
        ]
      }
    },
    {
      "type": "Feature",
      "properties": {
        "node_id": 529,
        "lat": 22.53952264734602,
        "lng": 114.11672387625065
      },
      "geometry": {
        "type": "Point",
        "coordinates": [
          114.11672387625065,
          22.53952264734602
        ]
      }
    },
    {
      "type": "Feature",
      "properties": {
        "node_id": 530,
        "lat": 22.54823711092908,
        "lng": 114.11677909443989
      },
      "geometry": {
        "type": "Point",
        "coordinates": [
          114.11677909443989,
          22.54823711092908
        ]
      }
    },
    {
      "type": "Feature",
      "properties": {
        "node_id": 531,
        "lat": 22.57659132607427,
        "lng": 114.11679322384538
      },
      "geometry": {
        "type": "Point",
        "coordinates": [
          114.11679322384538,
          22.57659132607427
        ]
      }
    },
    {
      "type": "Feature",
      "properties": {
        "node_id": 532,
        "lat": 22.546484249383283,
        "lng": 114.11718056910131
      },
      "geometry": {
        "type": "Point",
        "coordinates": [
          114.11718056910131,
          22.546484249383283
        ]
      }
    },
    {
      "type": "Feature",
      "properties": {
        "node_id": 533,
        "lat": 22.551159915081733,
        "lng": 114.11723937118201
      },
      "geometry": {
        "type": "Point",
        "coordinates": [
          114.11723937118201,
          22.551159915081733
        ]
      }
    },
    {
      "type": "Feature",
      "properties": {
        "node_id": 534,
        "lat": 22.57094116088691,
        "lng": 114.11781135137318
      },
      "geometry": {
        "type": "Point",
        "coordinates": [
          114.11781135137318,
          22.57094116088691
        ]
      }
    },
    {
      "type": "Feature",
      "properties": {
        "node_id": 535,
        "lat": 22.568408667531216,
        "lng": 114.11785156160904
      },
      "geometry": {
        "type": "Point",
        "coordinates": [
          114.11785156160904,
          22.568408667531216
        ]
      }
    },
    {
      "type": "Feature",
      "properties": {
        "node_id": 536,
        "lat": 22.543641703676347,
        "lng": 114.11801078489309
      },
      "geometry": {
        "type": "Point",
        "coordinates": [
          114.11801078489309,
          22.543641703676347
        ]
      }
    },
    {
      "type": "Feature",
      "properties": {
        "node_id": 537,
        "lat": 22.56567127041599,
        "lng": 114.11823761894513
      },
      "geometry": {
        "type": "Point",
        "coordinates": [
          114.11823761894513,
          22.56567127041599
        ]
      }
    },
    {
      "type": "Feature",
      "properties": {
        "node_id": 538,
        "lat": 22.537275592027946,
        "lng": 114.11823861366649
      },
      "geometry": {
        "type": "Point",
        "coordinates": [
          114.11823861366649,
          22.537275592027946
        ]
      }
    },
    {
      "type": "Feature",
      "properties": {
        "node_id": 539,
        "lat": 22.560857092341365,
        "lng": 114.11955754619578
      },
      "geometry": {
        "type": "Point",
        "coordinates": [
          114.11955754619578,
          22.560857092341365
        ]
      }
    },
    {
      "type": "Feature",
      "properties": {
        "node_id": 540,
        "lat": 22.591344937103646,
        "lng": 114.11989183171134
      },
      "geometry": {
        "type": "Point",
        "coordinates": [
          114.11989183171134,
          22.591344937103646
        ]
      }
    },
    {
      "type": "Feature",
      "properties": {
        "node_id": 541,
        "lat": 22.559641825508276,
        "lng": 114.12005063239873
      },
      "geometry": {
        "type": "Point",
        "coordinates": [
          114.12005063239873,
          22.559641825508276
        ]
      }
    },
    {
      "type": "Feature",
      "properties": {
        "node_id": 542,
        "lat": 22.54170452607877,
        "lng": 114.12021095993875
      },
      "geometry": {
        "type": "Point",
        "coordinates": [
          114.12021095993875,
          22.54170452607877
        ]
      }
    },
    {
      "type": "Feature",
      "properties": {
        "node_id": 543,
        "lat": 22.569097913360412,
        "lng": 114.12148901070569
      },
      "geometry": {
        "type": "Point",
        "coordinates": [
          114.12148901070569,
          22.569097913360412
        ]
      }
    },
    {
      "type": "Feature",
      "properties": {
        "node_id": 544,
        "lat": 22.557251113389146,
        "lng": 114.12182175185679
      },
      "geometry": {
        "type": "Point",
        "coordinates": [
          114.12182175185679,
          22.557251113389146
        ]
      }
    },
    {
      "type": "Feature",
      "properties": {
        "node_id": 545,
        "lat": 22.547245332629036,
        "lng": 114.12189442874468
      },
      "geometry": {
        "type": "Point",
        "coordinates": [
          114.12189442874468,
          22.547245332629036
        ]
      }
    },
    {
      "type": "Feature",
      "properties": {
        "node_id": 546,
        "lat": 22.571651809267973,
        "lng": 114.12217064149876
      },
      "geometry": {
        "type": "Point",
        "coordinates": [
          114.12217064149876,
          22.571651809267973
        ]
      }
    },
    {
      "type": "Feature",
      "properties": {
        "node_id": 547,
        "lat": 22.54506875635266,
        "lng": 114.1223067151028
      },
      "geometry": {
        "type": "Point",
        "coordinates": [
          114.1223067151028,
          22.54506875635266
        ]
      }
    },
    {
      "type": "Feature",
      "properties": {
        "node_id": 548,
        "lat": 22.5693583997635,
        "lng": 114.12256038573871
      },
      "geometry": {
        "type": "Point",
        "coordinates": [
          114.12256038573871,
          22.5693583997635
        ]
      }
    },
    {
      "type": "Feature",
      "properties": {
        "node_id": 549,
        "lat": 22.579327262566668,
        "lng": 114.12275874843621
      },
      "geometry": {
        "type": "Point",
        "coordinates": [
          114.12275874843621,
          22.579327262566668
        ]
      }
    },
    {
      "type": "Feature",
      "properties": {
        "node_id": 550,
        "lat": 22.576724715016034,
        "lng": 114.12304211862974
      },
      "geometry": {
        "type": "Point",
        "coordinates": [
          114.12304211862974,
          22.576724715016034
        ]
      }
    },
    {
      "type": "Feature",
      "properties": {
        "node_id": 551,
        "lat": 22.54063786026153,
        "lng": 114.12338632525831
      },
      "geometry": {
        "type": "Point",
        "coordinates": [
          114.12338632525831,
          22.54063786026153
        ]
      }
    },
    {
      "type": "Feature",
      "properties": {
        "node_id": 552,
        "lat": 22.545087875742457,
        "lng": 114.12404323509257
      },
      "geometry": {
        "type": "Point",
        "coordinates": [
          114.12404323509257,
          22.545087875742457
        ]
      }
    },
    {
      "type": "Feature",
      "properties": {
        "node_id": 553,
        "lat": 22.591957107303543,
        "lng": 114.12423890312195
      },
      "geometry": {
        "type": "Point",
        "coordinates": [
          114.12423890312195,
          22.591957107303543
        ]
      }
    },
    {
      "type": "Feature",
      "properties": {
        "node_id": 554,
        "lat": 22.57227306313634,
        "lng": 114.12450053247878
      },
      "geometry": {
        "type": "Point",
        "coordinates": [
          114.12450053247878,
          22.57227306313634
        ]
      }
    },
    {
      "type": "Feature",
      "properties": {
        "node_id": 555,
        "lat": 22.54147555688004,
        "lng": 114.12459909348404
      },
      "geometry": {
        "type": "Point",
        "coordinates": [
          114.12459909348404,
          22.54147555688004
        ]
      }
    },
    {
      "type": "Feature",
      "properties": {
        "node_id": 556,
        "lat": 22.564049093700124,
        "lng": 114.12463291943114
      },
      "geometry": {
        "type": "Point",
        "coordinates": [
          114.12463291943114,
          22.564049093700124
        ]
      }
    },
    {
      "type": "Feature",
      "properties": {
        "node_id": 557,
        "lat": 22.56213732801444,
        "lng": 114.1248216936272
      },
      "geometry": {
        "type": "Point",
        "coordinates": [
          114.1248216936272,
          22.56213732801444
        ]
      }
    },
    {
      "type": "Feature",
      "properties": {
        "node_id": 558,
        "lat": 22.570044963616017,
        "lng": 114.1250328966237
      },
      "geometry": {
        "type": "Point",
        "coordinates": [
          114.1250328966237,
          22.570044963616017
        ]
      }
    },
    {
      "type": "Feature",
      "properties": {
        "node_id": 559,
        "lat": 22.55918040962304,
        "lng": 114.12516543836735
      },
      "geometry": {
        "type": "Point",
        "coordinates": [
          114.12516543836735,
          22.55918040962304
        ]
      }
    },
    {
      "type": "Feature",
      "properties": {
        "node_id": 560,
        "lat": 22.5527911127526,
        "lng": 114.12585517346916
      },
      "geometry": {
        "type": "Point",
        "coordinates": [
          114.12585517346916,
          22.5527911127526
        ]
      }
    },
    {
      "type": "Feature",
      "properties": {
        "node_id": 561,
        "lat": 22.54950225806841,
        "lng": 114.12591191316828
      },
      "geometry": {
        "type": "Point",
        "coordinates": [
          114.12591191316828,
          22.54950225806841
        ]
      }
    },
    {
      "type": "Feature",
      "properties": {
        "node_id": 562,
        "lat": 22.547918056635893,
        "lng": 114.12593058773489
      },
      "geometry": {
        "type": "Point",
        "coordinates": [
          114.12593058773489,
          22.547918056635893
        ]
      }
    },
    {
      "type": "Feature",
      "properties": {
        "node_id": 563,
        "lat": 22.54510676289878,
        "lng": 114.1260034697272
      },
      "geometry": {
        "type": "Point",
        "coordinates": [
          114.1260034697272,
          22.54510676289878
        ]
      }
    },
    {
      "type": "Feature",
      "properties": {
        "node_id": 564,
        "lat": 22.542273287783633,
        "lng": 114.12606466688663
      },
      "geometry": {
        "type": "Point",
        "coordinates": [
          114.12606466688663,
          22.542273287783633
        ]
      }
    },
    {
      "type": "Feature",
      "properties": {
        "node_id": 565,
        "lat": 22.556508630912624,
        "lng": 114.12828808925346
      },
      "geometry": {
        "type": "Point",
        "coordinates": [
          114.12828808925346,
          22.556508630912624
        ]
      }
    },
    {
      "type": "Feature",
      "properties": {
        "node_id": 566,
        "lat": 22.5507326287362,
        "lng": 114.1292350972547
      },
      "geometry": {
        "type": "Point",
        "coordinates": [
          114.1292350972547,
          22.5507326287362
        ]
      }
    },
    {
      "type": "Feature",
      "properties": {
        "node_id": 567,
        "lat": 22.54851405076684,
        "lng": 114.12961417971367
      },
      "geometry": {
        "type": "Point",
        "coordinates": [
          114.12961417971367,
          22.54851405076684
        ]
      }
    },
    {
      "type": "Feature",
      "properties": {
        "node_id": 568,
        "lat": 22.545724735837894,
        "lng": 114.12968331015546
      },
      "geometry": {
        "type": "Point",
        "coordinates": [
          114.12968331015546,
          22.545724735837894
        ]
      }
    },
    {
      "type": "Feature",
      "properties": {
        "node_id": 569,
        "lat": 22.544200832858397,
        "lng": 114.12969492988483
      },
      "geometry": {
        "type": "Point",
        "coordinates": [
          114.12969492988483,
          22.544200832858397
        ]
      }
    },
    {
      "type": "Feature",
      "properties": {
        "node_id": 570,
        "lat": 22.584321450586998,
        "lng": 114.13011031944151
      },
      "geometry": {
        "type": "Point",
        "coordinates": [
          114.13011031944151,
          22.584321450586998
        ]
      }
    },
    {
      "type": "Feature",
      "properties": {
        "node_id": 571,
        "lat": 22.55464135142671,
        "lng": 114.1303046523089
      },
      "geometry": {
        "type": "Point",
        "coordinates": [
          114.1303046523089,
          22.55464135142671
        ]
      }
    },
    {
      "type": "Feature",
      "properties": {
        "node_id": 572,
        "lat": 22.579590221800135,
        "lng": 114.1306050976254
      },
      "geometry": {
        "type": "Point",
        "coordinates": [
          114.1306050976254,
          22.579590221800135
        ]
      }
    },
    {
      "type": "Feature",
      "properties": {
        "node_id": 573,
        "lat": 22.577780461901774,
        "lng": 114.13064061848341
      },
      "geometry": {
        "type": "Point",
        "coordinates": [
          114.13064061848341,
          22.577780461901774
        ]
      }
    },
    {
      "type": "Feature",
      "properties": {
        "node_id": 574,
        "lat": 22.572176890459886,
        "lng": 114.13087389035323
      },
      "geometry": {
        "type": "Point",
        "coordinates": [
          114.13087389035323,
          22.572176890459886
        ]
      }
    },
    {
      "type": "Feature",
      "properties": {
        "node_id": 575,
        "lat": 22.574746444358553,
        "lng": 114.1317087274552
      },
      "geometry": {
        "type": "Point",
        "coordinates": [
          114.1317087274552,
          22.574746444358553
        ]
      }
    },
    {
      "type": "Feature",
      "properties": {
        "node_id": 576,
        "lat": 22.56197600543464,
        "lng": 114.13186368023518
      },
      "geometry": {
        "type": "Point",
        "coordinates": [
          114.13186368023518,
          22.56197600543464
        ]
      }
    },
    {
      "type": "Feature",
      "properties": {
        "node_id": 577,
        "lat": 22.577233881888077,
        "lng": 114.13238044417622
      },
      "geometry": {
        "type": "Point",
        "coordinates": [
          114.13238044417622,
          22.577233881888077
        ]
      }
    },
    {
      "type": "Feature",
      "properties": {
        "node_id": 578,
        "lat": 22.579698372742595,
        "lng": 114.13268393069124
      },
      "geometry": {
        "type": "Point",
        "coordinates": [
          114.13268393069124,
          22.579698372742595
        ]
      }
    },
    {
      "type": "Feature",
      "properties": {
        "node_id": 579,
        "lat": 22.586752833684347,
        "lng": 114.13294530308502
      },
      "geometry": {
        "type": "Point",
        "coordinates": [
          114.13294530308502,
          22.586752833684347
        ]
      }
    },
    {
      "type": "Feature",
      "properties": {
        "node_id": 580,
        "lat": 22.584401401141864,
        "lng": 114.1329895795158
      },
      "geometry": {
        "type": "Point",
        "coordinates": [
          114.1329895795158,
          22.584401401141864
        ]
      }
    },
    {
      "type": "Feature",
      "properties": {
        "node_id": 581,
        "lat": 22.550420506980224,
        "lng": 114.13319419430393
      },
      "geometry": {
        "type": "Point",
        "coordinates": [
          114.13319419430393,
          22.550420506980224
        ]
      }
    },
    {
      "type": "Feature",
      "properties": {
        "node_id": 582,
        "lat": 22.571303713281644,
        "lng": 114.13348745984091
      },
      "geometry": {
        "type": "Point",
        "coordinates": [
          114.13348745984091,
          22.571303713281644
        ]
      }
    },
    {
      "type": "Feature",
      "properties": {
        "node_id": 583,
        "lat": 22.54921672141708,
        "lng": 114.13386324380906
      },
      "geometry": {
        "type": "Point",
        "coordinates": [
          114.13386324380906,
          22.54921672141708
        ]
      }
    },
    {
      "type": "Feature",
      "properties": {
        "node_id": 584,
        "lat": 22.556888481822824,
        "lng": 114.13388521052629
      },
      "geometry": {
        "type": "Point",
        "coordinates": [
          114.13388521052629,
          22.556888481822824
        ]
      }
    },
    {
      "type": "Feature",
      "properties": {
        "node_id": 585,
        "lat": 22.546741090697257,
        "lng": 114.13416542796773
      },
      "geometry": {
        "type": "Point",
        "coordinates": [
          114.13416542796773,
          22.546741090697257
        ]
      }
    },
    {
      "type": "Feature",
      "properties": {
        "node_id": 586,
        "lat": 22.57318991499027,
        "lng": 114.13446170111305
      },
      "geometry": {
        "type": "Point",
        "coordinates": [
          114.13446170111305,
          22.57318991499027
        ]
      }
    },
    {
      "type": "Feature",
      "properties": {
        "node_id": 587,
        "lat": 22.558606975916287,
        "lng": 114.13507276474415
      },
      "geometry": {
        "type": "Point",
        "coordinates": [
          114.13507276474415,
          22.558606975916287
        ]
      }
    },
    {
      "type": "Feature",
      "properties": {
        "node_id": 588,
        "lat": 22.57611140779782,
        "lng": 114.13578882785646
      },
      "geometry": {
        "type": "Point",
        "coordinates": [
          114.13578882785646,
          22.57611140779782
        ]
      }
    },
    {
      "type": "Feature",
      "properties": {
        "node_id": 589,
        "lat": 22.57935843666908,
        "lng": 114.13589696259655
      },
      "geometry": {
        "type": "Point",
        "coordinates": [
          114.13589696259655,
          22.57935843666908
        ]
      }
    },
    {
      "type": "Feature",
      "properties": {
        "node_id": 590,
        "lat": 22.549512793671354,
        "lng": 114.13613129515551
      },
      "geometry": {
        "type": "Point",
        "coordinates": [
          114.13613129515551,
          22.549512793671354
        ]
      }
    },
    {
      "type": "Feature",
      "properties": {
        "node_id": 591,
        "lat": 22.580572759323847,
        "lng": 114.13738422685961
      },
      "geometry": {
        "type": "Point",
        "coordinates": [
          114.13738422685961,
          22.580572759323847
        ]
      }
    },
    {
      "type": "Feature",
      "properties": {
        "node_id": 592,
        "lat": 22.56901484928036,
        "lng": 114.13745928792001
      },
      "geometry": {
        "type": "Point",
        "coordinates": [
          114.13745928792001,
          22.56901484928036
        ]
      }
    },
    {
      "type": "Feature",
      "properties": {
        "node_id": 593,
        "lat": 22.57118847195366,
        "lng": 114.13802426389685
      },
      "geometry": {
        "type": "Point",
        "coordinates": [
          114.13802426389685,
          22.57118847195366
        ]
      }
    },
    {
      "type": "Feature",
      "properties": {
        "node_id": 594,
        "lat": 22.573887657767067,
        "lng": 114.13851072130342
      },
      "geometry": {
        "type": "Point",
        "coordinates": [
          114.13851072130342,
          22.573887657767067
        ]
      }
    },
    {
      "type": "Feature",
      "properties": {
        "node_id": 595,
        "lat": 22.564389857413634,
        "lng": 114.13900150435566
      },
      "geometry": {
        "type": "Point",
        "coordinates": [
          114.13900150435566,
          22.564389857413634
        ]
      }
    },
    {
      "type": "Feature",
      "properties": {
        "node_id": 596,
        "lat": 22.555935862427766,
        "lng": 114.13960119461498
      },
      "geometry": {
        "type": "Point",
        "coordinates": [
          114.13960119461498,
          22.555935862427766
        ]
      }
    },
    {
      "type": "Feature",
      "properties": {
        "node_id": 597,
        "lat": 22.578774680122432,
        "lng": 114.14036610630176
      },
      "geometry": {
        "type": "Point",
        "coordinates": [
          114.14036610630176,
          22.578774680122432
        ]
      }
    },
    {
      "type": "Feature",
      "properties": {
        "node_id": 598,
        "lat": 22.585747134685658,
        "lng": 114.1421959152636
      },
      "geometry": {
        "type": "Point",
        "coordinates": [
          114.1421959152636,
          22.585747134685658
        ]
      }
    },
    {
      "type": "Feature",
      "properties": {
        "node_id": 599,
        "lat": 22.550295154843592,
        "lng": 114.14313915655538
      },
      "geometry": {
        "type": "Point",
        "coordinates": [
          114.14313915655538,
          22.550295154843592
        ]
      }
    },
    {
      "type": "Feature",
      "properties": {
        "node_id": 600,
        "lat": 22.555538516558382,
        "lng": 114.14396084748623
      },
      "geometry": {
        "type": "Point",
        "coordinates": [
          114.14396084748623,
          22.555538516558382
        ]
      }
    },
    {
      "type": "Feature",
      "properties": {
        "node_id": 601,
        "lat": 22.556238569344295,
        "lng": 114.15053366082586
      },
      "geometry": {
        "type": "Point",
        "coordinates": [
          114.15053366082586,
          22.556238569344295
        ]
      }
    },
    {
      "type": "Feature",
      "properties": {
        "node_id": 602,
        "lat": 22.564210512295997,
        "lng": 114.15741232369767
      },
      "geometry": {
        "type": "Point",
        "coordinates": [
          114.15741232369767,
          22.564210512295997
        ]
      }
    },
    {
      "type": "Feature",
      "properties": {
        "node_id": 603,
        "lat": 22.561027821742798,
        "lng": 114.15747174250876
      },
      "geometry": {
        "type": "Point",
        "coordinates": [
          114.15747174250876,
          22.561027821742798
        ]
      }
    },
    {
      "type": "Feature",
      "properties": {
        "node_id": 604,
        "lat": 22.609106255133174,
        "lng": 114.1587738296632
      },
      "geometry": {
        "type": "Point",
        "coordinates": [
          114.1587738296632,
          22.609106255133174
        ]
      }
    },
    {
      "type": "Feature",
      "properties": {
        "node_id": 605,
        "lat": 22.604507369079972,
        "lng": 114.16092441346612
      },
      "geometry": {
        "type": "Point",
        "coordinates": [
          114.16092441346612,
          22.604507369079972
        ]
      }
    },
    {
      "type": "Feature",
      "properties": {
        "node_id": 606,
        "lat": 22.56263412129493,
        "lng": 114.16147081973286
      },
      "geometry": {
        "type": "Point",
        "coordinates": [
          114.16147081973286,
          22.56263412129493
        ]
      }
    },
    {
      "type": "Feature",
      "properties": {
        "node_id": 607,
        "lat": 22.56428444413639,
        "lng": 114.1614940021796
      },
      "geometry": {
        "type": "Point",
        "coordinates": [
          114.1614940021796,
          22.56428444413639
        ]
      }
    },
    {
      "type": "Feature",
      "properties": {
        "node_id": 608,
        "lat": 22.606086702414665,
        "lng": 114.1628900522849
      },
      "geometry": {
        "type": "Point",
        "coordinates": [
          114.1628900522849,
          22.606086702414665
        ]
      }
    },
    {
      "type": "Feature",
      "properties": {
        "node_id": 609,
        "lat": 22.56680130833625,
        "lng": 114.1644086598429
      },
      "geometry": {
        "type": "Point",
        "coordinates": [
          114.1644086598429,
          22.56680130833625
        ]
      }
    },
    {
      "type": "Feature",
      "properties": {
        "node_id": 610,
        "lat": 22.564309211164094,
        "lng": 114.16446009885352
      },
      "geometry": {
        "type": "Point",
        "coordinates": [
          114.16446009885352,
          22.564309211164094
        ]
      }
    },
    {
      "type": "Feature",
      "properties": {
        "node_id": 611,
        "lat": 22.562750297013114,
        "lng": 114.16448321849634
      },
      "geometry": {
        "type": "Point",
        "coordinates": [
          114.16448321849634,
          22.562750297013114
        ]
      }
    },
    {
      "type": "Feature",
      "properties": {
        "node_id": 612,
        "lat": 22.57111772650553,
        "lng": 114.16546213111619
      },
      "geometry": {
        "type": "Point",
        "coordinates": [
          114.16546213111619,
          22.57111772650553
        ]
      }
    },
    {
      "type": "Feature",
      "properties": {
        "node_id": 613,
        "lat": 22.566888716484634,
        "lng": 114.16554808950873
      },
      "geometry": {
        "type": "Point",
        "coordinates": [
          114.16554808950873,
          22.566888716484634
        ]
      }
    },
    {
      "type": "Feature",
      "properties": {
        "node_id": 614,
        "lat": 22.569666222389415,
        "lng": 114.16940097691648
      },
      "geometry": {
        "type": "Point",
        "coordinates": [
          114.16940097691648,
          22.569666222389415
        ]
      }
    },
    {
      "type": "Feature",
      "properties": {
        "node_id": 615,
        "lat": 22.604306299387698,
        "lng": 114.1701834072443
      },
      "geometry": {
        "type": "Point",
        "coordinates": [
          114.1701834072443,
          22.604306299387698
        ]
      }
    },
    {
      "type": "Feature",
      "properties": {
        "node_id": 616,
        "lat": 22.566872747683064,
        "lng": 114.17085804815402
      },
      "geometry": {
        "type": "Point",
        "coordinates": [
          114.17085804815402,
          22.566872747683064
        ]
      }
    },
    {
      "type": "Feature",
      "properties": {
        "node_id": 617,
        "lat": 22.56284762209794,
        "lng": 114.17094760820282
      },
      "geometry": {
        "type": "Point",
        "coordinates": [
          114.17094760820282,
          22.56284762209794
        ]
      }
    },
    {
      "type": "Feature",
      "properties": {
        "node_id": 618,
        "lat": 22.566934066280325,
        "lng": 114.17250603446738
      },
      "geometry": {
        "type": "Point",
        "coordinates": [
          114.17250603446738,
          22.566934066280325
        ]
      }
    },
    {
      "type": "Feature",
      "properties": {
        "node_id": 619,
        "lat": 22.562850920011606,
        "lng": 114.17255112078378
      },
      "geometry": {
        "type": "Point",
        "coordinates": [
          114.17255112078378,
          22.562850920011606
        ]
      }
    },
    {
      "type": "Feature",
      "properties": {
        "node_id": 620,
        "lat": 22.557773709623763,
        "lng": 114.18096162729107
      },
      "geometry": {
        "type": "Point",
        "coordinates": [
          114.18096162729107,
          22.557773709623763
        ]
      }
    }
  ]
}