o_lon,o_lat,d_lon,d_lat,count,from_node,to_node
114.0509944,22.51818853,114.051626,22.51117383,148,373,383
113.9406558,22.54287695,113.9336253,22.54256673,146,164,135
113.9186832,22.52710131,113.9173127,22.52114707,109,75,71
114.0509944,22.51818853,114.0509944,22.51818853,105,373,373
113.9494284,22.57980162,113.947053,22.55887657,83,203,193
113.9190799,22.54314415,113.9449508,22.54305787,78,77,182
113.9633477,22.54208418,113.9336253,22.54256673,75,239,135
114.0597198,22.52591345,114.0487663,22.51081322,75,413,370
114.1338632,22.54921672,114.1361313,22.54951279,73,583,590
114.1644832,22.5627503,114.1338632,22.54921672,67,611,583
113.9633477,22.54208418,113.9491413,22.54326376,64,239,202
113.9494284,22.57980162,113.9491413,22.54326376,63,203,202
113.9494284,22.57980162,113.9509113,22.57905941,61,203,211
113.9606305,22.58492456,113.977941,22.58713395,54,228,264
114.0202182,22.53203739,113.9328302,22.52460435,51,310,129
114.0041395,22.59957049,114.0041395,22.59957049,50,287,287
113.9494284,22.57980162,113.9404917,22.55274673,50,203,160
114.0542878,22.56237068,114.0439385,22.55674539,50,389,349
114.0374545,22.52361807,114.051626,22.51117383,48,334,383
113.950014,22.57141464,113.947053,22.55887657,48,208,193
114.0597198,22.52591345,114.0609908,22.52112392,47,413,415
113.9190799,22.54314415,113.9336253,22.54256673,46,77,135
113.9633477,22.54208418,113.9451564,22.53255125,45,239,186
114.1350728,22.55860698,114.1439608,22.55553852,45,587,600
114.0478162,22.5425021,114.0357464,22.54152815,44,362,329
113.9494284,22.57980162,113.950014,22.57141464,44,203,208
113.9633477,22.54208418,113.9206722,22.51237556,44,239,87
114.0597198,22.52591345,114.041572,22.51137132,43,413,344
113.9494284,22.57980162,113.9407344,22.55993307,42,203,166
113.9155517,22.54329581,113.9449508,22.54305787,41,67,182
113.9186832,22.52710131,113.9206722,22.51237556,40,75,87
113.9509113,22.57905941,113.950014,22.57141464,39,211,208
113.9143134,22.53554164,113.9328302,22.52460435,39,63,129
113.9236399,22.5078368,113.9362441,22.50801811,39,94,148
114.0487663,22.51081322,114.0509944,22.51818853,39,370,373
114.0597198,22.52591345,114.0554832,22.51394382,38,413,391
113.9035937,22.51661875,113.9103595,22.53126836,38,36,52
114.1374593,22.56901485,114.1063186,22.54472798,38,592,505
113.9155517,22.54329581,113.9336253,22.54256673,37,67,135
114.0720729,22.53584401,114.0787465,22.54317312,37,435,446
113.9633477,22.54208418,113.9406558,22.54287695,37,239,164
114.1644832,22.5627503,114.1136231,22.54241739,37,611,519
114.1227587,22.57932726,114.1245005,22.57227306,37,549,554
114.1644832,22.5627503,114.1350728,22.55860698,36,611,587
113.950014,22.57141464,113.9404917,22.55274673,36,208,160
113.9606305,22.58492456,113.9404917,22.55274673,35,228,160
113.9494284,22.57980162,113.953809,22.55115046,35,203,216
113.9186832,22.52710131,113.9328302,22.52460435,35,75,129
113.9633477,22.54208418,113.9449508,22.54305787,35,239,182
113.940616,22.54616779,113.940445,22.55527886,35,162,159
114.1218944,22.54724533,114.1137426,22.54592857,34,545,521
114.1350728,22.55860698,114.161494,22.56428444,34,587,607
113.9186832,22.52710131,113.915445,22.51041213,34,75,66
113.9491413,22.54326376,113.9406558,22.54287695,34,202,164
114.0326622,22.52622861,113.9328302,22.52460435,33,320,129
114.0374545,22.52361807,114.0509944,22.51818853,33,334,373
114.1374593,22.56901485,114.1167791,22.54823711,33,592,530
114.1292351,22.55073263,114.1142416,22.53596639,33,566,523
114.107525,22.56679353,114.121489,22.56909791,32,508,543
113.9621778,22.53376133,113.9404917,22.55274673,32,233,160
113.9199821,22.53534908,113.9328302,22.52460435,32,82,129
113.950014,22.57141464,113.9713587,22.53910036,32,208,253
113.9494284,22.57980162,113.9466447,22.56528032,32,203,192
114.0609908,22.52112392,114.0554832,22.51394382,32,415,391
113.9146524,22.52693923,113.9328302,22.52460435,32,64,129
113.9528965,22.55975497,113.9713587,22.53910036,31,214,253
114.0326622,22.52622861,113.9452663,22.52433567,31,320,189
113.9143134,22.53554164,113.9336253,22.54256673,31,63,135
113.9494284,22.57980162,113.9406558,22.54287695,31,203,164
114.0509944,22.51818853,114.0554832,22.51394382,31,373,391
114.1361313,22.54951279,114.1338632,22.54921672,30,590,583
113.9509113,22.57905941,113.9404917,22.55274673,30,211,160
113.9186832,22.52710131,113.9188483,22.50788642,30,75,76
114.0289969,22.52073647,114.0509944,22.51818853,30,316,373
114.1374593,22.56901485,114.1251654,22.55918041,30,592,559
113.950014,22.57141464,113.9491413,22.54326376,30,208,202
114.1374593,22.56901485,114.1172394,22.55115992,29,592,533
113.983442,22.5604799,113.9819452,22.55259242,29,271,268
113.9188483,22.50788642,113.9157571,22.4999147,29,76,68
114.0609908,22.52112392,114.051626,22.51117383,29,415,383
113.9276676,22.51793513,113.9404917,22.55274673,29,109,160
113.9691219,22.61983592,113.9580431,22.59633988,29,248,222
114.0630944,22.53166919,114.051626,22.51117383,29,425,383
113.9188483,22.50788642,113.9122306,22.49072078,28,76,58
113.9236399,22.5078368,113.9272427,22.50789593,28,94,106
114.1350728,22.55860698,114.1654621,22.57111773,28,587,612
114.0326622,22.52622861,114.0219436,22.54493189,28,320,311
113.9491413,22.54326376,113.9336253,22.54256673,28,202,135
113.9097299,22.52584499,113.9103595,22.53126836,28,47,52
114.1338632,22.54921672,114.1439608,22.55553852,28,583,600
114.1350728,22.55860698,114.1644087,22.56680131,28,587,609
114.0609908,22.52112392,114.0486119,22.51236018,27,415,368
114.1251654,22.55918041,114.1318637,22.56197601,27,559,576
114.1182376,22.56567127,114.1167791,22.54823711,27,537,530
114.0597198,22.52591345,114.051626,22.51117383,27,413,383
114.1136231,22.54241739,114.1142416,22.53596639,27,519,523
114.0357464,22.54152815,114.0234096,22.53944781,27,329,312
114.1153265,22.5588081,114.1017317,22.55859362,27,527,495
113.950014,22.57141464,113.953809,22.55115046,27,208,216
113.9199821,22.53534908,113.9186832,22.52710131,27,82,75
113.9633477,22.54208418,113.9914595,22.54374858,26,239,277
113.9340732,22.6281765,113.9494284,22.57980162,26,138,203
114.1242389,22.59195711,114.1329896,22.5844014,26,553,580
114.1259119,22.54950226,114.1063186,22.54472798,26,561,505
113.9243714,22.52956273,113.9491413,22.54326376,26,96,202
114.0597198,22.52591345,114.0509944,22.51818853,26,413,373
114.1644832,22.5627503,114.1361313,22.54951279,26,611,590
113.9146524,22.52693923,113.9084227,22.51486106,25,64,43
113.9103595,22.53126836,113.891893,22.50419438,25,52,22
113.9103595,22.53126836,113.9328302,22.52460435,25,52,129
113.9206722,22.51237556,113.9122306,22.49072078,25,87,58
114.1374593,22.56901485,114.1142416,22.53596639,25,592,523
113.9186832,22.52710131,113.9142148,22.51818294,25,75,62
114.0374545,22.52361807,113.9328302,22.52460435,25,334,129
113.9494284,22.57980162,113.9336253,22.54256673,25,203,135
114.1644832,22.5627503,114.1574717,22.56102782,25,611,603
113.9124902,22.51975214,113.9328302,22.52460435,25,59,129
113.9243675,22.50269741,113.9328845,22.50312846,25,95,131
113.8861314,22.49759444,113.9035937,22.51661875,25,15,36
114.1259119,22.54950226,114.1142416,22.53596639,25,561,523
114.1338632,22.54921672,114.1137426,22.54592857,25,583,521
114.1361313,22.54951279,114.1137426,22.54592857,25,590,521
114.1431392,22.55029515,114.1338632,22.54921672,24,599,583
113.9194863,22.53051904,113.9328302,22.52460435,24,79,129
113.9221011,22.51789094,113.9328302,22.52460435,24,89,129
114.0311165,22.52390555,114.051626,22.51117383,24,318,383
113.9633477,22.54208418,114.0140182,22.53785655,24,239,301
114.0515339,22.52579823,114.051626,22.51117383,24,382,383
114.0542878,22.56237068,114.0677747,22.5580683,24,389,427
113.9243714,22.52956273,113.9406558,22.54287695,24,96,164
114.1334875,22.57130371,114.1250329,22.57004496,24,582,558
114.0487663,22.51081322,114.051626,22.51117383,24,370,383
114.1374593,22.56901485,114.1259119,22.54950226,24,592,561
113.9190799,22.54314415,113.9491413,22.54326376,24,77,202
114.1350728,22.55860698,114.1574717,22.56102782,24,587,603
114.1644832,22.5627503,114.1063186,22.54472798,24,611,505
113.950014,22.57141464,113.940445,22.55527886,23,208,159
114.1182376,22.56567127,114.1172394,22.55115992,23,537,533
114.1040792,22.55862876,114.1063186,22.54472798,23,501,505
114.1644832,22.5627503,114.1251654,22.55918041,23,611,559
114.0122593,22.54296339,114.0095038,22.54774557,23,298,294
113.9183624,22.5556891,113.940445,22.55527886,23,72,159
113.9409258,22.53000389,113.9404917,22.55274673,23,171,160
113.9940013,22.52729009,113.9328302,22.52460435,23,281,129
114.1142416,22.53596639,114.1136231,22.54241739,23,523,519
113.9102541,22.53969,113.9336253,22.54256673,22,51,135
114.1063186,22.54472798,114.1063186,22.54472798,22,505,505
114.1361313,22.54951279,114.1063186,22.54472798,22,590,505
114.0486119,22.51236018,114.0509944,22.51818853,22,368,373
114.0439385,22.55674539,114.0542878,22.56237068,22,349,389
113.940616,22.54616779,113.947053,22.55887657,22,162,193
113.8990034,22.48061579,113.9085402,22.4799661,22,30,46
114.112869,22.58470988,114.1182376,22.56567127,22,518,537
113.9509113,22.57905941,113.947053,22.55887657,22,211,193
113.9691219,22.61983592,113.9494284,22.57980162,22,248,203
114.1338632,22.54921672,114.1644832,22.5627503,22,583,611
114.1374593,22.56901485,114.1218944,22.54724533,21,592,545
114.0509944,22.51818853,114.0486119,22.51236018,21,373,368
113.9509113,22.57905941,113.9491413,22.54326376,21,211,202
113.9155517,22.54329581,113.9491413,22.54326376,21,67,202
113.9103595,22.53126836,113.9097299,22.52584499,21,52,47
113.9103595,22.53126836,113.8861314,22.49759444,21,52,15
113.9199821,22.53534908,113.9336253,22.54256673,21,82,135
113.9198758,22.50237441,113.9097932,22.48718601,21,81,49
113.9435401,22.57142374,113.9288842,22.57155658,21,179,116
114.0326622,22.52622861,113.9475068,22.530085,21,320,194
113.9097299,22.52584499,113.9102541,22.53969,21,47,51
114.0509944,22.51818853,114.0609908,22.52112392,21,373,415
114.0509944,22.51818853,114.0630944,22.53166919,21,373,425
114.1644832,22.5627503,114.1439608,22.55553852,21,611,600
114.1644832,22.5627503,114.1137426,22.54592857,21,611,521
114.1644832,22.5627503,114.1431392,22.55029515,21,611,599
113.9157571,22.4999147,113.9122306,22.49072078,21,68,58
113.9146524,22.52693923,113.9146524,22.52693923,21,64,64
113.9146524,22.52693923,113.9124902,22.51975214,20,64,59
113.9199821,22.53534908,113.9206722,22.51237556,20,82,87
113.9206722,22.51237556,113.9157571,22.4999147,20,87,68
113.940616,22.54616779,113.9404917,22.55274673,20,162,160
114.1431392,22.55029515,114.1296142,22.54851405,20,599,567
113.9276676,22.51793513,113.9316803,22.51881464,20,109,126
114.1198918,22.59134494,114.1329896,22.5844014,20,540,580
114.1251654,22.55918041,114.1350728,22.55860698,20,559,587
114.1644832,22.5627503,114.1218944,22.54724533,20,611,545
114.1644832,22.5627503,114.1142416,22.53596639,20,611,523
114.1373842,22.58057276,114.1329896,22.5844014,20,591,580
113.9190799,22.54314415,113.9199821,22.53534908,20,77,82
113.9243714,22.52956273,113.9336253,22.54256673,20,96,135
114.036681,22.56561549,114.0510601,22.55123367,20,333,374
114.051626,22.51117383,114.0509944,22.51818853,20,383,373
113.9633477,22.54208418,113.950014,22.57141464,20,239,208
113.9183624,22.5556891,113.947053,22.55887657,20,72,193
114.0326622,22.52622861,114.0374545,22.52361807,20,320,334
113.9190799,22.54314415,113.9406558,22.54287695,20,77,164
113.9430581,22.53002018,113.9451564,22.53255125,20,175,186
114.1153265,22.5588081,114.1118368,22.55867745,20,527,515
113.9340732,22.6281765,113.949855,22.58679623,20,138,206
113.9103595,22.53126836,113.9103595,22.53126836,19,52,52
114.1374593,22.56901485,114.1137426,22.54592857,19,592,521
114.094491,22.56825073,114.0827083,22.571862,19,476,454
114.0057869,22.53644522,114.003149,22.53600659,19,290,283
113.9432989,22.58356573,113.9435401,22.57142374,19,178,179
114.0418832,22.52115999,114.0384573,22.51570189,19,345,336
113.9609211,22.56327217,113.9633477,22.54208418,19,230,239
114.0418832,22.52115999,114.0418832,22.52115999,19,345,345
113.9194863,22.53051904,113.9199821,22.53534908,19,79,82
113.9633477,22.54208418,113.9450315,22.53934678,19,239,184
113.9236399,22.5078368,113.9388906,22.50804836,19,94,157
113.9199821,22.53534908,113.9184525,22.54919782,19,82,74
113.9186832,22.52710131,113.9157571,22.4999147,19,75,68
113.950014,22.57141464,113.9490902,22.54189692,19,208,200
113.9669246,22.56282048,113.9633477,22.54208418,19,247,239
113.9183624,22.5556891,113.9328302,22.52460435,19,72,129
114.0202182,22.53203739,114.0787465,22.54317312,19,310,446
114.161494,22.56428444,114.1338632,22.54921672,19,607,583
114.0910003,22.55842617,114.0439385,22.55674539,18,467,349
114.1374593,22.56901485,114.1136231,22.54241739,18,592,519
113.9199821,22.53534908,113.9173127,22.52114707,18,82,71
114.0202182,22.53203739,113.9475068,22.530085,18,310,194
114.113805,22.53838078,114.1142416,22.53596639,18,522,523
114.1142416,22.53596639,114.113805,22.53838078,18,523,522
113.9199821,22.53534908,113.9199821,22.53534908,18,82,82
114.0384573,22.51570189,114.0509944,22.51818853,18,336,373
114.0720939,22.53181124,114.0630944,22.53166919,18,436,425
114.1350728,22.55860698,114.1644832,22.5627503,18,587,611
114.1296142,22.54851405,114.1137426,22.54592857,18,567,521
114.0515339,22.52579823,114.0509944,22.51818853,18,382,373
114.0478162,22.5425021,114.0628846,22.54292352,18,362,422
114.0374545,22.52361807,114.0186349,22.53863086,18,334,307
114.0787465,22.54317312,114.0719313,22.54306587,18,446,433
114.0140182,22.53785655,114.0057869,22.53644522,18,301,290
114.112869,22.58470988,114.1380243,22.57118847,18,518,593
113.9633477,22.54208418,113.9188483,22.50788642,18,239,76
113.9528965,22.55975497,113.953809,22.55115046,18,214,216
113.9606305,22.58492456,113.9606305,22.58492456,18,228,228
113.9432989,22.58356573,113.9404917,22.55274673,18,178,160
113.9633477,22.54208418,113.9157571,22.4999147,18,239,68
113.9528965,22.55975497,113.9633477,22.54208418,18,214,239
113.9633477,22.54208418,113.9475068,22.530085,18,239,194
114.1725511,22.56285092,114.1338632,22.54921672,18,619,583
113.9633477,22.54208418,113.9184525,22.54919782,18,239,74
113.950014,22.57141464,113.9336253,22.54256673,18,208,135
113.8861314,22.49759444,113.915445,22.51041213,17,15,66
114.03538,22.56783125,114.0326849,22.56218702,17,328,321
113.8861314,22.49759444,113.9103595,22.53126836,17,15,52
114.1334875,22.57130371,114.121489,22.56909791,17,582,543
114.0374545,22.52361807,114.0554832,22.51394382,17,334,391
113.9124902,22.51975214,113.9143134,22.53554164,17,59,63
113.9194863,22.53051904,113.9336253,22.54256673,17,79,135
113.9243714,22.52956273,113.9157571,22.4999147,17,96,68
113.9633477,22.54208418,114.0186349,22.53863086,17,239,307
113.9633477,22.54208418,114.0234096,22.53944781,17,239,312
114.1574123,22.56421051,114.1338632,22.54921672,17,602,583
113.9102541,22.53969,113.9143134,22.53554164,17,51,63
113.9276027,22.51295673,113.9316803,22.51881464,17,108,126
114.0554832,22.51394382,114.0609908,22.52112392,17,391,415
113.9328845,22.50312846,113.9388906,22.50804836,17,131,157
114.1251654,22.55918041,114.1374593,22.56901485,17,559,592
113.9494284,22.57980162,113.9342099,22.5714262,17,203,139
114.112869,22.58470988,114.1167791,22.54823711,17,518,530
114.0326622,22.52622861,114.0294193,22.55657306,17,320,317
114.1329896,22.5844014,114.1373842,22.58057276,17,580,591
113.9494284,22.57980162,113.949855,22.58679623,17,203,206
113.9146524,22.52693923,113.9143134,22.53554164,17,64,63
113.9035937,22.51661875,113.9102541,22.53969,17,36,51
113.9146524,22.52693923,113.891893,22.50419438,17,64,22
113.9713587,22.53910036,113.9633477,22.54208418,17,253,239
114.1338632,22.54921672,114.1431392,22.55029515,17,583,599
113.891893,22.50419438,113.9035937,22.51661875,17,22,36
114.0289969,22.52073647,114.051626,22.51117383,17,316,383
114.0255833,22.53127556,113.9328302,22.52460435,17,315,129
113.9118129,22.50807653,113.9188483,22.50788642,17,57,76
113.983442,22.5604799,114.0326849,22.56218702,16,271,321
114.0515339,22.52579823,114.058129,22.53753671,16,382,406
113.9155517,22.54329581,113.9406558,22.54287695,16,67,164
113.9190799,22.54314415,113.9184525,22.54919782,16,77,74
114.0554832,22.51394382,114.0509944,22.51818853,16,391,373
114.1701834,22.6043063,114.1587738,22.60910626,16,615,604
114.0509944,22.51818853,114.0419012,22.51290975,16,373,346
114.1644832,22.5627503,114.1644832,22.5627503,16,611,611
114.112869,22.58470988,114.094491,22.56825073,16,518,476
114.0419012,22.51290975,114.0509944,22.51818853,16,346,373
113.950014,22.57141464,113.940616,22.54616779,16,208,162
114.0630944,22.53166919,114.0787465,22.54317312,16,425,446
114.1180108,22.5436417,114.1142416,22.53596639,16,536,523
113.9621778,22.53376133,113.9328302,22.52460435,16,233,129
114.1350728,22.55860698,114.1063186,22.54472798,16,587,505
113.9491413,22.54326376,113.9223777,22.54298115,16,202,90
114.1350728,22.55860698,114.1574123,22.56421051,16,587,602
113.8861314,22.49759444,113.9097932,22.48718601,16,15,49
113.9194863,22.53051904,113.9406558,22.54287695,16,79,164
114.1361313,22.54951279,114.1296142,22.54851405,16,590,567
113.9763421,22.55686165,113.9491413,22.54326376,16,258,202
114.0202182,22.53203739,113.9206722,22.51237556,16,310,87
114.1329896,22.5844014,114.1301103,22.58432145,16,580,570
114.0326622,22.52622861,114.0186349,22.53863086,16,320,307
113.949855,22.58679623,113.9340732,22.6281765,16,206,138
113.9190799,22.54314415,113.9344095,22.55532607,16,77,142
114.0609908,22.52112392,114.0487663,22.51081322,16,415,370
114.0627997,22.54753664,114.0761521,22.54702107,15,421,440
114.112869,22.58470988,114.0827083,22.571862,15,518,454
114.1080704,22.57251255,114.107525,22.56679353,15,511,508
113.9188483,22.50788642,113.9097932,22.48718601,15,76,49
114.1374593,22.56901485,114.1338852,22.55688848,15,592,584
113.9118129,22.50807653,113.9328302,22.52460435,15,57,129
113.9362441,22.50801811,113.9388906,22.50804836,15,148,157
113.9633477,22.54208418,113.9465147,22.50809509,15,239,191
114.0486119,22.51236018,114.0554832,22.51394382,15,368,391
113.9465147,22.50809509,113.9633477,22.54208418,15,191,239
113.9606305,22.58492456,113.9832957,22.58805165,15,228,270
113.8861314,22.49759444,113.891893,22.50419438,15,15,22
113.9270312,22.53547206,113.9157571,22.4999147,15,103,68
113.9103595,22.53126836,113.9336253,22.54256673,15,52,135
114.1421959,22.58574713,114.1329896,22.5844014,15,598,580
113.9155517,22.54329581,113.9328302,22.52460435,15,67,129
113.9276027,22.51295673,113.9404917,22.55274673,15,108,160
113.9633477,22.54208418,113.9223777,22.54298115,15,239,90
114.0609908,22.52112392,114.0597198,22.52591345,15,415,413
113.950014,22.57141464,113.9406558,22.54287695,15,208,164
113.9607244,22.5495522,113.9490902,22.54189692,15,229,200
113.950014,22.57141464,113.9633477,22.54208418,15,208,239
113.9184525,22.54919782,113.9449508,22.54305787,15,74,182
113.8861314,22.49759444,113.8861314,22.49759444,15,15,15
113.950014,22.57141464,113.9466447,22.56528032,15,208,192
113.9612238,22.55277958,113.9713587,22.53910036,15,231,253
113.9465147,22.50809509,113.9385133,22.52123067,15,191,156
113.9538224,22.57483257,113.940445,22.55527886,15,217,159
113.9276676,22.51793513,113.9328302,22.52460435,15,109,129
113.8842019,22.48371785,113.9085402,22.4799661,15,12,46
114.0609908,22.52112392,114.041572,22.51137132,15,415,344
114.0326622,22.52622861,113.9450315,22.53934678,15,320,184
114.0326622,22.52622861,114.051626,22.51117383,15,320,383
114.107525,22.56679353,114.1066741,22.54129214,15,508,506
114.0418832,22.52115999,114.051626,22.51117383,15,345,383
114.161494,22.56428444,114.1350728,22.55860698,15,607,587
114.0542878,22.56237068,114.0542878,22.56237068,15,389,389
114.112869,22.58470988,114.1259119,22.54950226,15,518,561
113.9183624,22.5556891,113.9404917,22.55274673,15,72,160
114.0361459,22.56279243,113.940445,22.55527886,15,331,159
114.1182376,22.56567127,114.1136231,22.54241739,15,537,519
113.9494284,22.57980162,113.940445,22.55527886,15,203,159
114.112869,22.58470988,114.1338632,22.54921672,15,518,583
113.977941,22.58713395,113.9606305,22.58492456,15,264,228
113.9633477,22.54208418,114.0057869,22.53644522,15,239,290
114.1373842,22.58057276,114.1373842,22.58057276,15,591,591
114.1326839,22.57969837,114.1227587,22.57932726,15,578,549
114.0374545,22.52361807,114.024544,22.53522614,15,334,313
114.0478162,22.5425021,114.0719313,22.54306587,15,362,433
113.9102541,22.53969,113.9102541,22.53969,15,51,51
113.9633477,22.54208418,113.9623287,22.5599897,15,239,235
114.1701834,22.6043063,114.1251654,22.55918041,15,615,559
113.9097299,22.52584499,113.9491413,22.54326376,15,47,202
114.1655481,22.56688872,114.1107498,22.54543716,15,613,513
114.1644087,22.56680131,114.1338632,22.54921672,15,609,583
113.9622388,22.53100351,113.9328302,22.52460435,15,234,129
114.1080704,22.57251255,114.121489,22.56909791,15,511,543
114.107525,22.56679353,114.1040792,22.55862876,15,508,501
114.107525,22.56679353,114.1080704,22.57251255,15,508,511
114.0992232,22.56634588,114.0991397,22.5700848,15,482,481
114.1374593,22.56901485,114.0787465,22.54317312,15,592,446
114.0057869,22.53644522,114.0140182,22.53785655,15,290,301
114.0202182,22.53203739,113.992795,22.53499701,15,310,279
113.9491413,22.54326376,113.940445,22.55527886,15,202,159
113.9085402,22.4799661,113.9004881,22.4769385,14,46,32
113.9621778,22.53376133,113.9450315,22.53934678,14,233,184
114.1701834,22.6043063,114.1172394,22.55115992,14,615,533
114.0629734,22.53761185,114.0510601,22.55123367,14,423,374
113.9186832,22.52710131,113.9406558,22.54287695,14,75,164
114.1374593,22.56901485,114.1350728,22.55860698,14,592,587
114.1178114,22.57094116,114.112869,22.58470988,14,534,518
114.1654621,22.57111773,114.1338632,22.54921672,14,612,583
113.9084227,22.51486106,113.915445,22.51041213,14,43,66
113.9103595,22.53126836,113.9143134,22.53554164,14,52,63
113.9633477,22.54208418,113.9243714,22.52956273,14,239,96
114.0374545,22.52361807,114.0609908,22.52112392,14,334,415
114.1644832,22.5627503,114.0787465,22.54317312,14,611,446
114.0374545,22.52361807,113.9452663,22.52433567,14,334,189
113.9606305,22.58492456,113.9494284,22.57980162,14,228,203
113.9146524,22.52693923,113.9404917,22.55274673,14,64,160
113.9186832,22.52710131,113.9199821,22.53534908,14,75,82
114.0554832,22.51394382,114.051626,22.51117383,14,391,383
113.9124902,22.51975214,113.915445,22.51041213,14,59,66
114.1259306,22.54791806,114.1063186,22.54472798,14,562,505
113.9621778,22.53376133,113.9407019,22.5414765,14,233,165
114.1329896,22.5844014,114.1198918,22.59134494,14,580,540
114.1301103,22.58432145,114.1245005,22.57227306,14,570,554
114.161494,22.56428444,114.1136873,22.54066321,14,607,520
113.9190799,22.54314415,113.9633477,22.54208418,14,77,239
114.0326849,22.56218702,114.0439385,22.55674539,14,321,349
113.9183624,22.5556891,113.9343203,22.5597933,14,72,141
113.9221011,22.51789094,113.9359217,22.5218824,14,89,147
114.1227587,22.57932726,114.1248217,22.56213733,14,549,557
113.9633477,22.54208418,113.9713587,22.53910036,14,239,253
113.9538224,22.57483257,113.947053,22.55887657,14,217,193
113.9406558,22.54287695,113.9143134,22.53554164,14,164,63
114.1040792,22.55862876,114.1066741,22.54129214,14,501,506
113.9404191,22.59385827,113.9404191,22.59385827,14,158,158
113.9406558,22.54287695,113.9343203,22.5597933,14,164,141
114.0444279,22.52568669,114.0609908,22.52112392,14,354,415
114.0326622,22.52622861,114.0418832,22.52115999,14,320,345
114.0487414,22.56504952,113.940445,22.55527886,14,369,159
114.1063186,22.54472798,114.0951991,22.54345208,14,505,479
113.9609211,22.56327217,113.9713587,22.53910036,14,230,253
114.107525,22.56679353,114.1049168,22.5492582,14,508,503
114.0326622,22.52622861,113.9206722,22.51237556,14,320,87
114.0326622,22.52622861,114.0509944,22.51818853,14,320,373
113.9194863,22.53051904,113.9186832,22.52710131,14,79,75
114.1296142,22.54851405,114.1063186,22.54472798,14,567,505
114.1338632,22.54921672,114.1063186,22.54472798,14,583,505
114.1338632,22.54921672,114.1296142,22.54851405,14,583,567
114.0202182,22.53203739,113.9157571,22.4999147,14,310,68
114.1350728,22.55860698,114.1318637,22.56197601,14,587,576
114.0439385,22.55674539,114.0677747,22.5580683,14,349,427
113.891893,22.50419438,113.9103595,22.53126836,14,22,52
114.1303047,22.55464135,114.1063186,22.54472798,13,571,505
114.1303047,22.55464135,114.1142416,22.53596639,13,571,523
114.1361313,22.54951279,114.1218944,22.54724533,13,590,545
113.944896,22.54622325,113.9451564,22.53255125,13,181,186
114.0361459,22.56279243,113.9480536,22.55580203,13,331,195
114.1338632,22.54921672,114.161494,22.56428444,13,583,607
114.112869,22.58470988,114.1178114,22.57094116,13,518,534
113.9173127,22.52114707,113.9199821,22.53534908,13,71,82
114.1644832,22.5627503,114.1259306,22.54791806,13,611,562
113.9184525,22.54919782,113.9288842,22.57155658,13,74,116
114.1259119,22.54950226,114.1137426,22.54592857,13,561,521
113.9430581,22.53002018,113.9505875,22.535838,13,175,209
114.1350728,22.55860698,114.1809616,22.55777371,13,587,620
113.9035937,22.51661875,113.9097299,22.52584499,13,36,47
113.904845,22.53164591,113.9103595,22.53126836,13,39,52
114.1644087,22.56680131,114.1350728,22.55860698,13,609,587
114.0444279,22.52568669,114.0597198,22.52591345,13,354,413
114.0202182,22.53203739,114.0337852,22.5302178,13,310,324
113.9136576,22.53117958,113.9146524,22.52693923,13,61,64
114.0439385,22.55674539,114.0510601,22.55123367,13,349,374
113.9491413,22.54326376,114.0439385,22.55674539,13,202,349
114.1251654,22.55918041,114.1063186,22.54472798,13,559,505
114.112869,22.58470988,114.1040792,22.55862876,13,518,501
113.9118129,22.50807653,113.9170644,22.50329636,13,57,70
113.9336253,22.54256673,113.9491413,22.54326376,13,135,202
113.9466447,22.56528032,113.9494284,22.57980162,13,192,203
114.0450666,22.52787192,114.036681,22.56561549,13,359,333
113.9146524,22.52693923,113.9186832,22.52710131,13,64,75
113.9633477,22.54208418,113.9494284,22.57980162,13,239,203
114.0509944,22.51818853,114.0374545,22.52361807,13,373,334
114.1373842,22.58057276,114.1380243,22.57118847,13,591,593
113.9186832,22.52710131,113.9084227,22.51486106,13,75,43
113.9186832,22.52710131,113.9198758,22.50237441,13,75,81
113.9186832,22.52710131,113.9236399,22.5078368,13,75,94
114.0509944,22.51818853,114.0487663,22.51081322,13,373,370
113.9190799,22.54314415,113.9243714,22.52956273,13,77,96
113.9223777,22.54298115,113.9491413,22.54326376,13,90,202
114.1063186,22.54472798,114.1374593,22.56901485,13,505,592
114.1809616,22.55777371,114.1809616,22.55777371,13,620,620
114.0374545,22.52361807,114.0418832,22.52115999,13,334,345
113.9243714,22.52956273,113.9206722,22.51237556,13,96,87
114.0311165,22.52390555,114.0509944,22.51818853,13,318,373
114.1374593,22.56901485,114.1259306,22.54791806,13,592,562
114.0202182,22.53203739,113.9451564,22.53255125,13,310,186
113.9155517,22.54329581,113.9199821,22.53534908,13,67,82
113.983442,22.5604799,113.9823854,22.54846664,13,271,269
113.9103595,22.53126836,113.9035937,22.51661875,13,52,36
113.920108,22.4932819,113.9097932,22.48718601,13,85,49
113.9494284,22.57980162,113.9691219,22.61983592,13,203,248
114.1334875,22.57130371,114.1153265,22.5588081,13,582,527
113.9359217,22.5218824,113.9221011,22.51789094,13,147,89
114.1063186,22.54472798,114.0628846,22.54292352,13,505,422
113.8842019,22.48371785,113.9097932,22.48718601,13,12,49
113.928999,22.49801767,113.9328845,22.50312846,13,117,131
114.1574717,22.56102782,114.1338632,22.54921672,13,603,583
114.1338852,22.55688848,114.1390015,22.56438986,12,584,595
113.9184525,22.54919782,113.9190799,22.54314415,12,74,77
113.9612238,22.55277958,113.9777961,22.54098647,12,231,263
113.9143134,22.53554164,113.9404917,22.55274673,12,63,160
114.1080704,22.57251255,114.1016112,22.56474789,12,511,493
114.1063186,22.54472798,114.0787465,22.54317312,12,505,446
113.9035937,22.51661875,113.9328302,22.52460435,12,36,129
114.1439608,22.55553852,114.1230421,22.57672472,12,600,550
113.9194863,22.53051904,113.9491413,22.54326376,12,79,202
113.928999,22.49801767,113.920108,22.4932819,12,117,85
114.0488317,22.56730306,114.0907768,22.56142507,12,371,466
113.9699323,22.56689046,113.9660741,22.55949119,12,251,243
114.107525,22.56679353,114.1063186,22.54472798,12,508,505
114.0202182,22.53203739,113.9336253,22.54256673,12,310,135
113.950014,22.57141464,113.9450315,22.53934678,12,208,184
113.9183624,22.5556891,113.9344095,22.55532607,12,72,142
113.9633477,22.54208418,113.918416,22.56216735,12,239,73
114.161494,22.56428444,114.1260647,22.54227329,12,607,564
114.1182376,22.56567127,114.1259119,22.54950226,12,537,561
114.112869,22.58470988,114.1136231,22.54241739,12,518,519
113.9199821,22.53534908,113.9147516,22.5389128,12,82,65
113.9118129,22.50807653,113.9276676,22.51793513,12,57,109
113.9155517,22.54329581,113.9450315,22.53934678,12,67,184
113.9199821,22.53534908,113.9194863,22.53051904,12,82,79
114.0488317,22.56730306,114.0761521,22.54702107,12,371,440
113.9199821,22.53534908,113.9288842,22.57155658,12,82,116
114.0509944,22.51818853,114.0582889,22.51959561,12,373,409
113.9097299,22.52584499,113.9035937,22.51661875,12,47,36
113.9097299,22.52584499,113.915445,22.51041213,12,47,66
113.9146524,22.52693923,113.915445,22.51041213,12,64,66
114.0387789,22.56579731,114.0439385,22.55674539,12,338,349
113.9491413,22.54326376,113.9633477,22.54208418,12,202,239
114.1251654,22.55918041,114.1644832,22.5627503,12,559,611
113.9491413,22.54326376,113.9404917,22.55274673,12,202,160
113.9580431,22.59633988,113.9494284,22.57980162,12,222,203
114.1701834,22.6043063,114.1171806,22.54648425,12,615,532
113.9491413,22.54326376,113.9206722,22.51237556,12,202,87
114.0911163,22.55176701,114.1063186,22.54472798,12,469,505
113.944896,22.54622325,113.9450315,22.53934678,12,181,184
113.9118129,22.50807653,113.9328845,22.50312846,12,57,131
114.003149,22.53600659,113.9713587,22.53910036,12,283,253
114.1338632,22.54921672,114.1644087,22.56680131,12,583,609
114.0202182,22.53203739,113.9452663,22.52433567,12,310,189
114.1137426,22.54592857,114.1063186,22.54472798,12,521,505
113.9509113,22.57905941,113.9606305,22.58492456,12,211,228
113.9388906,22.50804836,113.9328845,22.50312846,12,157,131
114.1296833,22.54572474,114.1136231,22.54241739,12,568,519
114.1644832,22.5627503,114.1260035,22.54510676,12,611,563
114.1644832,22.5627503,114.1172394,22.55115992,12,611,533
113.9633477,22.54208418,113.9528965,22.55975497,12,239,214
113.9102541,22.53969,113.9146524,22.52693923,12,51,64
113.9147516,22.5389128,113.9336253,22.54256673,12,65,135
114.0357464,22.54152815,114.0186349,22.53863086,12,329,307
114.0374545,22.52361807,114.0374545,22.52361807,12,334,334
114.0374545,22.52361807,113.9475068,22.530085,12,334,194
113.9633477,22.54208418,114.0478162,22.5425021,12,239,362
113.9606305,22.58492456,114.0041395,22.59957049,12,228,287
113.9832957,22.58805165,113.9606305,22.58492456,12,270,228
113.9221011,22.51789094,113.9336253,22.54256673,12,89,135
113.9509113,22.57905941,113.9328302,22.52460435,12,211,129
113.9236399,22.5078368,113.9316803,22.51881464,12,94,126
113.9124902,22.51975214,113.9404917,22.55274673,12,59,160
113.9124902,22.51975214,113.9186832,22.52710131,12,59,75
113.9407019,22.5414765,113.9450315,22.53934678,12,165,184
113.9155517,22.54329581,114.0234096,22.53944781,12,67,312
114.1198918,22.59134494,114.1198918,22.59134494,12,540,540
114.0597198,22.52591345,114.0630192,22.53554504,12,413,424
113.9102541,22.53969,113.940445,22.55527886,12,51,159
113.9102541,22.53969,113.9406558,22.54287695,12,51,164
114.0628846,22.54292352,114.0719313,22.54306587,12,422,433
113.947053,22.55887657,113.9494284,22.57980162,12,193,203
114.0719313,22.54306587,114.0234096,22.53944781,12,433,312
113.9124902,22.51975214,113.9406558,22.54287695,12,59,164
114.0326622,22.52622861,113.9451564,22.53255125,12,320,186
114.169401,22.56966622,114.1644087,22.56680131,12,614,609
114.0629734,22.53761185,114.0509944,22.51818853,12,423,373
113.8861314,22.49759444,113.8978105,22.51075808,12,15,29
113.9621778,22.53376133,113.9475068,22.530085,12,233,194
113.9494284,22.57980162,113.9243714,22.52956273,12,203,96
113.9606305,22.58492456,113.9407344,22.55993307,11,228,166
113.920108,22.4932819,113.928999,22.49801767,11,85,117
114.0439385,22.55674539,114.03538,22.56783125,11,349,328
114.1338632,22.54921672,114.1136231,22.54241739,11,583,519
114.0439385,22.55674539,114.0787465,22.54317312,11,349,446
114.0439385,22.55674539,114.0509944,22.51818853,11,349,373
113.9409258,22.53000389,113.9407019,22.5414765,11,171,165
113.9406558,22.54287695,113.9223777,22.54298115,11,164,90
114.0677747,22.5580683,114.0439385,22.55674539,11,427,349
113.9491413,22.54326376,113.9157571,22.4999147,11,202,68
113.9155517,22.54329581,113.947053,22.55887657,11,67,193
113.9691219,22.61983592,113.9606305,22.58492456,11,248,228
113.9272427,22.50789593,113.9404917,22.55274673,11,106,160
113.9084227,22.51486106,113.9124902,22.51975214,11,43,59
113.9373334,22.5351382,113.9373334,22.5351382,11,153,153
114.0995471,22.54755506,114.1063186,22.54472798,11,488,505
113.9190799,22.54314415,113.940445,22.55527886,11,77,159
114.1350728,22.55860698,114.1350728,22.55860698,11,587,587
114.0486119,22.51236018,114.0609908,22.52112392,11,368,415
114.1080704,22.57251255,114.112869,22.58470988,11,511,518
114.0720729,22.53584401,114.0761879,22.54011496,11,435,442
114.0202182,22.53203739,113.9122306,22.49072078,11,310,58
113.9406558,22.54287695,113.947053,22.55887657,11,164,193
114.1242389,22.59195711,114.1198918,22.59134494,11,553,540
114.0630944,22.53166919,114.0630192,22.53554504,11,425,424
114.0255833,22.53127556,114.0720939,22.53181124,11,315,436
114.1198918,22.59134494,114.1373842,22.58057276,11,540,591
114.1198918,22.59134494,114.1245005,22.57227306,11,540,554
114.0720729,22.53584401,114.0720729,22.53584401,11,435,435
114.0422669,22.57062484,114.0540968,22.57113804,11,347,386
114.112869,22.58470988,114.1172394,22.55115992,11,518,533
113.9102541,22.53969,113.9103595,22.53126836,11,51,52
114.0326622,22.52622861,114.0140182,22.53785655,11,320,301
114.057974,22.56241366,114.0439385,22.55674539,11,402,349
114.0450666,22.52787192,114.0443347,22.54724229,11,359,352
113.9102541,22.53969,113.9328302,22.52460435,11,51,129
113.9494284,22.57980162,113.9633477,22.54208418,11,203,239
114.112869,22.58470988,113.940445,22.55527886,11,518,159
114.1431392,22.55029515,114.1180108,22.5436417,11,599,536
114.1361313,22.54951279,114.1439608,22.55553852,11,590,600
114.1431392,22.55029515,114.1218944,22.54724533,11,599,545
114.1292351,22.55073263,114.1259119,22.54950226,11,566,561
113.9528965,22.55975497,113.9491413,22.54326376,11,214,202
114.1303047,22.55464135,114.1218944,22.54724533,11,571,545
113.9612238,22.55277958,113.972388,22.55191047,11,231,254
114.1439608,22.55553852,114.1350728,22.55860698,11,600,587
113.8999643,22.54887227,113.9336253,22.54256673,11,31,135
113.972388,22.55191047,113.9813001,22.547133,11,254,267
114.0444279,22.52568669,114.058129,22.53753671,11,354,406
113.9494284,22.57980162,113.9528965,22.55975497,11,203,214
114.0444279,22.52568669,114.0515339,22.52579823,11,354,382
114.1182376,22.56567127,114.112869,22.58470988,11,537,518
114.1172394,22.55115992,114.1153265,22.5588081,11,533,527
114.1338852,22.55688848,114.1303047,22.55464135,11,584,571
113.9143134,22.53554164,113.9184525,22.54919782,11,63,74
113.9509113,22.57905941,113.953809,22.55115046,11,211,216
114.112869,22.58470988,114.0361459,22.56279243,11,518,331
114.1227587,22.57932726,114.1172394,22.55115992,11,549,533
114.0609908,22.52112392,114.0630944,22.53166919,11,415,425
114.112869,22.58470988,114.112869,22.58470988,11,518,518
114.0628846,22.54292352,114.0787465,22.54317312,11,422,446
113.9173127,22.52114707,113.9142148,22.51818294,11,71,62
113.9124902,22.51975214,113.9199821,22.53534908,11,59,82
114.0597198,22.52591345,114.0515339,22.52579823,11,413,382
114.0719313,22.54306587,114.0478162,22.5425021,11,433,362
113.9633477,22.54208418,113.9190799,22.54314415,11,239,77
114.1644832,22.5627503,114.1296142,22.54851405,11,611,567
114.1198918,22.59134494,114.1167791,22.54823711,11,540,530
113.9633477,22.54208418,113.9633477,22.54208418,11,239,239
113.977941,22.58713395,114.0041395,22.59957049,11,264,287
113.949855,22.58679623,113.9494284,22.57980162,11,206,203
113.9199821,22.53534908,113.9406558,22.54287695,11,82,164
114.1373842,22.58057276,114.1245005,22.57227306,11,591,554
113.9509113,22.57905941,113.9342099,22.5714262,11,211,139
113.9035937,22.51661875,113.9336253,22.54256673,11,36,135
114.0896926,22.56096562,114.0866394,22.54073668,11,463,458
113.9763421,22.55686165,113.940445,22.55527886,11,258,159
113.9221011,22.51789094,113.9276676,22.51793513,11,89,109
114.1574717,22.56102782,114.161494,22.56428444,11,603,607
114.1063186,22.54472798,114.1137426,22.54592857,11,505,521
114.1251654,22.55918041,114.1439608,22.55553852,11,559,600
114.094491,22.56825073,114.112869,22.58470988,11,476,518
114.0629734,22.53761185,114.0761879,22.54011496,11,423,442
114.0629734,22.53761185,114.058129,22.53753671,11,423,406
113.9146524,22.52693923,113.9336253,22.54256673,11,64,135
113.9146524,22.52693923,113.8861314,22.49759444,11,64,15
114.0357464,22.54152815,114.0140182,22.53785655,11,329,301
113.9450315,22.53934678,113.9450315,22.53934678,11,184,184
113.9143134,22.53554164,113.9146524,22.52693923,11,63,64
114.1644087,22.56680131,114.1107498,22.54543716,11,609,513
114.1301103,22.58432145,114.1329896,22.5844014,11,570,580
114.0787465,22.54317312,114.0912449,22.5433847,11,446,473
113.9713587,22.53910036,113.9491413,22.54326376,11,253,202
114.1374593,22.56901485,114.1258552,22.55279111,10,592,560
114.0629734,22.53761185,114.0515339,22.52579823,10,423,382
114.1374593,22.56901485,114.1318637,22.56197601,10,592,576
114.0630944,22.53166919,114.0554832,22.51394382,10,425,391
114.0255833,22.53127556,114.0630944,22.53166919,10,315,425
114.094491,22.56825073,114.0629734,22.53761185,10,476,423
113.9276027,22.51295673,113.940616,22.54616779,10,108,162
114.1654621,22.57111773,114.1350728,22.55860698,10,612,587
114.0991397,22.5700848,114.0992232,22.56634588,10,481,482
113.9190799,22.54314415,113.947053,22.55887657,10,77,193
114.1153265,22.5588081,114.0910003,22.55842617,10,527,467
114.0487663,22.51081322,114.0486119,22.51236018,10,370,368
114.0487663,22.51081322,114.041572,22.51137132,10,370,344
113.9231987,22.53540776,113.9406558,22.54287695,10,93,164
114.1373842,22.58057276,114.1063186,22.54472798,10,591,505
114.1251654,22.55918041,114.0787465,22.54317312,10,559,446
114.0910003,22.55842617,114.0677747,22.5580683,10,467,427
114.0629734,22.53761185,114.0579772,22.54558884,10,423,403
114.1245005,22.57227306,114.1248217,22.56213733,10,554,557
114.1654621,22.57111773,114.1251654,22.55918041,10,612,559
113.9691219,22.61983592,113.949855,22.58679623,10,248,206
113.9760441,22.62662651,113.9494284,22.57980162,10,257,203
113.9190799,22.54314415,113.9206722,22.51237556,10,77,87
114.1142416,22.53596639,114.1259119,22.54950226,10,523,561
113.9621778,22.53376133,113.9633477,22.54208418,10,233,239
113.950014,22.57141464,113.950014,22.57141464,10,208,208
113.9538224,22.57483257,113.9494284,22.57980162,10,217,203
114.0057869,22.53644522,114.0186349,22.53863086,10,290,307
113.9103595,22.53126836,113.9102541,22.53969,10,52,51
114.1153265,22.5588081,114.1172394,22.55115992,10,527,533
113.9633477,22.54208418,113.9122306,22.49072078,10,239,58
114.1259119,22.54950226,114.1374593,22.56901485,10,561,592
114.1259119,22.54950226,114.1318637,22.56197601,10,561,576
113.9183624,22.5556891,113.9291628,22.55972334,10,72,119
113.9623654,22.56991978,113.9404917,22.55274673,10,236,160
114.1259119,22.54950226,114.1218944,22.54724533,10,561,545
114.0040882,22.54712127,113.9914595,22.54374858,10,286,277
114.0439385,22.55674539,114.0351123,22.55501241,10,349,327
114.1024728,22.57205807,114.094491,22.56825073,10,496,476
113.9200143,22.49659079,113.9188483,22.50788642,10,84,76
113.928999,22.49801767,113.9122306,22.49072078,10,117,58
113.9184525,22.54919782,113.9491413,22.54326376,10,74,202
114.1326839,22.57969837,114.1245005,22.57227306,10,578,554
113.928999,22.49801767,113.9246137,22.5008884,10,117,97
113.9184525,22.54919782,113.9336253,22.54256673,10,74,135
113.9621778,22.53376133,113.9622388,22.53100351,10,233,234
113.9272427,22.50789593,113.9276027,22.51295673,10,106,108
113.9118129,22.50807653,113.9316803,22.51881464,10,57,126
114.1218944,22.54724533,114.1063186,22.54472798,10,545,505
113.9407019,22.5414765,113.940809,22.5357087,10,165,169
114.0057869,22.53644522,114.0234096,22.53944781,10,290,312
114.1167791,22.54823711,114.1142416,22.53596639,10,530,523
113.997063,22.5459081,114.0122593,22.54296339,10,282,298
113.9760441,22.62662651,113.949855,22.58679623,10,257,206
114.1574717,22.56102782,114.1142416,22.53596639,10,603,523
114.1644087,22.56680131,114.1809616,22.55777371,10,609,620
114.0374545,22.52361807,114.0326622,22.52622861,10,334,320
114.0311165,22.52390555,114.0609908,22.52112392,10,318,415
113.9359217,22.5218824,113.9206722,22.51237556,10,147,87
114.0311165,22.52390555,114.0787465,22.54317312,10,318,446
114.0336279,22.56089891,114.0383673,22.55608659,10,323,335
113.947053,22.55887657,113.9404917,22.55274673,10,193,160
113.9102541,22.53969,113.9190799,22.54314415,10,51,77
114.0719313,22.54306587,114.0787465,22.54317312,10,433,446
113.9124902,22.51975214,113.9146524,22.52693923,10,59,64
113.9124902,22.51975214,113.9336253,22.54256673,10,59,135
113.9538224,22.57483257,113.9606305,22.58492456,10,217,228
114.1227587,22.57932726,114.1306051,22.57959022,10,549,572
113.9633477,22.54208418,113.9155517,22.54329581,10,239,67
114.112869,22.58470988,114.1323804,22.57723388,10,518,577
113.9633477,22.54208418,113.9660741,22.55949119,10,239,243
114.0609908,22.52112392,114.0509944,22.51818853,10,415,373
114.1227587,22.57932726,114.1301103,22.58432145,10,549,570
113.9221011,22.51789094,113.9406558,22.54287695,10,89,164
114.1251654,22.55918041,114.1017317,22.55859362,10,559,495
114.0509944,22.51818853,114.0418832,22.52115999,10,373,345
114.0629734,22.53761185,114.0787465,22.54317312,10,423,446
113.9633477,22.54208418,113.9199821,22.53534908,10,239,82
114.1198918,22.59134494,114.112869,22.58470988,10,540,518
114.1709476,22.56284762,114.1439608,22.55553852,10,617,600
114.1725511,22.56285092,114.1644832,22.5627503,10,619,611
113.9276676,22.51793513,113.9385133,22.52123067,10,109,156
114.0761879,22.54011496,114.058129,22.53753671,10,442,406
114.0140182,22.53785655,113.9491413,22.54326376,10,301,202
113.9199821,22.53534908,113.9190799,22.54314415,10,82,77
113.9186832,22.52710131,113.9035937,22.51661875,10,75,36
113.9146524,22.52693923,113.9491413,22.54326376,10,64,202
114.0289969,22.52073647,114.0609908,22.52112392,10,316,415
113.9633477,22.54208418,113.9343203,22.5597933,10,239,141
113.9494284,22.57980162,113.9199821,22.53534908,10,203,82
114.1182376,22.56567127,114.1258552,22.55279111,10,537,560
113.9494284,22.57980162,113.977941,22.58713395,10,203,264
113.9102541,22.53969,113.915445,22.51041213,10,51,66
114.161494,22.56428444,114.1361313,22.54951279,10,607,590
114.161494,22.56428444,114.1574717,22.56102782,10,607,603
113.9494284,22.57980162,113.9713587,22.53910036,10,203,253
114.0337852,22.5302178,113.9328302,22.52460435,10,324,129
113.9097299,22.52584499,113.9097299,22.52584499,10,47,47
113.9097299,22.52584499,113.9336253,22.54256673,10,47,135
114.0951991,22.54345208,114.0787465,22.54317312,10,479,446
114.0787465,22.54317312,114.1063186,22.54472798,10,446,505
113.9147516,22.5389128,113.9404917,22.55274673,10,65,160
114.0951991,22.54345208,114.1063186,22.54472798,10,479,505
113.9236399,22.5078368,113.9328302,22.52460435,10,94,129
113.9190799,22.54314415,113.9343203,22.5597933,10,77,141
113.9612238,22.55277958,113.9633477,22.54208418,10,231,239
113.9612238,22.55277958,113.9449508,22.54305787,10,231,182
114.1041413,22.55305184,114.1136231,22.54241739,10,502,519
113.9713587,22.53910036,113.9813001,22.547133,10,253,267
114.0444279,22.52568669,114.0202182,22.53203739,10,354,310
113.9607244,22.5495522,113.9328302,22.52460435,10,229,129
114.0627243,22.55141245,113.9328302,22.52460435,10,420,129
113.9763421,22.55686165,113.9449508,22.54305787,10,258,182
114.0679115,22.55102094,114.0629734,22.53761185,10,428,423
113.9660741,22.55949119,113.9660741,22.55949119,10,243,243
114.1431392,22.55029515,114.1137426,22.54592857,10,599,521
114.1431392,22.55029515,114.1136231,22.54241739,10,599,519
113.8999643,22.54887227,113.9450315,22.53934678,10,31,184
113.891893,22.50419438,113.8861314,22.49759444,10,22,15
113.8861314,22.49759444,113.8671589,22.50552799,9,15,1
114.1142416,22.53596639,114.1167791,22.54823711,9,523,530
113.9538224,22.57483257,113.950014,22.57141464,9,217,208
113.950014,22.57141464,113.9606305,22.58492456,9,208,228
113.9103595,22.53126836,113.9404917,22.55274673,9,52,160
113.9451564,22.53255125,113.944896,22.54622325,9,186,181
113.9103595,22.53126836,113.9407019,22.5414765,9,52,165
114.0202182,22.53203739,114.0628846,22.54292352,9,310,422
114.0202182,22.53203739,113.9491413,22.54326376,9,310,202
113.950014,22.57141464,113.9407344,22.55993307,9,208,166
113.9864364,22.53867967,113.9813001,22.547133,9,273,267
113.915445,22.51041213,113.9157571,22.4999147,9,66,68
113.8978105,22.51075808,113.8861314,22.49759444,9,29,15
114.112869,22.58470988,114.1361313,22.54951279,9,518,590
114.1329896,22.5844014,114.1380243,22.57118847,9,580,593
114.0326849,22.56218702,114.094491,22.56825073,9,321,476
114.0542878,22.56237068,114.1063186,22.54472798,9,389,505
114.0542878,22.56237068,114.0814207,22.5582393,9,389,448
113.9494284,22.57980162,113.9173127,22.52114707,9,203,71
114.1182376,22.56567127,114.121489,22.56909791,9,537,543
113.9669246,22.56282048,113.9660741,22.55949119,9,247,243
113.9669246,22.56282048,113.9328302,22.52460435,9,247,129
113.9669246,22.56282048,113.9713587,22.53910036,9,247,253
114.1390015,22.56438986,114.1063186,22.54472798,9,595,505
114.1303047,22.55464135,114.1338852,22.55688848,9,571,584
113.972388,22.55191047,113.9713587,22.53910036,9,254,253
113.8999643,22.54887227,113.9102541,22.53969,9,31,51
114.0788224,22.54031566,114.0629734,22.53761185,9,447,423
113.9465147,22.50809509,113.9451564,22.53255125,9,191,186
113.9272427,22.50789593,113.9362441,22.50801811,9,106,148
113.9147516,22.5389128,113.9186832,22.52710131,9,65,75
113.9118129,22.50807653,113.9236399,22.5078368,9,57,94
113.9118129,22.50807653,113.9118129,22.50807653,9,57,57
113.9199821,22.53534908,113.9188483,22.50788642,9,82,76
114.0384573,22.51570189,113.9328302,22.52460435,9,336,129
113.9491413,22.54326376,113.9466447,22.56528032,9,202,192
113.9223777,22.54298115,113.9277742,22.51969127,9,90,110
114.1587738,22.60910626,114.1136231,22.54241739,9,604,519
113.9691219,22.61983592,113.9713587,22.53910036,9,248,253
113.9190799,22.54314415,113.9155517,22.54329581,9,77,67
113.9190799,22.54314415,113.9143134,22.53554164,9,77,63
113.9190799,22.54314415,113.9122306,22.49072078,9,77,58
114.0542063,22.56496011,113.940445,22.55527886,9,388,159
114.0374545,22.52361807,113.9451564,22.53255125,9,334,186
114.0361396,22.53054743,114.0445503,22.53466355,9,330,357
113.9143134,22.53554164,113.9084227,22.51486106,9,63,43
113.9143134,22.53554164,113.9124902,22.51975214,9,63,59
113.9143134,22.53554164,113.9199821,22.53534908,9,63,82
114.0992232,22.56634588,114.0993074,22.56154845,9,482,484
114.0720233,22.53866647,114.0629734,22.53761185,9,434,423
113.9146524,22.52693923,113.9406558,22.54287695,9,64,164
113.9097299,22.52584499,113.940445,22.55527886,9,47,159
113.9097299,22.52584499,113.9406558,22.54287695,9,47,164
114.0326622,22.52622861,114.0057869,22.53644522,9,320,290
114.0357464,22.54152815,114.0719313,22.54306587,9,329,433
113.9102541,22.53969,113.891893,22.50419438,9,51,22
113.9102541,22.53969,113.9035937,22.51661875,9,51,36
113.9374649,22.5391845,113.9373334,22.5351382,9,154,153
114.1654621,22.57111773,114.1017317,22.55859362,9,612,495
114.0675738,22.56900047,114.0761521,22.54702107,9,426,440
114.1250329,22.57004496,114.1246329,22.56404909,9,558,556
114.121489,22.56909791,114.1334875,22.57130371,9,543,582
114.1024728,22.57205807,113.940445,22.55527886,9,496,159
114.1245005,22.57227306,114.1227587,22.57932726,9,554,549
114.0202182,22.53203739,113.9199821,22.53534908,9,310,82
114.0202182,22.53203739,113.9450315,22.53934678,9,310,184
114.0202182,22.53203739,114.0509944,22.51818853,9,310,373
114.0202182,22.53203739,114.0515339,22.52579823,9,310,382
114.1017317,22.55859362,114.1153265,22.5588081,9,495,527
113.9276027,22.51295673,113.9328302,22.52460435,9,108,129
113.8978105,22.51075808,113.891893,22.50419438,9,29,22
113.9173127,22.52114707,113.9157571,22.4999147,9,71,68
113.9221011,22.51789094,113.9316803,22.51881464,9,89,126
113.9606305,22.58492456,113.9660741,22.55949119,9,228,243
114.0719313,22.54306587,114.1063186,22.54472798,9,433,505
113.9173127,22.52114707,113.9206722,22.51237556,9,71,87
113.9277742,22.51969127,113.9451564,22.53255125,9,110,186
113.9124902,22.51975214,113.8861314,22.49759444,9,59,15
113.9606305,22.58492456,113.9491413,22.54326376,9,228,202
113.9102541,22.53969,113.9223777,22.54298115,9,51,90
113.9102541,22.53969,113.9184525,22.54919782,9,51,74
113.947053,22.55887657,113.9199821,22.53534908,9,193,82
113.9660741,22.55949119,113.9490902,22.54189692,9,243,200
113.9777961,22.54098647,113.9864364,22.53867967,9,263,273
114.0478162,22.5425021,114.0234096,22.53944781,9,362,312
113.9491413,22.54326376,113.940616,22.54616779,9,202,162
114.0677747,22.5580683,114.1063186,22.54472798,9,427,505
114.0814207,22.5582393,114.0677747,22.5580683,9,448,427
114.1306051,22.57959022,114.1227587,22.57932726,9,572,549
114.0041395,22.59957049,113.9606305,22.58492456,9,287,228
114.0041395,22.59957049,113.977941,22.58713395,9,287,264
114.1374593,22.56901485,114.1282881,22.55650863,9,592,565
113.9143134,22.53554164,113.9206722,22.51237556,9,63,87
114.0630944,22.53166919,114.0509944,22.51818853,9,425,373
114.0630944,22.53166919,114.0720939,22.53181124,9,425,436
114.0509944,22.51818853,113.9328302,22.52460435,9,373,129
114.0629734,22.53761185,114.0788224,22.54031566,9,423,447
114.094491,22.56825073,114.1172394,22.55115992,9,476,533
114.094491,22.56825073,114.1153265,22.5588081,9,476,527
114.094491,22.56825073,114.1024728,22.57205807,9,476,496
113.949855,22.58679623,113.947053,22.55887657,9,206,193
113.9633477,22.54208418,113.9777961,22.54098647,9,239,263
114.1809616,22.55777371,114.0787465,22.54317312,9,620,446
113.9466447,22.56528032,113.9404917,22.55274673,9,192,160
114.107525,22.56679353,114.107525,22.56679353,9,508,508
113.949855,22.58679623,113.940445,22.55527886,9,206,159
113.9509113,22.57905941,113.9336253,22.54256673,9,211,135
113.9509113,22.57905941,113.9406558,22.54287695,9,211,164
113.9243714,22.52956273,113.9122306,22.49072078,9,96,58
113.9199821,22.53534908,113.947053,22.55887657,9,82,193
114.0609908,22.52112392,114.0609908,22.52112392,9,415,415
113.949855,22.58679623,113.9404917,22.55274673,9,206,160
113.9538224,22.57483257,113.9336253,22.54256673,9,217,135
114.1251654,22.55918041,114.1172394,22.55115992,9,559,533
114.1251654,22.55918041,114.1809616,22.55777371,9,559,620
113.9035937,22.51661875,113.891893,22.50419438,9,36,22
113.9035937,22.51661875,113.8861314,22.49759444,9,36,15
113.9336253,22.54256673,113.9406558,22.54287695,9,135,164
113.9035937,22.51661875,113.9406558,22.54287695,9,36,164
113.9035937,22.51661875,113.9186832,22.52710131,9,36,75
114.0289969,22.52073647,114.0289969,22.52073647,9,316,316
114.0289969,22.52073647,114.0374545,22.52361807,9,316,334
114.1318637,22.56197601,114.1350728,22.55860698,9,576,587
114.1725511,22.56285092,114.1180108,22.5436417,9,619,536
113.9276676,22.51793513,113.9407019,22.5414765,9,109,165
113.950014,22.57141464,113.9528965,22.55975497,9,208,214
113.9085402,22.4799661,113.9029731,22.47691189,9,46,35
114.057974,22.56241366,114.0542878,22.56237068,9,402,389
114.1644832,22.5627503,114.1180108,22.5436417,9,611,536
114.1380243,22.57118847,114.1063186,22.54472798,9,593,505
113.8861314,22.49759444,113.9097299,22.52584499,9,15,47
114.1259119,22.54950226,114.1338852,22.55688848,9,561,584
114.1259119,22.54950226,114.113805,22.53838078,9,561,522
114.1361313,22.54951279,114.1136231,22.54241739,9,590,519
114.1296142,22.54851405,114.1218944,22.54724533,9,567,545
114.0439385,22.55674539,114.036681,22.56561549,9,349,333
114.0439385,22.55674539,114.0439385,22.55674539,9,349,349
114.0439385,22.55674539,114.0443347,22.54724229,9,349,352
113.9188483,22.50788642,113.9491413,22.54326376,9,76,202
114.1338852,22.55688848,114.1063186,22.54472798,9,584,505
114.1338852,22.55688848,114.1374593,22.56901485,9,584,592
114.1439608,22.55553852,114.1338632,22.54921672,9,600,583
114.0093458,22.55286167,114.0326849,22.56218702,9,293,321
114.1258552,22.55279111,114.1259119,22.54950226,9,560,561
113.9622388,22.53100351,113.9452663,22.52433567,9,234,189
114.1574717,22.56102782,114.1172394,22.55115992,9,603,533
113.9183624,22.5556891,113.9407019,22.5414765,9,72,165
113.9813001,22.547133,113.972388,22.55191047,9,267,254
114.1431392,22.55029515,114.1063186,22.54472798,9,599,505
113.940616,22.54616779,113.9407344,22.55993307,9,162,166
114.169401,22.56966622,114.1350728,22.55860698,9,614,587
113.9198758,22.50237441,113.9200143,22.49659079,9,81,84
114.094491,22.56825073,113.940445,22.55527886,8,476,159
114.121489,22.56909791,114.107525,22.56679353,8,543,508
114.03538,22.56783125,114.0294193,22.55657306,8,328,317
113.9466447,22.56528032,113.947053,22.55887657,8,192,193
113.891893,22.50419438,113.8978105,22.51075808,8,22,29
113.9198758,22.50237441,113.9199821,22.53534908,8,81,82
113.9184525,22.54919782,113.918416,22.56216735,8,74,73
114.1172394,22.55115992,114.1136231,22.54241739,8,533,519
114.1431392,22.55029515,114.1171806,22.54648425,8,599,532
113.9230888,22.54919179,113.9231987,22.53540776,8,92,93
114.0510601,22.55123367,114.0439385,22.55674539,8,374,349
114.0557652,22.55131452,114.0442669,22.55065279,8,392,351
114.1172394,22.55115992,114.112869,22.58470988,8,533,518
113.8861314,22.49759444,113.9157571,22.4999147,8,15,68
114.1153265,22.5588081,114.1040792,22.55862876,8,527,501
113.9188483,22.50788642,113.9336253,22.54256673,8,76,135
114.1505337,22.55623857,114.1574717,22.56102782,8,601,603
114.1439608,22.55553852,114.1218944,22.54724533,8,600,545
114.1350728,22.55860698,114.1136231,22.54241739,8,587,519
114.0439385,22.55674539,114.0814207,22.5582393,8,349,448
114.0439385,22.55674539,114.057974,22.56241366,8,349,402
114.0439385,22.55674539,114.0450666,22.52787192,8,349,359
113.944896,22.54622325,113.9409665,22.52735551,8,181,172
114.1259119,22.54950226,114.1136231,22.54241739,8,561,519
113.9157571,22.4999147,113.9157571,22.4999147,8,68,68
114.1655481,22.56688872,114.1644087,22.56680131,8,613,609
114.0542878,22.56237068,114.0326849,22.56218702,8,389,321
114.0361459,22.56279243,113.9344095,22.55532607,8,331,142
114.1644832,22.5627503,114.0557652,22.55131452,8,611,392
114.1024728,22.57205807,114.0992232,22.56634588,8,496,482
113.928999,22.49801767,113.9097932,22.48718601,8,117,49
113.9538224,22.57483257,113.9914595,22.54374858,8,217,277
113.8861314,22.49759444,113.9085402,22.4799661,8,15,46
113.9097932,22.48718601,113.9157571,22.4999147,8,49,68
113.9085402,22.4799661,113.8970859,22.47148422,8,46,28
113.928999,22.49801767,113.9362441,22.50801811,8,117,148
114.094491,22.56825073,114.0911571,22.54930646,8,476,470
113.9666463,22.5575376,113.940445,22.55527886,8,245,159
114.0896926,22.56096562,114.0911571,22.54930646,8,463,470
113.9276676,22.51793513,114.0202182,22.53203739,8,109,310
113.9276676,22.51793513,113.9491413,22.54326376,8,109,202
113.9276676,22.51793513,113.9221011,22.51789094,8,109,89
113.9035937,22.51661875,113.9491413,22.54326376,8,36,202
113.9035937,22.51661875,113.9223777,22.54298115,8,36,90
114.0582889,22.51959561,114.0509944,22.51818853,8,409,373
113.9035937,22.51661875,113.9199821,22.53534908,8,36,82
114.0289969,22.52073647,114.0234096,22.53944781,8,316,312
114.0418832,22.52115999,114.0509944,22.51818853,8,345,373
114.1063186,22.54472798,114.1318637,22.56197601,8,505,576
114.1063186,22.54472798,114.1218944,22.54724533,8,505,545
113.9763421,22.55686165,113.9190799,22.54314415,8,258,77
114.1251654,22.55918041,114.1248217,22.56213733,8,559,557
114.1251654,22.55918041,114.1654621,22.57111773,8,559,612
114.1251654,22.55918041,114.1153265,22.5588081,8,559,527
113.9035937,22.51661875,113.9188483,22.50788642,8,36,76
113.9035937,22.51661875,113.915445,22.51041213,8,36,66
114.0509944,22.51818853,114.0787465,22.54317312,8,373,446
113.9221011,22.51789094,113.9491413,22.54326376,8,89,202
114.1198918,22.59134494,114.1136231,22.54241739,8,540,519
114.1227587,22.57932726,114.1251654,22.55918041,8,549,559
114.135897,22.57935844,114.1373842,22.58057276,8,589,591
114.135897,22.57935844,114.1329896,22.5844014,8,589,580
113.9186832,22.52710131,113.9452663,22.52433567,8,75,189
113.9186832,22.52710131,113.9102541,22.53969,8,75,51
113.9509113,22.57905941,113.940445,22.55527886,8,211,159
114.1373842,22.58057276,114.1137426,22.54592857,8,591,521
113.9199821,22.53534908,113.9343203,22.5597933,8,82,141
113.9231987,22.53540776,113.9231987,22.53540776,8,93,93
113.9199821,22.53534908,113.9143134,22.53554164,8,82,63
114.0761879,22.54011496,114.0629734,22.53761185,8,442,423
113.9143134,22.53554164,113.9288842,22.57155658,8,63,116
113.949855,22.58679623,113.950014,22.57141464,8,206,208
113.949855,22.58679623,113.9606305,22.58492456,8,206,228
113.9249895,22.58449172,113.9432989,22.58356573,8,99,178
113.9606305,22.58492456,113.947053,22.55887657,8,228,193
114.1318637,22.56197601,114.1172394,22.55115992,8,576,533
113.9084227,22.51486106,113.9143134,22.53554164,8,43,63
114.1701834,22.6043063,114.1113897,22.54195322,8,615,514
114.058129,22.53753671,114.041572,22.51137132,8,406,344
114.1374593,22.56901485,114.1171806,22.54648425,8,592,532
113.9231987,22.53540776,113.9336253,22.54256673,8,93,135
113.9231987,22.53540776,113.9223777,22.54298115,8,93,90
114.0255833,22.53127556,114.0561381,22.53155962,8,315,398
114.0720939,22.53181124,114.0202182,22.53203739,8,436,310
114.0720939,22.53181124,114.1167239,22.53952265,8,436,529
114.0720939,22.53181124,114.1063186,22.54472798,8,436,505
114.1306051,22.57959022,114.1245005,22.57227306,8,572,554
114.1701834,22.6043063,114.1628901,22.6060867,8,615,608
114.0041395,22.59957049,113.9770853,22.59288908,8,287,259
114.1198918,22.59134494,114.1380243,22.57118847,8,540,593
113.9406558,22.54287695,113.9270312,22.53547206,8,164,103
114.0677747,22.5580683,114.0542878,22.56237068,8,427,389
114.0910003,22.55842617,114.0542878,22.56237068,8,467,389
114.0374545,22.52361807,114.058129,22.53753671,8,334,406
114.0374545,22.52361807,113.9407019,22.5414765,8,334,165
114.0374545,22.52361807,114.0630944,22.53166919,8,334,425
113.9173127,22.52114707,113.9491413,22.54326376,8,71,202
114.0597198,22.52591345,114.0787465,22.54317312,8,413,446
114.0597198,22.52591345,114.0444279,22.52568669,8,413,354
113.9102541,22.53969,113.9155517,22.54329581,8,51,67
113.9528965,22.55975497,113.9336253,22.54256673,8,214,135
114.0249823,22.56086577,114.0326849,22.56218702,8,314,321
113.9633477,22.54208418,113.9481527,22.51861491,8,239,196
113.9633477,22.54208418,113.9173127,22.52114707,8,239,71
114.0122593,22.54296339,114.0040882,22.54712127,8,298,286
113.9173127,22.52114707,113.9188483,22.50788642,8,71,76
113.9124902,22.51975214,113.891893,22.50419438,8,59,22
114.112869,22.58470988,114.1230421,22.57672472,8,518,550
114.112869,22.58470988,113.9183624,22.5556891,8,518,72
114.1248217,22.56213733,114.1259119,22.54950226,8,557,561
114.1248217,22.56213733,114.1251654,22.55918041,8,557,559
114.1248217,22.56213733,114.1245005,22.57227306,8,557,554
114.1644832,22.5627503,114.1017317,22.55859362,8,611,495
114.0814207,22.5582393,114.0542878,22.56237068,8,448,389
113.8827806,22.5116468,113.8861314,22.49759444,8,11,15
113.8978105,22.51075808,113.9186832,22.52710131,8,29,75
113.8842019,22.48371785,113.9122306,22.49072078,8,12,58
114.0202182,22.53203739,114.0479111,22.53737134,8,310,364
114.0202182,22.53203739,114.0630944,22.53166919,8,310,425
114.0202182,22.53203739,114.051626,22.51117383,8,310,383
113.9194863,22.53051904,113.9206722,22.51237556,8,79,87
114.1245005,22.57227306,114.1326839,22.57969837,8,554,578
114.0540968,22.57113804,114.0617352,22.57114839,8,386,416
114.0422669,22.57062484,114.0510601,22.55123367,8,347,374
114.1380243,22.57118847,114.1259119,22.54950226,8,593,561
114.1250329,22.57004496,114.1308739,22.57217689,8,558,574
114.03538,22.56783125,114.036681,22.56561549,8,328,333
114.0432588,22.56759356,114.0540968,22.57113804,8,348,386
113.9866281,22.5362684,114.0140182,22.53785655,8,274,301
113.9340732,22.6281765,113.9404917,22.55274673,8,138,160
113.9102541,22.53969,113.9097299,22.52584499,8,51,47
114.0357464,22.54152815,114.0787465,22.54317312,8,329,446
113.9102541,22.53969,113.8861314,22.49759444,8,51,15
114.0787465,22.54317312,114.0951991,22.54345208,8,446,479
113.9494284,22.57980162,113.9407019,22.5414765,8,203,165
113.9097299,22.52584499,113.9199821,22.53534908,8,47,82
113.9186832,22.52710131,113.9491413,22.54326376,8,75,202
113.9303744,22.52808261,113.9451564,22.53255125,8,120,186
114.0337852,22.5302178,114.0202182,22.53203739,8,324,310
114.0720939,22.53181124,114.0720939,22.53181124,8,436,436
113.9609211,22.56327217,113.9609211,22.56327217,8,230,230
114.1644087,22.56680131,114.161494,22.56428444,8,609,607
114.1644087,22.56680131,114.1431392,22.55029515,8,609,599
113.9713587,22.53910036,113.9336253,22.54256673,8,253,135
113.9713587,22.53910036,113.9406558,22.54287695,8,253,164
113.9864364,22.53867967,113.9713587,22.53910036,8,273,253
113.9190799,22.54314415,113.9223777,22.54298115,8,77,90
113.9190799,22.54314415,114.0234096,22.53944781,8,77,312
113.9190799,22.54314415,113.9157571,22.4999147,8,77,68
113.9190799,22.54314415,113.915445,22.51041213,8,77,66
113.9491413,22.54326376,113.9407344,22.55993307,8,202,166
113.9155517,22.54329581,113.940445,22.55527886,8,67,159
113.9155517,22.54329581,113.9343203,22.5597933,8,67,141
114.1218944,22.54724533,114.1136231,22.54241739,8,545,519
114.0486119,22.51236018,114.051626,22.51117383,8,368,383
113.9270312,22.53547206,114.1350728,22.55860698,8,103,587
113.9621778,22.53376133,113.9452663,22.52433567,8,233,189
114.0630944,22.53166919,114.0761521,22.54702107,8,425,440
114.0255833,22.53127556,114.0535338,22.53150413,8,315,385
113.9084227,22.51486106,113.9146524,22.52693923,8,43,64
113.9276027,22.51295673,113.9276676,22.51793513,8,108,109
113.9272427,22.50789593,113.9450315,22.53934678,8,106,184
113.9236399,22.5078368,113.9097932,22.48718601,8,94,49
113.9272427,22.50789593,113.9388906,22.50804836,8,106,157
114.1303047,22.55464135,114.1136231,22.54241739,8,571,519
113.8999643,22.54887227,113.9155517,22.54329581,8,31,67
114.0444279,22.52568669,114.0534336,22.53540349,8,354,384
113.9494284,22.57980162,113.9606305,22.58492456,8,203,228
113.9494284,22.57980162,113.9221011,22.51789094,8,203,89
114.1182376,22.56567127,114.1142416,22.53596639,8,537,523
114.1390015,22.56438986,114.1137426,22.54592857,8,595,521
114.1390015,22.56438986,114.1218944,22.54724533,8,595,545
114.0326849,22.56218702,114.0814207,22.5582393,8,321,448
114.161494,22.56428444,114.1251654,22.55918041,8,607,559
113.9291628,22.55972334,113.947053,22.55887657,8,119,193
114.0311165,22.52390555,113.9328302,22.52460435,8,318,129
114.0311165,22.52390555,114.024544,22.53522614,8,318,313
114.0311165,22.52390555,114.0057869,22.53644522,8,318,290
114.1329896,22.5844014,114.1329453,22.58675283,8,580,579
114.0326622,22.52622861,113.940616,22.54616779,8,320,162
114.0326622,22.52622861,113.9940013,22.52729009,8,320,281
113.9864364,22.53867967,113.965885,22.53100945,8,273,241
113.9777961,22.54098647,113.9813001,22.547133,8,263,267
114.0486119,22.51236018,114.0418832,22.52115999,8,368,345
113.9155517,22.54329581,113.9102541,22.53969,8,67,51
113.9194863,22.53051904,113.9142148,22.51818294,8,79,62
114.0202182,22.53203739,113.9405483,22.54989376,8,310,161
113.9435401,22.57142374,113.9184525,22.54919782,8,179,74
114.1067977,22.57464603,114.0627243,22.55141245,8,507,420
114.1067977,22.57464603,114.1016112,22.56474789,8,507,493
113.950014,22.57141464,113.9344095,22.55532607,8,208,142
113.950014,22.57141464,113.9342099,22.5714262,8,208,139
113.9103595,22.53126836,113.915445,22.51041213,8,52,66
113.9623654,22.56991978,113.947053,22.55887657,8,236,193
114.083687,22.57343593,114.094491,22.56825073,8,455,476
114.1080704,22.57251255,114.1250329,22.57004496,8,511,558
113.9623654,22.56991978,113.9819452,22.55259242,8,236,268
114.1080704,22.57251255,114.1066741,22.54129214,8,511,506
114.1080704,22.57251255,114.1049168,22.5492582,8,511,503
114.1338632,22.54921672,114.169401,22.56966622,8,583,614
114.1338632,22.54921672,114.1654621,22.57111773,8,583,612
113.9230888,22.54919179,113.9277742,22.51969127,7,92,110
113.928999,22.49801767,113.9236399,22.5078368,7,117,94
113.9607244,22.5495522,113.9633477,22.54208418,7,229,239
113.9202433,22.49228914,113.9157571,22.4999147,7,86,68
113.9085402,22.4799661,113.8861314,22.49759444,7,46,15
113.9184525,22.54919782,113.9199821,22.53534908,7,74,82
113.9230888,22.54919179,113.9223777,22.54298115,7,92,90
114.1172394,22.55115992,114.1318637,22.56197601,7,533,576
113.9328845,22.50312846,113.9362441,22.50801811,7,131,148
113.9669246,22.56282048,113.9621778,22.53376133,7,247,233
114.094491,22.56825073,114.0560217,22.53747851,7,476,396
114.0675738,22.56900047,114.0361459,22.56279243,7,426,331
113.928999,22.49801767,113.915445,22.51041213,7,117,66
114.1024728,22.57205807,114.0679631,22.54761059,7,496,429
114.1142416,22.53596639,114.1180108,22.5436417,7,523,536
114.1142416,22.53596639,114.1171806,22.54648425,7,523,532
114.1142416,22.53596639,114.1172394,22.55115992,7,523,533
113.992795,22.53499701,113.988525,22.53020481,7,279,275
114.0202182,22.53203739,114.0478162,22.5425021,7,310,362
113.9136576,22.53117958,113.9336253,22.54256673,7,61,135
114.0439385,22.55674539,114.0140182,22.53785655,7,349,301
114.1251654,22.55918041,114.1259119,22.54950226,7,559,561
114.1329453,22.58675283,114.1227587,22.57932726,7,579,549
114.1505337,22.55623857,114.1431392,22.55029515,7,601,599
114.0827083,22.571862,113.940445,22.55527886,7,454,159
114.1080704,22.57251255,114.1040792,22.55862876,7,511,501
113.9103595,22.53126836,113.9231987,22.53540776,7,52,93
113.9623654,22.56991978,114.0040882,22.54712127,7,236,286
113.9623654,22.56991978,113.9823854,22.54846664,7,236,269
114.1644832,22.5627503,114.094491,22.56825073,7,611,476
113.950014,22.57141464,113.940809,22.5357087,7,208,169
113.9103595,22.53126836,113.9186832,22.52710131,7,52,75
114.1067977,22.57464603,114.1024728,22.57205807,7,507,496
114.0202182,22.53203739,114.058129,22.53753671,7,310,406
114.0202182,22.53203739,114.0513141,22.53741556,7,310,379
114.0720939,22.53181124,114.0818213,22.53734949,7,436,453
114.1227587,22.57932726,114.1063186,22.54472798,7,549,505
114.0202182,22.53203739,113.9866281,22.5362684,7,310,274
114.1227587,22.57932726,114.121489,22.56909791,7,549,543
114.1306051,22.57959022,114.1063186,22.54472798,7,572,505
114.113805,22.53838078,114.1167791,22.54823711,7,522,530
113.950014,22.57141464,113.9430581,22.53002018,7,208,175
114.1227587,22.57932726,114.1246329,22.56404909,7,549,556
114.1380243,22.57118847,114.1258552,22.55279111,7,593,560
114.1373842,22.58057276,114.1258552,22.55279111,7,591,560
114.0630944,22.53166919,114.1063186,22.54472798,7,425,505
114.1373842,22.58057276,114.1326839,22.57969837,7,591,578
114.1338632,22.54921672,114.1218944,22.54724533,7,583,545
114.1431392,22.55029515,114.1431392,22.55029515,7,599,599
114.1296142,22.54851405,114.1431392,22.55029515,7,567,599
114.1338632,22.54921672,114.1066741,22.54129214,7,583,506
114.0439385,22.55674539,114.0418832,22.52115999,7,349,345
114.0779572,22.5539165,114.0629734,22.53761185,7,445,423
113.9184525,22.54919782,113.9184525,22.54919782,7,74,74
114.1041413,22.55305184,114.1180108,22.5436417,7,502,536
114.1303047,22.55464135,114.1171806,22.54648425,7,571,532
113.9612238,22.55277958,113.9190799,22.54314415,7,231,77
114.0202182,22.53203739,113.9188483,22.50788642,7,310,76
114.0630944,22.53166919,114.0561381,22.53155962,7,425,398
114.1334875,22.57130371,114.1308739,22.57217689,7,582,574
114.0422669,22.57062484,114.0485234,22.57112562,7,347,367
114.1245005,22.57227306,114.1251654,22.55918041,7,554,559
113.9186832,22.52710131,113.9194863,22.53051904,7,75,79
113.9186832,22.52710131,113.9336253,22.54256673,7,75,135
113.9494284,22.57980162,113.9480536,22.55580203,7,203,195
114.1334875,22.57130371,114.1334875,22.57130371,7,582,582
113.9097299,22.52584499,113.9223777,22.54298115,7,47,90
113.9494284,22.57980162,113.915445,22.51041213,7,203,66
114.0630944,22.53166919,114.1107498,22.54543716,7,425,513
113.9494284,22.57980162,113.9288842,22.57155658,7,203,116
114.0444279,22.52568669,114.0787465,22.54317312,7,354,446
113.9097299,22.52584499,113.917027,22.49858939,7,47,69
114.121489,22.56909791,114.1250329,22.57004496,7,543,558
114.1178114,22.57094116,114.1016112,22.56474789,7,534,493
114.0675738,22.56900047,114.0779572,22.5539165,7,426,445
114.112869,22.58470988,114.1063186,22.54472798,7,518,505
114.0326622,22.52622861,114.024544,22.53522614,7,320,313
114.0450666,22.52787192,114.051626,22.51117383,7,359,383
114.0311165,22.52390555,114.0140182,22.53785655,7,318,301
114.112869,22.58470988,113.9480536,22.55580203,7,518,195
114.0597198,22.52591345,114.0597198,22.52591345,7,413,413
114.0597198,22.52591345,114.058129,22.53753671,7,413,406
114.094491,22.56825073,114.0677747,22.5580683,7,476,427
113.9466447,22.56528032,113.950014,22.57141464,7,192,208
114.1338632,22.54921672,114.1505337,22.55623857,7,583,601
113.9190799,22.54314415,113.9191224,22.55927405,7,77,78
113.9155517,22.54329581,113.9186832,22.52710131,7,67,75
114.1350728,22.55860698,114.1251654,22.55918041,7,587,559
113.997063,22.5459081,114.0439385,22.55674539,7,282,349
113.940445,22.55527886,113.9404917,22.55274673,7,159,160
114.1259119,22.54950226,114.112869,22.58470988,7,561,518
114.1338852,22.55688848,114.1251654,22.55918041,7,584,559
114.1338632,22.54921672,114.112869,22.58470988,7,583,518
114.1361313,22.54951279,114.1171806,22.54648425,7,590,532
114.1361313,22.54951279,114.1259119,22.54950226,7,590,561
114.1350728,22.55860698,114.1374593,22.56901485,7,587,592
114.1259119,22.54950226,114.1180108,22.5436417,7,561,536
114.1259119,22.54950226,114.1171806,22.54648425,7,561,532
114.1259119,22.54950226,114.1350728,22.55860698,7,561,587
114.0439385,22.55674539,114.0910003,22.55842617,7,349,467
114.1037417,22.53824031,114.1066741,22.54129214,7,497,506
114.094491,22.56825073,114.0761843,22.54538884,7,476,441
114.094491,22.56825073,114.0510601,22.55123367,7,476,374
114.0629734,22.53761185,114.0609908,22.52112392,7,423,415
114.169401,22.56966622,114.1107498,22.54543716,7,614,513
114.1644087,22.56680131,114.1361313,22.54951279,7,609,590
114.1644087,22.56680131,114.1172394,22.55115992,7,609,533
114.107525,22.56679353,114.1152621,22.55374163,7,508,526
113.9143134,22.53554164,113.9409665,22.52735551,7,63,172
113.9143134,22.53554164,113.9406558,22.54287695,7,63,164
113.9388906,22.50804836,113.9202433,22.49228914,7,157,86
113.9491413,22.54326376,113.950014,22.57141464,7,202,208
114.0910003,22.55842617,114.0814207,22.5582393,7,467,448
114.0219436,22.54493189,114.024544,22.53522614,7,311,313
113.9713587,22.53910036,113.9660741,22.55949119,7,253,243
114.1040792,22.55862876,114.1049168,22.5492582,7,501,503
114.1017317,22.55859362,114.1259119,22.54950226,7,495,561
114.0814207,22.5582393,114.0439385,22.55674539,7,448,349
114.1361313,22.54951279,114.1258552,22.55279111,7,590,560
114.1259119,22.54950226,114.1017317,22.55859362,7,561,495
113.9155517,22.54329581,113.9866281,22.5362684,7,67,274
113.940616,22.54616779,113.9450315,22.53934678,7,162,184
114.0398587,22.5495216,114.0787465,22.54317312,7,339,446
114.0911163,22.55176701,114.0787465,22.54317312,7,469,446
113.9236399,22.5078368,113.9186832,22.52710131,7,94,75
114.036681,22.56561549,114.0580771,22.53958062,7,333,405
113.9143134,22.53554164,113.947053,22.55887657,7,63,193
114.0140182,22.53785655,114.0234096,22.53944781,7,301,312
114.036681,22.56561549,114.0677747,22.5580683,7,333,427
113.9713587,22.53910036,114.0787465,22.54317312,7,253,446
113.9713587,22.53910036,113.9612238,22.55277958,7,253,231
114.0234096,22.53944781,114.0122593,22.54296339,7,312,298
114.0866394,22.54073668,114.0761879,22.54011496,7,458,442
114.0866394,22.54073668,114.0788224,22.54031566,7,458,447
114.0488317,22.56730306,114.0439385,22.55674539,7,371,349
114.1066741,22.54129214,114.1142416,22.53596639,7,506,523
113.9713587,22.53910036,114.0140182,22.53785655,7,253,301
114.0515339,22.52579823,114.0513141,22.53741556,7,382,379
113.9173127,22.52114707,113.9336253,22.54256673,7,71,135
114.0311165,22.52390555,113.9713587,22.53910036,7,318,253
114.0486119,22.51236018,114.0597198,22.52591345,7,368,413
114.0486119,22.51236018,114.0580771,22.53958062,7,368,405
113.9491413,22.54326376,113.9184525,22.54919782,7,202,74
114.0867278,22.5374215,114.1066741,22.54129214,7,459,506
113.9336253,22.54256673,113.947053,22.55887657,7,135,193
113.9406558,22.54287695,113.891893,22.50419438,7,164,22
113.9406558,22.54287695,113.9146524,22.52693923,7,164,64
113.9406558,22.54287695,113.9243714,22.52956273,7,164,96
114.0720233,22.53866647,114.0840486,22.55165797,7,434,456
113.9155517,22.54329581,113.9190799,22.54314415,7,67,77
114.0478162,22.5425021,114.1063186,22.54472798,7,362,505
113.915445,22.51041213,113.9188483,22.50788642,7,66,76
113.9633477,22.54208418,114.003149,22.53600659,7,239,283
114.0719313,22.54306587,114.0628846,22.54292352,7,433,422
113.9633477,22.54208418,113.9607244,22.5495522,7,239,229
113.9155517,22.54329581,114.0628846,22.54292352,7,67,422
114.0374545,22.52361807,114.0515339,22.52579823,7,334,382
114.0374545,22.52361807,113.9404917,22.55274673,7,334,160
114.0311165,22.52390555,114.0554832,22.51394382,7,318,391
113.9450315,22.53934678,113.9451564,22.53255125,7,184,186
114.112869,22.58470988,114.107525,22.56679353,7,518,508
114.112869,22.58470988,114.1024728,22.57205807,7,518,496
113.9432989,22.58356573,113.9407344,22.55993307,7,178,166
113.9147516,22.5389128,113.9328302,22.52460435,7,65,129
114.0625317,22.56248467,114.0629734,22.53761185,7,418,423
114.0542878,22.56237068,114.057974,22.56241366,7,389,402
113.9124902,22.51975214,113.9124902,22.51975214,7,59,59
113.9606305,22.58492456,113.9509113,22.57905941,7,228,211
114.0374545,22.52361807,114.0140182,22.53785655,7,334,301
113.949855,22.58679623,113.9691219,22.61983592,7,206,248
114.161494,22.56428444,114.112869,22.58470988,7,607,518
114.1390015,22.56438986,114.1251654,22.55918041,7,595,559
114.0361459,22.56279243,113.9763421,22.55686165,7,331,258
114.0361459,22.56279243,114.0249823,22.56086577,7,331,314
113.9124902,22.51975214,113.9136576,22.53117958,7,59,61
113.983442,22.5604799,113.9914595,22.54374858,7,271,277
113.983442,22.5604799,113.997063,22.5459081,7,271,282
114.0582889,22.51959561,114.0510601,22.55123367,7,409,374
113.9276676,22.51793513,113.9276676,22.51793513,7,109,109
113.9146524,22.52693923,113.9409665,22.52735551,7,64,172
114.0337852,22.5302178,114.0630944,22.53166919,7,324,425
114.1063186,22.54472798,114.1172394,22.55115992,7,505,533
114.1107498,22.54543716,114.1251654,22.55918041,7,513,559
114.0597198,22.52591345,114.0582889,22.51959561,7,413,409
113.9186832,22.52710131,113.9409665,22.52735551,7,75,172
113.9047809,22.53513263,113.9199821,22.53534908,7,38,82
113.9143134,22.53554164,114.0255833,22.53127556,7,63,315
114.0677747,22.5580683,114.0910003,22.55842617,7,427,467
114.0509944,22.51818853,114.0597198,22.52591345,7,373,413
114.0509944,22.51818853,114.0515339,22.52579823,7,373,382
114.1198918,22.59134494,114.1227587,22.57932726,7,540,549
114.1198918,22.59134494,114.1242389,22.59195711,7,540,553
113.9580431,22.59633988,113.947053,22.55887657,7,222,193
113.9102541,22.53969,113.9186832,22.52710131,7,51,75
114.1136231,22.54241739,114.1172394,22.55115992,7,519,533
114.0719313,22.54306587,114.0951991,22.54345208,7,433,479
114.0628846,22.54292352,114.0478162,22.5425021,7,422,362
113.9691219,22.61983592,113.9633477,22.54208418,7,248,239
114.0509944,22.51818853,114.0163326,22.53125041,7,373,305
114.1644832,22.5627503,114.1171806,22.54648425,7,611,532
113.9035937,22.51661875,113.9035937,22.51661875,7,36,36
113.9035937,22.51661875,113.9325889,22.52222334,7,36,127
113.8883443,22.49077214,113.9085402,22.4799661,7,17,46
113.9633477,22.54208418,113.9097932,22.48718601,7,239,49
113.9102541,22.53969,113.9491413,22.54326376,7,51,202
114.0336279,22.56089891,114.0157285,22.55541973,7,323,304
113.9633477,22.54208418,113.9186832,22.52710131,7,239,75
113.9633477,22.54208418,114.0255833,22.53127556,7,239,315
114.1725511,22.56285092,114.1136231,22.54241739,7,619,519
113.928999,22.49801767,113.9388906,22.50804836,7,117,157
113.9084227,22.51486106,113.9328302,22.52460435,7,43,129
113.891893,22.50419438,113.9143134,22.53554164,7,22,63
113.9173127,22.52114707,113.9122306,22.49072078,7,71,58
114.1574717,22.56102782,114.1431392,22.55029515,7,603,599
114.0554832,22.51394382,114.041572,22.51137132,7,391,344
113.9206722,22.51237556,113.9097932,22.48718601,7,87,49
114.0374545,22.52361807,113.9206722,22.51237556,7,334,87
113.8978105,22.51075808,113.915445,22.51041213,7,29,66
114.1709476,22.56284762,114.1350728,22.55860698,7,617,587
113.9633477,22.54208418,113.992795,22.53499701,7,239,279
113.9633477,22.54208418,114.0787465,22.54317312,7,239,446
113.9633477,22.54208418,114.0628846,22.54292352,7,239,422
113.9633477,22.54208418,113.9597584,22.54326031,7,239,226
113.9276027,22.51295673,113.9188483,22.50788642,7,108,76
113.9597584,22.54326031,113.9328302,22.52460435,7,226,129
114.1251654,22.55918041,114.1246329,22.56404909,7,559,556
114.1251654,22.55918041,114.1245005,22.57227306,7,559,554
113.8978105,22.51075808,113.9199821,22.53534908,7,29,82
113.9223777,22.54298115,113.9406558,22.54287695,7,90,164
113.9633477,22.54208418,113.9609211,22.56327217,7,239,230
114.0326622,22.52622861,114.058129,22.53753671,7,320,406
113.9276027,22.51295673,113.9272427,22.50789593,7,108,106
113.9406558,22.54287695,113.9291628,22.55972334,7,164,119
113.9157571,22.4999147,113.9406558,22.54287695,7,68,164
113.9243675,22.50269741,113.9388906,22.50804836,7,95,157
114.1172394,22.55115992,114.0787465,22.54317312,7,533,446
114.1292351,22.55073263,114.1245991,22.54147556,7,566,555
114.1292351,22.55073263,114.120211,22.54170453,7,566,542
113.920108,22.4932819,113.9122306,22.49072078,7,85,58
113.920108,22.4932819,113.9173127,22.52114707,7,85,71
114.1655481,22.56688872,114.1350728,22.55860698,7,613,587
113.9206722,22.51237556,113.9188483,22.50788642,7,87,76
114.0580771,22.53958062,114.0487663,22.51081322,7,405,370
113.891893,22.50419438,113.915445,22.51041213,7,22,66
113.891893,22.50419438,113.9102541,22.53969,7,22,51
113.9465147,22.50809509,113.9316803,22.51881464,7,191,126
113.9623654,22.56991978,113.9450315,22.53934678,7,236,184
114.0202182,22.53203739,114.0443347,22.54724229,7,310,352
113.9435401,22.57142374,113.9435401,22.57142374,7,179,179
113.9194863,22.53051904,114.1338632,22.54921672,7,79,583
113.950014,22.57141464,113.9316803,22.51881464,7,208,126
113.9194863,22.53051904,113.9157571,22.4999147,7,79,68
113.9097932,22.48718601,113.9079636,22.48192555,7,49,42
113.9097932,22.48718601,113.9122306,22.49072078,7,49,58
113.8842019,22.48371785,113.8910237,22.48107336,7,12,21
113.9202433,22.49228914,113.915445,22.51041213,7,86,66
114.0445503,22.53466355,114.0479111,22.53737134,7,357,364
114.1258552,22.55279111,114.1063186,22.54472798,7,560,505
114.1024728,22.57205807,114.0827083,22.571862,7,496,454
113.950014,22.57141464,113.9407019,22.5414765,7,208,165
113.9494284,22.57980162,113.9270312,22.53547206,7,203,103
114.112869,22.58470988,114.1258552,22.55279111,7,518,560
114.107525,22.56679353,114.1136231,22.54241739,6,508,519
113.8861314,22.49759444,113.9221011,22.51789094,6,15,89
113.8861314,22.49759444,113.9124902,22.51975214,6,15,59
114.112869,22.58470988,114.0585434,22.57114963,6,518,410
114.1421959,22.58574713,114.135897,22.57935844,6,598,589
113.8842019,22.48371785,113.9199821,22.53534908,6,12,82
114.0326849,22.56218702,114.036681,22.56561549,6,321,333
114.1172394,22.55115992,114.1374593,22.56901485,6,533,592
114.1329896,22.5844014,114.1421959,22.58574713,6,580,598
114.1329896,22.5844014,114.1242389,22.59195711,6,580,553
114.112869,22.58470988,114.1373842,22.58057276,6,518,591
114.1258552,22.55279111,114.1137426,22.54592857,6,560,521
114.1024728,22.57205807,114.1067977,22.57464603,6,496,507
113.9194863,22.53051904,114.0720939,22.53181124,6,79,436
114.0202182,22.53203739,113.9449508,22.54305787,6,310,182
113.9621778,22.53376133,113.9713587,22.53910036,6,233,253
113.9435401,22.57142374,113.9342099,22.5714262,6,179,139
113.9194863,22.53051904,113.9270312,22.53547206,6,79,103
114.0761521,22.54702107,114.0558395,22.54742925,6,440,393
114.0439385,22.55674539,114.0357464,22.54152815,6,349,329
114.0677747,22.5580683,114.1153265,22.5588081,6,427,527
113.9763421,22.55686165,113.9763421,22.55686165,6,258,258
113.9136576,22.53117958,113.9124902,22.51975214,6,61,59
113.9136576,22.53117958,113.9406558,22.54287695,6,61,164
113.9103595,22.53126836,113.9388906,22.50804836,6,52,157
113.9409258,22.53000389,113.940616,22.54616779,6,171,162
114.1227587,22.57932726,114.1259119,22.54950226,6,549,561
114.1361313,22.54951279,114.1574717,22.56102782,6,590,603
114.1361313,22.54951279,114.1644832,22.5627503,6,590,611
114.1439608,22.55553852,114.1644087,22.56680131,6,600,609
114.1505337,22.55623857,114.1338632,22.54921672,6,601,583
113.9612238,22.55277958,113.9784822,22.54687092,6,231,265
114.1338852,22.55688848,114.1136231,22.54241739,6,584,519
114.1338852,22.55688848,114.1218944,22.54724533,6,584,545
114.1318637,22.56197601,114.1329896,22.5844014,6,576,580
114.1334875,22.57130371,114.1245005,22.57227306,6,582,554
113.9103595,22.53126836,113.8978105,22.51075808,6,52,29
113.9103595,22.53126836,113.9194863,22.53051904,6,52,79
113.9103595,22.53126836,113.944896,22.54622325,6,52,181
114.0827083,22.571862,114.0787465,22.54317312,6,454,446
113.9103595,22.53126836,113.9199821,22.53534908,6,52,82
113.9623654,22.56991978,113.983442,22.5604799,6,236,271
113.9404917,22.55274673,113.940616,22.54616779,6,160,162
114.0630944,22.53166919,114.0597198,22.52591345,6,425,413
114.1227587,22.57932726,114.1182376,22.56567127,6,549,537
114.1080704,22.57251255,114.1251654,22.55918041,6,511,559
114.1024728,22.57205807,114.0542063,22.56496011,6,496,388
113.950014,22.57141464,113.9505875,22.535838,6,208,209
114.0202182,22.53203739,114.0374545,22.52361807,6,310,334
114.0202182,22.53203739,113.9194863,22.53051904,6,310,79
113.9621778,22.53376133,113.9451564,22.53255125,6,233,186
114.0719313,22.54306587,114.0140182,22.53785655,6,433,301
113.9124902,22.51975214,114.0374545,22.52361807,6,59,334
113.9580431,22.59633988,113.9691219,22.61983592,6,222,248
113.9102541,22.53969,113.9633477,22.54208418,6,51,239
114.1136231,22.54241739,114.0814207,22.5582393,6,519,448
114.161494,22.56428444,114.1439608,22.55553852,6,607,600
114.0582889,22.51959561,114.0609908,22.52112392,6,409,415
114.0582889,22.51959561,114.0374545,22.52361807,6,409,334
114.1587738,22.60910626,114.1251654,22.55918041,6,604,559
114.0509944,22.51818853,113.9452663,22.52433567,6,373,189
114.0509944,22.51818853,114.0630192,22.53554504,6,373,424
114.1644832,22.5627503,114.1338852,22.55688848,6,611,584
114.1644832,22.5627503,114.1153265,22.5588081,6,611,527
113.9407019,22.5414765,113.9344095,22.55532607,6,165,142
114.1248217,22.56213733,114.1063186,22.54472798,6,557,505
114.0719313,22.54306587,114.0057869,22.53644522,6,433,290
113.9660741,22.55949119,113.9633477,22.54208418,6,243,239
113.9035937,22.51661875,113.9272427,22.50789593,6,36,106
113.9243675,22.50269741,113.920108,22.4932819,6,95,85
113.9691219,22.61983592,113.9404917,22.55274673,6,248,160
113.9340732,22.6281765,113.950014,22.57141464,6,138,208
113.9035937,22.51661875,113.9359217,22.5218824,6,36,147
113.9490902,22.54189692,113.9450315,22.53934678,6,200,184
114.1296949,22.54420083,114.1136231,22.54241739,6,569,519
113.915445,22.51041213,113.917027,22.49858939,6,66,69
114.1318637,22.56197601,114.1373842,22.58057276,6,576,591
113.9406558,22.54287695,113.9491413,22.54326376,6,164,202
114.1809616,22.55777371,114.1644832,22.5627503,6,620,611
114.1709476,22.56284762,114.1338632,22.54921672,6,617,583
113.9528965,22.55975497,113.9490902,22.54189692,6,214,200
113.9633477,22.54208418,114.0509944,22.51818853,6,239,373
114.1248217,22.56213733,114.1326839,22.57969837,6,557,578
113.915445,22.51041213,113.9236399,22.5078368,6,66,94
114.1251654,22.55918041,114.1326839,22.57969837,6,559,578
114.0609908,22.52112392,114.1063186,22.54472798,6,415,505
113.9316803,22.51881464,113.9276676,22.51793513,6,126,109
114.0289969,22.52073647,114.0486119,22.51236018,6,316,368
114.1242389,22.59195711,114.1301103,22.58432145,6,553,570
114.1242389,22.59195711,114.1242389,22.59195711,6,553,553
114.0336279,22.56089891,114.0439385,22.55674539,6,323,349
114.1574717,22.56102782,114.1251654,22.55918041,6,603,559
114.1063186,22.54472798,114.1259306,22.54791806,6,505,562
114.0761843,22.54538884,114.0866394,22.54073668,6,441,458
114.0202182,22.53203739,114.0866394,22.54073668,6,310,458
113.9328302,22.52460435,113.9155517,22.54329581,6,129,67
113.9328302,22.52460435,113.9404917,22.55274673,6,129,160
114.0450666,22.52787192,114.0479111,22.53737134,6,359,364
114.0450666,22.52787192,114.03538,22.56783125,6,359,328
114.1251654,22.55918041,114.0912449,22.5433847,6,559,473
113.9199821,22.53534908,113.9491413,22.54326376,6,82,202
113.9136576,22.53117958,113.915445,22.51041213,6,61,66
113.9136576,22.53117958,113.9084227,22.51486106,6,61,43
113.9103595,22.53126836,113.917027,22.49858939,6,52,69
114.0186349,22.53863086,114.0357464,22.54152815,6,307,329
114.0761879,22.54011496,114.0788224,22.54031566,6,442,447
113.9186832,22.52710131,113.9291628,22.55972334,6,75,119
114.0582889,22.51959561,114.0630192,22.53554504,6,409,424
114.1242389,22.59195711,114.1245005,22.57227306,6,553,554
113.9777961,22.54098647,113.9866281,22.5362684,6,263,274
114.0629734,22.53761185,114.1107498,22.54543716,6,423,513
114.058129,22.53753671,114.0597198,22.52591345,6,406,413
113.9199821,22.53534908,113.9940013,22.52729009,6,82,281
113.915445,22.51041213,113.9362441,22.50801811,6,66,148
114.0720233,22.53866647,114.0761843,22.54538884,6,434,441
113.9660741,22.55949119,113.9449508,22.54305787,6,243,182
114.0418832,22.52115999,113.9328302,22.52460435,6,345,129
114.112869,22.58470988,114.03538,22.56783125,6,518,328
114.112869,22.58470988,114.1245005,22.57227306,6,518,554
114.112869,22.58470988,114.1080704,22.57251255,6,518,511
113.9495975,22.58366033,113.9249895,22.58449172,6,204,99
114.0374545,22.52361807,114.0582889,22.51959561,6,334,409
114.112869,22.58470988,114.1067977,22.57464603,6,518,507
113.949855,22.58679623,113.953809,22.55115046,6,206,216
113.949855,22.58679623,113.9819452,22.55259242,6,206,268
113.9124902,22.51975214,114.0202182,22.53203739,6,59,310
113.9147516,22.5389128,113.9124902,22.51975214,6,65,59
113.9147516,22.5389128,113.9406558,22.54287695,6,65,164
113.9147516,22.5389128,113.9491413,22.54326376,6,65,202
113.9191224,22.55927405,113.9288842,22.57155658,6,78,116
114.1574123,22.56421051,114.1350728,22.55860698,6,602,587
114.0866394,22.54073668,114.1063186,22.54472798,6,458,505
114.1182376,22.56567127,114.1178114,22.57094116,6,537,534
113.9173127,22.52114707,113.9362441,22.50801811,6,71,148
114.0374545,22.52361807,113.9940013,22.52729009,6,334,281
113.9832957,22.58805165,113.977941,22.58713395,6,270,264
114.1198918,22.59134494,114.1142416,22.53596639,6,540,523
114.0418832,22.52115999,114.0630944,22.53166919,6,345,425
113.9124902,22.51975214,113.9084227,22.51486106,6,59,43
113.9528965,22.55975497,114.0140182,22.53785655,6,214,301
114.0912449,22.5433847,114.0628846,22.54292352,6,473,422
113.983442,22.5604799,113.9660741,22.55949119,6,271,243
113.9633477,22.54208418,113.9612238,22.55277958,6,239,231
113.9864364,22.53867967,113.9612238,22.55277958,6,273,231
113.9221011,22.51789094,113.9186832,22.52710131,6,89,75
114.1390015,22.56438986,114.1338852,22.55688848,6,595,584
114.0361459,22.56279243,114.112869,22.58470988,6,331,518
114.0761879,22.54011496,114.0787465,22.54317312,6,442,446
114.107525,22.56679353,114.1250329,22.57004496,6,508,558
114.107525,22.56679353,114.112869,22.58470988,6,508,518
113.9199821,22.53534908,113.9157571,22.4999147,6,82,68
114.0387789,22.56579731,114.0357464,22.54152815,6,338,329
114.0387789,22.56579731,114.0443347,22.54724229,6,338,352
113.9143134,22.53554164,113.9190799,22.54314415,6,63,77
114.036681,22.56561549,114.0442669,22.55065279,6,333,351
114.0486119,22.51236018,114.0486119,22.51236018,6,368,368
113.915445,22.51041213,113.9122306,22.49072078,6,66,58
113.9147516,22.5389128,113.9206722,22.51237556,6,65,87
113.9713587,22.53910036,114.0234096,22.53944781,6,253,312
114.0515339,22.52579823,114.0597198,22.52591345,6,382,413
113.918416,22.56216735,113.9223777,22.54298115,6,73,90
114.0234096,22.53944781,114.1063186,22.54472798,6,312,505
114.0866394,22.54073668,114.0720233,22.53866647,6,458,434
113.9155517,22.54329581,113.9633477,22.54208418,6,67,239
114.0419012,22.51290975,114.0597198,22.52591345,6,346,413
114.0761879,22.54011496,114.0840486,22.55165797,6,442,456
114.1251654,22.55918041,114.161494,22.56428444,6,559,607
113.9406558,22.54287695,113.9157571,22.4999147,6,164,68
113.9183624,22.5556891,113.9270312,22.53547206,6,72,103
113.9183624,22.5556891,113.940616,22.54616779,6,72,162
114.0140182,22.53785655,113.9406558,22.54287695,6,301,164
114.0374545,22.52361807,114.0787465,22.54317312,6,334,446
114.0374545,22.52361807,114.0219436,22.54493189,6,334,311
114.0418832,22.52115999,114.0374545,22.52361807,6,345,334
113.9713587,22.53910036,113.9528965,22.55975497,6,253,214
114.0952992,22.54142608,114.0788224,22.54031566,6,480,447
113.9633477,22.54208418,113.9623747,22.52810329,6,239,237
114.0818213,22.53734949,114.0787465,22.54317312,6,453,446
113.9465147,22.50809509,113.9713587,22.53910036,6,191,253
113.9609211,22.56327217,113.9606305,22.58492456,6,230,228
114.1644087,22.56680131,114.1574717,22.56102782,6,609,603
114.1644087,22.56680131,114.169401,22.56966622,6,609,614
114.091302,22.54149743,114.1063186,22.54472798,6,474,505
114.1136231,22.54241739,114.1066741,22.54129214,6,519,506
114.107525,22.56679353,114.0439385,22.55674539,6,508,349
114.1644087,22.56680131,114.1258552,22.55279111,6,609,560
114.094491,22.56825073,114.0760991,22.54909526,6,476,439
114.1350728,22.55860698,114.1338852,22.55688848,6,587,584
113.9465147,22.50809509,113.9450315,22.53934678,6,191,184
114.1167791,22.54823711,114.1136231,22.54241739,6,530,519
114.1171806,22.54648425,114.1142416,22.53596639,6,532,523
114.1171806,22.54648425,114.1172394,22.55115992,6,532,533
114.1644087,22.56680131,114.1251654,22.55918041,6,609,559
113.9143134,22.53554164,113.940445,22.55527886,6,63,159
113.9609211,22.56327217,113.9404917,22.55274673,6,230,160
113.9188483,22.50788642,113.9270312,22.53547206,6,76,103
113.9406558,22.54287695,113.9328302,22.52460435,6,164,129
113.9449508,22.54305787,113.9206722,22.51237556,6,182,87
114.1439608,22.55553852,114.1251654,22.55918041,6,600,559
113.9190799,22.54314415,113.9188483,22.50788642,6,77,76
113.9190799,22.54314415,113.9124902,22.51975214,6,77,59
114.1251654,22.55918041,114.1167791,22.54823711,6,559,530
114.0910003,22.55842617,114.1153265,22.5588081,6,467,527
114.0720233,22.53866647,114.0866394,22.54073668,6,434,458
114.0720233,22.53866647,114.0787465,22.54317312,6,434,446
114.0580771,22.53958062,114.0579772,22.54558884,6,405,403
114.1644087,22.56680131,114.1338852,22.55688848,6,609,584
114.0234096,22.53944781,114.0787465,22.54317312,6,312,446
114.1066741,22.54129214,114.1136873,22.54066321,6,506,520
114.0994799,22.55192709,114.0840486,22.55165797,6,487,456
113.9184525,22.54919782,113.940445,22.55527886,6,74,159
114.1338632,22.54921672,114.1574123,22.56421051,6,583,602
114.1350728,22.55860698,114.1259306,22.54791806,6,587,562
114.1350728,22.55860698,114.1361313,22.54951279,6,587,590
114.0311165,22.52390555,113.9491413,22.54326376,6,318,202
114.0597198,22.52591345,113.9206722,22.51237556,6,413,87
114.0597198,22.52591345,114.0374545,22.52361807,6,413,334
114.1136231,22.54241739,114.1167791,22.54823711,6,519,530
114.1374593,22.56901485,114.0719313,22.54306587,6,592,433
114.1431392,22.55029515,114.1361313,22.54951279,6,599,590
113.940445,22.55527886,113.9480536,22.55580203,6,159,195
114.1153265,22.5588081,114.1136231,22.54241739,6,527,519
114.1153265,22.5588081,114.1171806,22.54648425,6,527,532
114.1153265,22.5588081,114.1075473,22.55868433,6,527,509
113.9155517,22.54329581,114.0057869,22.53644522,6,67,290
113.9155517,22.54329581,113.9713587,22.53910036,6,67,253
114.1338632,22.54921672,114.1258552,22.55279111,6,583,560
113.9143134,22.53554164,113.915445,22.51041213,6,63,66
114.1374593,22.56901485,114.1374593,22.56901485,6,592,592
114.112869,22.58470988,114.1439608,22.55553852,6,518,600
114.0040882,22.54712127,113.9449508,22.54305787,6,286,182
114.1259119,22.54950226,114.1260035,22.54510676,6,561,563
113.944896,22.54622325,113.9475068,22.530085,6,181,194
114.1259119,22.54950226,114.0910003,22.55842617,6,561,467
114.1361313,22.54951279,114.1259306,22.54791806,6,590,562
114.0432588,22.56759356,114.0787465,22.54317312,6,348,446
114.0432588,22.56759356,114.0585434,22.57114963,6,348,410
114.0057869,22.53644522,114.0336279,22.56089891,6,290,323
114.0629734,22.53761185,114.051626,22.51117383,6,423,383
114.0629734,22.53761185,114.041572,22.51137132,6,423,344
113.9199821,22.53534908,113.9452663,22.52433567,6,82,189
113.9199821,22.53534908,114.0535338,22.53150413,6,82,385
113.9199821,22.53534908,113.9155517,22.54329581,6,82,67
114.003149,22.53600659,113.9633477,22.54208418,6,283,239
114.1373842,22.58057276,114.1198918,22.59134494,6,591,540
114.1373842,22.58057276,114.1242389,22.59195711,6,591,553
113.9509113,22.57905941,113.9490902,22.54189692,6,211,200
113.9509113,22.57905941,113.9288842,22.57155658,6,211,116
114.1178114,22.57094116,114.1182376,22.56567127,6,534,537
114.1334875,22.57130371,114.0910003,22.55842617,6,582,467
114.1334875,22.57130371,114.1182376,22.56567127,6,582,537
114.0629734,22.53761185,114.0597198,22.52591345,6,423,413
114.0629734,22.53761185,114.0630192,22.53554504,6,423,424
113.9186832,22.52710131,114.0255833,22.53127556,6,75,315
114.0361396,22.53054743,114.0479111,22.53737134,6,330,364
113.9097299,22.52584499,113.8861314,22.49759444,6,47,15
114.024544,22.53522614,114.0219436,22.54493189,6,313,311
114.0422669,22.57062484,114.0579772,22.54558884,6,347,403
114.0617352,22.57114839,114.0627243,22.55141245,6,416,420
114.03538,22.56783125,114.0439385,22.55674539,6,328,349
114.03538,22.56783125,114.0488317,22.56730306,6,328,371
113.9270312,22.53547206,113.9243714,22.52956273,6,103,96
113.9097299,22.52584499,113.9143134,22.53554164,6,47,63
114.0326622,22.52622861,114.0410846,22.51480548,6,320,343
113.9494284,22.57980162,113.9147516,22.5389128,6,203,65
113.9494284,22.57980162,113.9490902,22.54189692,6,203,200
113.9494284,22.57980162,113.940616,22.54616779,6,203,162
114.0311165,22.52390555,114.0186349,22.53863086,6,318,307
114.121489,22.56909791,114.1016112,22.56474789,6,543,493
114.03538,22.56783125,114.0357464,22.54152815,6,328,329
113.9699323,22.56689046,113.9713587,22.53910036,6,251,253
113.9699323,22.56689046,113.9669246,22.56282048,6,251,247
114.1250329,22.57004496,114.1248217,22.56213733,6,558,557
113.9494284,22.57980162,113.9184525,22.54919782,6,203,74
113.9494284,22.57980162,113.9435401,22.57142374,6,203,179
113.9243714,22.52956273,113.9188483,22.50788642,6,96,76
114.1373842,22.58057276,114.1374593,22.56901485,6,591,592
114.1373842,22.58057276,114.1306051,22.57959022,6,591,572
114.1250329,22.57004496,114.1334875,22.57130371,6,558,582
114.1654621,22.57111773,114.1296142,22.54851405,6,612,567
113.9103842,22.5352138,113.9199821,22.53534908,6,53,82
114.0991397,22.5700848,114.1016112,22.56474789,6,481,493
114.0720939,22.53181124,114.1066741,22.54129214,6,436,506
114.0439385,22.55674539,114.0630944,22.53166919,6,349,425
114.0439385,22.55674539,114.0629734,22.53761185,6,349,423
114.0679631,22.54761059,114.0761521,22.54702107,6,429,440
114.0439385,22.55674539,114.0234096,22.53944781,6,349,312
114.0439385,22.55674539,114.1136231,22.54241739,6,349,519
114.0439385,22.55674539,114.0761843,22.54538884,6,349,441
113.9509113,22.57905941,113.9221011,22.51789094,6,211,89
114.0255833,22.53127556,114.1063186,22.54472798,6,315,505
114.1172394,22.55115992,114.1063186,22.54472798,6,533,505
113.8999643,22.54887227,113.9190799,22.54314415,6,31,77
114.1338632,22.54921672,114.0995471,22.54755506,6,583,488
114.1350728,22.55860698,114.1137426,22.54592857,6,587,521
114.1439608,22.55553852,114.1574123,22.56421051,6,600,602
114.1338632,22.54921672,114.0951991,22.54345208,6,583,479
113.9190799,22.54314415,113.9084227,22.51486106,6,77,43
113.9236399,22.5078368,113.9276676,22.51793513,6,94,109
114.1041413,22.55305184,114.1153265,22.5588081,6,502,527
114.1041413,22.55305184,114.1251654,22.55918041,6,502,559
114.1303047,22.55464135,114.1374593,22.56901485,6,571,592
114.1439608,22.55553852,114.161494,22.56428444,6,600,607
113.9612238,22.55277958,113.9491413,22.54326376,6,231,202
113.9823854,22.54846664,113.9914595,22.54374858,6,269,277
114.1172394,22.55115992,114.0374545,22.52361807,6,533,334
113.972388,22.55191047,113.9864364,22.53867967,6,254,273
113.8861314,22.49759444,113.8990034,22.48061579,6,15,30
113.8805827,22.48095217,113.9097932,22.48718601,6,9,49
113.8990034,22.48061579,113.9157571,22.4999147,6,30,68
114.0679115,22.55102094,114.0617352,22.57114839,6,428,416
113.8990034,22.48061579,113.8861314,22.49759444,6,30,15
114.107525,22.56679353,114.1248217,22.56213733,6,508,557
113.9202433,22.49228914,113.9188483,22.50788642,6,86,76
114.1654621,22.57111773,114.1153265,22.5588081,6,612,527
113.950014,22.57141464,113.9243714,22.52956273,6,208,96
113.9198758,22.50237441,113.9186832,22.52710131,6,81,75
114.1390015,22.56438986,114.1350728,22.55860698,6,595,587
113.8861314,22.49759444,113.9122306,22.49072078,6,15,58
114.1182376,22.56567127,114.1439608,22.55553852,6,537,600
113.8861314,22.49759444,113.9079636,22.48192555,6,15,42
113.9157571,22.4999147,113.917027,22.49858939,6,68,69
113.9157571,22.4999147,113.9188483,22.50788642,6,68,76
113.9200143,22.49659079,113.915445,22.51041213,6,84,66
113.928999,22.49801767,113.9085402,22.4799661,6,117,46
113.928999,22.49801767,113.9243675,22.50269741,6,117,95
114.1172394,22.55115992,114.1172394,22.55115992,6,533,533
113.9623654,22.56991978,113.950014,22.57141464,6,236,208
114.1374593,22.56901485,114.1041413,22.55305184,6,592,502
113.928999,22.49801767,113.9199821,22.53534908,6,117,82
114.0585434,22.57114963,114.0630192,22.53554504,6,410,424
114.0540968,22.57113804,114.0585434,22.57114963,6,386,410
114.1024728,22.57205807,114.1040792,22.55862876,6,496,501
114.0720729,22.53584401,114.077776,22.5402734,6,435,444
114.024544,22.53522614,114.0326622,22.52622861,6,313,320
114.0827083,22.571862,114.0542063,22.56496011,6,454,388
114.0827083,22.571862,114.094491,22.56825073,6,454,476
113.8842019,22.48371785,113.9079636,22.48192555,6,12,42
113.8842019,22.48371785,113.920108,22.4932819,6,12,85
113.9633477,22.54208418,113.9866281,22.5362684,6,239,274
114.1644832,22.5627503,114.0951991,22.54345208,6,611,479
113.9035937,22.51661875,113.9146524,22.52693923,6,36,64
113.8978105,22.51075808,113.9035937,22.51661875,6,29,36
113.8978105,22.51075808,113.9103595,22.53126836,6,29,52
114.1644832,22.5627503,114.0630944,22.53166919,6,611,425
113.9035937,22.51661875,113.917027,22.49858939,6,36,69
113.9188483,22.50788642,113.920108,22.4932819,6,76,85
113.9763421,22.55686165,114.094491,22.56825073,6,258,476
113.9633477,22.54208418,113.9509113,22.57905941,6,239,211
113.9206722,22.51237556,113.9362441,22.50801811,6,87,148
113.9449508,22.54305787,113.9336253,22.54256673,6,182,135
113.9491413,22.54326376,113.9243714,22.52956273,6,202,96
113.9491413,22.54326376,113.9449508,22.54305787,6,202,182
113.9491413,22.54326376,113.9155517,22.54329581,6,202,67
114.1644832,22.5627503,114.1614708,22.56263412,6,611,606
114.0398587,22.5495216,114.0234096,22.53944781,6,339,312
114.0398587,22.5495216,114.0095038,22.54774557,6,339,294
113.9157571,22.4999147,113.9270312,22.53547206,6,68,103
113.9198758,22.50237441,113.9079636,22.48192555,6,81,42
114.1338852,22.55688848,114.1318637,22.56197601,6,584,576
113.9280974,22.50287145,113.9316803,22.51881464,6,111,126
113.9328845,22.50312846,113.9280974,22.50287145,6,131,111
114.0625317,22.56248467,114.0357464,22.54152815,6,418,329
113.920108,22.4932819,113.8970859,22.47148422,6,85,28
113.920108,22.4932819,113.9085402,22.4799661,6,85,46
114.1628901,22.6060867,114.1380243,22.57118847,6,608,593
113.9035937,22.51661875,113.9221011,22.51789094,6,36,89
113.940616,22.54616779,113.9409258,22.53000389,6,162,171
113.940616,22.54616779,113.9606305,22.58492456,6,162,228
114.1049168,22.5492582,114.1066741,22.54129214,6,503,506
113.9813001,22.547133,113.9612238,22.55277958,6,267,231
114.1242389,22.59195711,114.112869,22.58470988,5,553,518
113.9200143,22.49659079,113.9102541,22.53969,5,84,51
113.928999,22.49801767,113.8842019,22.48371785,5,117,12
114.1024728,22.57205807,114.0761521,22.54702107,5,496,440
114.1024728,22.57205807,114.1230421,22.57672472,5,496,550
114.1374593,22.56901485,114.0997121,22.54023603,5,592,492
114.03538,22.56783125,114.0627243,22.55141245,5,328,420
114.0675738,22.56900047,114.0439385,22.55674539,5,426,349
114.1178114,22.57094116,114.1136231,22.54241739,5,534,519
113.891893,22.50419438,113.9097299,22.52584499,5,22,47
113.9465147,22.50809509,113.9276027,22.51295673,5,191,108
114.107525,22.56679353,114.0677747,22.5580683,5,508,427
113.9157571,22.4999147,113.9097932,22.48718601,5,68,49
114.1431392,22.55029515,114.1259306,22.54791806,5,599,562
113.9230888,22.54919179,113.9230888,22.54919179,5,92,92
114.036681,22.56561549,114.0487663,22.51081322,5,333,370
114.1258552,22.55279111,114.1017317,22.55859362,5,560,495
114.1258552,22.55279111,114.1178114,22.57094116,5,560,534
114.1258552,22.55279111,114.1329896,22.5844014,5,560,580
113.9230888,22.54919179,113.9328302,22.52460435,5,92,129
113.9230888,22.54919179,113.9243714,22.52956273,5,92,96
114.0994799,22.55192709,114.0719313,22.54306587,5,487,433
114.0510601,22.55123367,114.0579772,22.54558884,5,374,403
114.0361459,22.56279243,113.9666463,22.5575376,5,331,245
113.918416,22.56216735,113.9491413,22.54326376,5,73,202
113.918416,22.56216735,113.9432989,22.58356573,5,73,178
113.983442,22.5604799,113.949855,22.58679623,5,271,206
114.0625317,22.56248467,114.0627243,22.55141245,5,418,420
114.1574123,22.56421051,114.1167239,22.53952265,5,602,529
114.161494,22.56428444,114.1655481,22.56688872,5,607,613
114.0542878,22.56237068,114.1136231,22.54241739,5,389,519
114.0439385,22.55674539,114.0609908,22.52112392,5,349,415
113.9198758,22.50237441,113.9491413,22.54326376,5,81,202
113.9280974,22.50287145,113.9276676,22.51793513,5,111,109
113.9328845,22.50312846,113.9170644,22.50329636,5,131,70
113.891893,22.50419438,113.891893,22.50419438,5,22,22
113.9198758,22.50237441,113.9328845,22.50312846,5,81,131
113.9198758,22.50237441,113.9173127,22.52114707,5,81,71
114.0361459,22.56279243,113.9618199,22.55672979,5,331,232
114.1041413,22.55305184,114.1318637,22.56197601,5,502,576
113.9184525,22.54919782,113.9343203,22.5597933,5,74,141
113.8999643,22.54887227,113.9223777,22.54298115,5,31,90
114.1041413,22.55305184,114.0911571,22.54930646,5,502,470
114.1041413,22.55305184,114.0815658,22.55161864,5,502,450
114.1172394,22.55115992,114.1142416,22.53596639,5,533,523
113.940616,22.54616779,113.9494284,22.57980162,5,162,203
114.0095038,22.54774557,114.0122593,22.54296339,5,294,298
113.9194863,22.53051904,113.9435401,22.57142374,5,79,179
113.9270312,22.53547206,113.9122306,22.49072078,5,103,58
113.9270312,22.53547206,113.9328302,22.52460435,5,103,129
113.992795,22.53499701,114.0186349,22.53863086,5,279,307
114.0818213,22.53734949,114.0630944,22.53166919,5,453,425
114.003149,22.53600659,114.1063186,22.54472798,5,283,505
114.0720729,22.53584401,114.0720233,22.53866647,5,435,434
114.024544,22.53522614,114.0374545,22.52361807,5,313,334
114.0720939,22.53181124,114.0867278,22.5374215,5,436,459
114.1323804,22.57723388,114.1230421,22.57672472,5,577,550
113.9538224,22.57483257,113.9406558,22.54287695,5,217,164
113.9538224,22.57483257,113.9491413,22.54326376,5,217,202
113.9538224,22.57483257,113.9432989,22.58356573,5,217,178
114.135897,22.57935844,114.1227587,22.57932726,5,589,549
114.0202182,22.53203739,113.9940013,22.52729009,5,310,281
114.0202182,22.53203739,113.9186832,22.52710131,5,310,75
114.113805,22.53838078,114.1136231,22.54241739,5,522,519
114.0057869,22.53644522,113.9866281,22.5362684,5,290,274
114.0057869,22.53644522,114.0478162,22.5425021,5,290,362
114.1024728,22.57205807,114.1016112,22.56474789,5,496,493
113.9621778,22.53376133,113.9592576,22.53469045,5,233,225
114.1227587,22.57932726,114.112869,22.58470988,5,549,518
114.1326839,22.57969837,114.1248217,22.56213733,5,578,557
114.1373842,22.58057276,114.1240432,22.54508788,5,591,552
113.9103595,22.53126836,113.904845,22.53164591,5,52,39
113.9103595,22.53126836,113.9270312,22.53547206,5,52,103
113.9623654,22.56991978,113.9914595,22.54374858,5,236,277
113.9623654,22.56991978,114.0095038,22.54774557,5,236,294
114.0827083,22.571862,113.9183624,22.5556891,5,454,72
114.1080704,22.57251255,114.1136231,22.54241739,5,511,519
114.1080704,22.57251255,114.1063186,22.54472798,5,511,505
114.1080704,22.57251255,114.1246329,22.56404909,5,511,556
114.0991397,22.5700848,114.1118368,22.55867745,5,481,515
114.0721402,22.56973536,114.1024728,22.57205807,5,437,496
114.1380243,22.57118847,114.1374593,22.56901485,5,593,592
114.1178114,22.57094116,114.1153265,22.5588081,5,534,527
114.1654621,22.57111773,114.1361313,22.54951279,5,612,590
114.1038622,22.57003195,114.0815658,22.55161864,5,498,450
113.9270312,22.53547206,113.9336253,22.54256673,5,103,135
114.121489,22.56909791,114.112869,22.58470988,5,543,518
113.9243714,22.52956273,113.9097932,22.48718601,5,96,49
113.9243714,22.52956273,113.9221011,22.51789094,5,96,89
114.1373842,22.58057276,114.1218944,22.54724533,5,591,545
114.1373842,22.58057276,114.1259119,22.54950226,5,591,561
114.0630944,22.53166919,114.0630944,22.53166919,5,425,425
114.0630944,22.53166919,114.0202182,22.53203739,5,425,310
113.9143134,22.53554164,113.9236399,22.5078368,5,63,94
114.0991397,22.5700848,114.1063186,22.54472798,5,481,505
113.9509113,22.57905941,113.9435401,22.57142374,5,211,179
113.9509113,22.57905941,114.0041395,22.59957049,5,211,287
113.9146524,22.52693923,113.9190799,22.54314415,5,64,77
113.9146524,22.52693923,113.940616,22.54616779,5,64,162
113.9186832,22.52710131,113.9085402,22.4799661,5,75,46
114.1373842,22.58057276,114.1282881,22.55650863,5,591,565
113.9509113,22.57905941,113.9633477,22.54208418,5,211,239
114.0561381,22.53155962,114.0630944,22.53166919,5,398,425
114.1142416,22.53596639,114.1066741,22.54129214,5,523,506
114.1308739,22.57217689,114.1172394,22.55115992,5,574,533
114.0422669,22.57062484,114.03538,22.56783125,5,347,328
114.0585434,22.57114963,114.0326849,22.56218702,5,410,321
114.0540968,22.57113804,114.0326849,22.56218702,5,386,321
114.1334875,22.57130371,114.1142416,22.53596639,5,582,523
114.0202182,22.53203739,113.9097932,22.48718601,5,310,49
113.9509113,22.57905941,113.9528965,22.55975497,5,211,214
114.169401,22.56966622,114.1809616,22.55777371,5,614,620
114.0432588,22.56759356,114.0814207,22.5582393,5,348,448
114.0432588,22.56759356,114.0677747,22.5580683,5,348,427
114.1037417,22.53824031,114.0720939,22.53181124,5,497,436
114.094491,22.56825073,113.9480536,22.55580203,5,476,195
113.9199821,22.53534908,113.9142148,22.51818294,5,82,62
113.9199821,22.53534908,114.0255833,22.53127556,5,82,315
113.9231987,22.53540776,113.9230888,22.54919179,5,93,92
113.9146524,22.52693923,113.9136576,22.53117958,5,64,61
113.9186832,22.52710131,113.9200143,22.49659079,5,75,84
113.9186832,22.52710131,113.891893,22.50419438,5,75,22
113.992255,22.53851735,113.9914595,22.54374858,5,278,277
114.0761879,22.54011496,114.0720233,22.53866647,5,442,434
114.0629734,22.53761185,114.0513141,22.53741556,5,423,379
114.0629734,22.53761185,114.0866394,22.54073668,5,423,458
114.0629734,22.53761185,114.0719313,22.54306587,5,423,433
113.9494284,22.57980162,113.9406371,22.56567653,5,203,163
114.0444279,22.52568669,114.0579772,22.54558884,5,354,403
114.0326622,22.52622861,114.0630944,22.53166919,5,320,425
113.9494284,22.57980162,113.9186832,22.52710131,5,203,75
113.9494284,22.57980162,114.0439385,22.55674539,5,203,349
113.9097299,22.52584499,113.9146524,22.52693923,5,47,64
114.0340365,22.52837341,114.0336279,22.56089891,5,325,323
113.9146524,22.52693923,113.9035937,22.51661875,5,64,36
114.0629734,22.53761185,114.0840486,22.55165797,5,423,456
114.0629734,22.53761185,114.0627243,22.55141245,5,423,420
114.058129,22.53753671,114.0487663,22.51081322,5,406,370
114.058129,22.53753671,114.0515339,22.52579823,5,406,382
114.058129,22.53753671,114.0510601,22.55123367,5,406,374
113.9866281,22.5362684,113.9491413,22.54326376,5,274,202
114.0561381,22.53155962,113.9328302,22.52460435,5,398,129
113.9494284,22.57980162,113.983442,22.5604799,5,203,271
113.9270312,22.53547206,113.9606305,22.58492456,5,103,228
113.9199821,22.53534908,113.920108,22.4932819,5,82,85
113.9199821,22.53534908,113.915445,22.51041213,5,82,66
114.036681,22.56561549,114.0840486,22.55165797,5,333,456
114.036681,22.56561549,114.0814207,22.5582393,5,333,448
114.0488317,22.56730306,114.0840486,22.55165797,5,371,456
114.107525,22.56679353,114.1251654,22.55918041,5,508,559
114.107525,22.56679353,114.1644832,22.5627503,5,508,611
114.0326622,22.52622861,114.0719313,22.54306587,5,320,433
113.9328302,22.52460435,113.9409665,22.52735551,5,129,172
114.0450666,22.52787192,114.0579772,22.54558884,5,359,403
113.9494284,22.57980162,113.9760441,22.62662651,5,203,257
114.1644087,22.56680131,114.1296142,22.54851405,5,609,567
114.1374593,22.56901485,114.0867278,22.5374215,5,592,459
114.1374593,22.56901485,114.0912449,22.5433847,5,592,473
114.1374593,22.56901485,114.1240432,22.54508788,5,592,552
114.0311165,22.52390555,114.0630192,22.53554504,5,318,424
114.1329896,22.5844014,114.1245005,22.57227306,5,580,554
114.1329896,22.5844014,114.1227587,22.57932726,5,580,549
114.1329896,22.5844014,114.1326839,22.57969837,5,580,578
114.112869,22.58470988,114.1113897,22.54195322,5,518,514
114.112869,22.58470988,114.1180108,22.5436417,5,518,536
114.112869,22.58470988,114.0787465,22.54317312,5,518,446
114.112869,22.58470988,114.1260035,22.54510676,5,518,563
114.0720939,22.53181124,114.0337852,22.5302178,5,436,324
113.9940013,22.52729009,113.9452663,22.52433567,5,281,189
114.0311165,22.52390555,114.0951991,22.54345208,5,318,479
114.0597198,22.52591345,114.0580771,22.53958062,5,413,405
114.0515339,22.52579823,114.0554832,22.51394382,5,382,391
114.112869,22.58470988,114.1350728,22.55860698,5,518,587
114.112869,22.58470988,114.1017317,22.55859362,5,518,495
114.0311165,22.52390555,114.0374545,22.52361807,5,318,334
114.1329453,22.58675283,114.1245005,22.57227306,5,579,554
114.0374545,22.52361807,113.9450315,22.53934678,5,334,184
114.0374545,22.52361807,114.0443347,22.54724229,5,334,352
114.112869,22.58470988,114.0677747,22.5580683,5,518,427
114.112869,22.58470988,114.1016112,22.56474789,5,518,493
114.0515339,22.52579823,114.0580771,22.53958062,5,382,405
114.1066741,22.54129214,114.113805,22.53838078,5,506,522
113.9713587,22.53910036,114.051626,22.51117383,5,253,383
114.1136231,22.54241739,114.1063186,22.54472798,5,519,505
113.9494284,22.57980162,113.9340732,22.6281765,5,203,138
114.1301103,22.58432145,114.1227587,22.57932726,5,570,549
113.9432989,22.58356573,113.9286917,22.54926763,5,178,114
113.9432989,22.58356573,113.9184525,22.54919782,5,178,74
113.9606305,22.58492456,113.9713587,22.53910036,5,228,253
113.9606305,22.58492456,113.9286917,22.54926763,5,228,114
114.112869,22.58470988,114.0540968,22.57113804,5,518,386
113.9609211,22.56327217,113.9432989,22.58356573,5,230,178
114.107525,22.56679353,114.1121306,22.53803537,5,508,516
114.107525,22.56679353,114.0840486,22.55165797,5,508,456
113.9143134,22.53554164,113.9410238,22.5244395,5,63,173
114.1644087,22.56680131,114.1259119,22.54950226,5,609,561
113.9713587,22.53910036,113.9623287,22.5599897,5,253,235
114.1113897,22.54195322,114.1172394,22.55115992,5,514,533
114.1136231,22.54241739,114.113805,22.53838078,5,519,522
114.107525,22.56679353,114.1016112,22.56474789,5,508,493
113.9143134,22.53554164,113.950014,22.57141464,5,63,208
113.9669246,22.56282048,113.9612238,22.55277958,5,247,231
114.1182376,22.56567127,114.1180108,22.5436417,5,537,536
113.9143134,22.53554164,113.9186832,22.52710131,5,63,75
113.9143134,22.53554164,113.9143134,22.53554164,5,63,63
113.9143134,22.53554164,114.0186349,22.53863086,5,63,307
113.9143134,22.53554164,113.9155517,22.54329581,5,63,67
113.9124902,22.51975214,113.9085402,22.4799661,5,59,46
113.9124902,22.51975214,113.919507,22.48974846,5,59,80
113.9124902,22.51975214,113.9173127,22.52114707,5,59,71
113.9660741,22.55949119,113.9491413,22.54326376,5,243,202
114.0542878,22.56237068,114.0351123,22.55501241,5,389,327
114.0542878,22.56237068,114.1153265,22.5588081,5,389,527
114.0326849,22.56218702,114.0509944,22.51818853,5,321,373
114.0326849,22.56218702,113.983442,22.5604799,5,321,271
113.977941,22.58713395,113.9494284,22.57980162,5,264,203
113.949855,22.58679623,113.9505875,22.535838,5,206,209
113.949855,22.58679623,113.9823854,22.54846664,5,206,269
113.9124902,22.51975214,113.9184525,22.54919782,5,59,74
113.9385133,22.52123067,113.9404917,22.55274673,5,156,160
113.9173127,22.52114707,113.9236399,22.5078368,5,71,94
113.9173127,22.52114707,113.9186832,22.52710131,5,71,75
113.9606305,22.58492456,113.9538224,22.57483257,5,228,217
114.0788224,22.54031566,114.0866394,22.54073668,5,447,458
113.9669246,22.56282048,113.9452663,22.52433567,5,247,189
113.949855,22.58679623,113.9760441,22.62662651,5,206,257
113.9142148,22.51818294,113.9157571,22.4999147,5,62,68
114.0609908,22.52112392,114.0630192,22.53554504,5,415,424
114.0609908,22.52112392,114.058129,22.53753671,5,415,406
113.9606305,22.58492456,113.9592154,22.59627432,5,228,224
113.9249895,22.58449172,113.9435401,22.57142374,5,99,179
113.9713587,22.53910036,113.9777961,22.54098647,5,253,263
114.0234096,22.53944781,114.0357464,22.54152815,5,312,329
114.0866394,22.54073668,114.0478162,22.5425021,5,458,362
114.1182376,22.56567127,114.1153265,22.5588081,5,537,527
114.1182376,22.56567127,114.1334875,22.57130371,5,537,582
113.918416,22.56216735,113.9143134,22.53554164,5,73,63
113.918416,22.56216735,113.918416,22.56216735,5,73,73
114.0761879,22.54011496,114.0510601,22.55123367,5,442,374
114.0418832,22.52115999,114.0609908,22.52112392,5,345,415
113.9035937,22.51661875,113.9173127,22.52114707,5,36,71
114.1644832,22.5627503,114.113805,22.53838078,5,611,522
113.9102541,22.53969,113.909792,22.54463228,5,51,48
113.9777961,22.54098647,113.972388,22.55191047,5,263,254
114.1180108,22.5436417,114.1248217,22.56213733,5,536,557
114.0478162,22.5425021,114.0787465,22.54317312,5,362,446
114.0951991,22.54345208,114.0719313,22.54306587,5,479,433
114.1701834,22.6043063,114.1380243,22.57118847,5,615,593
113.9276676,22.51793513,113.940616,22.54616779,5,109,162
114.1198918,22.59134494,114.1178114,22.57094116,5,540,534
114.1242389,22.59195711,114.1227587,22.57932726,5,553,549
113.9035937,22.51661875,113.9143134,22.53554164,5,36,63
113.9035937,22.51661875,113.9633477,22.54208418,5,36,239
114.0582889,22.51959561,114.0579772,22.54558884,5,409,403
114.0289969,22.52073647,114.0384573,22.51570189,5,316,336
114.0912449,22.5433847,114.1063186,22.54472798,5,473,505
114.0912449,22.5433847,114.1318637,22.56197601,5,473,576
114.0787465,22.54317312,114.0478162,22.5425021,5,446,362
114.0787465,22.54317312,114.1107498,22.54543716,5,446,513
113.9124902,22.51975214,113.9452663,22.52433567,5,59,189
113.9404191,22.59385827,113.9432151,22.5870408,5,158,177
113.9592154,22.59627432,113.9606305,22.58492456,5,224,228
114.1701834,22.6043063,114.1318637,22.56197601,5,615,576
114.0326849,22.56218702,114.0540968,22.57113804,5,321,386
114.1390015,22.56438986,114.1259119,22.54950226,5,595,561
113.9191224,22.55927405,113.9184525,22.54919782,5,78,74
114.0625317,22.56248467,114.0630192,22.53554504,5,418,424
114.057974,22.56241366,114.0351123,22.55501241,5,402,327
114.161494,22.56428444,114.1063186,22.54472798,5,607,505
113.9147516,22.5389128,113.9143134,22.53554164,5,65,63
113.9147516,22.5389128,113.9343203,22.5597933,5,65,141
113.9035937,22.51661875,113.9124902,22.51975214,5,36,59
114.0509944,22.51818853,113.9940013,22.52729009,5,373,281
114.0509944,22.51818853,114.0513506,22.53534683,5,373,380
114.0509944,22.51818853,114.058129,22.53753671,5,373,406
114.1240432,22.54508788,114.1142416,22.53596639,5,552,523
114.0628846,22.54292352,114.0234096,22.53944781,5,422,312
114.0628846,22.54292352,114.1063186,22.54472798,5,422,505
113.9407019,22.5414765,113.9621778,22.53376133,5,165,233
113.9760441,22.62662651,113.9691219,22.61983592,5,257,248
113.9340732,22.6281765,113.9713587,22.53910036,5,138,253
113.9340732,22.6281765,113.9466447,22.56528032,5,138,192
113.9340732,22.6281765,113.9509113,22.57905941,5,138,211
113.9275352,22.48895219,113.8861314,22.49759444,5,107,15
113.9035937,22.51661875,113.9328845,22.50312846,5,36,131
113.9035937,22.51661875,113.9236399,22.5078368,5,36,94
113.9035937,22.51661875,113.9316803,22.51881464,5,36,126
113.9633477,22.54208418,113.9035937,22.51661875,5,239,36
113.9633477,22.54208418,113.9894482,22.52485865,5,239,276
113.920108,22.4932819,113.9188483,22.50788642,5,85,76
113.9200143,22.49659079,113.917027,22.49858939,5,84,69
113.928999,22.49801767,113.9275352,22.48895219,5,117,107
113.9157571,22.4999147,113.9272427,22.50789593,5,68,106
113.9243675,22.50269741,113.9243675,22.50269741,5,95,95
113.9691219,22.61983592,113.950014,22.57141464,5,248,208
113.947053,22.55887657,113.940616,22.54616779,5,193,162
113.947053,22.55887657,113.9509113,22.57905941,5,193,211
113.983442,22.5604799,114.0439385,22.55674539,5,271,349
113.9191224,22.55927405,113.9190799,22.54314415,5,78,77
113.9660741,22.55949119,113.9606305,22.58492456,5,243,228
114.0336279,22.56089891,114.0057869,22.53644522,5,323,290
114.0249823,22.56086577,114.0540968,22.57113804,5,314,386
113.9528965,22.55975497,113.9494284,22.57980162,5,214,203
113.9465147,22.50809509,113.9475068,22.530085,5,191,194
113.9388906,22.50804836,113.9275352,22.48895219,5,157,107
114.0487663,22.51081322,114.0554832,22.51394382,5,370,391
113.9406558,22.54287695,113.9155517,22.54329581,5,164,67
114.0993074,22.56154845,114.0679115,22.55102094,5,484,428
114.1709476,22.56284762,114.1644832,22.5627503,5,617,611
114.1318637,22.56197601,114.1251654,22.55918041,5,576,559
114.1318637,22.56197601,114.161494,22.56428444,5,576,607
114.0289969,22.52073647,114.0579772,22.54558884,5,316,403
114.0418832,22.52115999,114.0554832,22.51394382,5,345,391
113.9124902,22.51975214,113.9097932,22.48718601,5,59,49
113.8978105,22.51075808,113.9404917,22.55274673,5,29,160
113.9206722,22.51237556,113.9085402,22.4799661,5,87,46
113.9206722,22.51237556,113.9491413,22.54326376,5,87,202
113.9276027,22.51295673,113.9385133,22.52123067,5,108,156
113.9276027,22.51295673,113.9373334,22.5351382,5,108,153
114.1644832,22.5627503,114.1809616,22.55777371,5,611,620
113.9633477,22.54208418,113.9194863,22.53051904,5,239,79
114.0509944,22.51818853,113.9450315,22.53934678,5,373,184
114.0509944,22.51818853,114.0761521,22.54702107,5,373,440
113.8978105,22.51075808,113.9336253,22.54256673,5,29,135
113.9276676,22.51793513,113.9409258,22.53000389,5,109,171
113.9316803,22.51881464,113.9221011,22.51789094,5,126,89
114.0289969,22.52073647,113.9328302,22.52460435,5,316,129
113.9407019,22.5414765,113.9404917,22.55274673,5,165,160
114.0122593,22.54296339,114.0093458,22.55286167,5,298,293
114.1248217,22.56213733,114.1227587,22.57932726,5,557,549
114.0719313,22.54306587,114.0186349,22.53863086,5,433,307
114.0719313,22.54306587,114.1172394,22.55115992,5,433,533
114.0628846,22.54292352,113.9328302,22.52460435,5,422,129
114.1644832,22.5627503,114.1258552,22.55279111,5,611,560
114.1644832,22.5627503,114.1505337,22.55623857,5,611,601
114.0444279,22.52568669,114.0140182,22.53785655,5,354,301
113.9452663,22.52433567,114.0202182,22.53203739,5,189,310
113.9276027,22.51295673,113.9122306,22.49072078,5,108,58
113.9276027,22.51295673,113.920108,22.4932819,5,108,85
113.9276027,22.51295673,113.9388906,22.50804836,5,108,157
114.0384573,22.51570189,114.0374545,22.52361807,5,336,334
113.9223777,22.54298115,113.9336253,22.54256673,5,90,135
113.9183624,22.5556891,113.9763421,22.55686165,5,72,258
113.9243714,22.52956273,113.9316803,22.51881464,5,96,126
114.0326622,22.52622861,113.940445,22.55527886,5,320,159
113.9146524,22.52693923,113.9223777,22.54298115,5,64,90
113.9186832,22.52710131,113.9122306,22.49072078,5,75,58
114.0311165,22.52390555,114.1107498,22.54543716,5,318,513
114.0597198,22.52591345,114.0630944,22.53166919,5,413,425
114.0597198,22.52591345,114.0625317,22.56248467,5,413,418
114.0515339,22.52579823,114.0444279,22.52568669,5,382,354
113.9633477,22.54208418,113.9580431,22.59633988,5,239,222
114.1063186,22.54472798,114.0866394,22.54073668,5,505,458
114.1063186,22.54472798,114.1258552,22.55279111,5,505,560
114.1063186,22.54472798,114.1644832,22.5627503,5,505,611
114.0419012,22.51290975,114.051626,22.51117383,5,346,383
113.9186832,22.52710131,113.9633477,22.54208418,5,75,239
114.0720939,22.53181124,114.1240432,22.54508788,5,436,552
114.0630944,22.53166919,114.1066741,22.54129214,5,425,506
114.1725511,22.56285092,114.1361313,22.54951279,5,619,590
114.1725511,22.56285092,114.1439608,22.55553852,5,619,600
114.1725511,22.56285092,114.1614708,22.56263412,5,619,606
114.1725511,22.56285092,114.161494,22.56428444,5,619,607
114.1107498,22.54543716,114.1172394,22.55115992,5,513,533
114.0761843,22.54538884,114.0439385,22.55674539,5,441,349
113.9336253,22.54256673,114.0234096,22.53944781,5,135,312
114.0896926,22.56096562,114.0827083,22.571862,5,463,454
113.9336253,22.54256673,113.9190799,22.54314415,5,135,77
114.0814207,22.5582393,114.0585434,22.57114963,5,448,410
114.0910003,22.55842617,114.0357464,22.54152815,5,467,329
114.0910003,22.55842617,114.0779572,22.5539165,5,467,445
114.0910003,22.55842617,114.1017317,22.55859362,5,467,495
114.0910003,22.55842617,114.057974,22.56241366,5,467,402
114.0219436,22.54493189,114.0340365,22.52837341,5,311,325
114.1017317,22.55859362,114.1350728,22.55860698,5,495,587
114.0202182,22.53203739,114.0579772,22.54558884,5,310,403
114.0202182,22.53203739,114.0579101,22.54934869,5,310,400
113.9194863,22.53051904,113.9173127,22.52114707,5,79,71
114.1350728,22.55860698,114.1017317,22.55859362,5,587,495
113.9480536,22.55580203,114.112869,22.58470988,5,195,518
114.0677747,22.5580683,114.0912279,22.54549966,5,427,472
114.0677747,22.5580683,114.0814207,22.5582393,5,427,448
114.1251654,22.55918041,114.1171806,22.54648425,5,559,532
114.0384573,22.51570189,114.024544,22.53522614,5,336,313
114.0487663,22.51081322,114.0418832,22.52115999,5,370,345
114.051626,22.51117383,114.0554832,22.51394382,5,383,391
113.915445,22.51041213,113.920108,22.4932819,5,66,85
114.0720233,22.53866647,114.058129,22.53753671,5,434,406
114.058129,22.53753671,114.0629734,22.53761185,5,406,423
113.9199821,22.53534908,114.0720939,22.53181124,5,82,436
113.9199821,22.53534908,113.9291628,22.55972334,5,82,119
113.9183624,22.5556891,113.9666463,22.5575376,5,72,245
113.9183624,22.5556891,113.9466447,22.56528032,5,72,192
113.9633477,22.54208418,113.955439,22.58375043,5,239,220
113.9633477,22.54208418,113.949855,22.58679623,5,239,206
114.1251654,22.55918041,114.121489,22.56909791,5,559,543
114.1251654,22.55918041,114.1380243,22.57118847,5,559,593
113.9183624,22.5556891,113.9243714,22.52956273,5,72,96
113.9406558,22.54287695,113.9276676,22.51793513,5,164,109
114.1259306,22.54791806,114.1137426,22.54592857,5,562,521
114.1153265,22.5588081,114.0779572,22.5539165,5,527,445
114.1153265,22.5588081,114.1334875,22.57130371,5,527,582
114.1118368,22.55867745,114.1338852,22.55688848,5,515,584
114.1118368,22.55867745,114.1017317,22.55859362,5,515,495
113.940445,22.55527886,113.9466447,22.56528032,5,159,192
114.1153265,22.5588081,114.0478162,22.5425021,5,527,362
114.1153265,22.5588081,113.9449508,22.54305787,5,527,182
113.9777961,22.54098647,113.9336253,22.54256673,5,263,135
114.0419012,22.51290975,114.0609908,22.52112392,5,346,415
114.0419012,22.51290975,114.058129,22.53753671,5,346,406
114.0234096,22.53944781,114.0478162,22.5425021,5,312,362
114.0439385,22.55674539,114.0513141,22.53741556,5,349,379
114.0439385,22.55674539,114.0186349,22.53863086,5,349,307
113.9155517,22.54329581,114.003149,22.53600659,5,67,283
114.1218944,22.54724533,114.1171806,22.54648425,5,545,532
114.0951991,22.54345208,114.1142416,22.53596639,5,479,523
114.0787465,22.54317312,114.0720729,22.53584401,5,446,435
114.0628846,22.54292352,114.0140182,22.53785655,5,422,301
113.9407019,22.5414765,113.9592576,22.53469045,5,165,225
113.9633477,22.54208418,113.9621778,22.53376133,5,239,233
113.9713587,22.53910036,113.9449508,22.54305787,5,253,182
114.0952992,22.54142608,114.0761879,22.54011496,5,480,442
114.0952992,22.54142608,114.1063186,22.54472798,5,480,505
114.1017317,22.55859362,114.1075473,22.55868433,5,495,509
113.997063,22.5459081,114.0093458,22.55286167,5,282,293
114.1171806,22.54648425,114.1167791,22.54823711,5,532,530
113.9621778,22.53376133,113.9199821,22.53534908,5,233,82
113.9633477,22.54208418,113.9270312,22.53547206,5,239,103
113.9236399,22.5078368,113.9198758,22.50237441,5,94,81
113.9236399,22.5078368,113.9170644,22.50329636,5,94,70
113.9236399,22.5078368,113.9188483,22.50788642,5,94,76
114.1296142,22.54851405,114.1258552,22.55279111,5,567,560
114.0439385,22.55674539,114.0866394,22.54073668,5,349,458
114.0439385,22.55674539,113.9633477,22.54208418,5,349,239
114.0439385,22.55674539,114.0294193,22.55657306,5,349,317
114.0439385,22.55674539,114.0488317,22.56730306,5,349,371
114.0157285,22.55541973,114.024544,22.53522614,5,304,313
114.0157285,22.55541973,114.0336279,22.56089891,5,304,323
114.1259119,22.54950226,114.1303047,22.55464135,5,561,571
114.0679631,22.54761059,114.1041413,22.55305184,5,429,502
114.0443347,22.54724229,113.9328302,22.52460435,5,352,129
114.0443347,22.54724229,114.003149,22.53600659,5,352,283
114.1338632,22.54921672,114.1180108,22.5436417,5,583,536
114.1350728,22.55860698,114.1107498,22.54543716,5,587,513
114.1167791,22.54823711,114.1063186,22.54472798,5,530,505
114.1296142,22.54851405,114.0787465,22.54317312,5,567,446
114.1296142,22.54851405,114.0719313,22.54306587,5,567,433
113.9406558,22.54287695,113.9190799,22.54314415,5,164,77
113.9491413,22.54326376,113.918416,22.56216735,5,202,73
113.9223777,22.54298115,113.9450315,22.53934678,5,90,184
113.9155517,22.54329581,113.9084227,22.51486106,5,67,43
113.9236399,22.5078368,113.9199821,22.53534908,5,94,82
113.9188483,22.50788642,113.9079636,22.48192555,5,76,42
113.9188483,22.50788642,113.9328302,22.52460435,5,76,129
114.1439608,22.55553852,114.1390015,22.56438986,5,600,595
114.1350728,22.55860698,114.1172394,22.55115992,5,587,533
114.1303047,22.55464135,114.1350728,22.55860698,5,571,587
114.1439608,22.55553852,114.1017317,22.55859362,5,600,495
114.0627997,22.54753664,114.0911821,22.54724849,5,421,471
114.1338632,22.54921672,114.1574717,22.56102782,5,583,603
114.1338632,22.54921672,114.1809616,22.55777371,5,583,620
114.1361313,22.54951279,114.0867278,22.5374215,5,590,459
114.1260035,22.54510676,114.1361313,22.54951279,5,563,590
114.1040792,22.55862876,114.0788224,22.54031566,5,501,447
114.1017317,22.55859362,113.9449508,22.54305787,5,495,182
114.1017317,22.55859362,114.0814207,22.5582393,5,495,448
114.1017317,22.55859362,114.057974,22.56241366,5,495,402
114.0910003,22.55842617,114.0478162,22.5425021,5,467,362
114.1338852,22.55688848,114.1258552,22.55279111,5,584,560
113.9606305,22.58492456,113.955439,22.58375043,5,228,220
114.1041413,22.55305184,114.1439608,22.55553852,5,502,600
114.1248217,22.56213733,114.120211,22.54170453,5,557,542
114.0336279,22.56089891,114.0510601,22.55123367,5,323,374
114.0249823,22.56086577,113.940445,22.55527886,5,314,159
113.9183624,22.5556891,113.9618199,22.55672979,5,72,232
113.9763421,22.55686165,114.1439608,22.55553852,5,258,600
113.9666463,22.5575376,113.9491413,22.54326376,5,245,202
114.0896926,22.56096562,114.0995471,22.54755506,5,463,488
114.1075473,22.55868433,114.1118368,22.55867745,5,509,515
114.0334901,22.55351279,114.0326849,22.56218702,5,322,321
114.1439608,22.55553852,114.1142416,22.53596639,5,600,523
113.9188483,22.50788642,113.9406558,22.54287695,5,76,164
114.1260035,22.54510676,114.1142416,22.53596639,5,563,523
114.1725511,22.56285092,114.1240432,22.54508788,5,619,552
114.0946491,22.56147958,114.0579772,22.54558884,5,478,403
114.1644832,22.5627503,114.0912449,22.5433847,5,611,473
114.1644832,22.5627503,114.1323804,22.57723388,5,611,577
114.1338852,22.55688848,114.1259119,22.54950226,5,584,561
114.1439608,22.55553852,114.094491,22.56825073,5,600,476
113.9612238,22.55277958,114.0140182,22.53785655,5,231,301
113.9404917,22.55274673,113.940445,22.55527886,5,160,159
114.0779572,22.5539165,114.0510601,22.55123367,5,445,374
114.0779572,22.5539165,114.0677747,22.5580683,5,445,427
114.0779572,22.5539165,114.0675738,22.56900047,5,445,426
114.0334901,22.55351279,114.0357464,22.54152815,5,322,329
114.1323804,22.57723388,114.1380243,22.57118847,5,577,593
113.9538224,22.57483257,113.9819452,22.55259242,5,217,268
114.1373842,22.58057276,114.1301103,22.58432145,5,591,570
114.1373842,22.58057276,114.112869,22.58470988,5,591,518
113.9509113,22.57905941,113.9713587,22.53910036,5,211,253
113.8861314,22.49759444,113.9328302,22.52460435,5,15,129
113.9202433,22.49228914,113.9328845,22.50312846,5,86,131
114.0910003,22.55842617,114.0679631,22.54761059,5,467,429
114.1242389,22.59195711,114.135897,22.57935844,5,553,589
114.1242389,22.59195711,114.1373842,22.58057276,5,553,591
113.9494284,22.57980162,113.9276676,22.51793513,5,203,109
113.9494284,22.57980162,113.9142148,22.51818294,5,203,62
114.112869,22.58470988,114.1153265,22.5588081,5,518,527
114.112869,22.58470988,114.0487414,22.56504952,5,518,369
113.950014,22.57141464,113.9406371,22.56567653,5,208,163
113.9342099,22.5714262,113.9291628,22.55972334,5,139,119
114.094491,22.56825073,114.0761521,22.54702107,5,476,440
114.094491,22.56825073,114.083687,22.57343593,5,476,455
114.0542878,22.56237068,114.0383673,22.55608659,5,389,335
113.9432989,22.58356573,113.9288842,22.57155658,5,178,116
113.949855,22.58679623,113.9580431,22.59633988,5,206,222
113.9832957,22.58805165,114.0041395,22.59957049,5,270,287
114.1198918,22.59134494,114.1259119,22.54950226,5,540,561
114.1198918,22.59134494,114.1329453,22.58675283,5,540,579
114.0510601,22.55123367,114.0557652,22.55131452,5,374,392
113.9607244,22.5495522,113.9186832,22.52710131,5,229,75
113.949855,22.58679623,113.9490902,22.54189692,5,206,200
114.1172394,22.55115992,114.1350728,22.55860698,5,533,587
114.1172394,22.55115992,114.1251654,22.55918041,5,533,559
114.1172394,22.55115992,114.0992232,22.56634588,5,533,482
114.0911163,22.55176701,114.1137426,22.54592857,5,469,521
114.036681,22.56561549,114.0878804,22.55172021,5,333,462
114.1067977,22.57464603,114.0510601,22.55123367,5,507,374
114.1067977,22.57464603,114.0542063,22.56496011,5,507,388
113.9288842,22.57155658,113.9184525,22.54919782,5,116,74
113.9103595,22.53126836,114.0995471,22.54755506,5,52,488
113.9103595,22.53126836,113.940616,22.54616779,5,52,162
113.9103595,22.53126836,113.947053,22.55887657,5,52,193
113.904845,22.53164591,113.944896,22.54622325,5,39,181
114.1334875,22.57130371,114.1227587,22.57932726,5,582,549
113.9194863,22.53051904,114.0630944,22.53166919,5,79,425
114.1230421,22.57672472,114.1380243,22.57118847,5,550,593
114.1230421,22.57672472,114.1024728,22.57205807,5,550,496
114.1230421,22.57672472,114.1323804,22.57723388,5,550,577
114.1230421,22.57672472,114.112869,22.58470988,5,550,518
114.1323804,22.57723388,114.1350728,22.55860698,5,577,587
114.0202182,22.53203739,114.1063186,22.54472798,5,310,505
113.9342099,22.5714262,113.9084227,22.51486106,5,139,43
113.9200143,22.49659079,113.9097932,22.48718601,5,84,49
113.9200143,22.49659079,113.9122306,22.49072078,5,84,58
113.8842019,22.48371785,113.9155517,22.54329581,5,12,67
113.9097932,22.48718601,113.9188483,22.50788642,5,49,76
113.9122306,22.49072078,113.9188483,22.50788642,5,58,76
114.0202182,22.53203739,113.9404917,22.55274673,5,310,160
114.0202182,22.53203739,114.1644832,22.5627503,5,310,611
113.9194863,22.53051904,113.9221011,22.51789094,5,79,89
113.9528965,22.55975497,114.0787465,22.54317312,5,214,446
114.0361459,22.56279243,113.9914595,22.54374858,5,331,277
114.0486119,22.51236018,114.0579772,22.54558884,5,368,403
114.0384573,22.51570189,114.051626,22.51117383,5,336,383
113.9173127,22.52114707,113.9035937,22.51661875,5,71,36
113.9136576,22.53117958,113.9188483,22.50788642,5,61,76
113.9143134,22.53554164,113.891893,22.50419438,5,63,22
113.920108,22.4932819,113.9199821,22.53534908,5,85,82